index,score
0,1
1,1
2,1
3,1
4,1
5,1
6,1
7,1
8,1
9,1
10,1
11,1
12,1
13,1
14,1
15,1
16,1
17,1
18,1
19,1
20,1
21,1
22,0.903226
23,1
24,0.967742
25,0.548387
26,0.419355
27,0.516129
28,0.645161
29,0.516129
30,0.709677
31,0.290323
32,0.677419
33,0.580645
34,0.548387
35,0.612903
36,0.516129
37,0.451613
38,0.0322581
39,0.0322581
40,0.129032
41,0.0645161
42,0.225806
43,0.741935
44,0.903226
45,0.903226
46,0.0967742
47,0.16129
48,0.129032
49,0.129032
50,0.0967742
51,0.258065
52,1
53,1
54,0.483871
55,1
56,1
57,1
58,1
59,1
60,1
61,0.645161
62,0.387097
63,0.451613
64,0.483871
65,0.580645
66,0.0322581
67,0
68,0.129032
69,0.16129
70,0.322581
71,1
72,1
73,1
74,1
75,0.870968
76,1
77,1
78,1
79,1
80,0.806452
81,1
82,1
83,1
84,0.548387
85,0.193548
86,0.419355
87,1
88,0.774194
89,1
90,1
91,0.645161
92,1
93,0.290323
94,0.709677
95,0.451613
96,0.354839
97,0.580645
98,0.709677
99,1
100,1
101,1
102,0.870968
103,1
104,1
105,0.83871
106,1
107,1
108,1
109,0.967742
110,0.967742
111,0.741935
112,1
113,1
114,0.741935
115,1
116,0.774194
117,1
118,0.483871
119,1
120,0.322581
121,0.258065
122,0.290323
123,0.0645161
124,0.193548
125,0.225806
126,0.129032
127,0.0967742
128,0.225806
129,1
130,1
131,1
132,0.903226
133,1
134,0.16129
135,0.16129
136,0.0645161
137,0.0322581
138,0.0322581
139,0.0322581
140,0
141,0
142,0
143,0
144,0
145,0
146,0
147,0
148,0
149,0
150,0
151,0
152,0.0322581
153,0.0645161
154,0
155,0.0645161
156,0
157,0.0645161
158,0.0967742
159,0.16129
160,0.225806
161,0.935484
162,0.483871
163,1
164,0.935484
165,0.612903
166,1
167,0.903226
168,1
169,0.967742
170,0.258065
171,1
172,1
173,1
174,1
175,1
176,1
177,0.967742
178,1
179,1
180,0.806452
181,0.322581
182,1
183,1
184,1
185,1
186,1
187,1
188,1
189,1
190,1
191,0.580645
192,0.677419
193,1
194,1
195,1
196,1
197,1
198,1
199,1
200,1
201,1
202,0.967742
203,0.967742
204,1
205,0.0322581
206,0.0322581
207,0.0322581
208,0.0967742
209,0.0967742
210,0.0967742
211,0.0967742
212,0.0967742
213,0.0645161
214,0.129032
215,0.322581
216,0.967742
217,1
218,0.709677
219,1
220,0.0645161
221,0.129032
222,0
223,0
224,0
225,0
226,0
227,0
228,0
229,0
230,0
231,0
232,0
233,0
234,0
235,0
236,0
237,0
238,0
239,0
240,0
241,0.0322581
242,0
243,0.0967742
244,0.0967742
245,0.0967742
246,0.16129
247,0.0967742
248,0.129032
249,0.0967742
250,0.16129
251,0.451613
252,1
253,0.741935
254,0.967742
255,1
256,0.935484
257,0.677419
258,1
259,1
260,1
261,1
262,1
263,1
264,1
265,1
266,0.870968
267,0.354839
268,0.419355
269,0.967742
270,0.354839
271,0.741935
272,0.870968
273,0.967742
274,1
275,0.387097
276,1
277,1
278,0.709677
279,1
280,0.741935
281,0.967742
282,0.870968
283,0.870968
284,0.806452
285,0.967742
286,0.967742
287,0.83871
288,0.741935
289,0.903226
290,0.870968
291,0.129032
292,0.0645161
293,0.0322581
294,0.0967742
295,0.0967742
296,0.0322581
297,0
298,0
299,0
300,0
301,0
302,0.677419
303,0.935484
304,0.903226
305,1
306,0.0967742
307,0.0967742
308,0
309,0
310,0
311,0
312,0
313,0.0645161
314,0
315,0
316,0.0645161
317,0
318,0.0645161
319,0.0645161
320,0
321,0.0645161
322,0.0645161
323,0
324,0.0645161
325,0
326,0
327,0
328,0
329,0
330,0.0322581
331,0.0322581
332,0.0322581
333,0.0322581
334,0.0645161
335,0.16129
336,0.193548
337,0.354839
338,0.645161
339,0.774194
340,0.903226
341,1
342,0.580645
343,0.677419
344,0.967742
345,0.741935
346,0.870968
347,1
348,0.83871
349,1
350,1
351,0.967742
352,1
353,0.580645
354,0.419355
355,0.774194
356,0.129032
357,0.0967742
358,0.258065
359,0.677419
360,0.709677
361,0.193548
362,0.677419
363,1
364,0.645161
365,0.483871
366,1
367,0.741935
368,0.774194
369,0.580645
370,0.516129
371,0.741935
372,0.677419
373,0.709677
374,0.483871
375,0.548387
376,0.645161
377,0.612903
378,0.225806
379,0.0645161
380,0.0322581
381,0.0645161
382,0.0645161
383,0
384,0
385,0.0645161
386,0
387,0
388,0.387097
389,0.935484
390,0.935484
391,0.741935
392,0.483871
393,0
394,0
395,0.0322581
396,0.0645161
397,0.0645161
398,0.0645161
399,0.0645161
400,0.0645161
401,0.0645161
402,0.0645161
403,0
404,0
405,0
406,0
407,0.0645161
408,0
409,0.0645161
410,0.0645161
411,0.0645161
412,0.0645161
413,0.0645161
414,0.0967742
415,0
416,0
417,0
418,0
419,0.0967742
420,0
421,0.129032
422,0.193548
423,0.193548
424,0.193548
425,0.258065
426,0.387097
427,0.806452
428,1
429,1
430,0.387097
431,0.774194
432,0.677419
433,0.709677
434,0.709677
435,0.774194
436,0.870968
437,0.967742
438,0.83871
439,1
440,0.612903
441,0.322581
442,0.0645161
443,0.129032
444,0.0322581
445,0.225806
446,0.258065
447,0.16129
448,0.16129
449,0.935484
450,0.870968
451,0.483871
452,0.451613
453,0.612903
454,0.483871
455,0.677419
456,0.419355
457,0.451613
458,0.548387
459,0.290323
460,0.322581
461,0.483871
462,0.612903
463,0.806452
464,0.451613
465,0.0322581
466,0
467,0
468,0
469,0
470,0.0645161
471,0
472,0
473,0
474,0
475,0
476,0.580645
477,0.83871
478,0.580645
479,0.709677
480,0
481,0.0645161
482,0.0967742
483,0.0322581
484,0
485,0
486,0
487,0
488,0
489,0
490,0
491,0
492,0
493,0
494,0
495,0
496,0
497,0
498,0
499,0
500,0
501,0
502,0
503,0
504,0.0322581
505,0.0322581
506,0.0322581
507,0.0967742
508,0.0967742
509,0.129032
510,0.258065
511,0.387097
512,0.322581
513,0.451613
514,1
515,0.806452
516,0.193548
517,0.516129
518,0.516129
519,0.419355
520,0.419355
521,0.354839
522,0.516129
523,0.741935
524,0.806452
525,0.870968
526,0.935484
527,0.806452
528,0.451613
529,0.16129
530,0.0967742
531,0.0322581
532,0.258065
533,0.258065
534,0.16129
535,0.16129
536,1
537,0.806452
538,0.483871
539,1
540,0.935484
541,0.419355
542,0.419355
543,0.419355
544,0.193548
545,0.258065
546,0.193548
547,0.129032
548,0.612903
549,0.580645
550,0.612903
551,0.258065
552,0.129032
553,0
554,0
555,0
556,0
557,0
558,0
559,0
560,0
561,0
562,0.290323
563,0.741935
564,0.870968
565,0.193548
566,0
567,0.0645161
568,0.0967742
569,0.0322581
570,0
571,0
572,0
573,0
574,0
575,0
576,0
577,0
578,0
579,0.0645161
580,0
581,0
582,0
583,0
584,0
585,0
586,0
587,0
588,0
589,0
590,0.0322581
591,0.0967742
592,0.129032
593,0.0967742
594,0.16129
595,0.16129
596,0.193548
597,0.290323
598,0.258065
599,0.225806
600,0.451613
601,1
602,1
603,0.354839
604,0.451613
605,0.483871
606,0.354839
607,0.451613
608,0.419355
609,0.451613
610,0.548387
611,0.709677
612,0.677419
613,0.83871
614,0.903226
615,0.16129
616,0.0645161
617,0.0322581
618,0.0322581
619,0.0967742
620,0.0967742
621,0.0645161
622,0.0967742
623,1
624,1
625,0.193548
626,0.483871
627,0.516129
628,0.322581
629,0.354839
630,0.322581
631,0.193548
632,0.225806
633,0.16129
634,0
635,0.483871
636,0.645161
637,0.548387
638,0.225806
639,0
640,0
641,0
642,0.0322581
643,0
644,0
645,0.0967742
646,0
647,0
648,0
649,0
650,0.645161
651,0.677419
652,0.322581
653,0.16129
654,0
655,0.0967742
656,0
657,0
658,0
659,0
660,0
661,0
662,0
663,0
664,0
665,0
666,0
667,0
668,0
669,0
670,0
671,0
672,0
673,0
674,0
675,0
676,0
677,0
678,0
679,0.0967742
680,0.0322581
681,0.0322581
682,0.0967742
683,0.0967742
684,0.129032
685,0.129032
686,0.387097
687,0.806452
688,0.967742
689,0.83871
690,0.354839
691,0.516129
692,0.451613
693,0.0967742
694,0.258065
695,0.451613
696,0.709677
697,0.580645
698,0.612903
699,0.870968
700,0.741935
701,0.290323
702,0.0322581
703,0.0322581
704,0.0322581
705,0.0967742
706,0.0967742
707,0.0322581
708,0.0645161
709,1
710,0.645161
711,0.419355
712,0.483871
713,0.322581
714,0.193548
715,0.290323
716,0.193548
717,0.0967742
718,0.193548
719,0.0967742
720,0.387097
721,0.290323
722,0.774194
723,0.548387
724,0.16129
725,0
726,0
727,0
728,0
729,0.0645161
730,0.0967742
731,0
732,0.0322581
733,0.0322581
734,0.0322581
735,0.580645
736,0.612903
737,0.387097
738,0.129032
739,0.0645161
740,0.0967742
741,0
742,0
743,0
744,0
745,0
746,0
747,0
748,0
749,0
750,0
751,0
752,0
753,0
754,0
755,0.0322581
756,0
757,0
758,0
759,0
760,0
761,0
762,0
763,0.0322581
764,0.0322581
765,0.0322581
766,0.0322581
767,0.0967742
768,0.0967742
769,0.16129
770,0.258065
771,0.290323
772,0.354839
773,0.806452
774,1
775,0.741935
776,0.258065
777,0.419355
778,0.193548
779,0.16129
780,0.258065
781,0.193548
782,0.225806
783,0.612903
784,0.548387
785,1
786,0.741935
787,0.225806
788,0.193548
789,0.16129
790,0.129032
791,0.225806
792,0.16129
793,0.0322581
794,0.0645161
795,0.870968
796,0.903226
797,0.225806
798,0.16129
799,0.354839
800,0.387097
801,0.290323
802,0.193548
803,0.0967742
804,0.129032
805,0.0645161
806,0
807,0.451613
808,0.548387
809,0.612903
810,0.0967742
811,0.0322581
812,0
813,0
814,0
815,0
816,0.0645161
817,0
818,0
819,0.0645161
820,0
821,0.290323
822,0.741935
823,1
824,0.0322581
825,0
826,0.0322581
827,0.129032
828,0
829,0
830,0
831,0
832,0
833,0
834,0
835,0
836,0
837,0
838,0
839,0
840,0
841,0
842,0
843,0
844,0
845,0
846,0
847,0
848,0
849,0
850,0
851,0
852,0.0322581
853,0
854,0.0322581
855,0.0322581
856,0.16129
857,0.0967742
858,0.677419
859,0.967742
860,0.83871
861,0.516129
862,0.225806
863,0.483871
864,0.322581
865,0.129032
866,0.16129
867,0.225806
868,0.387097
869,0.580645
870,0.548387
871,0.612903
872,0.419355
873,0.225806
874,0.129032
875,0.129032
876,0.129032
877,0.193548
878,0.129032
879,0.0322581
880,0.0967742
881,1
882,0.548387
883,0.129032
884,0.354839
885,0.451613
886,0.193548
887,0.16129
888,0.0967742
889,0.0967742
890,0.129032
891,0
892,0.322581
893,0.451613
894,0.516129
895,0.258065
896,0.0322581
897,0
898,0
899,0
900,0
901,0
902,0
903,0
904,0.0967742
905,0
906,0
907,0.741935
908,1
909,0
910,0
911,0
912,0
913,0
914,0
915,0.0322581
916,0
917,0
918,0
919,0
920,0
921,0
922,0
923,0
924,0
925,0
926,0
927,0
928,0
929,0
930,0
931,0
932,0
933,0
934,0.0645161
935,0.0645161
936,0.0322581
937,0.0322581
938,0.0322581
939,0.0645161
940,0.0967742
941,0.0967742
942,0.0967742
943,0.387097
944,0.83871
945,1
946,0.870968
947,0.129032
948,0.612903
949,0.193548
950,0.129032
951,0.0967742
952,0.193548
953,0.322581
954,0.612903
955,0.548387
956,0.451613
957,0.354839
958,0.16129
959,0.0967742
960,0.0967742
961,0.0645161
962,0.0967742
963,0.0322581
964,0.0322581
965,0.0322581
966,1
967,0.741935
968,0.387097
969,0.387097
970,0.225806
971,0.193548
972,0.16129
973,0.16129
974,0.129032
975,0.16129
976,0.0645161
977,0
978,0.451613
979,0.580645
980,0.516129
981,0.0322581
982,0
983,0.0967742
984,0
985,0.0645161
986,0
987,0
988,0
989,0.0645161
990,0.0645161
991,0.0967742
992,0.677419
993,0.516129
994,0.516129
995,0.580645
996,0
997,0.0322581
998,0.0322581
999,0
1000,0
1001,0
1002,0.0645161
1003,0.0645161
1004,0.0645161
1005,0.0645161
1006,0.0645161
1007,0.0645161
1008,0.0645161
1009,0.0645161
1010,0.0645161
1011,0.0645161
1012,0.0645161
1013,0.0645161
1014,0.0645161
1015,0.0645161
1016,0.387097
1017,1
1018,1
1019,1
1020,1
1021,1
1022,1
1023,1
1024,1
1025,1
1026,1
1027,0.935484
1028,0.935484
1029,0.935484
1030,0.935484
1031,0.967742
1032,0.612903
1033,0.645161
1034,1
1035,0.83871
1036,0.935484
1037,1
1038,0.967742
1039,0.967742
1040,1
1041,0.935484
1042,1
1043,0.612903
1044,0.774194
1045,0.935484
1046,0.774194
1047,0.903226
1048,0.935484
1049,0.903226
1050,1
1051,0.935484
1052,0.935484
1053,0.83871
1054,0.548387
1055,0.193548
1056,0.903226
1057,1
1058,0.870968
1059,0.903226
1060,0.83871
1061,0.967742
1062,0.83871
1063,0.967742
1064,0.870968
1065,0.903226
1066,0.83871
1067,0.967742
1068,0.870968
1069,1
1070,0.935484
1071,1
1072,0.83871
1073,0.967742
1074,0.903226
1075,0.903226
1076,0.935484
1077,1
1078,0.967742
1079,0.903226
1080,0.903226
1081,0.870968
1082,0.774194
1083,0.741935
1084,0.774194
1085,0.806452
1086,0.806452
1087,0.322581
1088,0.903226
1089,1
1090,1
1091,1
1092,1
1093,1
1094,1
1095,1
1096,1
1097,1
1098,1
1099,1
1100,1
1101,1
1102,0.967742
1103,0.967742
1104,0.967742
1105,0.967742
1106,0.967742
1107,1
1108,0.967742
1109,1
1110,0.967742
1111,0.645161
1112,0.806452
1113,0.935484
1114,0.903226
1115,0.935484
1116,0.83871
1117,0.806452
1118,0.967742
1119,1
1120,0.612903
1121,0.903226
1122,0.903226
1123,0.870968
1124,0.935484
1125,0.741935
1126,0.903226
1127,0.935484
1128,0.903226
1129,0.645161
1130,0.903226
1131,0.741935
1132,0.903226
1133,0.677419
1134,0.806452
1135,0.935484
1136,1
1137,1
1138,0.903226
1139,0.967742
1140,0.967742
1141,0.806452
1142,0.935484
1143,0.741935
1144,0.935484
1145,0.967742
1146,0.935484
1147,0.967742
1148,0.903226
1149,1
1150,1
1151,1
1152,1
1153,1
1154,1
1155,1
1156,1
1157,1
1158,1
1159,1
1160,1
1161,1
1162,0.967742
1163,0.967742
1164,0.967742
1165,0.903226
1166,0.322581
1167,0.0645161
1168,0.903226
1169,1
1170,0.806452
1171,0.677419
1172,0.741935
1173,0.774194
1174,0.709677
1175,0.0967742
1176,0.774194
1177,0.129032
1178,0.870968
1179,0.967742
1180,0.83871
1181,0.645161
1182,0.193548
1183,0.677419
1184,0.419355
1185,0.903226
1186,0.741935
1187,1
1188,0.83871
1189,0.967742
1190,0.903226
1191,1
1192,0.967742
1193,0.129032
1194,0.677419
1195,0.935484
1196,0.967742
1197,0.935484
1198,0.903226
1199,0.354839
1200,0.612903
1201,0.290323
1202,0.709677
1203,1
1204,0.967742
1205,0.935484
1206,1
1207,0.806452
1208,0.903226
1209,0.774194
1210,0.935484
1211,0.935484
1212,0.0645161
1213,0.580645
1214,0.0645161
1215,0.709677
1216,0.935484
1217,0.83871
1218,0.903226
1219,1
1220,0.193548
1221,0.129032
1222,0.903226
1223,1
1224,0.16129
1225,0.193548
1226,0.0322581
1227,0.225806
1228,0.16129
1229,0.16129
1230,0.16129
1231,0.225806
1232,0.16129
1233,0.225806
1234,0.225806
1235,0.225806
1236,0.225806
1237,0.225806
1238,0.225806
1239,0.0645161
1240,0.193548
1241,0.225806
1242,0.16129
1243,0.16129
1244,0.16129
1245,0.741935
1246,0.322581
1247,0.16129
1248,0.16129
1249,0.193548
1250,0.129032
1251,0.16129
1252,0.0967742
1253,0.258065
1254,0.225806
1255,0.0645161
1256,0.290323
1257,0.225806
1258,0.548387
1259,0.225806
1260,0.774194
1261,0.677419
1262,0.612903
1263,0.258065
1264,0.0322581
1265,0.225806
1266,0.580645
1267,0.322581
1268,0.580645
1269,0.709677
1270,0.451613
1271,0.258065
1272,0.483871
1273,0.516129
1274,0.483871
1275,0.580645
1276,0.709677
1277,0.677419
1278,0.774194
1279,0.709677
1280,0.709677
1281,0.709677
1282,0.677419
1283,0.483871
1284,0.580645
1285,0.451613
1286,0.774194
1287,0.225806
1288,0.677419
1289,0.387097
1290,0.774194
1291,0.967742
1292,0.806452
1293,1
1294,0.677419
1295,0.16129
1296,0.548387
1297,0.193548
1298,0.548387
1299,0.516129
1300,0.709677
1301,0.354839
1302,0.516129
1303,0.0967742
1304,0.677419
1305,0.612903
1306,0.806452
1307,0.806452
1308,0.677419
1309,0.322581
1310,0.548387
1311,0.193548
1312,0.548387
1313,0.129032
1314,0.580645
1315,0.193548
1316,0.580645
1317,0.258065
1318,0.645161
1319,0.451613
1320,0.645161
1321,0.354839
1322,0.677419
1323,0.483871
1324,0.806452
1325,0.774194
1326,0.774194
1327,0.83871
1328,0.612903
1329,0.774194
1330,0.935484
1331,0.677419
1332,0.548387
1333,0.741935
1334,0.677419
1335,0.967742
1336,0.709677
1337,0.451613
1338,0.258065
1339,0.0645161
1340,0.741935
1341,0.709677
1342,0.870968
1343,0.16129
1344,0.419355
1345,0.483871
1346,0.645161
1347,0.83871
1348,1
1349,0.548387
1350,0.290323
1351,0.677419
1352,0.677419
1353,0.806452
1354,0.677419
1355,0.774194
1356,0.774194
1357,0.806452
1358,0.903226
1359,0.903226
1360,1
1361,0.83871
1362,0.870968
1363,0.870968
1364,0.935484
1365,0.741935
1366,0.903226
1367,1
1368,0.903226
1369,0.903226
1370,1
1371,1
1372,0.967742
1373,0.967742
1374,0.870968
1375,0.806452
1376,0.806452
1377,0.645161
1378,0.83871
1379,0.870968
1380,1
1381,0.709677
1382,0.387097
1383,0.677419
1384,0.870968
1385,0.870968
1386,0.709677
1387,0.741935
1388,0.741935
1389,0.709677
1390,0.806452
1391,0.806452
1392,0.870968
1393,0.935484
1394,0.870968
1395,0.806452
1396,0.870968
1397,1
1398,1
1399,0.903226
1400,0.741935
1401,0.870968
1402,1
1403,0.967742
1404,0.967742
1405,0.967742
1406,0.967742
1407,1
1408,0.806452
1409,0.612903
1410,0.322581
1411,0.225806
1412,0.612903
1413,0.645161
1414,0.483871
1415,0.580645
1416,0.870968
1417,0.806452
1418,0.645161
1419,0.709677
1420,0.903226
1421,0.709677
1422,0.677419
1423,0.709677
1424,0.870968
1425,0.387097
1426,0.806452
1427,0.612903
1428,0.806452
1429,0.677419
1430,0.774194
1431,0.645161
1432,0.709677
1433,0.709677
1434,0.741935
1435,0.935484
1436,0.967742
1437,0.967742
1438,0.967742
1439,0.967742
1440,1
1441,0.967742
1442,1
1443,0.83871
1444,0.83871
1445,0.935484
1446,0.83871
1447,1
1448,1
1449,1
1450,1
1451,1
1452,1
1453,1
1454,1
1455,1
1456,1
1457,0.774194
1458,0.677419
1459,0.935484
1460,0.935484
1461,1
1462,0.935484
1463,0.806452
1464,0.709677
1465,0.967742
1466,0.903226
1467,0.903226
1468,1
1469,0.967742
1470,0.967742
1471,0.967742
1472,0.903226
1473,0.741935
1474,0.83871
1475,1
1476,1
1477,1
1478,1
1479,1
1480,0.903226
1481,0.741935
1482,0.741935
1483,0.967742
1484,1
1485,1
1486,1
1487,1
1488,1
1489,1
1490,1
1491,1
1492,1
1493,1
1494,1
1495,1
1496,0.967742
1497,0.580645
1498,0.451613
1499,0.903226
1500,0.870968
1501,0.870968
1502,0.83871
1503,1
1504,0.645161
1505,0.83871
1506,0.935484
1507,0.870968
1508,0.419355
1509,0.612903
1510,0.677419
1511,0.645161
1512,0.677419
1513,0.870968
1514,0.935484
1515,0.645161
1516,0.903226
1517,0.83871
1518,0.677419
1519,0.903226
1520,0.83871
1521,0.870968
1522,0.774194
1523,0.193548
1524,0.322581
1525,0.258065
1526,0.612903
1527,0.258065
1528,0.612903
1529,0.258065
1530,0.806452
1531,0.935484
1532,0.806452
1533,0.903226
1534,0.645161
1535,0.709677
1536,0.290323
1537,0.16129
1538,0.258065
1539,0.806452
1540,0.967742
1541,0.870968
1542,0.967742
1543,0.967742
1544,0.967742
1545,1
1546,1
1547,1
1548,0.83871
1549,0.83871
1550,0.935484
1551,0.83871
1552,1
1553,1
1554,1
1555,1
1556,1
1557,0.806452
1558,0.806452
1559,1
1560,1
1561,1
1562,0.935484
1563,0.193548
1564,0.387097
1565,0.387097
1566,0.387097
1567,0.806452
1568,0.870968
1569,0.83871
1570,1
1571,1
1572,1
1573,1
1574,1
1575,1
1576,1
1577,0.967742
1578,1
1579,1
1580,1
1581,1
1582,1
1583,1
1584,1
1585,1
1586,1
1587,1
1588,1
1589,1
1590,1
1591,1
1592,1
1593,1
1594,1
1595,1
1596,1
1597,0.903226
1598,0.806452
1599,1
1600,0.967742
1601,0.806452
1602,0.387097
1603,0.129032
1604,0.0322581
1605,0.354839
1606,0.322581
1607,0.774194
1608,0.967742
1609,0.83871
1610,1
1611,1
1612,1
1613,0.806452
1614,0.354839
1615,0.870968
1616,1
1617,1
1618,1
1619,0.967742
1620,0.935484
1621,0.967742
1622,0.903226
1623,0.806452
1624,0.870968
1625,0.806452
1626,0.870968
1627,0.709677
1628,0.354839
1629,0.419355
1630,0.612903
1631,0.935484
1632,0.741935
1633,0.548387
1634,0.806452
1635,0.677419
1636,0.806452
1637,0.935484
1638,0.83871
1639,0.83871
1640,0.83871
1641,0.741935
1642,0.322581
1643,0.83871
1644,0.967742
1645,0.967742
1646,0.83871
1647,0.774194
1648,0.83871
1649,0.741935
1650,0.870968
1651,0.387097
1652,0.774194
1653,0.354839
1654,0.354839
1655,0.193548
1656,0.322581
1657,0.225806
1658,0.322581
1659,0.290323
1660,0.354839
1661,0.354839
1662,0.322581
1663,0.322581
1664,0.354839
1665,0.322581
1666,0.225806
1667,0.290323
1668,0.193548
1669,0.290323
1670,0.290323
1671,0.322581
1672,0.290323
1673,0.290323
1674,0.322581
1675,0.354839
1676,0.774194
1677,1
1678,1
1679,1
1680,1
1681,1
1682,1
1683,1
1684,1
1685,1
1686,1
1687,1
1688,1
1689,1
1690,1
1691,1
1692,1
1693,1
1694,1
1695,0.967742
1696,0.903226
1697,0.354839
1698,0.354839
1699,0.322581
1700,0.322581
1701,0.322581
1702,0.322581
1703,0.354839
1704,0.354839
1705,0.322581
1706,0.322581
1707,0.16129
1708,0.0645161
1709,0.354839
1710,0.741935
1711,0.935484
1712,0.774194
1713,1
1714,0.967742
1715,1
1716,0.967742
1717,0.967742
1718,0.419355
1719,0.870968
1720,0.967742
1721,0.967742
1722,0.967742
1723,1
1724,0.935484
1725,0.967742
1726,1
1727,0.935484
1728,0.709677
1729,0.774194
1730,0.83871
1731,0.870968
1732,0.709677
1733,0.258065
1734,0.677419
1735,0.677419
1736,0.83871
1737,0.677419
1738,0.806452
1739,0.645161
1740,0.806452
1741,0.967742
1742,0.806452
1743,0.903226
1744,0.806452
1745,0.677419
1746,0.709677
1747,0.290323
1748,0.83871
1749,0.774194
1750,0.322581
1751,0.483871
1752,0.774194
1753,0.806452
1754,0.741935
1755,0.967742
1756,0.290323
1757,0.322581
1758,0.258065
1759,0.322581
1760,0.290323
1761,0.258065
1762,0.322581
1763,0.322581
1764,0.290323
1765,0.322581
1766,0.290323
1767,0.193548
1768,0.225806
1769,0.16129
1770,0.225806
1771,0.258065
1772,0.258065
1773,0.16129
1774,0.290323
1775,0.225806
1776,0.225806
1777,0.225806
1778,0.290323
1779,0.290323
1780,0.322581
1781,0.322581
1782,0.387097
1783,0.806452
1784,1
1785,0.806452
1786,1
1787,1
1788,1
1789,0.967742
1790,0.419355
1791,0.83871
1792,1
1793,0.967742
1794,0.774194
1795,1
1796,0.903226
1797,0.322581
1798,0.354839
1799,0.741935
1800,1
1801,0.322581
1802,0.290323
1803,0.290323
1804,0.290323
1805,0.193548
1806,0.290323
1807,0.258065
1808,0.16129
1809,0.258065
1810,0.290323
1811,0.258065
1812,0.193548
1813,0.0967742
1814,0.0967742
1815,0.322581
1816,0.225806
1817,0.290323
1818,0.258065
1819,0.354839
1820,0.129032
1821,0.806452
1822,1
1823,0.806452
1824,0.290323
1825,0.870968
1826,1
1827,0.935484
1828,0.806452
1829,0.967742
1830,0.451613
1831,0.774194
1832,0.870968
1833,0.967742
1834,0.806452
1835,0.741935
1836,0.806452
1837,0.419355
1838,0.0645161
1839,0.290323
1840,0.806452
1841,0.774194
1842,0.225806
1843,0.290323
1844,0.354839
1845,0.258065
1846,0.387097
1847,0.258065
1848,0.419355
1849,0.258065
1850,0.290323
1851,0.0645161
1852,0.774194
1853,0.709677
1854,0.290323
1855,0.290323
1856,0.16129
1857,0.16129
1858,0.225806
1859,0.225806
1860,0.225806
1861,0.225806
1862,0.16129
1863,0.290323
1864,0.225806
1865,0.129032
1866,0.193548
1867,0.290323
1868,0.16129
1869,0.225806
1870,0.193548
1871,0.225806
1872,0.193548
1873,0.225806
1874,0.193548
1875,0.225806
1876,0.193548
1877,0.225806
1878,0.16129
1879,0.225806
1880,0.129032
1881,0.322581
1882,0.129032
1883,0.645161
1884,0.387097
1885,0.225806
1886,0.322581
1887,0.290323
1888,0.290323
1889,0.354839
1890,0.741935
1891,0.870968
1892,0.290323
1893,0.322581
1894,0.290323
1895,0.741935
1896,1
1897,0.290323
1898,0.258065
1899,0.322581
1900,0.322581
1901,0.290323
1902,0.258065
1903,0.290323
1904,0.290323
1905,0.290323
1906,0.225806
1907,0.258065
1908,0.225806
1909,0.290323
1910,0.16129
1911,0.290323
1912,0.290323
1913,0.258065
1914,0.225806
1915,0.258065
1916,0.193548
1917,0.0967742
1918,0.0322581
1919,0.225806
1920,0.129032
1921,0.225806
1922,0.0967742
1923,0.16129
1924,0.225806
1925,0.354839
1926,0.16129
1927,0.129032
1928,0.129032
1929,0.0967742
1930,0.225806
1931,0.258065
1932,0.16129
1933,0.258065
1934,0.193548
1935,0.258065
1936,0.129032
1937,0.225806
1938,0.225806
1939,0.0645161
1940,0.16129
1941,0.225806
1942,0.16129
1943,0.0645161
1944,0.741935
1945,0.677419
1946,0.83871
1947,0.903226
1948,0.580645
1949,0.387097
1950,0.0645161
1951,0.903226
1952,0.290323
1953,0.903226
1954,1
1955,0.903226
1956,0.967742
1957,0.967742
1958,0.967742
1959,0.967742
1960,0.967742
1961,0.903226
1962,0.935484
1963,0.16129
1964,0.16129
1965,0.193548
1966,0.16129
1967,0.0322581
1968,0.870968
1969,0.935484
1970,0.806452
1971,0.870968
1972,0.387097
1973,0.193548
1974,0.290323
1975,0.193548
1976,0.258065
1977,0.225806
1978,0.290323
1979,0.16129
1980,0.225806
1981,0.193548
1982,0.290323
1983,0.258065
1984,0.225806
1985,0.193548
1986,0.225806
1987,0.16129
1988,0.225806
1989,0.225806
1990,0.290323
1991,0.16129
1992,0.903226
1993,1
1994,0.225806
1995,0.129032
1996,0.193548
1997,0.16129
1998,0.129032
1999,0.741935
2000,0.451613
2001,0.16129
2002,0.322581
2003,0.16129
2004,0.0967742
2005,0.0322581
2006,0.225806
2007,0.0645161
2008,0.806452
2009,0.806452
2010,0.193548
2011,0.0645161
2012,0.870968
2013,0.903226
2014,0.16129
2015,0.548387
2016,0.741935
2017,0.451613
2018,0.16129
2019,0.322581
2020,0.903226
2021,0.935484
2022,0.903226
2023,0.935484
2024,0.903226
2025,1
2026,0.225806
2027,0.129032
2028,0.129032
2029,0.16129
2030,0.0967742
2031,0.774194
2032,0.451613
2033,0.0967742
2034,0.774194
2035,0.935484
2036,0.774194
2037,0.83871
2038,0.258065
2039,0.83871
2040,0.709677
2041,0.16129
2042,0.645161
2043,0.870968
2044,0.774194
2045,0.806452
2046,0.83871
2047,0.83871
2048,0.83871
2049,0.83871
2050,0.83871
2051,0.83871
2052,0.354839
2053,0.0645161
2054,0.741935
2055,0.870968
2056,0.83871
2057,0.83871
2058,0.548387
2059,0.806452
2060,0.870968
2061,0.258065
2062,0.16129
2063,0.193548
2064,0.16129
2065,0.0967742
2066,0.225806
2067,0.225806
2068,0.16129
2069,0.16129
2070,0.16129
2071,0.0967742
2072,0.0967742
2073,0.0967742
2074,0.129032
2075,0.0967742
2076,0.0967742
2077,0.129032
2078,0.129032
2079,0.0645161
2080,0.741935
2081,0.645161
2082,0.0967742
2083,0.741935
2084,0.870968
2085,0.83871
2086,0.870968
2087,0.83871
2088,0.451613
2089,0.129032
2090,0.193548
2091,0.0967742
2092,0.0322581
2093,0.387097
2094,0.225806
2095,0.0967742
2096,0.16129
2097,0.290323
2098,0.903226
2099,0.967742
2100,0.903226
2101,0.870968
2102,0.83871
2103,0.677419
2104,0.903226
2105,0.806452
2106,0.903226
2107,1
2108,0.903226
2109,1
2110,0.903226
2111,0.967742
2112,0.129032
2113,0.0322581
2114,0.709677
2115,0.903226
2116,0.870968
2117,0.870968
2118,0.935484
2119,0.774194
2120,0.83871
2121,0.967742
2122,0.935484
2123,0.903226
2124,0.903226
2125,0.935484
2126,0.225806
2127,0.903226
2128,0.903226
2129,0.870968
2130,0.83871
2131,0.83871
2132,0.83871
2133,0.870968
2134,0.580645
2135,0.774194
2136,0.870968
2137,0.870968
2138,0.322581
2139,0.516129
2140,0.129032
2141,0.774194
2142,0.870968
2143,0.870968
2144,0.83871
2145,0.774194
2146,0.903226
2147,0.870968
2148,0.258065
2149,0.645161
2150,0.354839
2151,0.0967742
2152,0.0967742
2153,0.0967742
2154,0.16129
2155,0.0967742
2156,0.0967742
2157,0.774194
2158,0.870968
2159,0.709677
2160,0.0645161
2161,0.774194
2162,0.870968
2163,0.870968
2164,0.870968
2165,0.709677
2166,0.774194
2167,0.870968
2168,0.870968
2169,0.83871
2170,0.870968
2171,0.870968
2172,0.870968
2173,0.870968
2174,0.483871
2175,0.129032
2176,0.0645161
2177,0.806452
2178,0.0645161
2179,1
2180,0.935484
2181,0.0967742
2182,0.516129
2183,0.806452
2184,0.806452
2185,0.83871
2186,0.806452
2187,0.903226
2188,1
2189,0.83871
2190,0.677419
2191,0.774194
2192,0.774194
2193,0.903226
2194,1
2195,0.903226
2196,0.935484
2197,0.903226
2198,0.935484
2199,0.870968
2200,0.645161
2201,0.774194
2202,0.709677
2203,0.870968
2204,0.935484
2205,0.967742
2206,0.870968
2207,0.870968
2208,0.935484
2209,0.903226
2210,0.903226
2211,0.903226
2212,0.935484
2213,0.935484
2214,0.741935
2215,0.903226
2216,0.935484
2217,0.870968
2218,0.774194
2219,0.806452
2220,0.83871
2221,0.83871
2222,0.83871
2223,0.83871
2224,0.83871
2225,0.83871
2226,0.83871
2227,0.451613
2228,0.774194
2229,0.83871
2230,0.870968
2231,0.83871
2232,0.774194
2233,0.903226
2234,0.870968
2235,0.903226
2236,0.645161
2237,0.741935
2238,0.83871
2239,0.870968
2240,0.709677
2241,0.741935
2242,0.83871
2243,0.580645
2244,0.0645161
2245,0.741935
2246,0.516129
2247,0.741935
2248,0.83871
2249,0.580645
2250,0.774194
2251,0.870968
2252,0.83871
2253,0.83871
2254,0.83871
2255,0.903226
2256,0.870968
2257,0.83871
2258,0.870968
2259,0.483871
2260,0.774194
2261,0.870968
2262,0.870968
2263,0.870968
2264,0.903226
2265,0.83871
2266,0.225806
2267,0.580645
2268,0.483871
2269,0.903226
2270,0.935484
2271,0.903226
2272,0.935484
2273,0.903226
2274,1
2275,0.903226
2276,0.580645
2277,0.903226
2278,0.516129
2279,0.903226
2280,0.645161
2281,0.903226
2282,1
2283,0.903226
2284,1
2285,0.903226
2286,1
2287,0.580645
2288,0.870968
2289,0.83871
2290,0.903226
2291,0.903226
2292,0.870968
2293,0.870968
2294,0.935484
2295,0.903226
2296,0.903226
2297,0.903226
2298,0.870968
2299,0.903226
2300,0.935484
2301,0.709677
2302,0.903226
2303,0.935484
2304,0.83871
2305,0.83871
2306,0.83871
2307,0.83871
2308,0.83871
2309,0.83871
2310,0.83871
2311,0.83871
2312,0.83871
2313,0.451613
2314,0.0645161
2315,0.741935
2316,0.870968
2317,0.83871
2318,0.83871
2319,0.774194
2320,0.903226
2321,0.870968
2322,0.903226
2323,0.870968
2324,0.83871
2325,0.83871
2326,0.870968
2327,0.83871
2328,0.83871
2329,0.83871
2330,0.83871
2331,0.870968
2332,0.870968
2333,0.870968
2334,0.870968
2335,0.870968
2336,0.870968
2337,0.870968
2338,0.870968
2339,0.870968
2340,0.870968
2341,0.870968
2342,0.870968
2343,0.870968
2344,0.870968
2345,0.870968
2346,0.870968
2347,0.870968
2348,0.870968
2349,0.870968
2350,0.870968
2351,0.903226
2352,0.258065
2353,1
2354,0.935484
2355,0.903226
2356,0.935484
2357,0.903226
2358,0.935484
2359,0.903226
2360,0.935484
2361,0.903226
2362,1
2363,0.903226
2364,0.612903
2365,0.83871
2366,0.967742
2367,0.774194
2368,0.83871
2369,0.935484
2370,0.83871
2371,0.806452
2372,0.83871
2373,0.967742
2374,0.580645
2375,0.870968
2376,0.709677
2377,0.83871
2378,0.935484
2379,0.870968
2380,0.870968
2381,0.870968
2382,0.83871
2383,0.903226
2384,0.774194
2385,0.870968
2386,0.903226
2387,0.935484
2388,0.645161
2389,0.903226
2390,0.935484
2391,0.903226
2392,0.870968
2393,0.870968
2394,0.870968
2395,0.870968
2396,0.870968
2397,0.870968
2398,0.870968
2399,0.870968
2400,0.870968
2401,0.387097
2402,0.774194
2403,0.870968
2404,0.870968
2405,0.870968
2406,0.870968
2407,0.870968
2408,0.870968
2409,0.870968
2410,0.870968
2411,0.870968
2412,0.870968
2413,0.870968
2414,0.870968
2415,0.870968
2416,0.870968
2417,0.903226
2418,0.903226
2419,0.903226
2420,0.870968
2421,0.903226
2422,0.580645
2423,0.903226
2424,1
2425,0.935484
2426,0.903226
2427,0.903226
2428,0.935484
2429,0.903226
2430,0.870968
2431,0.83871
2432,0.903226
2433,0.806452
2434,0.903226
2435,0.806452
2436,0.903226
2437,0.870968
2438,0.903226
2439,0.354839
2440,0.290323
2441,0.419355
2442,0.903226
2443,0.548387
2444,0.83871
2445,0.935484
2446,0.806452
2447,0.774194
2448,0.903226
2449,0.935484
2450,0.83871
2451,0.419355
2452,0.903226
2453,0.580645
2454,0.903226
2455,0.935484
2456,0.903226
2457,0.935484
2458,0.903226
2459,0.935484
2460,0.870968
2461,0.548387
2462,0.806452
2463,0.741935
2464,0.774194
2465,0.935484
2466,0.870968
2467,0.83871
2468,0.258065
2469,0.677419
2470,0.322581
2471,0.16129
2472,0.16129
2473,0.129032
2474,0.129032
2475,0.483871
2476,0.225806
2477,0.16129
2478,0.129032
2479,0.741935
2480,0.483871
2481,0.903226
2482,0.83871
2483,0.322581
2484,0.387097
2485,0.0967742
2486,0.903226
2487,0.580645
2488,0.935484
2489,0.709677
2490,0.225806
2491,0.16129
2492,0.290323
2493,0.0967742
2494,0.774194
2495,0.903226
2496,0.580645
2497,0.903226
2498,0.903226
2499,0.903226
2500,0.903226
2501,0.903226
2502,1
2503,0.935484
2504,0.967742
2505,0.935484
2506,0.967742
2507,0.935484
2508,1
2509,0.967742
2510,0.903226
2511,1
2512,1
2513,1
2514,1
2515,0.967742
2516,0.903226
2517,0.83871
2518,0.193548
2519,0.516129
2520,0.935484
2521,0.580645
2522,0.193548
2523,0.870968
2524,0.451613
2525,0.16129
2526,0.419355
2527,0.258065
2528,0.129032
2529,0.903226
2530,0.83871
2531,0.354839
2532,0.129032
2533,0.903226
2534,0.903226
2535,0.83871
2536,0.645161
2537,0.903226
2538,0.645161
2539,0.903226
2540,0.903226
2541,0.903226
2542,0.903226
2543,0.903226
2544,0.935484
2545,0.129032
2546,0.0645161
2547,0.741935
2548,0.451613
2549,0.193548
2550,0.354839
2551,0.258065
2552,0.419355
2553,0.419355
2554,0.387097
2555,0.387097
2556,0.387097
2557,0.419355
2558,0.387097
2559,0.16129
2560,0.419355
2561,0.354839
2562,0.387097
2563,0.290323
2564,0.387097
2565,0.387097
2566,0.387097
2567,0.322581
2568,0.387097
2569,0.387097
2570,0.419355
2571,0.290323
2572,0.870968
2573,0.645161
2574,0.225806
2575,0.419355
2576,0.387097
2577,0.322581
2578,0.322581
2579,0.0967742
2580,0.903226
2581,1
2582,1
2583,0.967742
2584,0.935484
2585,1
2586,1
2587,1
2588,1
2589,1
2590,1
2591,1
2592,1
2593,1
2594,1
2595,1
2596,1
2597,1
2598,1
2599,1
2600,1
2601,0.967742
2602,0.967742
2603,0.967742
2604,0.935484
2605,0.935484
2606,0.935484
2607,1
2608,0.935484
2609,0.580645
2610,0.580645
2611,0.258065
2612,0.580645
2613,0.258065
2614,0.193548
2615,0.354839
2616,0.129032
2617,0.903226
2618,0.870968
2619,0.83871
2620,0.483871
2621,0.0967742
2622,0.903226
2623,0.548387
2624,0.870968
2625,0.903226
2626,0.193548
2627,0.193548
2628,0.16129
2629,0.16129
2630,0.129032
2631,0.0645161
2632,0.677419
2633,0.903226
2634,0.741935
2635,0.225806
2636,0.258065
2637,0.0967742
2638,0.903226
2639,0.645161
2640,0.322581
2641,0.16129
2642,0.903226
2643,0.354839
2644,0.193548
2645,0.322581
2646,0.354839
2647,0.354839
2648,0.354839
2649,0.258065
2650,0.387097
2651,0.419355
2652,0.387097
2653,0.290323
2654,0.354839
2655,0.290323
2656,0.387097
2657,0.193548
2658,0.354839
2659,0.419355
2660,0.387097
2661,0.354839
2662,0.322581
2663,0.0967742
2664,0.419355
2665,0.903226
2666,1
2667,1
2668,1
2669,1
2670,0.967742
2671,1
2672,0.967742
2673,1
2674,0.967742
2675,1
2676,1
2677,0.967742
2678,1
2679,1
2680,1
2681,1
2682,1
2683,0.967742
2684,1
2685,1
2686,0.967742
2687,0.967742
2688,0.967742
2689,0.935484
2690,0.967742
2691,0.935484
2692,1
2693,0.580645
2694,0.677419
2695,0.677419
2696,0.903226
2697,0.580645
2698,0.83871
2699,0.967742
2700,0.774194
2701,0.83871
2702,0.903226
2703,0.870968
2704,0.935484
2705,0.83871
2706,0.870968
2707,1
2708,0.612903
2709,0.903226
2710,0.935484
2711,0.903226
2712,0.935484
2713,0.903226
2714,1
2715,0.612903
2716,0.677419
2717,0.903226
2718,0.903226
2719,0.935484
2720,0.935484
2721,0.935484
2722,0.774194
2723,0.83871
2724,0.774194
2725,0.16129
2726,0.129032
2727,0.83871
2728,0.258065
2729,0.0645161
2730,0.225806
2731,0.16129
2732,0.0967742
2733,0.806452
2734,0.516129
2735,0.129032
2736,0.129032
2737,0.741935
2738,0.935484
2739,0.451613
2740,0.16129
2741,0.16129
2742,0.129032
2743,0.741935
2744,0.354839
2745,0.774194
2746,0.322581
2747,0.709677
2748,0.935484
2749,0.935484
2750,0.935484
2751,0.935484
2752,0.935484
2753,0.935484
2754,0.935484
2755,0.935484
2756,0.935484
2757,0.935484
2758,0.935484
2759,0.935484
2760,0.935484
2761,0.903226
2762,0.935484
2763,0.903226
2764,0.935484
2765,0.935484
2766,0.935484
2767,0.935484
2768,0.935484
2769,0.935484
2770,0.935484
2771,0.903226
2772,0.935484
2773,0.903226
2774,0.935484
2775,0.870968
2776,0.935484
2777,0.870968
2778,0.806452
2779,0.290323
2780,0.483871
2781,0.774194
2782,0.935484
2783,1
2784,0.903226
2785,0.935484
2786,0.903226
2787,1
2788,0.903226
2789,0.967742
2790,0.83871
2791,0.83871
2792,0.935484
2793,0.806452
2794,0.903226
2795,1
2796,0.903226
2797,0.967742
2798,0.903226
2799,0.935484
2800,0.903226
2801,0.677419
2802,0.870968
2803,0.935484
2804,0.935484
2805,0.935484
2806,0.903226
2807,0.935484
2808,0.935484
2809,0.935484
2810,0.935484
2811,0.903226
2812,0.903226
2813,0.935484
2814,0.806452
2815,0.935484
2816,0.83871
2817,0.935484
2818,0.870968
2819,0.935484
2820,0.870968
2821,0.903226
2822,0.870968
2823,0.935484
2824,0.870968
2825,0.935484
2826,0.870968
2827,0.709677
2828,0.0322581
2829,0.83871
2830,0.870968
2831,0.935484
2832,1
2833,0.83871
2834,0.870968
2835,0.935484
2836,0.935484
2837,0.935484
2838,0.903226
2839,0.935484
2840,0.935484
2841,0.935484
2842,0.935484
2843,0.935484
2844,0.935484
2845,0.935484
2846,0.935484
2847,0.935484
2848,0.935484
2849,0.935484
2850,0.935484
2851,0.935484
2852,0.935484
2853,0.935484
2854,0.935484
2855,0.935484
2856,0.935484
2857,0.935484
2858,0.935484
2859,0.935484
2860,0.935484
2861,0.870968
2862,0.870968
2863,0.806452
2864,0.967742
2865,0.483871
2866,0.645161
2867,0.935484
2868,0.806452
2869,0.903226
2870,0.741935
2871,0.903226
2872,1
2873,0.903226
2874,0.967742
2875,0.903226
2876,0.709677
2877,0.741935
2878,0.935484
2879,0.967742
2880,0.774194
2881,0.903226
2882,0.967742
2883,0.903226
2884,0.967742
2885,0.870968
2886,0.806452
2887,0.83871
2888,0.709677
2889,0.870968
2890,0.806452
2891,0.387097
2892,0.967742
2893,0.967742
2894,0.935484
2895,0.967742
2896,0.903226
2897,0.935484
2898,0.903226
2899,0.935484
2900,0.806452
2901,0.935484
2902,0.935484
2903,0.903226
2904,1
2905,0.387097
2906,0.774194
2907,0.935484
2908,0.935484
2909,0.483871
2910,0.193548
2911,0.193548
2912,0.193548
2913,0.193548
2914,0.16129
2915,0.225806
2916,0.193548
2917,0.870968
2918,0.967742
2919,0.935484
2920,0.935484
2921,0.935484
2922,0.967742
2923,0.935484
2924,0.967742
2925,0.935484
2926,0.967742
2927,0.935484
2928,0.967742
2929,0.935484
2930,0.967742
2931,0.935484
2932,0.967742
2933,0.935484
2934,0.967742
2935,0.935484
2936,0.967742
2937,0.935484
2938,0.967742
2939,0.935484
2940,0.967742
2941,0.935484
2942,1
2943,0.935484
2944,0.935484
2945,0.516129
2946,0.580645
2947,0.870968
2948,0.709677
2949,0.935484
2950,0.677419
2951,0.83871
2952,0.870968
2953,0.774194
2954,0.935484
2955,0.870968
2956,0.709677
2957,0.806452
2958,0.677419
2959,0.83871
2960,0.935484
2961,0.580645
2962,0.258065
2963,0.903226
2964,0.806452
2965,0.903226
2966,0.870968
2967,0.645161
2968,0.870968
2969,0.83871
2970,0.903226
2971,0.935484
2972,0.935484
2973,0.935484
2974,0.903226
2975,0.935484
2976,1
2977,1
2978,0.935484
2979,0.903226
2980,0.935484
2981,0.741935
2982,0.903226
2983,0.935484
2984,0.935484
2985,0.935484
2986,0.935484
2987,0.935484
2988,0.935484
2989,0.935484
2990,0.935484
2991,0.935484
2992,0.935484
2993,0.935484
2994,0.935484
2995,0.935484
2996,0.935484
2997,0.935484
2998,0.935484
2999,0.83871
3000,0.83871
3001,0.16129
3002,0.935484
3003,0.935484
3004,0.935484
3005,0.935484
3006,0.903226
3007,0.935484
3008,0.967742
3009,0.935484
3010,0.935484
3011,0.935484
3012,0.967742
3013,0.935484
3014,1
3015,0.935484
3016,0.935484
3017,0.935484
3018,0.935484
3019,0.935484
3020,0.935484
3021,1
3022,0.935484
3023,0.935484
3024,0.903226
3025,0.935484
3026,0.903226
3027,0.935484
3028,0.935484
3029,0.935484
3030,0.935484
3031,0.935484
3032,0.870968
3033,0.903226
3034,0.83871
3035,0.483871
3036,0.83871
3037,0.935484
3038,0.870968
3039,0.774194
3040,0.967742
3041,1
3042,0.903226
3043,1
3044,0.774194
3045,0.935484
3046,0.387097
3047,0.903226
3048,1
3049,0.387097
3050,0.903226
3051,0.806452
3052,0.903226
3053,0.83871
3054,0.903226
3055,0.967742
3056,0.870968
3057,0.612903
3058,0.741935
3059,0.903226
3060,0.870968
3061,0.935484
3062,0.935484
3063,0.935484
3064,0.903226
3065,0.935484
3066,0.903226
3067,0.935484
3068,0.903226
3069,0.903226
3070,0.935484
3071,0.774194
3072,0.903226
3073,0.870968
3074,0.935484
3075,0.903226
3076,0.935484
3077,0.903226
3078,0.935484
3079,0.903226
3080,0.935484
3081,0.903226
3082,0.935484
3083,0.870968
3084,0.83871
3085,0.83871
3086,0.83871
3087,0.935484
3088,0.774194
3089,0.903226
3090,0.16129
3091,0.548387
3092,0.677419
3093,0.806452
3094,0.580645
3095,0.741935
3096,0.612903
3097,0.903226
3098,0.451613
3099,0.870968
3100,0.677419
3101,0.870968
3102,0.322581
3103,0.903226
3104,0.935484
3105,0.483871
3106,0.806452
3107,0.903226
3108,0.870968
3109,0.935484
3110,0.870968
3111,0.903226
3112,0.83871
3113,0.903226
3114,0.903226
3115,0.903226
3116,0.903226
3117,0.935484
3118,0.774194
3119,0.935484
3120,0.935484
3121,0.870968
3122,0.870968
3123,0.870968
3124,0.870968
3125,0.870968
3126,0.870968
3127,0.870968
3128,0.83871
3129,0.83871
3130,0.83871
3131,0.83871
3132,0.677419
3133,0.0322581
3134,0.774194
3135,0.903226
3136,0.83871
3137,0.83871
3138,0.774194
3139,0.903226
3140,0.870968
3141,0.806452
3142,0.83871
3143,0.83871
3144,0.83871
3145,0.83871
3146,0.83871
3147,0.83871
3148,0.83871
3149,0.83871
3150,0.83871
3151,0.870968
3152,0.83871
3153,0.870968
3154,0.870968
3155,0.870968
3156,0.83871
3157,0.870968
3158,0.83871
3159,0.870968
3160,0.870968
3161,0.870968
3162,0.83871
3163,0.806452
3164,0.806452
3165,0.806452
3166,0.806452
3167,0.806452
3168,0.806452
3169,0.83871
3170,0.83871
3171,0.193548
3172,0.741935
3173,0.580645
3174,0.903226
3175,0.935484
3176,0.83871
3177,0.83871
3178,0.677419
3179,0.677419
3180,0.806452
3181,0.806452
3182,0.354839
3183,0.870968
3184,0.806452
3185,0.903226
3186,0.903226
3187,0.903226
3188,0.870968
3189,0.870968
3190,0.870968
3191,0.935484
3192,0.903226
3193,0.83871
3194,0.903226
3195,0.903226
3196,0.774194
3197,0.935484
3198,0.903226
3199,0.774194
3200,0.774194
3201,0.806452
3202,0.741935
3203,0.935484
3204,0.774194
3205,0.870968
3206,0.387097
3207,0.548387
3208,0.451613
3209,0.903226
3210,0.741935
3211,0.903226
3212,0.709677
3213,0.806452
3214,0.741935
3215,0.806452
3216,0.967742
3217,0.806452
3218,0.774194
3219,0.645161
3220,0.322581
3221,0.645161
3222,0.903226
3223,0.806452
3224,0.903226
3225,0.903226
3226,0.903226
3227,0.870968
3228,0.903226
3229,0.806452
3230,0.903226
3231,0.870968
3232,0.903226
3233,0.870968
3234,0.903226
3235,0.806452
3236,0.903226
3237,0.935484
3238,0.806452
3239,0.806452
3240,0.806452
3241,0.870968
3242,0.870968
3243,0.870968
3244,0.806452
3245,0.806452
3246,0.806452
3247,0.806452
3248,0.451613
3249,0.741935
3250,0.774194
3251,0.741935
3252,0.806452
3253,0.903226
3254,0.870968
3255,0.903226
3256,0.903226
3257,0.903226
3258,0.903226
3259,0.903226
3260,0.903226
3261,0.903226
3262,0.322581
3263,0.806452
3264,0.935484
3265,0.870968
3266,0.903226
3267,0.935484
3268,0.870968
3269,0.903226
3270,0.903226
3271,0.935484
3272,0.935484
3273,0.935484
3274,0.870968
3275,0.903226
3276,0.903226
3277,0.967742
3278,0.967742
3279,0.967742
3280,0.967742
3281,0.967742
3282,0.967742
3283,0.870968
3284,0.903226
3285,0.870968
3286,0.612903
3287,0.645161
3288,0.903226
3289,0.935484
3290,0.935484
3291,0.935484
3292,0.935484
3293,0.935484
3294,0.83871
3295,0.83871
3296,0.935484
3297,0.870968
3298,0.870968
3299,0.129032
3300,0.903226
3301,0.967742
3302,0.967742
3303,0.967742
3304,0.935484
3305,0.935484
3306,0.935484
3307,0.903226
3308,0.548387
3309,0.903226
3310,0.935484
3311,0.870968
3312,0.870968
3313,0.870968
3314,0.870968
3315,0.870968
3316,0.870968
3317,0.967742
3318,0.967742
3319,0.83871
3320,0.903226
3321,0.903226
3322,0.677419
3323,0.83871
3324,0.967742
3325,0.967742
3326,0.967742
3327,0.967742
3328,0.967742
3329,0.967742
3330,0.967742
3331,0.967742
3332,0.967742
3333,0.516129
3334,0.806452
3335,1
3336,0.806452
3337,0.83871
3338,0.935484
3339,0.677419
3340,0.935484
3341,0.83871
3342,0.774194
3343,0.83871
3344,0.741935
3345,0.83871
3346,0.774194
3347,0.967742
3348,0.806452
3349,1
3350,0.967742
3351,0.967742
3352,0.967742
3353,0.967742
3354,0.967742
3355,0.967742
3356,0.967742
3357,0.935484
3358,0.935484
3359,0.967742
3360,0.935484
3361,0.935484
3362,0.935484
3363,0.935484
3364,0.935484
3365,0.935484
3366,0.935484
3367,0.935484
3368,0.935484
3369,0.967742
3370,0.935484
3371,0.354839
3372,0.903226
3373,0.870968
3374,0.0967742
3375,0.451613
3376,0.83871
3377,0.935484
3378,0.935484
3379,0.935484
3380,0.935484
3381,0.903226
3382,0.903226
3383,0.903226
3384,0.870968
3385,0.419355
3386,0.83871
3387,0.741935
3388,0.870968
3389,0.903226
3390,0.935484
3391,0.935484
3392,0.903226
3393,0.83871
3394,0.612903
3395,0.903226
3396,0.903226
3397,0.870968
3398,0.870968
3399,0.580645
3400,0.612903
3401,0.677419
3402,0.83871
3403,0.935484
3404,0.903226
3405,0.935484
3406,0.903226
3407,0.967742
3408,0.83871
3409,0.83871
3410,0.935484
3411,0.83871
3412,0.903226
3413,0.225806
3414,0.967742
3415,0.806452
3416,0.903226
3417,0.903226
3418,0.935484
3419,0.935484
3420,0.903226
3421,0.903226
3422,0.967742
3423,0.903226
3424,0.83871
3425,0.903226
3426,0.870968
3427,0.516129
3428,0.516129
3429,0.129032
3430,0.16129
3431,0.193548
3432,0.258065
3433,0.709677
3434,0.83871
3435,0.83871
3436,0.774194
3437,0.774194
3438,0.709677
3439,0.709677
3440,0.290323
3441,0.516129
3442,0.580645
3443,0.548387
3444,0.548387
3445,0.516129
3446,0.516129
3447,0.451613
3448,0.451613
3449,0.709677
3450,0.774194
3451,0.806452
3452,0.806452
3453,0.741935
3454,0.806452
3455,0.741935
3456,0.806452
3457,0.741935
3458,0.806452
3459,0.741935
3460,0.806452
3461,0.516129
3462,0.709677
3463,0.741935
3464,0.709677
3465,0.806452
3466,0.741935
3467,0.516129
3468,0.709677
3469,0.741935
3470,0.741935
3471,0.83871
3472,0.741935
3473,0.516129
3474,0.483871
3475,0.580645
3476,0.580645
3477,0.483871
3478,0.387097
3479,0.16129
3480,0.483871
3481,0.516129
3482,0.580645
3483,0.516129
3484,0.516129
3485,0.516129
3486,0.516129
3487,0.451613
3488,0.612903
3489,0.548387
3490,0.16129
3491,0.580645
3492,0.709677
3493,0.580645
3494,0.516129
3495,0.516129
3496,0.516129
3497,0.516129
3498,0.612903
3499,0.419355
3500,0.258065
3501,0.419355
3502,0.387097
3503,0.483871
3504,0.580645
3505,0.516129
3506,0.677419
3507,0.483871
3508,0.645161
3509,0.451613
3510,0.612903
3511,0.774194
3512,0.774194
3513,0.709677
3514,0.709677
3515,0.677419
3516,0.580645
3517,0.709677
3518,0.806452
3519,0.548387
3520,0.709677
3521,0.548387
3522,0.483871
3523,0.709677
3524,0.806452
3525,0.774194
3526,0.870968
3527,1
3528,0.806452
3529,0.83871
3530,0.741935
3531,0.83871
3532,0.935484
3533,0.870968
3534,0.806452
3535,0.774194
3536,0.774194
3537,0.741935
3538,0.774194
3539,0.741935
3540,0.709677
3541,0.612903
3542,0.709677
3543,0.903226
3544,0.741935
3545,0.870968
3546,0.83871
3547,0.83871
3548,0.741935
3549,0.806452
3550,0.806452
3551,0.806452
3552,0.83871
3553,0.419355
3554,0.225806
3555,0.225806
3556,0.612903
3557,0.645161
3558,0.16129
3559,0.0967742
3560,0.193548
3561,0.258065
3562,0.258065
3563,0.193548
3564,0.225806
3565,0.0645161
3566,0.258065
3567,0.16129
3568,0.16129
3569,0.129032
3570,0.129032
3571,0.0645161
3572,0.129032
3573,0.0322581
3574,0.709677
3575,0.935484
3576,0.0967742
3577,0.709677
3578,0.193548
3579,0.16129
3580,0.0322581
3581,0.806452
3582,0.806452
3583,0.0322581
3584,0.806452
3585,0.967742
3586,0.903226
3587,0.193548
3588,0.0322581
3589,0.129032
3590,0.870968
3591,0.935484
3592,0.935484
3593,0.741935
3594,0.258065
3595,0.193548
3596,0.225806
3597,0.193548
3598,0.225806
3599,0.129032
3600,0.290323
3601,0.16129
3602,0.709677
3603,0.967742
3604,0.967742
3605,0.870968
3606,0.967742
3607,0.967742
3608,0.870968
3609,0.903226
3610,0.903226
3611,0.870968
3612,0.774194
3613,0.774194
3614,0.903226
3615,0.870968
3616,0.903226
3617,0.83871
3618,1
3619,0.967742
3620,0.903226
3621,0.741935
3622,1
3623,0.935484
3624,0.774194
3625,0.967742
3626,0.935484
3627,0.516129
3628,0.774194
3629,0.83871
3630,0.903226
3631,0.83871
3632,0.870968
3633,0.935484
3634,0.709677
3635,0.903226
3636,0.83871
3637,0.806452
3638,1
3639,0.903226
3640,0.806452
3641,0.870968
3642,0.774194
3643,0.903226
3644,1
3645,0.935484
3646,0.870968
3647,0.806452
3648,0.903226
3649,0.774194
3650,1
3651,0.935484
3652,0.774194
3653,0.935484
3654,0.83871
3655,0.967742
3656,0.935484
3657,0.83871
3658,0.806452
3659,0.935484
3660,0.870968
3661,0.903226
3662,0.935484
3663,0.83871
3664,0.935484
3665,0.645161
3666,0.806452
3667,0.967742
3668,0.935484
3669,0.935484
3670,0.967742
3671,0.903226
3672,0.903226
3673,0.870968
3674,0.709677
3675,0.806452
3676,0.645161
3677,0.83871
3678,1
3679,0.483871
3680,0.354839
3681,0.548387
3682,0.870968
3683,0.709677
3684,0.548387
3685,0.83871
3686,1
3687,0.903226
3688,1
3689,0.0967742
3690,0.870968
3691,0.903226
3692,0.935484
3693,0.387097
3694,0.387097
3695,0.387097
3696,0.322581
3697,0.483871
3698,0.387097
3699,0.354839
3700,0.677419
3701,0.354839
3702,0.774194
3703,0.16129
3704,0.83871
3705,1
3706,0.903226
3707,0.903226
3708,0.903226
3709,0.903226
3710,0.903226
3711,0.806452
3712,0.903226
3713,0.903226
3714,0.903226
3715,0.83871
3716,0.774194
3717,0.967742
3718,0.903226
3719,0.903226
3720,0.870968
3721,0.870968
3722,0.935484
3723,0.903226
3724,0.903226
3725,0.903226
3726,0.870968
3727,0.870968
3728,0.83871
3729,0.806452
3730,0.580645
3731,0.258065
3732,0.83871
3733,0.903226
3734,0.903226
3735,0.935484
3736,0.903226
3737,0.870968
3738,0.83871
3739,0.903226
3740,0.741935
3741,0.741935
3742,0.516129
3743,0.774194
3744,0.935484
3745,0.935484
3746,0.903226
3747,0.935484
3748,0.935484
3749,0.903226
3750,0.741935
3751,0.516129
3752,0.774194
3753,0.903226
3754,0.935484
3755,0.870968
3756,1
3757,0.903226
3758,0.903226
3759,0.903226
3760,0.903226
3761,0.903226
3762,0.83871
3763,0.83871
3764,0.483871
3765,0.774194
3766,1
3767,0.903226
3768,0.903226
3769,0.903226
3770,0.903226
3771,0.903226
3772,0.903226
3773,0.903226
3774,0.935484
3775,0.935484
3776,0.903226
3777,0.935484
3778,0.967742
3779,0.870968
3780,0.935484
3781,0.935484
3782,0.935484
3783,0.903226
3784,0.870968
3785,0.903226
3786,0.903226
3787,0.903226
3788,0.903226
3789,0.903226
3790,0.903226
3791,0.903226
3792,0.903226
3793,0.903226
3794,0.935484
3795,0.935484
3796,0.903226
3797,0.903226
3798,0.903226
3799,0.903226
3800,0.935484
3801,0.967742
3802,0.967742
3803,0.903226
3804,1
3805,0.967742
3806,0.806452
3807,0.935484
3808,0.806452
3809,0.935484
3810,0.870968
3811,0.967742
3812,0.806452
3813,0.645161
3814,0.322581
3815,0.193548
3816,0.0322581
3817,0.290323
3818,0.322581
3819,0.419355
3820,0.387097
3821,0.419355
3822,0.387097
3823,0.451613
3824,0.387097
3825,0.258065
3826,0.290323
3827,0.0322581
3828,0.387097
3829,0.419355
3830,0.354839
3831,0.354839
3832,0.451613
3833,0.322581
3834,0.354839
3835,0.387097
3836,0.322581
3837,0.0967742
3838,0.387097
3839,0.419355
3840,0.419355
3841,0.806452
3842,0.967742
3843,0.935484
3844,0.935484
3845,0.935484
3846,0.967742
3847,0.967742
3848,0.806452
3849,0.806452
3850,0.806452
3851,0.580645
3852,0.774194
3853,0.967742
3854,0.935484
3855,0.935484
3856,0.903226
3857,0.903226
3858,0.967742
3859,0.903226
3860,0.870968
3861,0.903226
3862,0.967742
3863,0.967742
3864,0.806452
3865,0.774194
3866,0.935484
3867,0.935484
3868,0.935484
3869,0.870968
3870,0.806452
3871,0.870968
3872,0.870968
3873,0.870968
3874,0.870968
3875,0.870968
3876,0.870968
3877,0.677419
3878,0.709677
3879,0.451613
3880,0.516129
3881,0.709677
3882,0.483871
3883,0.806452
3884,0.483871
3885,0.806452
3886,0.580645
3887,0.806452
3888,0.677419
3889,0.0322581
3890,0.870968
3891,0.903226
3892,0.322581
3893,0.806452
3894,0.870968
3895,0.774194
3896,0.83871
3897,0.83871
3898,0.83871
3899,0.83871
3900,0.741935
3901,0.419355
3902,0.806452
3903,0.709677
3904,0.709677
3905,0.903226
3906,0.870968
3907,0.870968
3908,0.870968
3909,0.870968
3910,0.774194
3911,0.709677
3912,0.645161
3913,0.741935
3914,0.709677
3915,0.419355
3916,0.741935
3917,0.935484
3918,0.83871
3919,0.83871
3920,0.806452
3921,0.806452
3922,0.83871
3923,0.903226
3924,0.935484
3925,0.903226
3926,0.903226
3927,0.967742
3928,0.935484
3929,0.903226
3930,0.645161
3931,0.774194
3932,0.709677
3933,0.741935
3934,0.83871
3935,0.935484
3936,0.870968
3937,0.83871
3938,0.870968
3939,0.83871
3940,0.806452
3941,0.870968
3942,0.870968
3943,0.870968
3944,0.870968
3945,0.870968
3946,0.870968
3947,0.870968
3948,0.870968
3949,0.870968
3950,0.870968
3951,0.870968
3952,0.870968
3953,0.870968
3954,0.870968
3955,0.870968
3956,0.870968
3957,0.870968
3958,0.870968
3959,0.870968
3960,0.870968
3961,0.870968
3962,0.806452
3963,0.83871
3964,0.83871
3965,0.870968
3966,0.483871
3967,0.0645161
3968,0.870968
3969,0.935484
3970,0.83871
3971,0.83871
3972,0.870968
3973,0.870968
3974,0.806452
3975,0.83871
3976,0.806452
3977,0.806452
3978,0.612903
3979,0.387097
3980,0.741935
3981,0.903226
3982,0.83871
3983,0.870968
3984,0.83871
3985,0.83871
3986,0.870968
3987,0.935484
3988,0.935484
3989,0.806452
3990,0.870968
3991,0.83871
3992,0.645161
3993,0.806452
3994,0.935484
3995,0.83871
3996,0.967742
3997,0.935484
3998,0.935484
3999,0.935484
4000,0.967742
4001,0.83871
4002,0.870968
4003,0.870968
4004,0.870968
4005,0.774194
4006,0.967742
4007,0.709677
4008,0.903226
4009,0.870968
4010,0.903226
4011,0.967742
4012,0.903226
4013,0.806452
4014,0.83871
4015,0.935484
4016,0.967742
4017,0.967742
4018,0.967742
4019,0.967742
4020,0.967742
4021,0.967742
4022,0.967742
4023,0.806452
4024,0.677419
4025,0.645161
4026,0.774194
4027,0.290323
4028,0.290323
4029,0.322581
4030,0.225806
4031,0.290323
4032,0.258065
4033,0.225806
4034,0.322581
4035,0.225806
4036,0.129032
4037,0.0645161
4038,0
4039,0.129032
4040,0.129032
4041,0.16129
4042,0.225806
4043,0.16129
4044,0.0967742
4045,0.870968
4046,0.806452
4047,0.16129
4048,0.16129
4049,0.0967742
4050,0
4051,0.16129
4052,0.16129
4053,0.16129
4054,0.193548
4055,0.193548
4056,0.225806
4057,0.645161
4058,0.709677
4059,0.0645161
4060,0.290323
4061,0.258065
4062,0.741935
4063,0.870968
4064,0.806452
4065,0.83871
4066,0.83871
4067,0.935484
4068,0.806452
4069,0.83871
4070,0.870968
4071,0.870968
4072,0.83871
4073,0.548387
4074,0.774194
4075,0.967742
4076,0.806452
4077,0.935484
4078,0.935484
4079,0.967742
4080,0.935484
4081,0.967742
4082,0.935484
4083,1
4084,0.967742
4085,0.935484
4086,0.806452
4087,0.870968
4088,0.967742
4089,0.967742
4090,0.967742
4091,0.935484
4092,0.967742
4093,0.967742
4094,0.967742
4095,0.967742
4096,0.967742
4097,0.967742
4098,0.935484
4099,0.903226
4100,0.903226
4101,0.967742
4102,0.935484
4103,0.935484
4104,0.935484
4105,0.967742
4106,0.967742
4107,0.935484
4108,0.967742
4109,0.935484
4110,1
4111,0.967742
4112,0.967742
4113,0.83871
4114,0.903226
4115,0.83871
4116,0.903226
4117,1
4118,0.774194
4119,0.83871
4120,0.903226
4121,0.903226
4122,0.483871
4123,0.612903
4124,0.83871
4125,0.806452
4126,0.387097
4127,0.258065
4128,0.225806
4129,0.193548
4130,0.225806
4131,0.290323
4132,0.580645
4133,0.290323
4134,0.225806
4135,0
4136,0.225806
4137,0.258065
4138,0.322581
4139,0.258065
4140,0.193548
4141,0.258065
4142,0.290323
4143,0.193548
4144,0.193548
4145,0
4146,0.129032
4147,0.193548
4148,0.193548
4149,0.16129
4150,0.129032
4151,0.870968
4152,0.741935
4153,0.870968
4154,0.935484
4155,0.935484
4156,0.129032
4157,0.774194
4158,0.258065
4159,0.193548
4160,0.225806
4161,0.290323
4162,0.741935
4163,0.870968
4164,0.806452
4165,0.83871
4166,0.83871
4167,0.935484
4168,0.935484
4169,0.935484
4170,0.935484
4171,0.903226
4172,0.806452
4173,0.967742
4174,0.967742
4175,0.967742
4176,0.967742
4177,0.935484
4178,0.774194
4179,0.774194
4180,0.741935
4181,0.774194
4182,0.806452
4183,0.870968
4184,0.83871
4185,0.774194
4186,0.774194
4187,0.741935
4188,0.774194
4189,0.741935
4190,0.741935
4191,0.774194
4192,0.774194
4193,0.774194
4194,0.741935
4195,0.774194
4196,0.774194
4197,0.774194
4198,0.774194
4199,0.741935
4200,0.774194
4201,0.774194
4202,0.774194
4203,0.774194
4204,0.774194
4205,0.774194
4206,0.774194
4207,0.741935
4208,0.580645
4209,0.387097
4210,0.83871
4211,0.870968
4212,0.774194
4213,0.83871
4214,0.870968
4215,0.806452
4216,0.806452
4217,0.709677
4218,0.741935
4219,0.741935
4220,0.0645161
4221,0.774194
4222,0.870968
4223,0.83871
4224,0.83871
4225,0.83871
4226,0.83871
4227,0.83871
4228,0.806452
4229,0.774194
4230,0.483871
4231,0.83871
4232,0.774194
4233,0.83871
4234,0.870968
4235,0.806452
4236,0.935484
4237,0.935484
4238,0.967742
4239,0.83871
4240,0.967742
4241,0.83871
4242,0.774194
4243,0.580645
4244,0.774194
4245,0.967742
4246,0.806452
4247,0.83871
4248,0.83871
4249,0.83871
4250,0.83871
4251,0.870968
4252,0.935484
4253,0.935484
4254,0.645161
4255,0.322581
4256,0.225806
4257,0.709677
4258,0.548387
4259,0.290323
4260,0.290323
4261,0.225806
4262,0.322581
4263,0.774194
4264,0.870968
4265,0.83871
4266,0.83871
4267,0.935484
4268,0.935484
4269,0.806452
4270,0.935484
4271,0.935484
4272,0.935484
4273,0.935484
4274,0.967742
4275,0.935484
4276,0.967742
4277,0.967742
4278,0.967742
4279,0.967742
4280,0.967742
4281,0.935484
4282,0.806452
4283,0.967742
4284,0.935484
4285,0.806452
4286,0.967742
4287,0.935484
4288,0.870968
4289,0.806452
4290,0.935484
4291,0.935484
4292,0.903226
4293,0.774194
4294,0.612903
4295,0.322581
4296,0.774194
4297,0.774194
4298,0.645161
4299,0.806452
4300,0.870968
4301,0.870968
4302,0.645161
4303,0.548387
4304,0.612903
4305,0.741935
4306,0.129032
4307,0.612903
4308,0.580645
4309,0.580645
4310,0.612903
4311,0.580645
4312,0.612903
4313,0.580645
4314,0.548387
4315,0.516129
4316,0.258065
4317,0.548387
4318,0.483871
4319,0.548387
4320,0.612903
4321,0.612903
4322,0.612903
4323,0.612903
4324,0.645161
4325,0.83871
4326,0.83871
4327,0.806452
4328,0.870968
4329,0.548387
4330,0.516129
4331,0.806452
4332,0.967742
4333,0.83871
4334,0.83871
4335,0.83871
4336,0.83871
4337,0.935484
4338,0.935484
4339,0.935484
4340,0.935484
4341,0.806452
4342,0.903226
4343,0.903226
4344,0.806452
4345,0.903226
4346,0.870968
4347,0.903226
4348,0.870968
4349,0.870968
4350,0.935484
4351,0.612903
4352,0.774194
4353,0.677419
4354,0.580645
4355,0.806452
4356,0.677419
4357,0.548387
4358,0.580645
4359,0.612903
4360,0.806452
4361,0.709677
4362,0.741935
4363,0.709677
4364,0.774194
4365,0.967742
4366,0.935484
4367,0.935484
4368,0.935484
4369,0.935484
4370,0.806452
4371,0.83871
4372,0.935484
4373,0.806452
4374,0.83871
4375,0.83871
4376,0.83871
4377,0.935484
4378,0.903226
4379,0.451613
4380,0.580645
4381,0.677419
4382,0.83871
4383,0.806452
4384,0.709677
4385,0.774194
4386,0.741935
4387,0.677419
4388,0.645161
4389,0.741935
4390,0.741935
4391,0.129032
4392,0.258065
4393,0.709677
4394,0.354839
4395,0.322581
4396,0.741935
4397,0.419355
4398,0.741935
4399,0.741935
4400,0.645161
4401,0.129032
4402,0.258065
4403,0.322581
4404,0.258065
4405,0.193548
4406,0.193548
4407,0.193548
4408,0.16129
4409,0.225806
4410,0.225806
4411,0.193548
4412,0.225806
4413,0.225806
4414,0.225806
4415,0.0967742
4416,0.709677
4417,0.967742
4418,0.935484
4419,0.935484
4420,0.935484
4421,0.935484
4422,0.741935
4423,0.612903
4424,0.612903
4425,0.677419
4426,0.548387
4427,0.677419
4428,0.516129
4429,0.548387
4430,0.612903
4431,0.548387
4432,0.709677
4433,0.774194
4434,0.709677
4435,0.741935
4436,0.741935
4437,0.741935
4438,0.741935
4439,0.741935
4440,0.741935
4441,0.741935
4442,0.741935
4443,0.709677
4444,0.741935
4445,0.741935
4446,0.741935
4447,0.741935
4448,0.774194
4449,0.806452
4450,0.741935
4451,0.741935
4452,0.774194
4453,0.774194
4454,0.741935
4455,0.741935
4456,0.741935
4457,0.741935
4458,0.741935
4459,0.741935
4460,0.741935
4461,0.580645
4462,0.677419
4463,0.516129
4464,0.322581
4465,0.322581
4466,0.483871
4467,0.483871
4468,0.483871
4469,0.483871
4470,0.548387
4471,0.548387
4472,0.548387
4473,0.548387
4474,0.580645
4475,0.483871
4476,0.419355
4477,0.193548
4478,0.612903
4479,0.483871
4480,0.483871
4481,0.483871
4482,0.483871
4483,0.483871
4484,0.483871
4485,0.483871
4486,0.483871
4487,0.387097
4488,0.387097
4489,0.387097
4490,0.354839
4491,0.387097
4492,0.387097
4493,0.419355
4494,0.451613
4495,0.516129
4496,0.483871
4497,0.258065
4498,0.548387
4499,0.580645
4500,0.677419
4501,0.677419
4502,0.709677
4503,0.774194
4504,0.774194
4505,0.709677
4506,0.806452
4507,0.83871
4508,0.612903
4509,0.741935
4510,0.741935
4511,0.483871
4512,0.677419
4513,0.709677
4514,0.645161
4515,0.322581
4516,0.741935
4517,0.741935
4518,0.741935
4519,0.806452
4520,0.548387
4521,0.741935
4522,0.774194
4523,0.806452
4524,0.548387
4525,0.419355
4526,0.419355
4527,0.516129
4528,0.483871
4529,0.516129
4530,0.516129
4531,0.645161
4532,0.677419
4533,0.677419
4534,0.709677
4535,0.806452
4536,0.83871
4537,0.741935
4538,0.741935
4539,0.741935
4540,0.741935
4541,0.709677
4542,0.741935
4543,0.741935
4544,0.741935
4545,0.741935
4546,0.741935
4547,0.741935
4548,0.741935
4549,0.741935
4550,0.741935
4551,0.709677
4552,0.741935
4553,0.741935
4554,0.741935
4555,0.741935
4556,0.741935
4557,0.741935
4558,0.741935
4559,0.741935
4560,0.709677
4561,0.419355
4562,0.290323
4563,0.419355
4564,0.677419
4565,0.516129
4566,0.548387
4567,0.548387
4568,0.516129
4569,0.483871
4570,0.483871
4571,0.645161
4572,0.709677
4573,0.516129
4574,0.258065
4575,0.741935
4576,0.774194
4577,0.741935
4578,0.741935
4579,0.548387
4580,0.516129
4581,0.548387
4582,0.548387
4583,0.548387
4584,0.580645
4585,0.548387
4586,0.612903
4587,0.290323
4588,0.548387
4589,0.580645
4590,0.580645
4591,0.612903
4592,0.774194
4593,0.870968
4594,0.870968
4595,0.870968
4596,0.612903
4597,0.548387
4598,0.580645
4599,0.774194
4600,0.83871
4601,0.709677
4602,0.516129
4603,0.774194
4604,0.83871
4605,0.645161
4606,0.580645
4607,0.645161
4608,0.645161
4609,0.709677
4610,0.774194
4611,0.548387
4612,0.709677
4613,0.774194
4614,0.709677
4615,0.741935
4616,0.741935
4617,0.741935
4618,0.741935
4619,0.83871
4620,0.83871
4621,0.83871
4622,0.870968
4623,0.806452
4624,0.870968
4625,0.83871
4626,0.870968
4627,0.83871
4628,0.870968
4629,0.870968
4630,0.83871
4631,0.870968
4632,0.83871
4633,0.870968
4634,0.870968
4635,0.870968
4636,0.903226
4637,0.83871
4638,0.483871
4639,0.193548
4640,0.806452
4641,0.741935
4642,0.677419
4643,0.612903
4644,0.612903
4645,0.612903
4646,0.580645
4647,0.483871
4648,0.709677
4649,0.677419
4650,0.193548
4651,0.774194
4652,0.612903
4653,0.548387
4654,0.548387
4655,0.548387
4656,0.580645
4657,0.580645
4658,0.580645
4659,0.645161
4660,0.419355
4661,0.806452
4662,0.677419
4663,0.741935
4664,0.83871
4665,0.806452
4666,0.774194
4667,0.806452
4668,0.806452
4669,0.83871
4670,0.806452
4671,0.83871
4672,0.806452
4673,0.774194
4674,0.612903
4675,0.741935
4676,0.903226
4677,0.806452
4678,0.806452
4679,0.806452
4680,0.612903
4681,0.612903
4682,0.612903
4683,0.612903
4684,0.677419
4685,0.645161
4686,0.516129
4687,0.0967742
4688,0.870968
4689,0.806452
4690,0.580645
4691,0.645161
4692,0.741935
4693,0.774194
4694,0.83871
4695,0.870968
4696,0.83871
4697,0.83871
4698,0.83871
4699,0.870968
4700,0.903226
4701,0.903226
4702,0.870968
4703,0.870968
4704,0.870968
4705,0.870968
4706,0.870968
4707,0.870968
4708,0.870968
4709,0.870968
4710,0.870968
4711,0.870968
4712,0.870968
4713,0.806452
4714,0.903226
4715,0.83871
4716,0.870968
4717,0.870968
4718,0.870968
4719,0.870968
4720,0.870968
4721,0.870968
4722,0.83871
4723,0.774194
4724,0.806452
4725,0.483871
4726,0.387097
4727,0.774194
4728,0.709677
4729,0.645161
4730,0.645161
4731,0.612903
4732,0.580645
4733,0.709677
4734,0.612903
4735,0.709677
4736,0.516129
4737,0.806452
4738,0.870968
4739,0.83871
4740,0.935484
4741,0.83871
4742,0.83871
4743,0.806452
4744,0.741935
4745,0.741935
4746,0.870968
4747,0.741935
4748,0.677419
4749,0.483871
4750,0.129032
4751,0.709677
4752,0.645161
4753,0.612903
4754,0.612903
4755,0.612903
4756,0.645161
4757,0.645161
4758,0.645161
4759,0.645161
4760,0.645161
4761,0.645161
4762,0.709677
4763,0.387097
4764,0.483871
4765,0.774194
4766,0.83871
4767,0.83871
4768,0.83871
4769,0.83871
4770,0.83871
4771,0.83871
4772,0.83871
4773,0.774194
4774,0.741935
4775,0.741935
4776,0.741935
4777,0.774194
4778,0.774194
4779,0.774194
4780,0.774194
4781,0.774194
4782,0.774194
4783,0.774194
4784,0.774194
4785,0.806452
4786,0.806452
4787,0.806452
4788,0.83871
4789,0.903226
4790,0.741935
4791,0.677419
4792,0.677419
4793,0.806452
4794,0.774194
4795,0.806452
4796,0.806452
4797,0.83871
4798,0.806452
4799,0.806452
4800,0.806452
4801,0.806452
4802,0.806452
4803,0.83871
4804,0.83871
4805,0.83871
4806,0.83871
4807,0.83871
4808,0.806452
4809,0.83871
4810,0.870968
4811,0.83871
4812,0.83871
4813,0.83871
4814,0.83871
4815,0.83871
4816,0.83871
4817,0.83871
4818,0.806452
4819,0.870968
4820,0.83871
4821,0.83871
4822,0.870968
4823,0.870968
4824,0.870968
4825,0.83871
4826,0.83871
4827,0.903226
4828,0.387097
4829,0.709677
4830,0.806452
4831,0.709677
4832,0.677419
4833,0.645161
4834,0.677419
4835,0.645161
4836,0.677419
4837,0.612903
4838,0.677419
4839,0.612903
4840,0.419355
4841,0.83871
4842,0.806452
4843,0.806452
4844,0.806452
4845,0.774194
4846,0.774194
4847,0.741935
4848,0.709677
4849,0.709677
4850,0.83871
4851,0.516129
4852,0.677419
4853,0.645161
4854,0.483871
4855,0.548387
4856,0.129032
4857,0.677419
4858,0.516129
4859,0.612903
4860,0.580645
4861,0.580645
4862,0.580645
4863,0.580645
4864,0.580645
4865,0.580645
4866,0.580645
4867,0.741935
4868,0.741935
4869,0.290323
4870,0.419355
4871,0.806452
4872,0.741935
4873,0.741935
4874,0.741935
4875,0.806452
4876,0.741935
4877,0.709677
4878,0.806452
4879,0.709677
4880,0.709677
4881,0.741935
4882,0.870968
4883,0.580645
4884,0.806452
4885,0.870968
4886,0.774194
4887,0.83871
4888,0.806452
4889,0.83871
4890,0.83871
4891,0.806452
4892,0.806452
4893,0.806452
4894,0.870968
4895,0.83871
4896,0.806452
4897,0.129032
4898,0.774194
4899,0.870968
4900,0.774194
4901,0.806452
4902,0.774194
4903,0.709677
4904,0.677419
4905,0.806452
4906,0.709677
4907,0.774194
4908,0.774194
4909,0.83871
4910,0.83871
4911,0.83871
4912,0.83871
4913,0.83871
4914,0.83871
4915,0.83871
4916,0.83871
4917,0.83871
4918,0.83871
4919,0.870968
4920,0.83871
4921,0.806452
4922,0.870968
4923,0.83871
4924,0.83871
4925,0.83871
4926,0.83871
4927,0.83871
4928,0.83871
4929,0.83871
4930,0.83871
4931,0.806452
4932,0.806452
4933,0.741935
4934,0.290323
4935,0.483871
4936,0.451613
4937,0.741935
4938,0.806452
4939,0.709677
4940,0.677419
4941,0.677419
4942,0.741935
4943,0.709677
4944,0.645161
4945,0.709677
4946,0.645161
4947,0.387097
4948,0.83871
4949,0.83871
4950,0.774194
4951,0.870968
4952,0.83871
4953,0.83871
4954,0.870968
4955,0.806452
4956,0.774194
4957,0.806452
4958,0.419355
4959,0.709677
4960,0.645161
4961,0.774194
4962,0.451613
4963,0.0967742
4964,0.741935
4965,0.516129
4966,0.709677
4967,0.645161
4968,0.580645
4969,0.612903
4970,0.580645
4971,0.612903
4972,0.548387
4973,0.741935
4974,0.741935
4975,0.709677
4976,0.451613
4977,0.451613
4978,0.741935
4979,0.83871
4980,0.83871
4981,0.83871
4982,0.935484
4983,0.870968
4984,0.83871
4985,0.870968
4986,0.774194
4987,0.870968
4988,0.774194
4989,0.935484
4990,0.870968
4991,0.870968
4992,0.870968
4993,0.870968
4994,0.870968
4995,0.870968
4996,0.903226
4997,0.935484
4998,0.903226
4999,0.903226
5000,0.935484
5001,0.903226
5002,0.83871
5003,0.870968
5004,0.354839
5005,0.806452
5006,0.967742
5007,0.903226
5008,0.903226
5009,0.806452
5010,0.967742
5011,0.419355
5012,0.677419
5013,0.741935
5014,0.741935
5015,0.709677
5016,0.580645
5017,0.741935
5018,0.806452
5019,0.709677
5020,0.709677
5021,0.741935
5022,0.483871
5023,0.870968
5024,0.870968
5025,0.83871
5026,0.83871
5027,0.83871
5028,0.806452
5029,0.806452
5030,0.83871
5031,0.806452
5032,0.83871
5033,0.83871
5034,0.83871
5035,0.83871
5036,0.83871
5037,0.83871
5038,0.83871
5039,0.83871
5040,0.83871
5041,0.935484
5042,0.806452
5043,0.83871
5044,0.806452
5045,0.806452
5046,0.83871
5047,0.806452
5048,0.806452
5049,0.83871
5050,0.83871
5051,0.83871
5052,0.83871
5053,0.83871
5054,0.83871
5055,0.83871
5056,0.83871
5057,0.83871
5058,0.83871
5059,0.870968
5060,0.870968
5061,0.935484
5062,0.935484
5063,0.806452
5064,0.645161
5065,0.483871
5066,0.225806
5067,0.741935
5068,0.677419
5069,0.0645161
5070,0.806452
5071,0.645161
5072,0.612903
5073,0.612903
5074,0.612903
5075,0.612903
5076,0.612903
5077,0.612903
5078,0.645161
5079,0.645161
5080,0.645161
5081,0.645161
5082,0.741935
5083,0.774194
5084,0.451613
5085,0.774194
5086,0.806452
5087,0.741935
5088,0.83871
5089,0.806452
5090,0.83871
5091,0.806452
5092,0.806452
5093,0.806452
5094,0.806452
5095,0.83871
5096,0.806452
5097,0.806452
5098,0.612903
5099,0.774194
5100,0.83871
5101,0.806452
5102,0.806452
5103,0.806452
5104,0.806452
5105,0.806452
5106,0.806452
5107,0.806452
5108,0.83871
5109,0.83871
5110,0.935484
5111,0.677419
5112,0.83871
5113,0.83871
5114,0.83871
5115,0.83871
5116,0.83871
5117,0.83871
5118,0.806452
5119,0.806452
5120,0.806452
5121,0.806452
5122,0.83871
5123,0.83871
5124,0.83871
5125,0.83871
5126,0.83871
5127,0.83871
5128,0.83871
5129,0.83871
5130,0.774194
5131,0.83871
5132,0.774194
5133,0.83871
5134,0.83871
5135,0.83871
5136,0.83871
5137,0.83871
5138,0.83871
5139,0.83871
5140,0.83871
5141,0.83871
5142,0.83871
5143,0.83871
5144,0.83871
5145,0.83871
5146,0.83871
5147,0.870968
5148,0.83871
5149,0.741935
5150,0.354839
5151,0.516129
5152,0.677419
5153,0.677419
5154,0.612903
5155,0.645161
5156,0.645161
5157,0.645161
5158,0.580645
5159,0.645161
5160,0.741935
5161,0.354839
5162,0.806452
5163,0.806452
5164,0.774194
5165,0.774194
5166,0.774194
5167,0.935484
5168,0.741935
5169,0.83871
5170,0.870968
5171,0.483871
5172,0.806452
5173,0.806452
5174,0.741935
5175,0.580645
5176,0.548387
5177,0.387097
5178,0.580645
5179,0.741935
5180,0.612903
5181,0.612903
5182,0.612903
5183,0.612903
5184,0.612903
5185,0.612903
5186,0.612903
5187,0.580645
5188,0.741935
5189,0.580645
5190,0.16129
5191,0.806452
5192,0.677419
5193,0.774194
5194,0.774194
5195,0.83871
5196,0.806452
5197,0.806452
5198,0.774194
5199,0.806452
5200,0.774194
5201,0.774194
5202,0.774194
5203,0.774194
5204,0.483871
5205,0.774194
5206,0.83871
5207,0.806452
5208,0.806452
5209,0.806452
5210,0.806452
5211,0.806452
5212,0.806452
5213,0.806452
5214,0.806452
5215,0.806452
5216,0.83871
5217,0.774194
5218,0.645161
5219,0.774194
5220,0.774194
5221,0.774194
5222,0.774194
5223,0.774194
5224,0.741935
5225,0.774194
5226,0.774194
5227,0.774194
5228,0.741935
5229,0.741935
5230,0.741935
5231,0.774194
5232,0.741935
5233,0.774194
5234,0.741935
5235,0.774194
5236,0.774194
5237,0.774194
5238,0.774194
5239,0.774194
5240,0.774194
5241,0.774194
5242,0.774194
5243,0.774194
5244,0.774194
5245,0.774194
5246,0.806452
5247,0.806452
5248,0.806452
5249,0.806452
5250,0.806452
5251,0.806452
5252,0.806452
5253,0.806452
5254,0.83871
5255,0.451613
5256,0.612903
5257,0.645161
5258,0.612903
5259,0.645161
5260,0.677419
5261,0.709677
5262,0.709677
5263,0.677419
5264,0.645161
5265,0.709677
5266,0.548387
5267,0.419355
5268,0.774194
5269,0.806452
5270,0.806452
5271,0.806452
5272,0.806452
5273,0.903226
5274,0.741935
5275,0.83871
5276,0.774194
5277,0.741935
5278,0.677419
5279,0.709677
5280,0.516129
5281,0.612903
5282,0.387097
5283,0.290323
5284,0.612903
5285,0.677419
5286,0.548387
5287,0.483871
5288,0.548387
5289,0.612903
5290,0.580645
5291,0.548387
5292,0.483871
5293,0.677419
5294,0.709677
5295,0.677419
5296,0.129032
5297,0.83871
5298,0.774194
5299,0.741935
5300,0.741935
5301,0.741935
5302,0.741935
5303,0.741935
5304,0.741935
5305,0.741935
5306,0.741935
5307,0.774194
5308,0.741935
5309,0.741935
5310,0.419355
5311,0.741935
5312,0.741935
5313,0.741935
5314,0.741935
5315,0.741935
5316,0.741935
5317,0.774194
5318,0.774194
5319,0.774194
5320,0.774194
5321,0.774194
5322,0.741935
5323,0.709677
5324,0.774194
5325,0.709677
5326,0.709677
5327,0.709677
5328,0.709677
5329,0.741935
5330,0.774194
5331,0.806452
5332,0.806452
5333,0.806452
5334,0.83871
5335,0.806452
5336,0.806452
5337,0.806452
5338,0.870968
5339,0.83871
5340,0.870968
5341,0.83871
5342,0.870968
5343,0.83871
5344,0.870968
5345,0.806452
5346,0.83871
5347,0.806452
5348,0.806452
5349,0.806452
5350,0.806452
5351,0.806452
5352,0.806452
5353,0.774194
5354,0.806452
5355,0.83871
5356,0.806452
5357,0.806452
5358,0.806452
5359,0.83871
5360,0.774194
5361,0.709677
5362,0.451613
5363,0.806452
5364,0.741935
5365,0.774194
5366,0.645161
5367,0.677419
5368,0.709677
5369,0.612903
5370,0.548387
5371,0.709677
5372,0.774194
5373,0.548387
5374,0.451613
5375,0.83871
5376,0.677419
5377,0.580645
5378,0.612903
5379,0.645161
5380,0.645161
5381,0.645161
5382,0.709677
5383,0.709677
5384,0.645161
5385,0.774194
5386,0.645161
5387,0.774194
5388,0.83871
5389,0.774194
5390,0.741935
5391,0.806452
5392,0.774194
5393,0.774194
5394,0.774194
5395,0.806452
5396,0.774194
5397,0.774194
5398,0.483871
5399,0.741935
5400,0.774194
5401,0.774194
5402,0.774194
5403,0.806452
5404,0.83871
5405,0.83871
5406,0.83871
5407,0.83871
5408,0.83871
5409,0.83871
5410,0.903226
5411,0.806452
5412,0.16129
5413,0.83871
5414,0.870968
5415,0.870968
5416,0.870968
5417,0.870968
5418,0.870968
5419,0.870968
5420,0.870968
5421,0.870968
5422,0.870968
5423,0.870968
5424,0.870968
5425,0.870968
5426,0.870968
5427,0.83871
5428,0.870968
5429,0.870968
5430,0.870968
5431,0.870968
5432,0.870968
5433,0.870968
5434,0.870968
5435,0.870968
5436,0.870968
5437,0.870968
5438,0.870968
5439,0.870968
5440,0.870968
5441,0.870968
5442,0.870968
5443,0.870968
5444,0.870968
5445,0.870968
5446,0.870968
5447,0.870968
5448,0.806452
5449,0.645161
5450,0.322581
5451,0.354839
5452,0.677419
5453,0.645161
5454,0.548387
5455,0.548387
5456,0.548387
5457,0.548387
5458,0.483871
5459,0.677419
5460,0.677419
5461,0.483871
5462,0.354839
5463,0.774194
5464,0.612903
5465,0.548387
5466,0.548387
5467,0.548387
5468,0.580645
5469,0.580645
5470,0.548387
5471,0.677419
5472,0.645161
5473,0.741935
5474,0.645161
5475,0.741935
5476,0.83871
5477,0.83871
5478,0.83871
5479,0.806452
5480,0.870968
5481,0.806452
5482,0.83871
5483,0.806452
5484,0.774194
5485,0.548387
5486,0.774194
5487,0.83871
5488,0.806452
5489,0.806452
5490,0.83871
5491,0.83871
5492,0.806452
5493,0.83871
5494,0.83871
5495,0.83871
5496,0.870968
5497,0.870968
5498,0.903226
5499,0.741935
5500,0.83871
5501,0.741935
5502,0.806452
5503,0.83871
5504,0.83871
5505,0.83871
5506,0.741935
5507,0.806452
5508,0.83871
5509,0.83871
5510,0.83871
5511,0.83871
5512,0.83871
5513,0.83871
5514,0.83871
5515,0.83871
5516,0.83871
5517,0.83871
5518,0.83871
5519,0.83871
5520,0.83871
5521,0.83871
5522,0.83871
5523,0.83871
5524,0.83871
5525,0.83871
5526,0.870968
5527,0.870968
5528,0.870968
5529,0.870968
5530,0.870968
5531,0.870968
5532,0.870968
5533,0.806452
5534,0.870968
5535,0.870968
5536,0.83871
5537,0.322581
5538,0.580645
5539,0.774194
5540,0.645161
5541,0.580645
5542,0.580645
5543,0.580645
5544,0.580645
5545,0.548387
5546,0.548387
5547,0.580645
5548,0.709677
5549,0.322581
5550,0.774194
5551,0.612903
5552,0.580645
5553,0.580645
5554,0.580645
5555,0.580645
5556,0.580645
5557,0.548387
5558,0.612903
5559,0.516129
5560,0.645161
5561,0.548387
5562,0.645161
5563,0.677419
5564,0.774194
5565,0.677419
5566,0.741935
5567,0.774194
5568,0.774194
5569,0.774194
5570,0.774194
5571,0.774194
5572,0.645161
5573,0.419355
5574,0.612903
5575,0.580645
5576,0.548387
5577,0.580645
5578,0.612903
5579,0.580645
5580,0.612903
5581,0.612903
5582,0.612903
5583,0.548387
5584,0.709677
5585,0.83871
5586,0.806452
5587,0.83871
5588,0.741935
5589,0.806452
5590,0.774194
5591,0.806452
5592,0.83871
5593,0.741935
5594,0.806452
5595,0.870968
5596,0.741935
5597,0.83871
5598,0.83871
5599,0.741935
5600,0.806452
5601,0.774194
5602,0.83871
5603,0.741935
5604,0.870968
5605,0.774194
5606,0.903226
5607,0.83871
5608,0.741935
5609,0.903226
5610,0.677419
5611,0.419355
5612,0.419355
5613,0.516129
5614,0.774194
5615,0.645161
5616,0.580645
5617,0.580645
5618,0.580645
5619,0.516129
5620,0.483871
5621,0.483871
5622,0.483871
5623,0.677419
5624,0.0645161
5625,0.645161
5626,0.516129
5627,0.483871
5628,0.580645
5629,0.580645
5630,0.419355
5631,0.451613
5632,0.419355
5633,0.451613
5634,0.419355
5635,0.451613
5636,0.451613
5637,0.451613
5638,0.483871
5639,0.483871
5640,0.580645
5641,0.451613
5642,0.612903
5643,0.612903
5644,0.645161
5645,0.645161
5646,0.645161
5647,0.548387
5648,0.580645
5649,0.419355
5650,0.451613
5651,0.548387
5652,0.387097
5653,0.419355
5654,0.548387
5655,0.677419
5656,0.935484
5657,0.419355
5658,0.419355
5659,0.322581
5660,0.354839
5661,0.354839
5662,0.322581
5663,0.387097
5664,0.387097
5665,0.387097
5666,0.451613
5667,0.580645
5668,0.419355
5669,0.419355
5670,0.548387
5671,0.516129
5672,0.483871
5673,0.516129
5674,0.645161
5675,0.516129
5676,0.516129
5677,0.516129
5678,0.451613
5679,0.548387
5680,0.451613
5681,0.483871
5682,0.354839
5683,0.354839
5684,0.387097
5685,0.387097
5686,0.354839
5687,0.419355
5688,0.516129
5689,0.419355
5690,0.387097
5691,0.354839
5692,0.419355
5693,0.516129
5694,0.419355
5695,0.548387
5696,0.548387
5697,0.645161
5698,0.548387
5699,0.645161
5700,0.548387
5701,0.645161
5702,0.548387
5703,0.645161
5704,0.548387
5705,0.451613
5706,0.483871
5707,0.451613
5708,0.483871
5709,0.451613
5710,0.483871
5711,0.451613
5712,0.451613
5713,0.419355
5714,0.419355
5715,0.419355
5716,0.419355
5717,0.419355
5718,0.419355
5719,0.419355
5720,0.419355
5721,0.419355
5722,0.419355
5723,0.451613
5724,0.483871
5725,0.451613
5726,0.483871
5727,0.451613
5728,0.483871
5729,0.451613
5730,0.483871
5731,0.451613
5732,0.483871
5733,0.451613
5734,0.483871
5735,0.612903
5736,0.483871
5737,0.483871
5738,0.483871
5739,0.483871
5740,0.483871
5741,0.483871
5742,0.483871
5743,0.483871
5744,0.483871
5745,0.483871
5746,0.483871
5747,0.483871
5748,0.483871
5749,0.483871
5750,0.483871
5751,0.419355
5752,0.419355
5753,0.419355
5754,0.419355
5755,0.419355
5756,0.419355
5757,0.419355
5758,0.419355
5759,0.419355
5760,0.419355
5761,0.419355
5762,0.419355
5763,0.419355
5764,0.419355
5765,0.419355
5766,0.419355
5767,0.419355
5768,0.419355
5769,0.419355
5770,0.419355
5771,0.419355
5772,0.419355
5773,0.419355
5774,0.419355
5775,0.419355
5776,0.419355
5777,0.419355
5778,0.419355
5779,0.419355
5780,0.419355
5781,0.419355
5782,0.419355
5783,0.419355
5784,0.419355
5785,0.419355
5786,0.419355
5787,0.419355
5788,0.419355
5789,0.419355
5790,0.419355
5791,0.419355
5792,0.419355
5793,0.419355
5794,0.419355
5795,0.419355
5796,0.419355
5797,0.419355
5798,0.419355
5799,0.419355
5800,0.419355
5801,0.419355
5802,0.419355
5803,0.419355
5804,0.419355
5805,0.419355
5806,0.419355
5807,0.419355
5808,0.419355
5809,0.419355
5810,0.419355
5811,0.419355
5812,0.419355
5813,0.419355
5814,0.419355
5815,0.419355
5816,0.419355
5817,0.419355
5818,0.419355
5819,0.419355
5820,0.419355
5821,0.419355
5822,0.419355
5823,0.419355
5824,0.419355
5825,0.419355
5826,0.419355
5827,0.419355
5828,0.419355
5829,0.419355
5830,0.419355
5831,0.419355
5832,0.419355
5833,0.419355
5834,0.419355
5835,0.419355
5836,0.419355
5837,0.419355
5838,0.419355
5839,0.419355
5840,0.419355
5841,0.419355
5842,0.419355
5843,0.419355
5844,0.419355
5845,0.419355
5846,0.419355
5847,0.419355
5848,0.419355
5849,0.419355
5850,0.419355
5851,0.419355
5852,0.419355
5853,0.419355
5854,0.419355
5855,0.419355
5856,0.419355
5857,0.419355
5858,0.419355
5859,0.419355
5860,0.419355
5861,0.516129
5862,0.419355
5863,0.516129
5864,0.419355
5865,0.516129
5866,0.419355
5867,0.516129
5868,0.419355
5869,0.516129
5870,0.419355
5871,0.516129
5872,0.419355
5873,0.516129
5874,0.419355
5875,0.516129
5876,0.419355
5877,0.516129
5878,0.419355
5879,0.516129
5880,0.419355
5881,0.516129
5882,0.419355
5883,0.548387
5884,0.548387
5885,0.451613
5886,0.483871
5887,0.451613
5888,0.483871
5889,0.451613
5890,0.483871
5891,0.451613
5892,0.483871
5893,0.451613
5894,0.483871
5895,0.451613
5896,0.483871
5897,0.451613
5898,0.483871
5899,0.451613
5900,0.483871
5901,0.451613
5902,0.483871
5903,0.451613
5904,0.483871
5905,0.451613
5906,0.483871
5907,0.451613
5908,0.483871
5909,0.451613
5910,0.483871
5911,0.451613
5912,0.483871
5913,0.451613
5914,0.483871
5915,0.451613
5916,0.483871
5917,0.451613
5918,0.483871
5919,0.451613
5920,0.483871
5921,0.451613
5922,0.483871
5923,0.451613
5924,0.483871
5925,0.451613
5926,0.483871
5927,0.451613
5928,0.483871
5929,0.451613
5930,0.483871
5931,0.451613
5932,0.483871
5933,0.451613
5934,0.483871
5935,0.451613
5936,0.483871
5937,0.451613
5938,0.483871
5939,0.451613
5940,0.709677
5941,0.516129
5942,0.709677
5943,0.516129
5944,0.709677
5945,0.516129
5946,0.709677
5947,0.516129
5948,0.709677
5949,0.516129
5950,0.709677
5951,0.516129
5952,0.709677
5953,0.516129
5954,0.709677
5955,0.516129
5956,0.709677
5957,0.516129
5958,0.709677
5959,0.516129
5960,0.709677
5961,0.516129
5962,0.709677
5963,0.516129
5964,0.709677
5965,0.516129
5966,0.709677
5967,0.516129
5968,0.709677
5969,0.516129
5970,0.709677
5971,0.516129
5972,0.709677
5973,0.516129
5974,0.709677
5975,0.516129
5976,0.709677
5977,0.516129
5978,0.709677
5979,0.516129
5980,0.709677
5981,0.516129
5982,0.709677
5983,0.516129
5984,0.709677
5985,0.516129
5986,0.709677
5987,0.516129
5988,0.709677
5989,0.516129
5990,0.709677
5991,0.516129
5992,0.709677
5993,0.516129
5994,0.709677
5995,0.516129
5996,0.709677
5997,0.516129
5998,0.709677
5999,0.516129
6000,0.709677
6001,0.516129
6002,0.709677
6003,0.516129
6004,0.709677
6005,0.516129
6006,0.709677
6007,0.516129
6008,0.709677
6009,0.516129
6010,0.709677
6011,0.516129
6012,0.709677
6013,0.516129
6014,0.709677
6015,0.516129
6016,0.709677
6017,0.516129
6018,0.709677
6019,0.516129
6020,0.709677
6021,0.516129
6022,0.709677
6023,0.516129
6024,0.709677
6025,0.516129
6026,0.709677
6027,0.516129
6028,0.709677
6029,0.516129
6030,0.709677
6031,0.516129
6032,0.709677
6033,0.516129
6034,0.709677
6035,0.516129
6036,0.709677
6037,0.516129
6038,0.709677
6039,0.516129
6040,0.709677
6041,0.516129
6042,0.709677
6043,0.516129
6044,0.709677
6045,0.483871
6046,0.516129
6047,0.645161
6048,0.548387
6049,0.645161
6050,0.548387
6051,0.645161
6052,0.548387
6053,0.645161
6054,0.548387
6055,0.645161
6056,0.548387
6057,0.645161
6058,0.548387
6059,0.645161
6060,0.548387
6061,0.645161
6062,0.548387
6063,0.645161
6064,0.548387
6065,0.645161
6066,0.548387
6067,0.645161
6068,0.548387
6069,0.645161
6070,0.548387
6071,0.612903
6072,0.451613
6073,0.677419
6074,0.419355
6075,0.516129
6076,0.419355
6077,0.516129
6078,0.419355
6079,0.516129
6080,0.419355
6081,0.516129
6082,0.419355
6083,0.516129
6084,0.419355
6085,0.516129
6086,0.451613
6087,0.677419
6088,0.451613
6089,0.709677
6090,0.516129
6091,0.709677
6092,0.516129
6093,0.709677
6094,0.516129
6095,0.709677
6096,0.516129
6097,0.709677
6098,0.516129
6099,0.709677
6100,0.516129
6101,0.709677
6102,0.516129
6103,0.709677
6104,0.516129
6105,0.709677
6106,0.516129
6107,0.709677
6108,0.516129
6109,0.709677
6110,0.483871
6111,0.516129
6112,0.645161
6113,0.548387
6114,0.645161
6115,0.548387
6116,0.645161
6117,0.548387
6118,0.645161
6119,0.548387
6120,0.645161
6121,0.548387
6122,0.645161
6123,0.548387
6124,0.645161
6125,0.548387
6126,0.645161
6127,0.548387
6128,0.645161
6129,0.548387
6130,0.645161
6131,0.548387
6132,0.645161
6133,0.548387
6134,0.645161
6135,0.548387
6136,0.645161
6137,0.548387
6138,0.645161
6139,0.548387
6140,0.645161
6141,0.548387
6142,0.645161
6143,0.548387
6144,0.645161
6145,0.548387
6146,0.645161
6147,0.548387
6148,0.645161
6149,0.548387
6150,0.645161
6151,0.548387
6152,0.645161
6153,0.548387
6154,0.645161
6155,0.548387
6156,0.645161
6157,0.548387
6158,0.645161
6159,0.548387
6160,0.645161
6161,0.548387
6162,0.645161
6163,0.548387
6164,0.645161
6165,0.548387
6166,0.645161
6167,0.548387
6168,0.645161
6169,0.548387
6170,0.645161
6171,0.548387
6172,0.645161
6173,0.548387
6174,0.645161
6175,0.548387
6176,0.645161
6177,0.548387
6178,0.645161
6179,0.548387
6180,0.645161
6181,0.548387
6182,0.645161
6183,0.548387
6184,0.645161
6185,0.548387
6186,0.645161
6187,0.516129
6188,0.516129
6189,0.645161
6190,0.548387
6191,0.645161
6192,0.548387
6193,0.645161
6194,0.548387
6195,0.645161
6196,0.548387
6197,0.645161
6198,0.548387
6199,0.645161
6200,0.548387
6201,0.645161
6202,0.548387
6203,0.645161
6204,0.548387
6205,0.645161
6206,0.548387
6207,0.645161
6208,0.548387
6209,0.645161
6210,0.548387
6211,0.645161
6212,0.548387
6213,0.645161
6214,0.548387
6215,0.645161
6216,0.548387
6217,0.645161
6218,0.548387
6219,0.645161
6220,0.548387
6221,0.645161
6222,0.548387
6223,0.645161
6224,0.548387
6225,0.645161
6226,0.548387
6227,0.612903
6228,0.451613
6229,0.709677
6230,0.516129
6231,0.483871
6232,0.516129
6233,0.451613
6234,0.516129
6235,0.451613
6236,0.548387
6237,0.774194
6238,0.645161
6239,0.83871
6240,0.548387
6241,0.806452
6242,0.548387
6243,0.806452
6244,0.548387
6245,0.612903
6246,0.580645
6247,0.806452
6248,0.548387
6249,0.806452
6250,0.548387
6251,0.806452
6252,0.548387
6253,0.806452
6254,0.548387
6255,0.806452
6256,0.548387
6257,0.806452
6258,0.548387
6259,0.806452
6260,0.548387
6261,0.806452
6262,0.548387
6263,0.806452
6264,0.548387
6265,0.806452
6266,0.548387
6267,0.806452
6268,0.548387
6269,0.806452
6270,0.548387
6271,0.806452
6272,0.548387
6273,0.806452
6274,0.548387
6275,0.806452
6276,0.548387
6277,0.806452
6278,0.548387
6279,0.806452
6280,0.451613
6281,0.483871
6282,0.483871
6283,0.483871
6284,0.483871
6285,0.451613
6286,0.451613
6287,0.451613
6288,0.451613
6289,0.451613
6290,0.451613
6291,0.516129
6292,0.387097
6293,0
6294,0.612903
6295,0.741935
6296,0.677419
6297,0.677419
6298,0.935484
6299,0.774194
6300,0.645161
6301,0.645161
6302,0.580645
6303,0.774194
6304,0.709677
6305,0.935484
6306,0.774194
6307,0.774194
6308,0.83871
6309,0.774194
6310,0.741935
6311,0.903226
6312,0.870968
6313,0.903226
6314,0.806452
6315,0.774194
6316,0.903226
6317,0.774194
6318,0.774194
6319,0.774194
6320,0.741935
6321,0.774194
6322,0.870968
6323,0.774194
6324,0.774194
6325,0.774194
6326,0.870968
6327,0.83871
6328,0.806452
6329,0.709677
6330,0.774194
6331,0.903226
6332,0.870968
6333,0.774194
6334,0.870968
6335,0.870968
6336,0.83871
6337,0.741935
6338,0.741935
6339,0.774194
6340,0.741935
6341,0.774194
6342,0.774194
6343,0.806452
6344,0.774194
6345,0.870968
6346,0.903226
6347,0.83871
6348,0.806452
6349,0.870968
6350,0.677419
6351,0.806452
6352,0.774194
6353,0.677419
6354,0.741935
6355,0.709677
6356,0.741935
6357,0.677419
6358,0.645161
6359,0.709677
6360,0.709677
6361,0.677419
6362,0.677419
6363,0.677419
6364,0.645161
6365,0.645161
6366,0.451613
6367,0.645161
6368,0.645161
6369,0.612903
6370,0.709677
6371,0.645161
6372,0.806452
6373,0.612903
6374,0.612903
6375,0.709677
6376,0.645161
6377,0.322581
6378,0.806452
6379,0.741935
6380,0.645161
6381,0.677419
6382,0.677419
6383,0.709677
6384,0.709677
6385,0.709677
6386,0.709677
6387,0.709677
6388,0.677419
6389,0.677419
6390,0.645161
6391,0.354839
6392,0.612903
6393,0.612903
6394,0.580645
6395,0.580645
6396,0.580645
6397,0.612903
6398,0.612903
6399,0.612903
6400,0.580645
6401,0.677419
6402,0.741935
6403,0.580645
6404,0.612903
6405,0.612903
6406,0.709677
6407,0.741935
6408,0.741935
6409,0.677419
6410,0.645161
6411,0.709677
6412,0.677419
6413,0.709677
6414,0.741935
6415,0.774194
6416,0.774194
6417,0.806452
6418,0.806452
6419,0.806452
6420,0.806452
6421,0.806452
6422,0.806452
6423,0.806452
6424,0.806452
6425,0.806452
6426,0.806452
6427,0.806452
6428,0.709677
6429,0.741935
6430,0.774194
6431,0.806452
6432,0.83871
6433,0.967742
6434,0.870968
6435,0.870968
6436,0.870968
6437,0.870968
6438,0.870968
6439,0.806452
6440,0.709677
6441,0.741935
6442,0.709677
6443,0.483871
6444,0.0645161
6445,0.806452
6446,0.774194
6447,0.709677
6448,0.774194
6449,0.709677
6450,0.774194
6451,0.645161
6452,0.774194
6453,0.741935
6454,0.354839
6455,0.806452
6456,0.709677
6457,0.709677
6458,0.774194
6459,0.709677
6460,0.83871
6461,0.806452
6462,0.806452
6463,0.806452
6464,0.806452
6465,0.741935
6466,0.677419
6467,0.612903
6468,0.516129
6469,0.677419
6470,0.709677
6471,0.709677
6472,0.741935
6473,0.806452
6474,0.806452
6475,0.806452
6476,0.806452
6477,0.806452
6478,0.806452
6479,0.870968
6480,0.774194
6481,0.903226
6482,0.83871
6483,0.935484
6484,0.83871
6485,0.677419
6486,0.806452
6487,0.870968
6488,0.806452
6489,0.903226
6490,0.83871
6491,0.870968
6492,0.741935
6493,0.741935
6494,0.741935
6495,0.741935
6496,0.774194
6497,0.83871
6498,0.806452
6499,0.935484
6500,0.935484
6501,0.935484
6502,0.935484
6503,0.935484
6504,0.935484
6505,0.935484
6506,0.935484
6507,0.935484
6508,0.870968
6509,0.774194
6510,0.870968
6511,0.83871
6512,0.83871
6513,0.806452
6514,0.806452
6515,0.774194
6516,0.806452
6517,0.774194
6518,0.709677
6519,0.677419
6520,0.322581
6521,0.548387
6522,0.709677
6523,0.645161
6524,0.612903
6525,0.516129
6526,0.548387
6527,0.580645
6528,0.516129
6529,0.677419
6530,0.645161
6531,0.741935
6532,0.548387
6533,0.83871
6534,0.806452
6535,0.83871
6536,0.83871
6537,0.870968
6538,0.806452
6539,0.83871
6540,0.83871
6541,0.83871
6542,0.806452
6543,0.774194
6544,0.806452
6545,0.548387
6546,0.806452
6547,0.741935
6548,0.645161
6549,0.806452
6550,0.741935
6551,0.741935
6552,0.741935
6553,0.741935
6554,0.741935
6555,0.741935
6556,0.774194
6557,0.709677
6558,0.677419
6559,0.612903
6560,0.709677
6561,0.645161
6562,0.677419
6563,0.645161
6564,0.709677
6565,0.709677
6566,0.870968
6567,0.709677
6568,0.870968
6569,0.709677
6570,0.806452
6571,0.741935
6572,0.774194
6573,0.774194
6574,0.774194
6575,0.774194
6576,0.774194
6577,0.774194
6578,0.774194
6579,0.774194
6580,0.774194
6581,0.774194
6582,0.774194
6583,0.741935
6584,0.645161
6585,0.677419
6586,0.709677
6587,0.677419
6588,0.709677
6589,0.677419
6590,0.709677
6591,0.677419
6592,0.741935
6593,0.709677
6594,0.741935
6595,0.709677
6596,0.258065
6597,0.548387
6598,0.741935
6599,0.580645
6600,0.580645
6601,0.677419
6602,0.580645
6603,0.645161
6604,0.548387
6605,0.645161
6606,0.580645
6607,0.806452
6608,0.354839
6609,0.741935
6610,0.806452
6611,0.548387
6612,0.677419
6613,0.580645
6614,0.677419
6615,0.580645
6616,0.677419
6617,0.677419
6618,0.83871
6619,0.83871
6620,0.806452
6621,0.741935
6622,0.806452
6623,0.806452
6624,0.83871
6625,0.806452
6626,0.677419
6627,0.806452
6628,0.870968
6629,0.612903
6630,0.935484
6631,0.580645
6632,0.741935
6633,0.677419
6634,0.677419
6635,0.677419
6636,0.677419
6637,0.677419
6638,0.677419
6639,0.483871
6640,0.580645
6641,0.419355
6642,0.548387
6643,0.709677
6644,0.645161
6645,0.483871
6646,0.580645
6647,0.741935
6648,0.774194
6649,0.709677
6650,0.83871
6651,0.645161
6652,0.806452
6653,0.741935
6654,0.645161
6655,0.709677
6656,0.645161
6657,0.709677
6658,0.645161
6659,0.709677
6660,0.645161
6661,0.709677
6662,0.645161
6663,0.709677
6664,0.645161
6665,0.709677
6666,0.645161
6667,0.709677
6668,0.645161
6669,0.677419
6670,0.612903
6671,0.612903
6672,0.612903
6673,0.741935
6674,0.612903
6675,0.709677
6676,0.516129
6677,0.225806
6678,0.645161
6679,0.580645
6680,0.645161
6681,0.612903
6682,0.548387
6683,0.580645
6684,0.645161
6685,0.645161
6686,0.548387
6687,0.612903
6688,0.83871
6689,0.709677
6690,0.774194
6691,0.774194
6692,0.806452
6693,0.774194
6694,0.806452
6695,0.774194
6696,0.806452
6697,0.741935
6698,0.806452
6699,0.741935
6700,0.806452
6701,0.741935
6702,0.677419
6703,0.870968
6704,0.741935
6705,0.741935
6706,0.645161
6707,0.612903
6708,0.387097
6709,0.129032
6710,0.645161
6711,0.83871
6712,0.645161
6713,0.741935
6714,0.709677
6715,0.612903
6716,0.741935
6717,0.709677
6718,0.741935
6719,0.193548
6720,0.741935
6721,0.774194
6722,0.645161
6723,0.419355
6724,0.677419
6725,0.806452
6726,0.709677
6727,0.741935
6728,0.677419
6729,0.677419
6730,0.741935
6731,0.709677
6732,0.741935
6733,0.741935
6734,0.806452
6735,0.741935
6736,0.645161
6737,0.387097
6738,0.709677
6739,0.741935
6740,0.645161
6741,0.677419
6742,0.645161
6743,0.677419
6744,0.677419
6745,0.774194
6746,0.741935
6747,0.774194
6748,0.774194
6749,0.677419
6750,0.709677
6751,0.903226
6752,0.774194
6753,0.83871
6754,0.806452
6755,0.83871
6756,0.806452
6757,0.83871
6758,0.806452
6759,0.83871
6760,0.741935
6761,0.83871
6762,0.741935
6763,0.83871
6764,0.806452
6765,0.83871
6766,0.806452
6767,0.83871
6768,0.806452
6769,0.806452
6770,0.806452
6771,0.806452
6772,0.806452
6773,0.806452
6774,0.806452
6775,0.774194
6776,0.741935
6777,0.774194
6778,0.774194
6779,0.774194
6780,0.774194
6781,0.774194
6782,0.774194
6783,0.741935
6784,0.645161
6785,0.677419
6786,0.580645
6787,0.322581
6788,0.580645
6789,0.645161
6790,0.580645
6791,0.580645
6792,0.580645
6793,0.548387
6794,0.516129
6795,0.580645
6796,0.516129
6797,0.548387
6798,0.709677
6799,0.322581
6800,0.709677
6801,0.741935
6802,0.677419
6803,0.741935
6804,0.83871
6805,0.580645
6806,0.741935
6807,0.709677
6808,0.741935
6809,0.83871
6810,0.806452
6811,0.870968
6812,0.709677
6813,0.483871
6814,0.290323
6815,0.709677
6816,0.870968
6817,0.677419
6818,0.709677
6819,0.645161
6820,0.83871
6821,0.580645
6822,0.516129
6823,0.548387
6824,0.516129
6825,0.612903
6826,0.677419
6827,0.16129
6828,0.806452
6829,0.774194
6830,0.677419
6831,0.677419
6832,0.677419
6833,0.677419
6834,0.709677
6835,0.741935
6836,0.709677
6837,0.806452
6838,0.741935
6839,0.741935
6840,0.677419
6841,0.483871
6842,0.774194
6843,0.774194
6844,0.806452
6845,0.83871
6846,0.83871
6847,0.741935
6848,0.806452
6849,0.83871
6850,0.83871
6851,0.83871
6852,0.83871
6853,0.903226
6854,0.806452
6855,0.709677
6856,0.677419
6857,0.806452
6858,0.645161
6859,0.741935
6860,0.83871
6861,0.83871
6862,0.83871
6863,0.83871
6864,0.83871
6865,0.83871
6866,0.806452
6867,0.774194
6868,0.806452
6869,0.741935
6870,0.741935
6871,0.741935
6872,0.741935
6873,0.741935
6874,0.741935
6875,0.612903
6876,0.709677
6877,0.741935
6878,0.741935
6879,0.741935
6880,0.774194
6881,0.774194
6882,0.612903
6883,0.580645
6884,0.580645
6885,0.580645
6886,0.580645
6887,0.516129
6888,0.580645
6889,0.548387
6890,0.677419
6891,0.709677
6892,0.322581
6893,0.580645
6894,0.741935
6895,0.645161
6896,0.580645
6897,0.580645
6898,0.580645
6899,0.516129
6900,0.516129
6901,0.483871
6902,0.677419
6903,0.612903
6904,0.225806
6905,0.741935
6906,0.580645
6907,0.516129
6908,0.516129
6909,0.516129
6910,0.516129
6911,0.548387
6912,0.548387
6913,0.580645
6914,0.419355
6915,0.741935
6916,0.870968
6917,0.709677
6918,0.83871
6919,0.83871
6920,0.806452
6921,0.83871
6922,0.870968
6923,0.741935
6924,0.806452
6925,0.677419
6926,0.741935
6927,0.806452
6928,0.483871
6929,0.806452
6930,0.83871
6931,0.83871
6932,0.83871
6933,0.83871
6934,0.83871
6935,0.83871
6936,0.870968
6937,0.806452
6938,0.870968
6939,0.774194
6940,0.83871
6941,0.709677
6942,0.709677
6943,0.903226
6944,0.741935
6945,0.903226
6946,0.741935
6947,0.870968
6948,0.774194
6949,0.83871
6950,0.774194
6951,0.774194
6952,0.83871
6953,0.774194
6954,0.870968
6955,0.967742
6956,0.870968
6957,0.83871
6958,0.83871
6959,0.83871
6960,0.806452
6961,0.806452
6962,0.774194
6963,0.774194
6964,0.774194
6965,0.677419
6966,0.709677
6967,0.741935
6968,0.741935
6969,0.741935
6970,0.741935
6971,0.741935
6972,0.774194
6973,0.806452
6974,0.774194
6975,0.83871
6976,0.774194
6977,0.774194
6978,0.322581
6979,0.612903
6980,0.774194
6981,0.677419
6982,0.774194
6983,0.677419
6984,0.806452
6985,0.677419
6986,0.645161
6987,0.645161
6988,0.709677
6989,0.741935
6990,0.677419
6991,0.483871
6992,0.774194
6993,0.83871
6994,0.645161
6995,0.709677
6996,0.645161
6997,0.709677
6998,0.645161
6999,0.709677
7000,0.774194
7001,0.516129
7002,0.709677
7003,0.83871
7004,0.870968
7005,0.548387
7006,0.645161
7007,0.677419
7008,0.677419
7009,0.645161
7010,0.677419
7011,0.677419
7012,0.677419
7013,0.612903
7014,0.419355
7015,0.677419
7016,0.677419
7017,0.677419
7018,0.677419
7019,0.741935
7020,0.677419
7021,0.645161
7022,0.741935
7023,0.677419
7024,0.645161
7025,0.677419
7026,0.516129
7027,0.645161
7028,0.580645
7029,0.645161
7030,0.677419
7031,0.645161
7032,0.677419
7033,0.806452
7034,0.741935
7035,0.806452
7036,0.709677
7037,0.83871
7038,0.83871
7039,0.806452
7040,0.806452
7041,0.806452
7042,0.774194
7043,0.774194
7044,0.774194
7045,0.741935
7046,0.774194
7047,0.709677
7048,0.741935
7049,0.741935
7050,0.741935
7051,0.741935
7052,0.741935
7053,0.806452
7054,0.83871
7055,0.774194
7056,0.806452
7057,0.645161
7058,0.741935
7059,0.935484
7060,0.83871
7061,0.870968
7062,0.903226
7063,0.645161
7064,0.709677
7065,0.387097
7066,0.612903
7067,0.83871
7068,0.645161
7069,0.806452
7070,0.548387
7071,0.548387
7072,0.483871
7073,0.451613
7074,0.451613
7075,0.516129
7076,0.483871
7077,0.290323
7078,0.741935
7079,0.645161
7080,0.516129
7081,0.645161
7082,0.645161
7083,0.645161
7084,0.677419
7085,0.645161
7086,0.677419
7087,0.645161
7088,0.709677
7089,0.677419
7090,0.645161
7091,0.677419
7092,0.645161
7093,0.645161
7094,0.419355
7095,0.741935
7096,0.806452
7097,0.677419
7098,0.709677
7099,0.677419
7100,0.709677
7101,0.677419
7102,0.548387
7103,0.741935
7104,0.806452
7105,0.741935
7106,0.612903
7107,0.419355
7108,0.193548
7109,0.483871
7110,0.645161
7111,0.709677
7112,0.580645
7113,0.580645
7114,0.580645
7115,0.580645
7116,0.548387
7117,0.548387
7118,0.580645
7119,0.645161
7120,0.225806
7121,0.741935
7122,0.580645
7123,0.677419
7124,0.709677
7125,0.645161
7126,0.677419
7127,0.677419
7128,0.677419
7129,0.741935
7130,0.709677
7131,0.774194
7132,0.709677
7133,0.741935
7134,0.806452
7135,0.870968
7136,0.548387
7137,0.741935
7138,0.709677
7139,0.806452
7140,0.935484
7141,0.677419
7142,0.806452
7143,0.645161
7144,0.677419
7145,0.645161
7146,0.677419
7147,0.677419
7148,0.709677
7149,0.612903
7150,0.645161
7151,0.677419
7152,0.645161
7153,0.677419
7154,0.677419
7155,0.709677
7156,0.741935
7157,0.83871
7158,0.806452
7159,0.806452
7160,0.741935
7161,0.870968
7162,0.83871
7163,0.83871
7164,0.83871
7165,0.83871
7166,0.83871
7167,0.83871
7168,0.83871
7169,0.83871
7170,0.83871
7171,0.83871
7172,0.83871
7173,0.806452
7174,0.83871
7175,0.806452
7176,0.774194
7177,0.774194
7178,0.774194
7179,0.774194
7180,0.774194
7181,0.741935
7182,0.709677
7183,0.677419
7184,0.709677
7185,0.709677
7186,0.354839
7187,0.580645
7188,0.645161
7189,0.580645
7190,0.645161
7191,0.612903
7192,0.774194
7193,0.612903
7194,0.709677
7195,0.709677
7196,0.612903
7197,0.548387
7198,0.483871
7199,0.645161
7200,0.645161
7201,0.612903
7202,0.741935
7203,0.645161
7204,0.580645
7205,0.645161
7206,0.580645
7207,0.645161
7208,0.612903
7209,0.774194
7210,0.83871
7211,0.806452
7212,0.870968
7213,0.806452
7214,0.870968
7215,0.806452
7216,0.935484
7217,0.83871
7218,0.83871
7219,0.806452
7220,0.774194
7221,0.806452
7222,0.677419
7223,0.806452
7224,0.806452
7225,0.806452
7226,0.774194
7227,0.806452
7228,0.774194
7229,0.709677
7230,0.774194
7231,0.709677
7232,0.677419
7233,0.645161
7234,0.612903
7235,0.483871
7236,0.0645161
7237,0.806452
7238,0.677419
7239,0.645161
7240,0.677419
7241,0.774194
7242,0.774194
7243,0.870968
7244,0.774194
7245,0.774194
7246,0.83871
7247,0.774194
7248,0.83871
7249,0.83871
7250,0.83871
7251,0.83871
7252,0.83871
7253,0.83871
7254,0.774194
7255,0.83871
7256,0.83871
7257,0.774194
7258,0.83871
7259,0.774194
7260,0.741935
7261,0.741935
7262,0.741935
7263,0.741935
7264,0.741935
7265,0.741935
7266,0.741935
7267,0.709677
7268,0.677419
7269,0.709677
7270,0.677419
7271,0.645161
7272,0.645161
7273,0.290323
7274,0.322581
7275,0.612903
7276,0.580645
7277,0.612903
7278,0.580645
7279,0.580645
7280,0.580645
7281,0.516129
7282,0.580645
7283,0.612903
7284,0.548387
7285,0.258065
7286,0.709677
7287,0.677419
7288,0.580645
7289,0.580645
7290,0.580645
7291,0.645161
7292,0.580645
7293,0.709677
7294,0.645161
7295,0.516129
7296,0.709677
7297,0.709677
7298,0.741935
7299,0.967742
7300,0.83871
7301,0.83871
7302,0.83871
7303,0.83871
7304,0.83871
7305,0.83871
7306,0.83871
7307,0.83871
7308,0.83871
7309,0.580645
7310,0.741935
7311,0.935484
7312,0.83871
7313,0.903226
7314,0.774194
7315,0.677419
7316,0.645161
7317,0.645161
7318,0.612903
7319,0.645161
7320,0.645161
7321,0.516129
7322,0.645161
7323,0.516129
7324,0.677419
7325,0.709677
7326,0.677419
7327,0.774194
7328,0.741935
7329,0.870968
7330,0.774194
7331,0.83871
7332,0.774194
7333,0.83871
7334,0.806452
7335,0.83871
7336,0.774194
7337,0.774194
7338,0.774194
7339,0.774194
7340,0.774194
7341,0.774194
7342,0.774194
7343,0.774194
7344,0.774194
7345,0.806452
7346,0.870968
7347,0.774194
7348,0.774194
7349,0.774194
7350,0.806452
7351,0.741935
7352,0.677419
7353,0.741935
7354,0.774194
7355,0.709677
7356,0.741935
7357,0.645161
7358,0.645161
7359,0.387097
7360,0.354839
7361,0.548387
7362,0.612903
7363,0.548387
7364,0.548387
7365,0.548387
7366,0.548387
7367,0.483871
7368,0.580645
7369,0.516129
7370,0.645161
7371,0.0322581
7372,0.709677
7373,0.645161
7374,0.548387
7375,0.580645
7376,0.548387
7377,0.548387
7378,0.580645
7379,0.612903
7380,0.709677
7381,0.612903
7382,0.677419
7383,0.741935
7384,0.741935
7385,0.774194
7386,0.935484
7387,0.83871
7388,0.903226
7389,0.83871
7390,0.903226
7391,0.903226
7392,0.806452
7393,0.806452
7394,0.774194
7395,0.709677
7396,0.935484
7397,0.83871
7398,0.870968
7399,0.645161
7400,0.645161
7401,0.645161
7402,0.612903
7403,0.645161
7404,0.612903
7405,0.645161
7406,0.677419
7407,0.548387
7408,0.645161
7409,0.645161
7410,0.677419
7411,0.709677
7412,0.677419
7413,0.741935
7414,0.83871
7415,0.774194
7416,0.83871
7417,0.774194
7418,0.83871
7419,0.774194
7420,0.83871
7421,0.774194
7422,0.83871
7423,0.774194
7424,0.83871
7425,0.806452
7426,0.83871
7427,0.806452
7428,0.83871
7429,0.870968
7430,0.774194
7431,0.83871
7432,0.741935
7433,0.741935
7434,0.741935
7435,0.709677
7436,0.709677
7437,0.709677
7438,0.709677
7439,0.709677
7440,0.677419
7441,0.677419
7442,0.677419
7443,0.580645
7444,0.645161
7445,0.451613
7446,0.290323
7447,0.645161
7448,0.548387
7449,0.612903
7450,0.548387
7451,0.580645
7452,0.548387
7453,0.483871
7454,0.612903
7455,0.580645
7456,0.612903
7457,0.0322581
7458,0.741935
7459,0.870968
7460,0.612903
7461,0.580645
7462,0.709677
7463,0.709677
7464,0.741935
7465,0.677419
7466,0.741935
7467,0.387097
7468,0.709677
7469,0.806452
7470,0.806452
7471,0.903226
7472,0.903226
7473,0.83871
7474,0.83871
7475,0.83871
7476,0.83871
7477,0.83871
7478,0.806452
7479,0.806452
7480,0.83871
7481,0.516129
7482,0.741935
7483,0.967742
7484,0.83871
7485,0.903226
7486,0.870968
7487,0.709677
7488,0.677419
7489,0.677419
7490,0.645161
7491,0.677419
7492,0.612903
7493,0.483871
7494,0.0967742
7495,0.806452
7496,0.741935
7497,0.677419
7498,0.806452
7499,0.806452
7500,0.741935
7501,0.870968
7502,0.774194
7503,0.83871
7504,0.774194
7505,0.83871
7506,0.774194
7507,0.83871
7508,0.774194
7509,0.83871
7510,0.774194
7511,0.83871
7512,0.774194
7513,0.83871
7514,0.774194
7515,0.83871
7516,0.774194
7517,0.83871
7518,0.806452
7519,0.83871
7520,0.806452
7521,0.83871
7522,0.806452
7523,0.806452
7524,0.741935
7525,0.806452
7526,0.741935
7527,0.774194
7528,0.741935
7529,0.709677
7530,0.580645
7531,0.387097
7532,0.516129
7533,0.709677
7534,0.580645
7535,0.580645
7536,0.580645
7537,0.548387
7538,0.516129
7539,0.548387
7540,0.516129
7541,0.548387
7542,0.580645
7543,0.0645161
7544,0.741935
7545,0.612903
7546,0.548387
7547,0.548387
7548,0.677419
7549,0.548387
7550,0.548387
7551,0.548387
7552,0.580645
7553,0.709677
7554,0.677419
7555,0.741935
7556,0.83871
7557,0.741935
7558,0.741935
7559,0.741935
7560,0.967742
7561,0.83871
7562,0.870968
7563,0.774194
7564,0.741935
7565,0.870968
7566,0.83871
7567,0.548387
7568,0.741935
7569,0.935484
7570,0.709677
7571,0.645161
7572,0.677419
7573,0.612903
7574,0.645161
7575,0.677419
7576,0.645161
7577,0.677419
7578,0.645161
7579,0.677419
7580,0.677419
7581,0.774194
7582,0.677419
7583,0.806452
7584,0.806452
7585,0.741935
7586,0.806452
7587,0.741935
7588,0.870968
7589,0.774194
7590,0.83871
7591,0.870968
7592,0.774194
7593,0.83871
7594,0.774194
7595,0.83871
7596,0.806452
7597,0.83871
7598,0.806452
7599,0.83871
7600,0.806452
7601,0.806452
7602,0.741935
7603,0.774194
7604,0.741935
7605,0.774194
7606,0.774194
7607,0.774194
7608,0.774194
7609,0.774194
7610,0.774194
7611,0.709677
7612,0.677419
7613,0.645161
7614,0.677419
7615,0.645161
7616,0.612903
7617,0.451613
7618,0.580645
7619,0.516129
7620,0.612903
7621,0.580645
7622,0.612903
7623,0.580645
7624,0.580645
7625,0.580645
7626,0.516129
7627,0.612903
7628,0.645161
7629,0.580645
7630,0.387097
7631,0.741935
7632,0.903226
7633,0.612903
7634,0.677419
7635,0.612903
7636,0.677419
7637,0.612903
7638,0.709677
7639,0.709677
7640,0.612903
7641,0.741935
7642,0.806452
7643,0.709677
7644,0.967742
7645,0.870968
7646,0.935484
7647,0.870968
7648,0.935484
7649,0.870968
7650,0.935484
7651,0.83871
7652,0.83871
7653,0.83871
7654,0.774194
7655,0.935484
7656,0.806452
7657,0.870968
7658,0.870968
7659,0.806452
7660,0.870968
7661,0.677419
7662,0.774194
7663,0.645161
7664,0.774194
7665,0.612903
7666,0.677419
7667,0.612903
7668,0.0645161
7669,0.806452
7670,0.83871
7671,0.709677
7672,0.870968
7673,0.709677
7674,0.903226
7675,0.870968
7676,0.870968
7677,0.870968
7678,0.870968
7679,0.806452
7680,0.903226
7681,0.774194
7682,0.903226
7683,0.774194
7684,0.903226
7685,0.774194
7686,0.903226
7687,0.870968
7688,0.870968
7689,0.870968
7690,0.870968
7691,0.870968
7692,0.870968
7693,0.870968
7694,0.870968
7695,0.870968
7696,0.83871
7697,0.774194
7698,0.903226
7699,0.870968
7700,0.870968
7701,0.870968
7702,0.83871
7703,0.741935
7704,0.612903
7705,0.419355
7706,0.451613
7707,0.677419
7708,0.677419
7709,0.548387
7710,0.548387
7711,0.548387
7712,0.548387
7713,0.580645
7714,0.580645
7715,0.580645
7716,0.709677
7717,0.225806
7718,0.806452
7719,0.774194
7720,0.645161
7721,0.774194
7722,0.580645
7723,0.612903
7724,0.645161
7725,0.806452
7726,0.419355
7727,0.645161
7728,0.806452
7729,0.741935
7730,0.516129
7731,0.483871
7732,0.354839
7733,0.483871
7734,0.870968
7735,0.741935
7736,0.677419
7737,0.870968
7738,0.774194
7739,0.580645
7740,0.806452
7741,0.580645
7742,0.677419
7743,0.741935
7744,0.258065
7745,0.419355
7746,0.677419
7747,0.806452
7748,0.645161
7749,0.677419
7750,0.580645
7751,0.741935
7752,0.677419
7753,0.645161
7754,0.774194
7755,0.709677
7756,0.677419
7757,0.741935
7758,0.354839
7759,0.709677
7760,0.83871
7761,0.645161
7762,0.741935
7763,0.645161
7764,0.774194
7765,0.741935
7766,0.83871
7767,0.741935
7768,0.870968
7769,0.677419
7770,0.774194
7771,0.741935
7772,0.677419
7773,0.612903
7774,0.677419
7775,0.709677
7776,0.645161
7777,0.774194
7778,0.870968
7779,0.741935
7780,0.870968
7781,0.709677
7782,0.870968
7783,0.709677
7784,0.870968
7785,0.709677
7786,0.806452
7787,0.741935
7788,0.677419
7789,0.806452
7790,0.677419
7791,0.709677
7792,0.645161
7793,0.677419
7794,0.806452
7795,0.741935
7796,0.806452
7797,0.741935
7798,0.741935
7799,0.709677
7800,0.774194
7801,0.741935
7802,0.967742
7803,0.83871
7804,0.903226
7805,0.935484
7806,0.83871
7807,0.709677
7808,0.677419
7809,0.483871
7810,0.548387
7811,0.580645
7812,0.580645
7813,0.580645
7814,0.580645
7815,0.548387
7816,0.548387
7817,0.516129
7818,0.548387
7819,0.677419
7820,0.741935
7821,0.354839
7822,0.741935
7823,0.903226
7824,0.580645
7825,0.709677
7826,0.580645
7827,0.645161
7828,0.580645
7829,0.645161
7830,0.677419
7831,0.709677
7832,0.709677
7833,0.709677
7834,0.903226
7835,0.83871
7836,0.83871
7837,0.83871
7838,0.870968
7839,0.870968
7840,0.967742
7841,0.83871
7842,0.903226
7843,0.83871
7844,0.967742
7845,0.774194
7846,0.806452
7847,1
7848,0.741935
7849,0.903226
7850,0.870968
7851,0.870968
7852,0.870968
7853,0.870968
7854,0.870968
7855,0.870968
7856,0.870968
7857,0.83871
7858,0.741935
7859,0.806452
7860,0.290323
7861,0.806452
7862,0.870968
7863,0.709677
7864,0.870968
7865,0.709677
7866,0.870968
7867,0.741935
7868,0.870968
7869,0.709677
7870,0.935484
7871,0.709677
7872,0.935484
7873,0.709677
7874,0.806452
7875,0.645161
7876,0.741935
7877,0.645161
7878,0.709677
7879,0.677419
7880,0.709677
7881,0.741935
7882,0.806452
7883,0.741935
7884,0.741935
7885,0.709677
7886,0.935484
7887,0.774194
7888,0.935484
7889,0.83871
7890,0.903226
7891,0.903226
7892,0.903226
7893,0.903226
7894,0.419355
7895,0.645161
7896,0.741935
7897,0.548387
7898,0.516129
7899,0.516129
7900,0.516129
7901,0.483871
7902,0.483871
7903,0.612903
7904,0.580645
7905,0.741935
7906,0.516129
7907,0.451613
7908,0.677419
7909,0.806452
7910,0.677419
7911,0.741935
7912,0.741935
7913,0.741935
7914,0.580645
7915,0.645161
7916,0.548387
7917,0.806452
7918,0.677419
7919,0.709677
7920,0.677419
7921,0.774194
7922,0.774194
7923,0.806452
7924,0.774194
7925,0.806452
7926,0.774194
7927,0.83871
7928,0.806452
7929,0.677419
7930,0.612903
7931,0.774194
7932,0.870968
7933,0.709677
7934,0.870968
7935,0.709677
7936,0.870968
7937,0.709677
7938,0.870968
7939,0.709677
7940,0.870968
7941,0.709677
7942,0.870968
7943,0.709677
7944,0.83871
7945,0.677419
7946,0.709677
7947,0.677419
7948,0.83871
7949,0.645161
7950,0.741935
7951,0.645161
7952,0.741935
7953,0.677419
7954,0.83871
7955,0.677419
7956,0.870968
7957,0.677419
7958,0.774194
7959,0.741935
7960,0.741935
7961,0.741935
7962,0.806452
7963,0.83871
7964,0.83871
7965,0.774194
7966,0.774194
7967,0.774194
7968,0.774194
7969,0.774194
7970,0.806452
7971,0.516129
7972,0.516129
7973,0.548387
7974,0.483871
7975,0.451613
7976,0.419355
7977,0.451613
7978,0.419355
7979,0.451613
7980,0.354839
7981,0.387097
7982,0.387097
7983,0.419355
7984,0.709677
7985,0.774194
7986,0.806452
7987,0.548387
7988,0.741935
7989,0.903226
7990,0.903226
7991,0.645161
7992,0.677419
7993,0.935484
7994,0.677419
7995,0.451613
7996,0.483871
7997,0.709677
7998,0.870968
7999,0.903226
8000,0.774194
8001,0.870968
8002,0.83871
8003,0.870968
8004,0.806452
8005,0.935484
8006,0.645161
8007,0.580645
8008,0.903226
8009,0.677419
8010,0.903226
8011,0.903226
8012,0.903226
8013,0.83871
8014,0.870968
8015,0.709677
8016,0.806452
8017,0.870968
8018,0.709677
8019,0.806452
8020,0.741935
8021,0.709677
8022,0.806452
8023,0.741935
8024,0.774194
8025,0.83871
8026,0.645161
8027,0.741935
8028,0.645161
8029,0.741935
8030,0.677419
8031,0.870968
8032,0.612903
8033,0.322581
8034,0.774194
8035,0.935484
8036,0.83871
8037,0.870968
8038,0.903226
8039,0.870968
8040,0.967742
8041,0.741935
8042,0.967742
8043,0.870968
8044,0.870968
8045,0.870968
8046,0.870968
8047,0.870968
8048,0.870968
8049,0.870968
8050,0.870968
8051,0.870968
8052,0.870968
8053,0.870968
8054,0.870968
8055,0.870968
8056,0.870968
8057,0.83871
8058,0.741935
8059,0.870968
8060,0.709677
8061,0.870968
8062,0.709677
8063,0.870968
8064,0.774194
8065,0.774194
8066,0.741935
8067,0.741935
8068,0.806452
8069,0.548387
8070,0.645161
8071,0.612903
8072,0.806452
8073,0.709677
8074,0.774194
8075,0.741935
8076,0.548387
8077,0.677419
8078,0.548387
8079,0.806452
8080,0.677419
8081,0.903226
8082,0.387097
8083,0.774194
8084,0.903226
8085,0.806452
8086,0.645161
8087,0.903226
8088,0.709677
8089,0.677419
8090,0.935484
8091,0.774194
8092,0.677419
8093,0.903226
8094,0.741935
8095,0.548387
8096,0.516129
8097,0.935484
8098,0.612903
8099,0.903226
8100,0.806452
8101,0.677419
8102,0.83871
8103,0.806452
8104,0.83871
8105,0.806452
8106,0.806452
8107,0.806452
8108,0.903226
8109,0.870968
8110,0.677419
8111,0.774194
8112,0.903226
8113,0.903226
8114,0.903226
8115,0.741935
8116,0.870968
8117,0.741935
8118,0.870968
8119,0.741935
8120,0.870968
8121,0.709677
8122,0.903226
8123,0.677419
8124,0.548387
8125,0.741935
8126,0.903226
8127,0.709677
8128,0.83871
8129,0.709677
8130,0.83871
8131,0.741935
8132,0.806452
8133,0.903226
8134,0.870968
8135,0.903226
8136,0.806452
8137,0.903226
8138,0.903226
8139,0.774194
8140,0.903226
8141,0.83871
8142,0.741935
8143,0.806452
8144,0.709677
8145,0.935484
8146,0.83871
8147,0.967742
8148,0.83871
8149,0.903226
8150,0.870968
8151,0.870968
8152,0.83871
8153,0.870968
8154,0.83871
8155,0.83871
8156,0.83871
8157,0.83871
8158,0.83871
8159,0.806452
8160,0.741935
8161,0.741935
8162,0.903226
8163,1
8164,0.967742
8165,0.774194
8166,0.83871
8167,0.709677
8168,0.83871
8169,0.709677
8170,0.870968
8171,0.806452
8172,0.451613
8173,0.580645
8174,0.774194
8175,0.612903
8176,0.548387
8177,0.548387
8178,0.806452
8179,0.645161
8180,0.580645
8181,0.709677
8182,0.645161
8183,0.935484
8184,0.548387
8185,0.774194
8186,0.774194
8187,0.709677
8188,0.903226
8189,0.870968
8190,0.870968
8191,0.903226
8192,0.903226
8193,0.83871
8194,0.806452
8195,0.903226
8196,0.870968
8197,0.870968
8198,0.935484
8199,0.580645
8200,0.935484
8201,0.580645
8202,0.516129
8203,0.645161
8204,0.935484
8205,0.806452
8206,0.83871
8207,0.806452
8208,0.83871
8209,0.806452
8210,0.806452
8211,0.806452
8212,0.903226
8213,0.870968
8214,0.870968
8215,0.516129
8216,0.419355
8217,0.870968
8218,0.83871
8219,0.83871
8220,0.83871
8221,0.967742
8222,0.935484
8223,0.870968
8224,0.83871
8225,0.870968
8226,0.83871
8227,0.870968
8228,0.83871
8229,0.806452
8230,0.709677
8231,0.903226
8232,0.870968
8233,0.903226
8234,0.903226
8235,0.935484
8236,0.903226
8237,0.935484
8238,0.903226
8239,0.935484
8240,0.935484
8241,0.870968
8242,0.548387
8243,0.0645161
8244,0.548387
8245,0.870968
8246,0.709677
8247,0.774194
8248,0.645161
8249,0.774194
8250,0.83871
8251,0.806452
8252,0.967742
8253,0.806452
8254,0.967742
8255,0.806452
8256,0.903226
8257,0.83871
8258,0.83871
8259,0.806452
8260,0.903226
8261,0.774194
8262,0.870968
8263,0.83871
8264,0.870968
8265,0.741935
8266,0.903226
8267,0.709677
8268,0.903226
8269,0.806452
8270,0.870968
8271,0.741935
8272,0.935484
8273,0.677419
8274,0.806452
8275,0.677419
8276,0.774194
8277,0.580645
8278,0.451613
8279,0.516129
8280,0.580645
8281,0.645161
8282,0.83871
8283,0.741935
8284,0.612903
8285,0.709677
8286,0.83871
8287,0.870968
8288,0.709677
8289,0.83871
8290,0.774194
8291,0.806452
8292,0.935484
8293,0.903226
8294,0.903226
8295,0.903226
8296,0.903226
8297,0.903226
8298,0.903226
8299,0.83871
8300,0.806452
8301,0.935484
8302,0.870968
8303,0.806452
8304,0.935484
8305,0.83871
8306,0.774194
8307,0.548387
8308,0.548387
8309,0.645161
8310,0.935484
8311,0.741935
8312,0.774194
8313,0.741935
8314,0.903226
8315,0.870968
8316,0.483871
8317,0.774194
8318,1
8319,0.83871
8320,0.806452
8321,0.935484
8322,0.774194
8323,0.645161
8324,0.806452
8325,0.870968
8326,0.870968
8327,0.83871
8328,0.806452
8329,0.903226
8330,0.870968
8331,0.870968
8332,0.83871
8333,0.903226
8334,0.935484
8335,0.870968
8336,0.677419
8337,0.935484
8338,0.870968
8339,0.870968
8340,0.870968
8341,0.870968
8342,0.870968
8343,0.935484
8344,0.870968
8345,0.870968
8346,0.935484
8347,0.935484
8348,0.903226
8349,0.903226
8350,0.870968
8351,0.870968
8352,0.870968
8353,0.870968
8354,0.935484
8355,0.935484
8356,0.935484
8357,0.870968
8358,0.870968
8359,0.935484
8360,0.935484
8361,0.870968
8362,0.935484
8363,0.774194
8364,0.935484
8365,0.903226
8366,0.806452
8367,0.935484
8368,0.774194
8369,0.935484
8370,0.903226
8371,0.870968
8372,0.935484
8373,0.870968
8374,0.870968
8375,0.967742
8376,0.903226
8377,0.903226
8378,0.83871
8379,0.870968
8380,0.935484
8381,0.935484
8382,0.83871
8383,0.451613
8384,0.580645
8385,0.741935
8386,0.709677
8387,0.0645161
8388,0.709677
8389,0.935484
8390,0.612903
8391,0.709677
8392,0.580645
8393,0.741935
8394,0.903226
8395,0.612903
8396,0.741935
8397,0.774194
8398,0.774194
8399,0.870968
8400,0.870968
8401,0.903226
8402,0.870968
8403,0.870968
8404,0.741935
8405,0.806452
8406,0.83871
8407,0.870968
8408,0.677419
8409,0.387097
8410,0.548387
8411,0.870968
8412,0.483871
8413,0.483871
8414,0.709677
8415,1
8416,0.870968
8417,0.806452
8418,0.83871
8419,0.83871
8420,0.83871
8421,0.83871
8422,0.774194
8423,0.709677
8424,0.870968
8425,0.774194
8426,0.451613
8427,0.419355
8428,0.709677
8429,0.741935
8430,0.806452
8431,0.806452
8432,0.806452
8433,0.83871
8434,0.774194
8435,0.806452
8436,0.83871
8437,0.870968
8438,0.870968
8439,0.83871
8440,0.709677
8441,0.677419
8442,0.83871
8443,0.870968
8444,0.903226
8445,0.83871
8446,0.83871
8447,0.83871
8448,0.83871
8449,0.870968
8450,0.83871
8451,0.870968
8452,0.83871
8453,0.741935
8454,0.741935
8455,0.645161
8456,0.677419
8457,0.935484
8458,0.83871
8459,0.870968
8460,0.709677
8461,0.741935
8462,0.709677
8463,0.612903
8464,0.580645
8465,0.709677
8466,0.709677
8467,0.806452
8468,0.774194
8469,0.774194
8470,0.774194
8471,0.709677
8472,0.806452
8473,0.741935
8474,0.83871
8475,0.709677
8476,0.709677
8477,0.806452
8478,0.870968
8479,0.741935
8480,0.903226
8481,0.709677
8482,0.903226
8483,0.741935
8484,0.83871
8485,0.774194
8486,0.806452
8487,0.741935
8488,0.903226
8489,0.870968
8490,0.903226
8491,0.935484
8492,0.741935
8493,0.903226
8494,0.903226
8495,0.870968
8496,0.935484
8497,0.903226
8498,0.903226
8499,0.903226
8500,0.903226
8501,0.870968
8502,0.935484
8503,0.935484
8504,0.935484
8505,0.935484
8506,0.83871
8507,0.870968
8508,0.935484
8509,0.870968
8510,0.870968
8511,0.741935
8512,0.580645
8513,0.709677
8514,0.774194
8515,0.741935
8516,0.387097
8517,0.322581
8518,0.483871
8519,0.387097
8520,0.709677
8521,0.83871
8522,0.612903
8523,0.645161
8524,0.612903
8525,0.645161
8526,0.645161
8527,0.774194
8528,0.612903
8529,0.645161
8530,0.677419
8531,0.741935
8532,0.806452
8533,0.645161
8534,0.645161
8535,0.83871
8536,0.612903
8537,0.935484
8538,0.806452
8539,0.870968
8540,0.870968
8541,0.903226
8542,0.903226
8543,0.870968
8544,0.903226
8545,0.935484
8546,0.903226
8547,0.903226
8548,0.741935
8549,0.903226
8550,0.903226
8551,0.903226
8552,0.903226
8553,0.903226
8554,0.903226
8555,0.903226
8556,0.903226
8557,0.903226
8558,0.903226
8559,0.903226
8560,0.806452
8561,0.0645161
8562,0.774194
8563,0.935484
8564,0.903226
8565,0.774194
8566,0.806452
8567,0.903226
8568,0.903226
8569,0.903226
8570,0.903226
8571,0.903226
8572,0.903226
8573,0.903226
8574,0.903226
8575,0.903226
8576,0.903226
8577,0.903226
8578,0.903226
8579,0.903226
8580,0.903226
8581,0.903226
8582,0.903226
8583,0.903226
8584,0.870968
8585,0.870968
8586,0.83871
8587,0.83871
8588,0.870968
8589,0.870968
8590,0.870968
8591,0.83871
8592,0.83871
8593,0.83871
8594,0.741935
8595,0.580645
8596,0.322581
8597,0.483871
8598,0.677419
8599,0.677419
8600,0.645161
8601,0.645161
8602,0.677419
8603,0.806452
8604,0.741935
8605,0.677419
8606,0.806452
8607,0.580645
8608,0.548387
8609,0.709677
8610,0.870968
8611,0.903226
8612,0.903226
8613,0.903226
8614,0.903226
8615,0.903226
8616,0.83871
8617,0.709677
8618,0.903226
8619,0.870968
8620,0.774194
8621,0.903226
8622,0.612903
8623,0.967742
8624,0.580645
8625,0.225806
8626,0.741935
8627,1
8628,0.83871
8629,0.870968
8630,0.645161
8631,0.83871
8632,0.806452
8633,0.83871
8634,0.741935
8635,0.709677
8636,0.903226
8637,0.806452
8638,0.612903
8639,0.387097
8640,0.774194
8641,0.870968
8642,0.83871
8643,0.83871
8644,0.83871
8645,0.903226
8646,0.806452
8647,0.83871
8648,0.870968
8649,0.83871
8650,0.870968
8651,0.806452
8652,0.548387
8653,0.677419
8654,0.935484
8655,0.870968
8656,0.870968
8657,0.903226
8658,0.903226
8659,0.903226
8660,0.903226
8661,0.903226
8662,0.903226
8663,0.903226
8664,0.83871
8665,0.709677
8666,0.903226
8667,0.903226
8668,0.903226
8669,0.903226
8670,0.741935
8671,0.903226
8672,0.903226
8673,0.903226
8674,0.903226
8675,0.903226
8676,0.903226
8677,0.903226
8678,0.903226
8679,0.903226
8680,0.903226
8681,0.903226
8682,0.903226
8683,0.903226
8684,0.903226
8685,0.903226
8686,0.903226
8687,0.903226
8688,0.903226
8689,0.903226
8690,0.903226
8691,0.903226
8692,0.870968
8693,0.870968
8694,0.903226
8695,0.903226
8696,0.870968
8697,0.903226
8698,0.903226
8699,0.83871
8700,0.548387
8701,0.645161
8702,0.870968
8703,0.741935
8704,0.516129
8705,0.645161
8706,0.677419
8707,0.83871
8708,0.83871
8709,0.806452
8710,0.83871
8711,0.903226
8712,0.290323
8713,0.741935
8714,0.870968
8715,0.903226
8716,0.903226
8717,0.903226
8718,0.903226
8719,0.903226
8720,0.903226
8721,0.870968
8722,0.806452
8723,0.709677
8724,0.870968
8725,0.645161
8726,0.354839
8727,0.709677
8728,0.903226
8729,0.677419
8730,0.741935
8731,0.354839
8732,0.548387
8733,0.967742
8734,0.870968
8735,0.806452
8736,0.806452
8737,0.806452
8738,0.806452
8739,0.774194
8740,0.677419
8741,0.806452
8742,0.806452
8743,0.516129
8744,0.419355
8745,0.806452
8746,0.83871
8747,0.83871
8748,0.870968
8749,0.870968
8750,0.870968
8751,0.903226
8752,0.870968
8753,0.83871
8754,0.870968
8755,0.83871
8756,0.806452
8757,0.870968
8758,0.806452
8759,0.709677
8760,0.935484
8761,0.870968
8762,0.903226
8763,0.903226
8764,0.903226
8765,0.903226
8766,0.903226
8767,0.903226
8768,0.903226
8769,0.903226
8770,0.774194
8771,0.0645161
8772,0.774194
8773,0.935484
8774,0.903226
8775,0.741935
8776,0.806452
8777,0.741935
8778,0.774194
8779,0.806452
8780,0.935484
8781,0.935484
8782,0.935484
8783,0.935484
8784,0.935484
8785,0.870968
8786,0.903226
8787,0.677419
8788,0.903226
8789,0.677419
8790,0.935484
8791,0.709677
8792,0.774194
8793,0.709677
8794,0.774194
8795,0.709677
8796,0.774194
8797,0.903226
8798,0.709677
8799,0.935484
8800,0.709677
8801,0.935484
8802,0.83871
8803,0.870968
8804,0.903226
8805,0.870968
8806,0.83871
8807,0.741935
8808,0.645161
8809,0.645161
8810,0.741935
8811,0.935484
8812,0.451613
8813,0.677419
8814,0.741935
8815,0.709677
8816,0.903226
8817,0.709677
8818,0.806452
8819,0.709677
8820,0.870968
8821,0.709677
8822,0.967742
8823,0.580645
8824,1
8825,0.709677
8826,0.870968
8827,0.612903
8828,0.870968
8829,0.774194
8830,0.774194
8831,0.806452
8832,0.870968
8833,0.83871
8834,0.741935
8835,0.83871
8836,0.870968
8837,0.806452
8838,0.677419
8839,0.645161
8840,0.580645
8841,0.870968
8842,0.741935
8843,0.806452
8844,0.677419
8845,0.774194
8846,0.870968
8847,0.806452
8848,0.83871
8849,0.806452
8850,0.967742
8851,0.741935
8852,0.709677
8853,0.903226
8854,0.903226
8855,0.741935
8856,0.774194
8857,0.741935
8858,0.806452
8859,0.774194
8860,0.806452
8861,0.612903
8862,0.774194
8863,0.645161
8864,0.709677
8865,0.774194
8866,0.677419
8867,0.774194
8868,0.677419
8869,0.741935
8870,0.774194
8871,0.741935
8872,0.774194
8873,0.774194
8874,0.774194
8875,0.516129
8876,0.677419
8877,0.677419
8878,0.677419
8879,0.806452
8880,0.741935
8881,0.774194
8882,0.645161
8883,0.709677
8884,0.774194
8885,0.709677
8886,0.806452
8887,0.709677
8888,0.935484
8889,0.645161
8890,0.935484
8891,0.903226
8892,0.645161
8893,0.677419
8894,0.774194
8895,0.709677
8896,0.774194
8897,0.709677
8898,0.774194
8899,0.709677
8900,0.774194
8901,0.709677
8902,0.806452
8903,0.774194
8904,0.903226
8905,0.903226
8906,0.967742
8907,0.967742
8908,0.870968
8909,0.903226
8910,0.903226
8911,0.870968
8912,0.806452
8913,0.419355
8914,0.677419
8915,0.741935
8916,0.451613
8917,0.645161
8918,0.677419
8919,0.709677
8920,0.774194
8921,0.83871
8922,0.741935
8923,0.83871
8924,0.83871
8925,0.516129
8926,0.774194
8927,0.774194
8928,0.83871
8929,0.935484
8930,0.903226
8931,0.903226
8932,0.870968
8933,0.903226
8934,0.806452
8935,0.806452
8936,0.903226
8937,0.774194
8938,0.419355
8939,0.83871
8940,0.83871
8941,0.677419
8942,0.709677
8943,0.322581
8944,0.516129
8945,0.935484
8946,0.870968
8947,0.806452
8948,0.645161
8949,0.83871
8950,0.806452
8951,0.645161
8952,0.709677
8953,0.806452
8954,0.870968
8955,0.677419
8956,0.580645
8957,0.935484
8958,0.83871
8959,0.83871
8960,0.870968
8961,0.83871
8962,0.870968
8963,0.806452
8964,0.806452
8965,0.83871
8966,0.806452
8967,0.870968
8968,0.870968
8969,0.870968
8970,0.580645
8971,0.709677
8972,0.967742
8973,0.645161
8974,0.935484
8975,0.870968
8976,0.935484
8977,0.903226
8978,0.903226
8979,0.903226
8980,0.903226
8981,0.903226
8982,0.870968
8983,0.806452
8984,0.870968
8985,0.870968
8986,0.903226
8987,0.903226
8988,0.741935
8989,0.806452
8990,0.741935
8991,0.806452
8992,0.806452
8993,0.806452
8994,0.935484
8995,0.870968
8996,0.870968
8997,0.935484
8998,0.903226
8999,0.903226
9000,0.870968
9001,0.903226
9002,0.709677
9003,0.774194
9004,0.677419
9005,0.677419
9006,0.774194
9007,0.709677
9008,0.935484
9009,0.709677
9010,0.935484
9011,0.709677
9012,0.967742
9013,0.709677
9014,0.774194
9015,0.709677
9016,0.774194
9017,0.935484
9018,0.709677
9019,0.709677
9020,0.870968
9021,0.806452
9022,0.709677
9023,0.903226
9024,0.774194
9025,0.774194
9026,0.774194
9027,0.806452
9028,0.83871
9029,0.806452
9030,0.935484
9031,0.709677
9032,0.290323
9033,0.709677
9034,0.83871
9035,0.83871
9036,0.903226
9037,0.935484
9038,0.935484
9039,0.870968
9040,0.903226
9041,0.83871
9042,0.870968
9043,0.774194
9044,0.83871
9045,0.870968
9046,0.741935
9047,0.774194
9048,0.612903
9049,0.419355
9050,0.612903
9051,0.903226
9052,0.774194
9053,0.709677
9054,0.677419
9055,0.83871
9056,0.83871
9057,0.774194
9058,0.741935
9059,0.870968
9060,0.935484
9061,0.870968
9062,0.548387
9063,0.387097
9064,0.806452
9065,0.870968
9066,0.903226
9067,0.903226
9068,0.903226
9069,0.903226
9070,0.903226
9071,0.741935
9072,0.83871
9073,0.774194
9074,0.806452
9075,0.774194
9076,0.677419
9077,0.677419
9078,0.806452
9079,0.741935
9080,0.774194
9081,0.774194
9082,0.870968
9083,0.870968
9084,0.870968
9085,0.870968
9086,0.870968
9087,0.903226
9088,0.903226
9089,0.806452
9090,0.83871
9091,0.903226
9092,0.903226
9093,0.903226
9094,0.903226
9095,0.709677
9096,0.967742
9097,0.903226
9098,0.903226
9099,0.903226
9100,0.903226
9101,0.709677
9102,0.935484
9103,0.709677
9104,0.774194
9105,0.709677
9106,0.774194
9107,0.709677
9108,0.774194
9109,0.903226
9110,0.741935
9111,0.741935
9112,0.903226
9113,0.903226
9114,0.903226
9115,0.903226
9116,0.903226
9117,0.903226
9118,0.903226
9119,0.903226
9120,0.903226
9121,0.870968
9122,0.774194
9123,0.774194
9124,0.774194
9125,0.709677
9126,0.548387
9127,0.645161
9128,0.419355
9129,0.548387
9130,0.709677
9131,0.774194
9132,0.774194
9133,0.83871
9134,0.774194
9135,0.870968
9136,0.83871
9137,0.83871
9138,0.612903
9139,0.774194
9140,0.774194
9141,0.83871
9142,0.903226
9143,0.903226
9144,0.903226
9145,0.870968
9146,0.83871
9147,0.903226
9148,0.903226
9149,0.645161
9150,0.645161
9151,0.935484
9152,0.677419
9153,0.741935
9154,0.16129
9155,0.709677
9156,0.935484
9157,0.774194
9158,0.83871
9159,0.709677
9160,0.83871
9161,0.806452
9162,0.806452
9163,0.806452
9164,0.709677
9165,0.806452
9166,0.870968
9167,0.483871
9168,0.451613
9169,0.774194
9170,0.870968
9171,0.806452
9172,0.903226
9173,0.903226
9174,0.903226
9175,0.903226
9176,0.903226
9177,0.903226
9178,0.870968
9179,0.83871
9180,0.903226
9181,0.806452
9182,0.645161
9183,0.709677
9184,0.967742
9185,0.806452
9186,0.806452
9187,0.83871
9188,0.83871
9189,0.83871
9190,0.83871
9191,0.903226
9192,0.806452
9193,0.677419
9194,0.935484
9195,0.83871
9196,0.935484
9197,0.903226
9198,0.903226
9199,0.903226
9200,0.903226
9201,0.903226
9202,0.903226
9203,0.903226
9204,0.903226
9205,0.903226
9206,0.903226
9207,0.903226
9208,0.903226
9209,0.903226
9210,0.903226
9211,0.903226
9212,0.903226
9213,0.903226
9214,0.903226
9215,0.903226
9216,0.903226
9217,0.903226
9218,0.903226
9219,0.903226
9220,0.903226
9221,0.903226
9222,0.903226
9223,0.709677
9224,0.935484
9225,0.709677
9226,0.935484
9227,0.677419
9228,0.935484
9229,0.903226
9230,0.83871
9231,0.645161
9232,0.83871
9233,0.0967742
9234,0.677419
9235,0.903226
9236,0.806452
9237,0.806452
9238,0.806452
9239,0.774194
9240,0.806452
9241,0.806452
9242,0.870968
9243,0.709677
9244,0.322581
9245,0.774194
9246,0.967742
9247,0.806452
9248,0.870968
9249,0.870968
9250,0.935484
9251,0.870968
9252,0.774194
9253,0.806452
9254,0.870968
9255,0.806452
9256,0.83871
9257,0.774194
9258,0.709677
9259,0.903226
9260,0.516129
9261,0.387097
9262,0.451613
9263,0.83871
9264,0.83871
9265,0.677419
9266,0.741935
9267,0.709677
9268,0.83871
9269,0.709677
9270,0.677419
9271,0.83871
9272,0.935484
9273,0.903226
9274,0.774194
9275,0.419355
9276,0.806452
9277,0.903226
9278,0.903226
9279,0.903226
9280,0.903226
9281,0.903226
9282,0.903226
9283,0.903226
9284,0.903226
9285,0.903226
9286,0.903226
9287,0.903226
9288,0.903226
9289,0.709677
9290,0.967742
9291,0.83871
9292,0.903226
9293,0.903226
9294,0.903226
9295,0.903226
9296,0.903226
9297,0.903226
9298,0.903226
9299,0.709677
9300,0.903226
9301,0.677419
9302,0.677419
9303,0.741935
9304,0.935484
9305,0.903226
9306,0.903226
9307,0.903226
9308,0.903226
9309,0.903226
9310,0.709677
9311,0.774194
9312,0.709677
9313,0.935484
9314,0.83871
9315,0.903226
9316,0.967742
9317,0.903226
9318,0.967742
9319,0.709677
9320,0.967742
9321,0.967742
9322,0.967742
9323,0.935484
9324,0.806452
9325,0.967742
9326,0.806452
9327,0.935484
9328,0.741935
9329,0.709677
9330,0.806452
9331,0.709677
9332,0.935484
9333,0.870968
9334,0.83871
9335,0.806452
9336,0.806452
9337,0.548387
9338,0.741935
9339,0.516129
9340,0.548387
9341,0.935484
9342,0.774194
9343,0.83871
9344,0.806452
9345,0.83871
9346,0.83871
9347,0.774194
9348,0.935484
9349,0.709677
9350,0.709677
9351,0.903226
9352,0.806452
9353,0.83871
9354,0.709677
9355,0.806452
9356,0.806452
9357,0.709677
9358,0.677419
9359,0.677419
9360,0.774194
9361,0.677419
9362,0.645161
9363,0.483871
9364,0.677419
9365,0.677419
9366,0.451613
9367,0.225806
9368,0.483871
9369,0.774194
9370,0.548387
9371,0.645161
9372,0.516129
9373,0.645161
9374,0.580645
9375,0.548387
9376,0.580645
9377,0.677419
9378,0.741935
9379,0.709677
9380,0.354839
9381,0.354839
9382,0.645161
9383,0.935484
9384,0.903226
9385,0.935484
9386,0.903226
9387,0.903226
9388,0.903226
9389,0.903226
9390,0.903226
9391,0.903226
9392,0.903226
9393,0.870968
9394,0.935484
9395,0.709677
9396,0.935484
9397,0.83871
9398,0.709677
9399,0.935484
9400,0.83871
9401,0.870968
9402,0.967742
9403,0.741935
9404,0.967742
9405,0.967742
9406,0.967742
9407,0.83871
9408,0.774194
9409,0.903226
9410,0.709677
9411,0.935484
9412,0.83871
9413,0.870968
9414,0.903226
9415,0.709677
9416,0.806452
9417,0.935484
9418,0.741935
9419,0.967742
9420,0.741935
9421,0.870968
9422,0.774194
9423,0.83871
9424,0.774194
9425,0.83871
9426,0.774194
9427,0.83871
9428,0.774194
9429,0.83871
9430,0.774194
9431,0.83871
9432,0.774194
9433,0.83871
9434,0.774194
9435,0.774194
9436,0.774194
9437,0.741935
9438,0.709677
9439,0.870968
9440,0.935484
9441,0.83871
9442,0.935484
9443,0.774194
9444,0.580645
9445,0.806452
9446,0.483871
9447,0.709677
9448,0.806452
9449,0.806452
9450,0.774194
9451,0.774194
9452,0.83871
9453,0.774194
9454,0.806452
9455,0.580645
9456,0.516129
9457,0.741935
9458,0.774194
9459,0.903226
9460,0.709677
9461,0.935484
9462,0.903226
9463,0.935484
9464,0.903226
9465,0.677419
9466,0.709677
9467,0.741935
9468,0.83871
9469,0.451613
9470,0.83871
9471,0.870968
9472,0.645161
9473,0.387097
9474,0.741935
9475,1
9476,0.870968
9477,0.935484
9478,0.806452
9479,0.806452
9480,0.806452
9481,0.806452
9482,0.83871
9483,0.83871
9484,0.741935
9485,0.903226
9486,0.548387
9487,0.483871
9488,0.967742
9489,0.741935
9490,0.935484
9491,0.967742
9492,0.870968
9493,0.935484
9494,0.935484
9495,0.935484
9496,0.967742
9497,0.870968
9498,0.83871
9499,0.870968
9500,0.612903
9501,0.354839
9502,0.741935
9503,0.870968
9504,0.741935
9505,0.870968
9506,0.741935
9507,0.870968
9508,0.741935
9509,0.870968
9510,0.709677
9511,0.774194
9512,0.709677
9513,0.774194
9514,0.677419
9515,0.935484
9516,0.709677
9517,0.935484
9518,0.741935
9519,0.870968
9520,0.870968
9521,0.903226
9522,0.870968
9523,0.967742
9524,0.83871
9525,0.806452
9526,0.774194
9527,0.83871
9528,0.774194
9529,0.83871
9530,0.774194
9531,0.83871
9532,0.774194
9533,0.83871
9534,0.774194
9535,0.83871
9536,0.774194
9537,0.83871
9538,0.774194
9539,0.83871
9540,0.774194
9541,0.774194
9542,0.741935
9543,0.967742
9544,0.967742
9545,0.967742
9546,0.967742
9547,0.967742
9548,0.903226
9549,0.677419
9550,0.677419
9551,0.612903
9552,0.612903
9553,0.741935
9554,0.580645
9555,0.709677
9556,0.774194
9557,0.645161
9558,0.612903
9559,0.580645
9560,0.806452
9561,0.483871
9562,0.225806
9563,0.741935
9564,0.806452
9565,0.870968
9566,0.806452
9567,0.774194
9568,0.806452
9569,0.774194
9570,0.677419
9571,0.935484
9572,0.774194
9573,0.612903
9574,0.903226
9575,0.903226
9576,0.677419
9577,0.935484
9578,0.516129
9579,0.193548
9580,0.645161
9581,0.903226
9582,0.709677
9583,0.806452
9584,0.774194
9585,0.806452
9586,0.806452
9587,0.774194
9588,0.741935
9589,0.741935
9590,0.774194
9591,0.774194
9592,0.677419
9593,0.419355
9594,0.774194
9595,0.903226
9596,0.806452
9597,0.870968
9598,0.774194
9599,0.774194
9600,0.774194
9601,0.774194
9602,0.774194
9603,0.774194
9604,0.806452
9605,0.774194
9606,0.483871
9607,0.709677
9608,0.903226
9609,0.741935
9610,0.709677
9611,0.741935
9612,0.741935
9613,0.741935
9614,0.774194
9615,0.83871
9616,0.774194
9617,0.83871
9618,0.774194
9619,0.83871
9620,0.806452
9621,0.709677
9622,0.774194
9623,0.709677
9624,0.774194
9625,0.709677
9626,0.774194
9627,0.741935
9628,0.903226
9629,0.774194
9630,0.903226
9631,0.774194
9632,0.903226
9633,0.83871
9634,0.967742
9635,0.83871
9636,0.967742
9637,0.83871
9638,0.967742
9639,0.741935
9640,0.870968
9641,0.774194
9642,0.83871
9643,0.774194
9644,0.83871
9645,0.774194
9646,0.83871
9647,0.774194
9648,0.83871
9649,0.774194
9650,0.83871
9651,0.774194
9652,0.83871
9653,0.774194
9654,0.709677
9655,0.483871
9656,0.387097
9657,0.709677
9658,0.645161
9659,0.580645
9660,0.677419
9661,0.548387
9662,0.645161
9663,0.483871
9664,0.612903
9665,0.548387
9666,0.83871
9667,0.709677
9668,0.225806
9669,0.580645
9670,0.935484
9671,0.741935
9672,0.774194
9673,0.677419
9674,0.580645
9675,0.677419
9676,0.548387
9677,0.709677
9678,0.580645
9679,0.612903
9680,0.741935
9681,0.709677
9682,0.806452
9683,0.774194
9684,0.774194
9685,0.774194
9686,0.774194
9687,0.774194
9688,0.774194
9689,0.709677
9690,0.709677
9691,0.645161
9692,0.709677
9693,0.935484
9694,0.83871
9695,0.870968
9696,0.774194
9697,0.774194
9698,0.741935
9699,0.677419
9700,0.741935
9701,0.709677
9702,0.774194
9703,0.709677
9704,0.806452
9705,0.741935
9706,0.774194
9707,0.774194
9708,0.677419
9709,0.967742
9710,0.83871
9711,0.709677
9712,0.774194
9713,0.709677
9714,0.709677
9715,0.677419
9716,0.806452
9717,0.709677
9718,0.806452
9719,0.709677
9720,0.806452
9721,0.709677
9722,0.806452
9723,0.709677
9724,0.806452
9725,0.709677
9726,0.806452
9727,0.709677
9728,0.935484
9729,0.806452
9730,0.903226
9731,0.870968
9732,0.967742
9733,0.741935
9734,0.870968
9735,0.774194
9736,0.83871
9737,0.774194
9738,0.83871
9739,0.677419
9740,0.451613
9741,0.387097
9742,0.709677
9743,0.677419
9744,0.580645
9745,0.612903
9746,0.483871
9747,0.548387
9748,0.612903
9749,0.419355
9750,0.548387
9751,0.774194
9752,0.516129
9753,0.580645
9754,0.903226
9755,0.709677
9756,0.741935
9757,0.516129
9758,0.451613
9759,0.709677
9760,0.903226
9761,0.83871
9762,0.677419
9763,0.645161
9764,0.548387
9765,0.129032
9766,0.677419
9767,1
9768,0.612903
9769,1
9770,0.612903
9771,0.935484
9772,0.903226
9773,0.870968
9774,0.935484
9775,0.870968
9776,0.870968
9777,0.83871
9778,0.870968
9779,0.387097
9780,0.677419
9781,0.806452
9782,0.709677
9783,0.870968
9784,0.645161
9785,0.774194
9786,0.806452
9787,0.774194
9788,0.774194
9789,0.645161
9790,0.806452
9791,0.580645
9792,0.677419
9793,0.83871
9794,0.903226
9795,0.967742
9796,0.806452
9797,0.806452
9798,0.903226
9799,1
9800,0.967742
9801,0.935484
9802,0.83871
9803,0.903226
9804,0.741935
9805,0.806452
9806,0.83871
9807,0.741935
9808,0.935484
9809,0.903226
9810,0.903226
9811,0.903226
9812,0.741935
9813,0.83871
9814,0.741935
9815,0.83871
9816,0.709677
9817,0.774194
9818,0.741935
9819,0.774194
9820,0.741935
9821,0.774194
9822,0.774194
9823,0.774194
9824,0.774194
9825,0.774194
9826,0.774194
9827,0.774194
9828,0.709677
9829,0.774194
9830,0.709677
9831,0.774194
9832,0.774194
9833,0.935484
9834,0.870968
9835,0.935484
9836,0.83871
9837,0.612903
9838,0.193548
9839,0.709677
9840,0.935484
9841,0.774194
9842,0.774194
9843,0.774194
9844,0.677419
9845,0.645161
9846,0.774194
9847,0.709677
9848,0.741935
9849,0.741935
9850,0.419355
9851,0.741935
9852,0.967742
9853,0.806452
9854,0.806452
9855,0.806452
9856,0.806452
9857,0.806452
9858,0.870968
9859,0.741935
9860,0.677419
9861,0.967742
9862,0.83871
9863,0.935484
9864,0.903226
9865,0.903226
9866,0.903226
9867,0.903226
9868,0.935484
9869,0.741935
9870,0.870968
9871,0.935484
9872,0.903226
9873,0.709677
9874,0.709677
9875,0.967742
9876,0.870968
9877,0.903226
9878,0.903226
9879,0.83871
9880,0.83871
9881,0.83871
9882,0.83871
9883,0.83871
9884,0.903226
9885,0.451613
9886,0.16129
9887,0.774194
9888,0.935484
9889,0.903226
9890,0.903226
9891,0.903226
9892,0.903226
9893,0.903226
9894,0.903226
9895,0.870968
9896,0.580645
9897,0.774194
9898,0.709677
9899,0.741935
9900,0.903226
9901,0.548387
9902,0.741935
9903,0.580645
9904,0.741935
9905,0.645161
9906,0.612903
9907,0.774194
9908,0.677419
9909,0.774194
9910,0.677419
9911,0.774194
9912,0.677419
9913,0.774194
9914,0.677419
9915,0.774194
9916,0.677419
9917,0.903226
9918,0.677419
9919,0.903226
9920,0.709677
9921,0.387097
9922,0.741935
9923,0.967742
9924,0.774194
9925,1
9926,0.806452
9927,0.806452
9928,0.806452
9929,0.806452
9930,0.774194
9931,0.806452
9932,0.870968
9933,0.645161
9934,0.709677
9935,0.903226
9936,0.870968
9937,0.903226
9938,0.870968
9939,0.870968
9940,0.774194
9941,0.709677
9942,0.903226
9943,0.903226
9944,0.677419
9945,0.774194
9946,0.903226
9947,0.483871
9948,0.516129
9949,0.774194
9950,0.709677
9951,0.967742
9952,0.83871
9953,0.741935
9954,0.612903
9955,0.774194
9956,0.741935
9957,0.806452
9958,0.774194
9959,0.774194
9960,0.709677
9961,0.774194
9962,0.451613
9963,0.419355
9964,0.774194
9965,0.870968
9966,0.83871
9967,0.935484
9968,0.903226
9969,0.903226
9970,0.903226
9971,0.903226
9972,0.903226
9973,0.903226
9974,0.903226
9975,0.870968
9976,0.741935
9977,0.741935
9978,0.935484
9979,0.83871
9980,0.903226
9981,0.709677
9982,0.935484
9983,0.83871
9984,0.903226
9985,0.903226
9986,0.870968
9987,0.870968
9988,0.741935
9989,0.741935
9990,0.903226
9991,0.83871
9992,0.870968
9993,0.83871
9994,0.903226
9995,0.870968
9996,0.870968
9997,0.774194
9998,0.83871
9999,0.645161
