index,score
0,1
1,1
2,1
3,1
4,1
5,1
6,1
7,1
8,1
9,1
10,1
11,1
12,1
13,1
14,1
15,1
16,1
17,1
18,1
19,1
20,1
21,1
22,0.903226
23,1
24,0.967742
25,0.548387
26,0.419355
27,0.516129
28,0.645161
29,0.516129
30,0.709677
31,0.290323
32,0.677419
33,0.580645
34,0.548387
35,0.612903
36,0.516129
37,0.451613
38,0.0322581
39,0.0322581
40,0.129032
41,0.0645161
42,0.225806
43,0.741935
44,0.903226
45,0.903226
46,0.0967742
47,0.16129
48,0.129032
49,0.129032
50,0.0967742
51,0.258065
52,1
53,1
54,0.483871
55,1
56,1
57,1
58,1
59,1
60,1
61,0.645161
62,0.387097
63,0.451613
64,0.483871
65,0.580645
66,0.0322581
67,0
68,0.129032
69,0.16129
70,0.322581
71,1
72,1
73,1
74,1
75,0.870968
76,1
77,1
78,1
79,1
80,0.806452
81,1
82,1
83,1
84,0.548387
85,0.193548
86,0.419355
87,1
88,0.774194
89,1
90,1
91,0.645161
92,1
93,0.290323
94,0.709677
95,0.451613
96,0.354839
97,0.580645
98,0.709677
99,1
100,1
101,1
102,0.870968
103,1
104,1
105,0.83871
106,1
107,1
108,1
109,0.967742
110,0.967742
111,0.741935
112,1
113,1
114,0.741935
115,1
116,0.774194
117,1
118,0.483871
119,1
120,0.322581
121,0.258065
122,0.290323
123,0.0645161
124,0.193548
125,0.225806
126,0.129032
127,0.0967742
128,0.225806
129,1
130,1
131,1
132,0.903226
133,1
134,0.16129
135,0.16129
136,0.0645161
137,0.0322581
138,0.0322581
139,0.0322581
140,0
141,0
142,0
143,0
144,0
145,0
146,0
147,0
148,0
149,0
150,0
151,0
152,0.0322581
153,0.0645161
154,0
155,0.0645161
156,0
157,0.0645161
158,0.0967742
159,0.16129
160,0.225806
161,0.935484
162,0.483871
163,1
164,0.935484
165,0.612903
166,1
167,0.903226
168,1
169,0.967742
170,0.258065
171,1
172,1
173,1
174,1
175,1
176,1
177,0.967742
178,1
179,1
180,0.806452
181,0.322581
182,1
183,1
184,1
185,1
186,1
187,1
188,1
189,1
190,1
191,0.580645
192,0.677419
193,1
194,1
195,1
196,1
197,1
198,1
199,1
200,1
201,1
202,0.967742
203,0.967742
204,1
205,0.0322581
206,0.0322581
207,0.0322581
208,0.0967742
209,0.0967742
210,0.0967742
211,0.0967742
212,0.0967742
213,0.0645161
214,0.129032
215,0.322581
216,0.967742
217,1
218,0.709677
219,1
220,0.0645161
221,0.129032
222,0
223,0
224,0
225,0
226,0
227,0
228,0
229,0
230,0
231,0
232,0
233,0
234,0
235,0
236,0
237,0
238,0
239,0
240,0
241,0.0322581
242,0
243,0.0967742
244,0.0967742
245,0.0967742
246,0.16129
247,0.0967742
248,0.129032
249,0.0967742
250,0.16129
251,0.451613
252,1
253,0.741935
254,0.967742
255,1
256,0.935484
257,0.677419
258,1
259,1
260,1
261,1
262,1
263,1
264,1
265,1
266,0.870968
267,0.354839
268,0.419355
269,0.967742
270,0.354839
271,0.741935
272,0.870968
273,0.967742
274,1
275,0.387097
276,1
277,1
278,0.709677
279,1
280,0.741935
281,0.967742
282,0.870968
283,0.870968
284,0.806452
285,0.967742
286,0.967742
287,0.83871
288,0.741935
289,0.903226
290,0.870968
291,0.129032
292,0.0645161
293,0.0322581
294,0.0967742
295,0.0967742
296,0.0322581
297,0
298,0
299,0
300,0
301,0
302,0.677419
303,0.935484
304,0.903226
305,1
306,0.0967742
307,0.0967742
308,0
309,0
310,0
311,0
312,0
313,0.0645161
314,0
315,0
316,0.0645161
317,0
318,0.0645161
319,0.0645161
320,0
321,0.0645161
322,0.0645161
323,0
324,0.0645161
325,0
326,0
327,0
328,0
329,0
330,0.0322581
331,0.0322581
332,0.0322581
333,0.0322581
334,0.0645161
335,0.16129
336,0.193548
337,0.354839
338,0.645161
339,0.774194
340,0.903226
341,1
342,0.580645
343,0.677419
344,0.967742
345,0.741935
346,0.870968
347,1
348,0.83871
349,1
350,1
351,0.967742
352,1
353,0.580645
354,0.419355
355,0.774194
356,0.129032
357,0.0967742
358,0.258065
359,0.677419
360,0.709677
361,0.193548
362,0.677419
363,1
364,0.645161
365,0.483871
366,1
367,0.741935
368,0.774194
369,0.580645
370,0.516129
371,0.741935
372,0.677419
373,0.709677
374,0.483871
375,0.548387
376,0.645161
377,0.612903
378,0.225806
379,0.0645161
380,0.0322581
381,0.0645161
382,0.0645161
383,0
384,0
385,0.0645161
386,0
387,0
388,0.387097
389,0.935484
390,0.935484
391,0.741935
392,0.483871
393,0
394,0
395,0.0322581
396,0.0645161
397,0.0645161
398,0.0645161
399,0.0645161
400,0.0645161
401,0.0645161
402,0.0645161
403,0.0645161
404,0.0645161
405,0.0645161
406,0.0645161
407,0.0645161
408,0.0645161
409,0.0645161
410,0.0645161
411,0.0645161
412,0.0645161
413,0.0645161
414,0.0967742
415,0.0645161
416,0.0645161
417,0.0645161
418,0.0645161
419,0.16129
420,0.0645161
421,0.16129
422,0.258065
423,0.290323
424,0.290323
425,0.387097
426,0.645161
427,0.935484
428,1
429,1
430,0.548387
431,0.870968
432,0.709677
433,0.806452
434,0.774194
435,0.903226
436,1
437,1
438,0.967742
439,1
440,0.774194
441,0.354839
442,0.193548
443,0.193548
444,0.225806
445,0.322581
446,0.580645
447,0.258065
448,0.290323
449,1
450,0.967742
451,0.451613
452,0.516129
453,0.677419
454,0.548387
455,1
456,0.677419
457,0.645161
458,0.677419
459,0.612903
460,0.612903
461,0.580645
462,0.709677
463,0.774194
464,0.451613
465,0.0645161
466,0.0645161
467,0.0645161
468,0.0645161
469,0.0645161
470,0.0645161
471,0.0645161
472,0.0645161
473,0.0645161
474,0.0645161
475,0.0645161
476,0.612903
477,0.903226
478,0.774194
479,0.806452
480,0.0645161
481,0.16129
482,0.193548
483,0.225806
484,0.0645161
485,0.0645161
486,0.0645161
487,0.0645161
488,0.0645161
489,0.0645161
490,0.0645161
491,0.0645161
492,0.0645161
493,0.0645161
494,0.0645161
495,0.0645161
496,0.0645161
497,0.0645161
498,0.0645161
499,0.0645161
500,0.0645161
501,0.0645161
502,0.0645161
503,0.0645161
504,0.0967742
505,0.0967742
506,0.0967742
507,0.193548
508,0.258065
509,0.290323
510,0.419355
511,0.645161
512,0.677419
513,0.709677
514,1
515,0.935484
516,0.322581
517,0.645161
518,0.806452
519,0.709677
520,0.741935
521,0.709677
522,0.83871
523,0.967742
524,1
525,0.903226
526,0.935484
527,0.709677
528,0.483871
529,0.419355
530,0.193548
531,0.16129
532,0.354839
533,0.741935
534,0.258065
535,0.322581
536,1
537,0.83871
538,0.580645
539,1
540,0.967742
541,0.741935
542,0.967742
543,0.741935
544,0.677419
545,0.677419
546,0.741935
547,0.516129
548,0.774194
549,0.677419
550,0.709677
551,0.516129
552,0.193548
553,0.0967742
554,0.0645161
555,0.0645161
556,0.0645161
557,0.0645161
558,0.0645161
559,0.0645161
560,0.0645161
561,0.0645161
562,0.354839
563,0.83871
564,0.935484
565,0.580645
566,0.0645161
567,0.16129
568,0.193548
569,0.193548
570,0.0645161
571,0.0645161
572,0.0645161
573,0.0645161
574,0.0645161
575,0.0645161
576,0.0645161
577,0.0645161
578,0.0645161
579,0.0645161
580,0.0645161
581,0.0645161
582,0.0645161
583,0.0645161
584,0.0645161
585,0.0645161
586,0.0645161
587,0.0645161
588,0.0645161
589,0.0645161
590,0.0967742
591,0.0967742
592,0.129032
593,0.0967742
594,0.16129
595,0.290323
596,0.612903
597,0.580645
598,0.741935
599,0.677419
600,0.741935
601,1
602,1
603,0.258065
604,0.580645
605,0.709677
606,0.709677
607,0.870968
608,0.83871
609,0.870968
610,0.935484
611,1
612,0.967742
613,0.935484
614,0.709677
615,0.451613
616,0.419355
617,0.290323
618,0.322581
619,0.419355
620,0.741935
621,0.290323
622,0.354839
623,1
624,0.935484
625,0.419355
626,0.709677
627,1
628,0.419355
629,0.935484
630,0.870968
631,0.903226
632,0.709677
633,0.612903
634,0.677419
635,0.677419
636,0.774194
637,0.774194
638,0.516129
639,0.129032
640,0.129032
641,0.129032
642,0.16129
643,0.129032
644,0.129032
645,0.225806
646,0.193548
647,0.129032
648,0.129032
649,0.129032
650,0.709677
651,0.903226
652,0.709677
653,0.806452
654,0.129032
655,0.258065
656,0.322581
657,0.0967742
658,0.0967742
659,0.0967742
660,0.129032
661,0.129032
662,0.129032
663,0.129032
664,0.129032
665,0.129032
666,0.0967742
667,0.0967742
668,0.0967742
669,0.0967742
670,0.0967742
671,0.0967742
672,0.0967742
673,0.0967742
674,0.0967742
675,0.0967742
676,0.0967742
677,0.0967742
678,0.0967742
679,0.16129
680,0.129032
681,0.129032
682,0.193548
683,0.290323
684,0.387097
685,0.387097
686,0.612903
687,1
688,0.967742
689,0.870968
690,0.580645
691,0.774194
692,0.741935
693,0.741935
694,0.806452
695,0.935484
696,1
697,1
698,1
699,1
700,0.903226
701,0.580645
702,0.387097
703,0.290323
704,0.354839
705,0.387097
706,0.580645
707,0.290323
708,0.387097
709,1
710,0.741935
711,0.677419
712,1
713,0.903226
714,0.741935
715,0.645161
716,0.741935
717,0.677419
718,0.709677
719,0.741935
720,0.709677
721,0.612903
722,0.870968
723,0.806452
724,0.580645
725,0.129032
726,0.129032
727,0.129032
728,0.129032
729,0.193548
730,0.258065
731,0.354839
732,0.193548
733,0.193548
734,0.193548
735,0.709677
736,0.806452
737,0.0967742
738,0.258065
739,0.354839
740,0.580645
741,0.387097
742,0.258065
743,0.225806
744,0.193548
745,0.16129
746,0.225806
747,0.258065
748,0.16129
749,0.129032
750,0.129032
751,0.16129
752,0.129032
753,0.129032
754,0.129032
755,0.16129
756,0.129032
757,0.129032
758,0.129032
759,0.129032
760,0.16129
761,0.129032
762,0.129032
763,0.16129
764,0.193548
765,0.16129
766,0.193548
767,0.258065
768,0.451613
769,0.387097
770,0.580645
771,0.774194
772,0.774194
773,1
774,0.967742
775,0.903226
776,0.645161
777,0.967742
778,0.709677
779,0.870968
780,0.83871
781,0.935484
782,1
783,1
784,1
785,1
786,0.709677
787,0.580645
788,0.83871
789,0.580645
790,0.419355
791,0.580645
792,0.774194
793,0.387097
794,0.354839
795,1
796,1
797,0.580645
798,0.645161
799,1
800,0.903226
801,1
802,0.645161
803,0.741935
804,0.612903
805,0.677419
806,0.483871
807,0.580645
808,0.870968
809,0.645161
810,0.451613
811,0.612903
812,0.645161
813,0.419355
814,0.354839
815,0.483871
816,0.516129
817,0.677419
818,0.483871
819,0.516129
820,0.709677
821,0.709677
822,1
823,1
824,0.451613
825,0.354839
826,0.580645
827,0.580645
828,1
829,1
830,0.258065
831,0.387097
832,0.322581
833,0.290323
834,0.354839
835,0.193548
836,0.258065
837,0.354839
838,0.225806
839,0.290323
840,0.225806
841,0.290323
842,0.193548
843,0.193548
844,0.16129
845,0.225806
846,0.387097
847,0.290323
848,0.322581
849,0.580645
850,0.225806
851,0.322581
852,0.451613
853,0.354839
854,0.387097
855,0.483871
856,0.483871
857,0.580645
858,1
859,1
860,0.967742
861,0.322581
862,0.580645
863,0.870968
864,0.806452
865,0.83871
866,0.806452
867,0.967742
868,1
869,1
870,0.967742
871,1
872,0.870968
873,0.419355
874,0.677419
875,0.516129
876,0.483871
877,0.967742
878,0.83871
879,0.387097
880,0.419355
881,1
882,0.83871
883,0.709677
884,1
885,0.548387
886,0.83871
887,0.709677
888,0.903226
889,0.645161
890,0.774194
891,0.870968
892,0.741935
893,0.741935
894,0.806452
895,0.806452
896,0.677419
897,0.387097
898,0.322581
899,0.290323
900,0.322581
901,0.290323
902,0.387097
903,0.258065
904,0.354839
905,1
906,1
907,0.935484
908,1
909,0.451613
910,0.258065
911,0.451613
912,0.451613
913,0.548387
914,0.774194
915,0.290323
916,0.129032
917,0.129032
918,0.129032
919,0.16129
920,0.16129
921,0.129032
922,0.129032
923,0.16129
924,0.129032
925,0.129032
926,0.129032
927,0.129032
928,0.129032
929,0.129032
930,0.129032
931,0.129032
932,0.129032
933,0.16129
934,0.225806
935,0.419355
936,0.16129
937,0.16129
938,0.193548
939,0.225806
940,0.322581
941,0.354839
942,0.419355
943,0.677419
944,1
945,1
946,1
947,0.677419
948,0.83871
949,0.709677
950,0.709677
951,0.741935
952,0.83871
953,0.967742
954,1
955,0.967742
956,0.903226
957,0.903226
958,0.419355
959,0.354839
960,0.258065
961,0.290323
962,0.483871
963,0.903226
964,0.419355
965,0.387097
966,0.967742
967,0.935484
968,0.322581
969,0.612903
970,0.870968
971,0.935484
972,0.903226
973,0.967742
974,0.677419
975,1
976,0.935484
977,0.290323
978,0.806452
979,0.709677
980,0.903226
981,0.516129
982,0.322581
983,0.548387
984,0.483871
985,0.645161
986,1
987,1
988,0.258065
989,0.354839
990,0.451613
991,0.516129
992,1
993,1
994,1
995,1
996,0.483871
997,0.387097
998,1
999,0.741935
1000,0.322581
1001,0.225806
1002,0.225806
1003,0.193548
1004,0.290323
1005,0.16129
1006,0.16129
1007,0.193548
1008,0.290323
1009,0.16129
1010,0.16129
1011,0.16129
1012,0.129032
1013,0.16129
1014,0.16129
1015,0.16129
1016,0.483871
1017,1
1018,1
1019,1
1020,1
1021,1
1022,1
1023,1
1024,1
1025,1
1026,1
1027,1
1028,1
1029,1
1030,0.935484
1031,0.967742
1032,0.451613
1033,1
1034,1
1035,0.967742
1036,0.967742
1037,0.935484
1038,0.967742
1039,0.935484
1040,0.967742
1041,0.83871
1042,1
1043,0.612903
1044,0.677419
1045,0.774194
1046,0.677419
1047,0.709677
1048,0.935484
1049,1
1050,0.83871
1051,0.967742
1052,0.935484
1053,0.83871
1054,0.354839
1055,1
1056,0.935484
1057,0.935484
1058,0.870968
1059,0.935484
1060,0.870968
1061,0.967742
1062,0.903226
1063,0.967742
1064,0.903226
1065,0.935484
1066,0.870968
1067,0.967742
1068,0.935484
1069,0.967742
1070,0.903226
1071,0.903226
1072,0.677419
1073,0.935484
1074,1
1075,0.903226
1076,1
1077,0.967742
1078,1
1079,0.83871
1080,0.903226
1081,0.903226
1082,0.774194
1083,0.870968
1084,0.870968
1085,0.903226
1086,0.774194
1087,0.483871
1088,0.967742
1089,1
1090,1
1091,1
1092,1
1093,1
1094,1
1095,1
1096,1
1097,1
1098,1
1099,1
1100,1
1101,1
1102,1
1103,1
1104,1
1105,1
1106,1
1107,1
1108,1
1109,1
1110,1
1111,0.451613
1112,1
1113,1
1114,0.935484
1115,1
1116,0.967742
1117,1
1118,1
1119,0.83871
1120,0.709677
1121,0.870968
1122,0.741935
1123,0.870968
1124,0.903226
1125,0.774194
1126,0.870968
1127,1
1128,0.677419
1129,0.419355
1130,0.967742
1131,0.967742
1132,0.903226
1133,0.516129
1134,1
1135,1
1136,0.935484
1137,0.935484
1138,0.903226
1139,1
1140,0.935484
1141,0.870968
1142,0.935484
1143,0.83871
1144,0.935484
1145,0.935484
1146,1
1147,1
1148,1
1149,1
1150,1
1151,1
1152,1
1153,1
1154,1
1155,1
1156,1
1157,1
1158,1
1159,1
1160,1
1161,1
1162,0.935484
1163,0.935484
1164,0.935484
1165,0.903226
1166,0.548387
1167,0
1168,0.967742
1169,1
1170,0.935484
1171,0.580645
1172,0.903226
1173,0.612903
1174,0.935484
1175,0.83871
1176,0.774194
1177,0.935484
1178,1
1179,0.870968
1180,0.580645
1181,0.935484
1182,0.709677
1183,0.741935
1184,0.741935
1185,0.967742
1186,0.677419
1187,0.903226
1188,0.548387
1189,1
1190,0.451613
1191,1
1192,0.483871
1193,1
1194,0.903226
1195,0.903226
1196,0.645161
1197,0.935484
1198,0.741935
1199,0.967742
1200,0.903226
1201,0.967742
1202,0.774194
1203,0.935484
1204,0.774194
1205,0.967742
1206,0.677419
1207,0.709677
1208,0.741935
1209,0.967742
1210,0.645161
1211,1
1212,0.483871
1213,1
1214,0.774194
1215,0.967742
1216,0.870968
1217,0.806452
1218,0.806452
1219,0.83871
1220,0.741935
1221,0.806452
1222,0.580645
1223,0.935484
1224,1
1225,0.967742
1226,0.645161
1227,1
1228,1
1229,0.935484
1230,1
1231,0.806452
1232,0.967742
1233,1
1234,0.870968
1235,1
1236,0.935484
1237,0.870968
1238,0.870968
1239,0.903226
1240,0.935484
1241,1
1242,1
1243,1
1244,0.967742
1245,1
1246,0.870968
1247,0.903226
1248,0.903226
1249,0.935484
1250,1
1251,1
1252,0.935484
1253,0.967742
1254,1
1255,0.645161
1256,0.83871
1257,0.774194
1258,0.322581
1259,0.193548
1260,0.193548
1261,0.129032
1262,0.16129
1263,0.193548
1264,0
1265,0.580645
1266,0.419355
1267,0.451613
1268,0.16129
1269,0.451613
1270,0.225806
1271,0.193548
1272,0.419355
1273,0.354839
1274,0.290323
1275,0.419355
1276,0.419355
1277,0.387097
1278,0.322581
1279,0.387097
1280,0.419355
1281,0.451613
1282,0.419355
1283,0.451613
1284,0.258065
1285,0.387097
1286,0.387097
1287,0.322581
1288,0.451613
1289,0.483871
1290,0.516129
1291,0.516129
1292,0.580645
1293,0.516129
1294,0.322581
1295,0.225806
1296,0.225806
1297,0.193548
1298,0.16129
1299,0.129032
1300,0.16129
1301,0.0967742
1302,0.258065
1303,0.354839
1304,0.354839
1305,0.451613
1306,0.483871
1307,0.451613
1308,0.451613
1309,0.451613
1310,0.419355
1311,0.354839
1312,0.354839
1313,0.322581
1314,0.322581
1315,0.322581
1316,0.354839
1317,0.451613
1318,0.419355
1319,0.516129
1320,0.451613
1321,0.451613
1322,0.483871
1323,0.580645
1324,0.516129
1325,0.451613
1326,0.83871
1327,0.935484
1328,0.83871
1329,0.709677
1330,0.774194
1331,0.612903
1332,0.548387
1333,0.580645
1334,0.645161
1335,1
1336,0.709677
1337,0.580645
1338,0.193548
1339,0.0645161
1340,0.741935
1341,0.806452
1342,0.258065
1343,0.225806
1344,0.225806
1345,0.193548
1346,0.193548
1347,0.258065
1348,0.322581
1349,0.322581
1350,0.129032
1351,0.419355
1352,0.354839
1353,0.322581
1354,0.387097
1355,0.419355
1356,0.354839
1357,0.387097
1358,0.419355
1359,0.419355
1360,0.354839
1361,0.387097
1362,0.387097
1363,0.419355
1364,0.258065
1365,0.387097
1366,0.451613
1367,0.451613
1368,0.387097
1369,0.387097
1370,0.225806
1371,0.290323
1372,0.322581
1373,0.258065
1374,0.225806
1375,0.225806
1376,0.290323
1377,0.225806
1378,0
1379,0.193548
1380,0.290323
1381,0.387097
1382,0.225806
1383,0.419355
1384,0.387097
1385,0.419355
1386,0.451613
1387,0.419355
1388,0.387097
1389,0.451613
1390,0.387097
1391,0.387097
1392,0.322581
1393,0.322581
1394,0.322581
1395,0.290323
1396,0.258065
1397,0.354839
1398,0.322581
1399,0.322581
1400,0.258065
1401,0.290323
1402,0.290323
1403,0.258065
1404,0.290323
1405,0.258065
1406,0.225806
1407,0.225806
1408,0.322581
1409,0.258065
1410,0
1411,0.258065
1412,0.225806
1413,0.322581
1414,0.290323
1415,0.354839
1416,0.322581
1417,0.225806
1418,0.322581
1419,0.225806
1420,0.322581
1421,0.225806
1422,0.0967742
1423,0.258065
1424,0.354839
1425,0.225806
1426,0.225806
1427,0.258065
1428,0.290323
1429,0.193548
1430,0.129032
1431,0.16129
1432,0.193548
1433,0.258065
1434,0.225806
1435,0.16129
1436,0.16129
1437,0.193548
1438,0.16129
1439,0.16129
1440,0.129032
1441,0.16129
1442,0.129032
1443,0.129032
1444,0.16129
1445,0.0322581
1446,0.16129
1447,0.16129
1448,0.16129
1449,0.16129
1450,0.16129
1451,0.16129
1452,0.16129
1453,0.16129
1454,0.16129
1455,0.16129
1456,0.129032
1457,0.83871
1458,0.870968
1459,0.16129
1460,0.0322581
1461,0.16129
1462,0.16129
1463,0.193548
1464,0.225806
1465,0.258065
1466,0.225806
1467,0.258065
1468,0.258065
1469,0.290323
1470,0.258065
1471,0.290323
1472,0.258065
1473,0.322581
1474,0.225806
1475,0.290323
1476,0.322581
1477,0.193548
1478,0.193548
1479,0.225806
1480,0.290323
1481,0.258065
1482,0.225806
1483,0.16129
1484,0.16129
1485,0.16129
1486,0.193548
1487,0.193548
1488,0.193548
1489,0.16129
1490,0.16129
1491,0.16129
1492,0.16129
1493,0.16129
1494,0.16129
1495,0.16129
1496,0.16129
1497,0.0967742
1498,0.193548
1499,0.16129
1500,0.193548
1501,0.225806
1502,0.193548
1503,0.258065
1504,0.129032
1505,0.322581
1506,0.225806
1507,0.290323
1508,0.129032
1509,0.290323
1510,0.225806
1511,0.290323
1512,0.258065
1513,0.322581
1514,0.258065
1515,0.225806
1516,0.258065
1517,0.290323
1518,0.258065
1519,0.290323
1520,0.193548
1521,0.16129
1522,0.225806
1523,0
1524,0.258065
1525,0.290323
1526,0.258065
1527,0.129032
1528,0.258065
1529,0.258065
1530,0.225806
1531,0.225806
1532,0.225806
1533,0.225806
1534,0.225806
1535,0.16129
1536,0.225806
1537,0.129032
1538,0.258065
1539,0.258065
1540,0.225806
1541,0.16129
1542,0.16129
1543,0.16129
1544,0.16129
1545,0.129032
1546,0.290323
1547,0.193548
1548,0.129032
1549,0.16129
1550,0
1551,0.16129
1552,0.16129
1553,0.16129
1554,0.16129
1555,0.16129
1556,0.0645161
1557,0.774194
1558,0.967742
1559,0.16129
1560,0.16129
1561,0.129032
1562,0.774194
1563,0.870968
1564,0.129032
1565,0.516129
1566,0.967742
1567,0.967742
1568,0.709677
1569,0.935484
1570,0.0967742
1571,0.16129
1572,0.0645161
1573,0.83871
1574,1
1575,0.129032
1576,0.193548
1577,0.193548
1578,0.0967742
1579,0.16129
1580,0.129032
1581,0.193548
1582,0.0967742
1583,0.129032
1584,0.806452
1585,1
1586,0.935484
1587,0.806452
1588,1
1589,1
1590,1
1591,1
1592,1
1593,1
1594,1
1595,1
1596,1
1597,0.967742
1598,1
1599,0.967742
1600,1
1601,1
1602,0.967742
1603,0.322581
1604,1
1605,1
1606,0.967742
1607,0.903226
1608,0.903226
1609,0.967742
1610,0.870968
1611,0.548387
1612,0.0967742
1613,0.774194
1614,0.548387
1615,0.16129
1616,0.0967742
1617,0.16129
1618,0.0645161
1619,0.870968
1620,0.870968
1621,0.806452
1622,1
1623,0.516129
1624,0.741935
1625,0.645161
1626,0.193548
1627,0.516129
1628,0.16129
1629,0.0967742
1630,0.0645161
1631,0.645161
1632,0.483871
1633,0.129032
1634,0.129032
1635,0.0645161
1636,0.774194
1637,0.83871
1638,0.774194
1639,0.419355
1640,0.83871
1641,0.419355
1642,0.0645161
1643,0.129032
1644,0.258065
1645,0.870968
1646,1
1647,0.935484
1648,1
1649,0.935484
1650,1
1651,0.935484
1652,1
1653,0.935484
1654,0.709677
1655,0.935484
1656,1
1657,0.967742
1658,1
1659,1
1660,1
1661,1
1662,1
1663,1
1664,1
1665,1
1666,1
1667,1
1668,1
1669,1
1670,0.935484
1671,0.967742
1672,1
1673,1
1674,0.967742
1675,1
1676,0.967742
1677,1
1678,1
1679,0.129032
1680,0.83871
1681,1
1682,1
1683,1
1684,1
1685,1
1686,1
1687,1
1688,0.935484
1689,0.774194
1690,1
1691,1
1692,1
1693,1
1694,1
1695,1
1696,1
1697,1
1698,0.935484
1699,0.935484
1700,0.935484
1701,1
1702,1
1703,1
1704,1
1705,0.967742
1706,0.870968
1707,0.0967742
1708,0.806452
1709,1
1710,0.83871
1711,0.83871
1712,0.419355
1713,0
1714,0.548387
1715,0.193548
1716,0.741935
1717,0.483871
1718,0
1719,0.903226
1720,0.935484
1721,0.903226
1722,0.870968
1723,0.483871
1724,0.935484
1725,0.806452
1726,0.645161
1727,0.741935
1728,0.193548
1729,0.677419
1730,0.741935
1731,0.709677
1732,0.806452
1733,0.451613
1734,0.870968
1735,0.870968
1736,0.806452
1737,0.806452
1738,0.806452
1739,0.806452
1740,0.870968
1741,0.83871
1742,0.903226
1743,0.870968
1744,0.322581
1745,0.774194
1746,0.580645
1747,0.258065
1748,0.516129
1749,0.935484
1750,0.83871
1751,0.935484
1752,0.935484
1753,0.935484
1754,0.935484
1755,0.870968
1756,1
1757,0.903226
1758,0.83871
1759,0.903226
1760,0.870968
1761,0.967742
1762,0.935484
1763,0.967742
1764,0.967742
1765,0.967742
1766,0.967742
1767,0.967742
1768,0.967742
1769,0.967742
1770,0.967742
1771,0.967742
1772,0.967742
1773,0.870968
1774,0.806452
1775,1
1776,0.967742
1777,1
1778,0.935484
1779,0.935484
1780,0.967742
1781,1
1782,1
1783,1
1784,1
1785,1
1786,1
1787,1
1788,0.967742
1789,1
1790,1
1791,1
1792,1
1793,1
1794,1
1795,0.967742
1796,0.967742
1797,0.967742
1798,0.967742
1799,1
1800,0.967742
1801,0.967742
1802,0.967742
1803,0.967742
1804,0.967742
1805,1
1806,1
1807,1
1808,1
1809,0.967742
1810,1
1811,0.935484
1812,0.645161
1813,0.387097
1814,0.483871
1815,0.935484
1816,0.83871
1817,0.806452
1818,0.870968
1819,0.83871
1820,0.806452
1821,0.903226
1822,0.870968
1823,0.935484
1824,0.322581
1825,0.935484
1826,0.935484
1827,0.903226
1828,0.967742
1829,0.709677
1830,1
1831,0.935484
1832,0.903226
1833,0.580645
1834,0.83871
1835,0.709677
1836,0.935484
1837,0.387097
1838,0.83871
1839,0.935484
1840,0.774194
1841,0.967742
1842,0.709677
1843,0.677419
1844,0.83871
1845,0.903226
1846,0.806452
1847,0.903226
1848,0.870968
1849,0.741935
1850,0.451613
1851,0.580645
1852,0.483871
1853,0.935484
1854,0.774194
1855,0.935484
1856,0.870968
1857,0.935484
1858,0.935484
1859,0.903226
1860,0.870968
1861,0.935484
1862,0.967742
1863,0.935484
1864,0.806452
1865,0.709677
1866,0.903226
1867,0.967742
1868,0.935484
1869,0.935484
1870,0.935484
1871,0.935484
1872,0.935484
1873,0.935484
1874,0.935484
1875,0.935484
1876,0.935484
1877,1
1878,0.645161
1879,0.387097
1880,0.967742
1881,1
1882,0.806452
1883,0.741935
1884,0.967742
1885,0.967742
1886,0.935484
1887,0.967742
1888,0.967742
1889,0.967742
1890,0.935484
1891,0.967742
1892,0.935484
1893,0.935484
1894,0.935484
1895,0.935484
1896,0.967742
1897,0.935484
1898,0.935484
1899,0.967742
1900,0.935484
1901,0.935484
1902,0.935484
1903,0.935484
1904,0.935484
1905,0.935484
1906,0.935484
1907,0.967742
1908,0.935484
1909,0.967742
1910,0.967742
1911,0.967742
1912,0.967742
1913,0.903226
1914,0.967742
1915,0.870968
1916,0.870968
1917,0.451613
1918,0.677419
1919,0.935484
1920,0.806452
1921,0.83871
1922,0.870968
1923,0.83871
1924,0.774194
1925,0.935484
1926,0.806452
1927,0.83871
1928,0.354839
1929,0.580645
1930,0.967742
1931,0.903226
1932,0.903226
1933,0.903226
1934,0.903226
1935,0.903226
1936,0.903226
1937,0.903226
1938,0.83871
1939,0.354839
1940,0.935484
1941,0.935484
1942,0.903226
1943,0.967742
1944,0.741935
1945,0.935484
1946,0.870968
1947,0.903226
1948,0.741935
1949,0.903226
1950,0.83871
1951,0.870968
1952,0.774194
1953,0.903226
1954,0.935484
1955,0.935484
1956,0.935484
1957,0.935484
1958,0.935484
1959,0.935484
1960,0.935484
1961,0.935484
1962,0.935484
1963,0.935484
1964,0.935484
1965,0.741935
1966,0.806452
1967,1
1968,0.967742
1969,0.967742
1970,0.903226
1971,0.967742
1972,0.935484
1973,0.967742
1974,0.935484
1975,0.967742
1976,0.935484
1977,0.935484
1978,0.935484
1979,0.935484
1980,0.935484
1981,0.935484
1982,0.935484
1983,0.935484
1984,0.935484
1985,0.935484
1986,0.935484
1987,0.935484
1988,0.935484
1989,0.935484
1990,0.935484
1991,0.935484
1992,0.935484
1993,0.935484
1994,0.935484
1995,0.935484
1996,0.967742
1997,0.967742
1998,0.935484
1999,0.935484
2000,0.935484
2001,0.935484
2002,0.935484
2003,0.935484
2004,0.290323
2005,0.709677
2006,0.935484
2007,0.903226
2008,0.806452
2009,0.83871
2010,0.870968
2011,0.83871
2012,0.903226
2013,0.903226
2014,0.774194
2015,0.806452
2016,0.451613
2017,0.870968
2018,0.903226
2019,0.903226
2020,0.903226
2021,0.903226
2022,0.903226
2023,0.903226
2024,0.903226
2025,0.935484
2026,0.580645
2027,0.548387
2028,0.903226
2029,0.83871
2030,0.935484
2031,0.903226
2032,0.935484
2033,0.83871
2034,0.870968
2035,0.83871
2036,0.935484
2037,0.870968
2038,0.935484
2039,0.709677
2040,0.903226
2041,0.967742
2042,0.967742
2043,0.967742
2044,0.967742
2045,0.967742
2046,0.967742
2047,0.967742
2048,0.967742
2049,0.967742
2050,0.967742
2051,1
2052,0.612903
2053,0.483871
2054,0.967742
2055,0.967742
2056,0.967742
2057,0.967742
2058,0.967742
2059,0.967742
2060,0.967742
2061,0.967742
2062,0.967742
2063,0.967742
2064,0.967742
2065,0.967742
2066,0.967742
2067,0.967742
2068,0.967742
2069,0.967742
2070,0.967742
2071,0.967742
2072,0.967742
2073,0.967742
2074,0.967742
2075,0.935484
2076,0.903226
2077,0.967742
2078,0.967742
2079,0.967742
2080,0.967742
2081,0.967742
2082,0.967742
2083,0.967742
2084,0.967742
2085,0.967742
2086,0.935484
2087,0.870968
2088,0.903226
2089,0.83871
2090,0.870968
2091,0.290323
2092,0.741935
2093,0.935484
2094,0.806452
2095,0.83871
2096,0.870968
2097,0.870968
2098,0.774194
2099,0.903226
2100,0.870968
2101,0.806452
2102,0.451613
2103,0.645161
2104,0.967742
2105,0.903226
2106,0.903226
2107,0.903226
2108,0.870968
2109,0.903226
2110,0.903226
2111,0.903226
2112,0.83871
2113,0.387097
2114,0.935484
2115,0.967742
2116,0.903226
2117,0.935484
2118,0.645161
2119,0.935484
2120,0.935484
2121,0.903226
2122,0.741935
2123,0.935484
2124,0.903226
2125,0.83871
2126,0.677419
2127,0.903226
2128,0.967742
2129,0.967742
2130,0.967742
2131,0.967742
2132,0.967742
2133,0.967742
2134,0.967742
2135,0.967742
2136,0.967742
2137,0.967742
2138,0.967742
2139,0.677419
2140,0.774194
2141,0.967742
2142,0.967742
2143,0.967742
2144,0.967742
2145,0.967742
2146,0.967742
2147,0.967742
2148,0.967742
2149,0.967742
2150,0.967742
2151,0.967742
2152,0.967742
2153,0.967742
2154,0.967742
2155,0.967742
2156,0.967742
2157,0.967742
2158,0.967742
2159,0.967742
2160,0.967742
2161,0.967742
2162,0.967742
2163,0.967742
2164,0.967742
2165,0.967742
2166,0.967742
2167,0.967742
2168,0.967742
2169,0.967742
2170,0.967742
2171,0.967742
2172,0.967742
2173,0.935484
2174,0.870968
2175,0.903226
2176,0.903226
2177,0.935484
2178,0.580645
2179,0.903226
2180,0.83871
2181,0.935484
2182,0.806452
2183,0.806452
2184,0.870968
2185,0.83871
2186,0.903226
2187,0.903226
2188,0.709677
2189,0.483871
2190,0.935484
2191,0.967742
2192,0.935484
2193,0.903226
2194,0.903226
2195,0.903226
2196,0.870968
2197,0.903226
2198,0.903226
2199,0.903226
2200,0.451613
2201,0.548387
2202,0.903226
2203,0.83871
2204,0.935484
2205,0.83871
2206,0.935484
2207,0.935484
2208,0.870968
2209,0.935484
2210,0.935484
2211,0.870968
2212,0.935484
2213,0.870968
2214,0.709677
2215,0.903226
2216,0.967742
2217,0.967742
2218,0.967742
2219,0.967742
2220,0.967742
2221,0.967742
2222,0.967742
2223,0.967742
2224,0.967742
2225,0.967742
2226,0.967742
2227,0.677419
2228,0.645161
2229,0.709677
2230,0.967742
2231,0.967742
2232,0.967742
2233,0.967742
2234,0.967742
2235,0.967742
2236,0.967742
2237,0.967742
2238,0.967742
2239,0.967742
2240,0.967742
2241,0.967742
2242,0.967742
2243,0.967742
2244,0.967742
2245,0.967742
2246,0.967742
2247,0.967742
2248,0.967742
2249,0.967742
2250,0.967742
2251,0.967742
2252,0.967742
2253,0.967742
2254,0.967742
2255,0.967742
2256,0.967742
2257,0.967742
2258,0.967742
2259,0.967742
2260,0.935484
2261,0.870968
2262,0.903226
2263,0.903226
2264,0.935484
2265,0.677419
2266,0.387097
2267,0.483871
2268,0.935484
2269,0.806452
2270,0.806452
2271,0.870968
2272,0.83871
2273,0.774194
2274,0.903226
2275,0.870968
2276,0.806452
2277,0.483871
2278,0.580645
2279,0.967742
2280,0.903226
2281,0.903226
2282,0.903226
2283,0.870968
2284,0.903226
2285,0.903226
2286,0.870968
2287,0.451613
2288,0.548387
2289,0.903226
2290,0.83871
2291,0.935484
2292,0.903226
2293,0.935484
2294,0.935484
2295,0.870968
2296,0.83871
2297,0.935484
2298,0.870968
2299,0.935484
2300,0.870968
2301,0.709677
2302,0.903226
2303,0.967742
2304,0.967742
2305,0.967742
2306,0.967742
2307,0.967742
2308,0.612903
2309,0.741935
2310,0.967742
2311,0.967742
2312,0.967742
2313,0.709677
2314,0.0322581
2315,0.322581
2316,0.967742
2317,0.967742
2318,0.967742
2319,0.967742
2320,0.967742
2321,0.967742
2322,0.967742
2323,0.967742
2324,0.967742
2325,0.967742
2326,0.967742
2327,0.967742
2328,0.967742
2329,0.967742
2330,0.967742
2331,0.967742
2332,0.967742
2333,0.967742
2334,0.967742
2335,0.967742
2336,0.967742
2337,0.967742
2338,0.967742
2339,0.967742
2340,0.967742
2341,0.967742
2342,0.967742
2343,0.967742
2344,0.967742
2345,0.967742
2346,0.967742
2347,0.935484
2348,0.870968
2349,0.903226
2350,0.903226
2351,0.935484
2352,0.580645
2353,0.870968
2354,0.870968
2355,0.903226
2356,0.806452
2357,0.806452
2358,0.903226
2359,0.806452
2360,0.870968
2361,0.83871
2362,0.903226
2363,0.774194
2364,0.516129
2365,0.774194
2366,0.903226
2367,0.903226
2368,0.903226
2369,0.903226
2370,0.870968
2371,0.903226
2372,0.903226
2373,0.903226
2374,0.451613
2375,0.548387
2376,0.903226
2377,0.83871
2378,0.935484
2379,0.774194
2380,0.193548
2381,0.516129
2382,0.903226
2383,0.516129
2384,0.774194
2385,0.870968
2386,0.903226
2387,0.774194
2388,0.935484
2389,0.967742
2390,0.967742
2391,0.967742
2392,0.967742
2393,0.967742
2394,0.967742
2395,0.967742
2396,0.967742
2397,0.967742
2398,0.967742
2399,0.967742
2400,0.612903
2401,0.709677
2402,0.903226
2403,0.935484
2404,0.677419
2405,0.741935
2406,0.967742
2407,0.967742
2408,0.967742
2409,0.967742
2410,0.967742
2411,0.967742
2412,0.967742
2413,0.967742
2414,0.967742
2415,0.967742
2416,0.967742
2417,0.935484
2418,0.903226
2419,0.967742
2420,0.967742
2421,0.935484
2422,0.967742
2423,0.935484
2424,0.935484
2425,0.935484
2426,0.967742
2427,0.935484
2428,0.903226
2429,0.967742
2430,0.967742
2431,0.935484
2432,0.903226
2433,0.516129
2434,0.741935
2435,0.677419
2436,0.290323
2437,0.419355
2438,0.354839
2439,0
2440,0.16129
2441,0.258065
2442,0.387097
2443,0.419355
2444,0.322581
2445,0.322581
2446,0.677419
2447,0.451613
2448,0.16129
2449,0.16129
2450,0.290323
2451,0.580645
2452,0.419355
2453,0.354839
2454,0.774194
2455,0.483871
2456,0.322581
2457,0.354839
2458,0.451613
2459,0.451613
2460,0.709677
2461,0.419355
2462,0.354839
2463,0.451613
2464,0.483871
2465,0.806452
2466,0.677419
2467,0.870968
2468,0.774194
2469,0.741935
2470,0.677419
2471,0.870968
2472,0.870968
2473,0.903226
2474,0.806452
2475,0.806452
2476,0.612903
2477,0.516129
2478,0.483871
2479,0.83871
2480,0.903226
2481,0.903226
2482,0.903226
2483,0.967742
2484,0.935484
2485,0.967742
2486,0.935484
2487,1
2488,0.935484
2489,0.806452
2490,0.870968
2491,0.967742
2492,0.967742
2493,0.903226
2494,0.548387
2495,0.83871
2496,0.516129
2497,0.483871
2498,0.451613
2499,0.419355
2500,0.935484
2501,0.935484
2502,0.935484
2503,0.935484
2504,0.935484
2505,0.516129
2506,0.419355
2507,0.83871
2508,0.516129
2509,0.83871
2510,0.935484
2511,0.935484
2512,0.935484
2513,0.935484
2514,0.935484
2515,0.935484
2516,0.935484
2517,0.935484
2518,0.935484
2519,0.935484
2520,0.903226
2521,0.903226
2522,0.580645
2523,0.483871
2524,0.129032
2525,0.677419
2526,0.903226
2527,0.870968
2528,0.516129
2529,0.516129
2530,0.483871
2531,0.709677
2532,0.516129
2533,0.451613
2534,0.774194
2535,0.354839
2536,0.580645
2537,0.870968
2538,0.870968
2539,0.870968
2540,0.870968
2541,0.83871
2542,0.870968
2543,0.870968
2544,0.83871
2545,0.806452
2546,0.354839
2547,0.83871
2548,0.935484
2549,0.83871
2550,0.903226
2551,0.677419
2552,0.870968
2553,0.774194
2554,0.83871
2555,0.741935
2556,0.870968
2557,0.903226
2558,0.83871
2559,0.741935
2560,0.806452
2561,0.967742
2562,0.903226
2563,0.935484
2564,0.967742
2565,0.967742
2566,0.967742
2567,0.967742
2568,0.967742
2569,0.967742
2570,0.967742
2571,0.935484
2572,1
2573,1
2574,0.870968
2575,0.903226
2576,0.967742
2577,0.967742
2578,0.903226
2579,0.935484
2580,0.967742
2581,0.935484
2582,0.935484
2583,0.935484
2584,0.935484
2585,0.935484
2586,0.935484
2587,0.451613
2588,0.806452
2589,0.967742
2590,0.935484
2591,0.935484
2592,0.935484
2593,0.935484
2594,0.935484
2595,0.935484
2596,0.967742
2597,0.967742
2598,0.967742
2599,0.967742
2600,0.967742
2601,0.967742
2602,0.967742
2603,0.935484
2604,0.903226
2605,0.903226
2606,0.967742
2607,0.935484
2608,0.612903
2609,0.354839
2610,0.419355
2611,0.870968
2612,0.83871
2613,0.806452
2614,0.83871
2615,0.903226
2616,0.774194
2617,0.83871
2618,0.83871
2619,0.677419
2620,0.354839
2621,0.548387
2622,0.903226
2623,0.935484
2624,0.870968
2625,0.870968
2626,0.83871
2627,0.870968
2628,0.870968
2629,0.83871
2630,0.806452
2631,0.322581
2632,0.83871
2633,0.709677
2634,0.83871
2635,0.903226
2636,0.645161
2637,0.870968
2638,0.774194
2639,0.870968
2640,0.774194
2641,0.83871
2642,0.870968
2643,0.806452
2644,0.612903
2645,0.83871
2646,0.967742
2647,0.967742
2648,0.967742
2649,0.967742
2650,0.967742
2651,0.967742
2652,0.967742
2653,0.967742
2654,0.967742
2655,0.967742
2656,1
2657,1
2658,0.870968
2659,0.903226
2660,0.967742
2661,0.967742
2662,0.903226
2663,0.903226
2664,0.935484
2665,0.935484
2666,0.935484
2667,0.935484
2668,0.935484
2669,0.935484
2670,0.935484
2671,0.935484
2672,0.935484
2673,0.451613
2674,0.806452
2675,0.967742
2676,0.935484
2677,0.870968
2678,0.774194
2679,0.903226
2680,0.935484
2681,0.935484
2682,0.935484
2683,0.935484
2684,0.83871
2685,0.903226
2686,0.935484
2687,0.935484
2688,0.935484
2689,0.903226
2690,0.903226
2691,0.935484
2692,0.903226
2693,0.322581
2694,0.83871
2695,0.806452
2696,0.870968
2697,0.774194
2698,0.774194
2699,0.83871
2700,0.806452
2701,0.741935
2702,0.83871
2703,0.83871
2704,0.774194
2705,0.451613
2706,0.677419
2707,0.870968
2708,0.870968
2709,0.870968
2710,0.870968
2711,0.870968
2712,0.870968
2713,0.870968
2714,0.83871
2715,0.451613
2716,0.709677
2717,0.741935
2718,0.870968
2719,0.83871
2720,0.741935
2721,0.870968
2722,0.741935
2723,0.870968
2724,0.774194
2725,0.903226
2726,0.83871
2727,0.903226
2728,0.774194
2729,0.774194
2730,0.870968
2731,0.903226
2732,0.903226
2733,0.903226
2734,0.903226
2735,0.903226
2736,0.774194
2737,0.903226
2738,0.967742
2739,0.967742
2740,0.967742
2741,1
2742,1
2743,0.935484
2744,0.870968
2745,0.967742
2746,0.967742
2747,0.935484
2748,0.967742
2749,0.967742
2750,0.83871
2751,0.806452
2752,1
2753,1
2754,1
2755,1
2756,1
2757,1
2758,0.903226
2759,0.935484
2760,1
2761,0.903226
2762,0.935484
2763,0.903226
2764,0.935484
2765,1
2766,1
2767,1
2768,1
2769,1
2770,1
2771,1
2772,1
2773,1
2774,1
2775,0.967742
2776,1
2777,0.935484
2778,0.741935
2779,0.129032
2780,0.451613
2781,0.870968
2782,0.709677
2783,0.83871
2784,0.903226
2785,0.903226
2786,0.774194
2787,0.419355
2788,0.83871
2789,0.83871
2790,0.483871
2791,0.193548
2792,0.709677
2793,0.774194
2794,0.16129
2795,0.709677
2796,0.870968
2797,0.774194
2798,0.419355
2799,0.806452
2800,0.387097
2801,0.16129
2802,0.870968
2803,0.935484
2804,0.83871
2805,0.967742
2806,0.967742
2807,0.870968
2808,0.903226
2809,0.870968
2810,0.935484
2811,0.903226
2812,0.83871
2813,0.806452
2814,0.612903
2815,0.870968
2816,0.935484
2817,0.967742
2818,0.935484
2819,0.967742
2820,0.935484
2821,0.967742
2822,0.935484
2823,0.935484
2824,0.935484
2825,0.935484
2826,0.935484
2827,1
2828,0.516129
2829,0.548387
2830,1
2831,0.967742
2832,0.967742
2833,0.935484
2834,0.967742
2835,0.870968
2836,1
2837,1
2838,1
2839,1
2840,1
2841,1
2842,1
2843,1
2844,1
2845,1
2846,1
2847,1
2848,1
2849,1
2850,1
2851,1
2852,1
2853,1
2854,1
2855,1
2856,1
2857,1
2858,0.967742
2859,0.83871
2860,1
2861,0.774194
2862,0.741935
2863,0.967742
2864,0.774194
2865,0.193548
2866,0.83871
2867,0.870968
2868,0.903226
2869,0.870968
2870,0.451613
2871,0.774194
2872,0.806452
2873,0.806452
2874,0.870968
2875,0.451613
2876,0.83871
2877,0.645161
2878,0.677419
2879,0.774194
2880,0.709677
2881,0.870968
2882,0.870968
2883,0.677419
2884,0.709677
2885,0.774194
2886,0.322581
2887,0.548387
2888,0.83871
2889,0.709677
2890,0.451613
2891,0.129032
2892,0.903226
2893,0.967742
2894,0.903226
2895,0.935484
2896,0.903226
2897,0.935484
2898,0.870968
2899,0.774194
2900,0.709677
2901,0.903226
2902,0.935484
2903,0.967742
2904,0.967742
2905,0.967742
2906,0.967742
2907,0.967742
2908,0.967742
2909,0.967742
2910,0.967742
2911,0.967742
2912,0.967742
2913,1
2914,0.967742
2915,0.935484
2916,0.967742
2917,0.967742
2918,0.967742
2919,0.935484
2920,0.935484
2921,0.774194
2922,0.83871
2923,0.935484
2924,0.806452
2925,1
2926,1
2927,1
2928,1
2929,1
2930,1
2931,1
2932,1
2933,0.870968
2934,0.870968
2935,1
2936,1
2937,1
2938,1
2939,1
2940,0.774194
2941,0.83871
2942,1
2943,0.935484
2944,0.935484
2945,0.290323
2946,0.870968
2947,0.83871
2948,0.806452
2949,0.741935
2950,0.903226
2951,0.677419
2952,0.419355
2953,0.451613
2954,0.290323
2955,0.741935
2956,0.516129
2957,0.419355
2958,0.483871
2959,0.354839
2960,0.16129
2961,0.483871
2962,0.322581
2963,0.580645
2964,0.419355
2965,0.645161
2966,0.83871
2967,0.516129
2968,0.322581
2969,0.806452
2970,0.903226
2971,0.903226
2972,0.83871
2973,0.870968
2974,0.870968
2975,0.387097
2976,0.516129
2977,0.903226
2978,0.935484
2979,0.870968
2980,0.774194
2981,0.774194
2982,0.903226
2983,0.967742
2984,0.935484
2985,0.935484
2986,0.935484
2987,0.935484
2988,0.935484
2989,0.935484
2990,0.935484
2991,0.935484
2992,0.967742
2993,0.967742
2994,0.935484
2995,0.967742
2996,0.935484
2997,0.935484
2998,0.935484
2999,1
3000,1
3001,0.451613
3002,0.967742
3003,1
3004,0.935484
3005,0.935484
3006,0.935484
3007,0.935484
3008,1
3009,0.870968
3010,1
3011,1
3012,1
3013,1
3014,1
3015,1
3016,1
3017,0.967742
3018,1
3019,1
3020,1
3021,1
3022,1
3023,1
3024,1
3025,1
3026,1
3027,1
3028,1
3029,1
3030,1
3031,1
3032,1
3033,0.83871
3034,0.83871
3035,0.548387
3036,0.258065
3037,0.709677
3038,0.83871
3039,0.677419
3040,0.935484
3041,0.709677
3042,0.806452
3043,0.709677
3044,0.903226
3045,0.677419
3046,0.354839
3047,0.967742
3048,0.967742
3049,0.83871
3050,0.935484
3051,0.83871
3052,1
3053,1
3054,0.806452
3055,0.870968
3056,0.774194
3057,0.193548
3058,0.612903
3059,0.903226
3060,0.903226
3061,0.935484
3062,1
3063,0.903226
3064,0.806452
3065,0.774194
3066,0.967742
3067,0.870968
3068,0.580645
3069,0.741935
3070,0.935484
3071,0.677419
3072,0.387097
3073,0.741935
3074,1
3075,0.806452
3076,0.806452
3077,1
3078,1
3079,1
3080,0.935484
3081,0.741935
3082,0.967742
3083,1
3084,1
3085,0.903226
3086,0.483871
3087,0.709677
3088,0.806452
3089,0.225806
3090,0.0967742
3091,0.258065
3092,0.387097
3093,0.193548
3094,0.322581
3095,0.129032
3096,0.774194
3097,0.548387
3098,0.16129
3099,0.741935
3100,0.774194
3101,0.870968
3102,0.580645
3103,0.903226
3104,0.903226
3105,0.419355
3106,0.935484
3107,0.935484
3108,0.903226
3109,0.967742
3110,0.83871
3111,0.935484
3112,0.967742
3113,0.935484
3114,0.935484
3115,0.935484
3116,0.903226
3117,0.806452
3118,0.677419
3119,0.903226
3120,0.967742
3121,0.967742
3122,0.967742
3123,0.967742
3124,0.967742
3125,0.967742
3126,0.967742
3127,0.967742
3128,0.967742
3129,0.967742
3130,0.967742
3131,1
3132,0.935484
3133,0.419355
3134,0.870968
3135,1
3136,0.967742
3137,0.967742
3138,0.967742
3139,0.967742
3140,0.967742
3141,0.967742
3142,0.967742
3143,0.967742
3144,0.967742
3145,0.967742
3146,0.967742
3147,0.967742
3148,0.967742
3149,0.967742
3150,0.967742
3151,0.967742
3152,0.967742
3153,0.967742
3154,0.967742
3155,0.967742
3156,0.935484
3157,0.903226
3158,0.967742
3159,0.967742
3160,0.967742
3161,0.967742
3162,0.967742
3163,0.967742
3164,0.935484
3165,0.870968
3166,0.903226
3167,0.870968
3168,0.935484
3169,0.83871
3170,0.741935
3171,0.419355
3172,0.580645
3173,0.741935
3174,0.83871
3175,0.83871
3176,0.870968
3177,0.83871
3178,0.774194
3179,0.903226
3180,0.870968
3181,0.935484
3182,0.322581
3183,0.903226
3184,0.935484
3185,0.903226
3186,0.935484
3187,0.741935
3188,0.935484
3189,0.83871
3190,0.903226
3191,0.83871
3192,0.935484
3193,0.935484
3194,0.935484
3195,0.806452
3196,0.774194
3197,0.935484
3198,1
3199,1
3200,0.967742
3201,0.83871
3202,0.967742
3203,0.967742
3204,0.903226
3205,0.870968
3206,0.354839
3207,0.83871
3208,0.935484
3209,0.709677
3210,0.935484
3211,0.83871
3212,0.774194
3213,0.870968
3214,0.83871
3215,0.870968
3216,0.83871
3217,0.83871
3218,0.806452
3219,0.483871
3220,0.935484
3221,0.580645
3222,0.580645
3223,0.903226
3224,0.83871
3225,0.935484
3226,0.903226
3227,0.935484
3228,0.935484
3229,0.903226
3230,0.83871
3231,0.935484
3232,0.83871
3233,0.935484
3234,0.806452
3235,0.741935
3236,0.903226
3237,0.967742
3238,0.967742
3239,0.967742
3240,0.967742
3241,0.967742
3242,0.967742
3243,0.967742
3244,0.967742
3245,0.967742
3246,0.967742
3247,0.967742
3248,0.677419
3249,0.774194
3250,0.903226
3251,0.935484
3252,0.967742
3253,0.935484
3254,0.967742
3255,0.967742
3256,0.967742
3257,0.967742
3258,0.967742
3259,0.935484
3260,0.935484
3261,0.935484
3262,0.935484
3263,0.935484
3264,0.935484
3265,0.903226
3266,0.935484
3267,0.935484
3268,0.903226
3269,0.903226
3270,0.935484
3271,0.935484
3272,0.935484
3273,0.935484
3274,0.903226
3275,0.935484
3276,0.935484
3277,0.935484
3278,0.935484
3279,0.935484
3280,0.935484
3281,0.903226
3282,0.903226
3283,0.870968
3284,0.870968
3285,0.903226
3286,0.516129
3287,0.903226
3288,0.903226
3289,0.935484
3290,0.774194
3291,0.806452
3292,0.870968
3293,0.83871
3294,0.741935
3295,0.83871
3296,0.870968
3297,0.774194
3298,0.483871
3299,0.516129
3300,0.967742
3301,0.903226
3302,0.903226
3303,0.903226
3304,0.870968
3305,0.903226
3306,0.903226
3307,0.903226
3308,0.451613
3309,0.741935
3310,0.83871
3311,0.935484
3312,0.903226
3313,0.741935
3314,0.935484
3315,0.806452
3316,0.903226
3317,0.774194
3318,0.903226
3319,0.806452
3320,0.935484
3321,0.806452
3322,0.709677
3323,0.903226
3324,0.967742
3325,0.967742
3326,0.967742
3327,0.967742
3328,0.967742
3329,0.967742
3330,0.967742
3331,0.967742
3332,0.967742
3333,0.774194
3334,0.83871
3335,0.903226
3336,0.709677
3337,0.806452
3338,0.709677
3339,0.677419
3340,0.935484
3341,0.903226
3342,0.903226
3343,0.870968
3344,0.903226
3345,0.870968
3346,0.903226
3347,0.580645
3348,0.806452
3349,0.967742
3350,0.935484
3351,0.935484
3352,0.935484
3353,0.967742
3354,0.967742
3355,0.967742
3356,0.967742
3357,0.903226
3358,0.935484
3359,0.903226
3360,0.83871
3361,0.83871
3362,0.903226
3363,0.903226
3364,0.870968
3365,0.903226
3366,0.83871
3367,0.806452
3368,0.806452
3369,0.806452
3370,0.83871
3371,0.516129
3372,0.935484
3373,0.806452
3374,0.129032
3375,0.548387
3376,0.806452
3377,0.870968
3378,0.83871
3379,0.870968
3380,0.83871
3381,0.741935
3382,0.870968
3383,0.903226
3384,0.935484
3385,0.354839
3386,0.903226
3387,0.709677
3388,0.83871
3389,0.967742
3390,0.870968
3391,0.967742
3392,0.967742
3393,0.935484
3394,0.741935
3395,0.870968
3396,0.870968
3397,0.709677
3398,0.935484
3399,0.322581
3400,0.83871
3401,0.967742
3402,0.709677
3403,0.741935
3404,0.774194
3405,0.806452
3406,0.870968
3407,0.83871
3408,0.870968
3409,0.903226
3410,0.806452
3411,0.806452
3412,0.516129
3413,0.193548
3414,0.387097
3415,0.935484
3416,0.806452
3417,0.935484
3418,0.806452
3419,0.935484
3420,0.967742
3421,0.870968
3422,0.967742
3423,0.903226
3424,0.870968
3425,0.870968
3426,0.806452
3427,0.903226
3428,0.935484
3429,0.903226
3430,0.903226
3431,0.903226
3432,0.935484
3433,0.903226
3434,0.935484
3435,0.709677
3436,0.193548
3437,0.16129
3438,0.225806
3439,0.290323
3440,0
3441,0.516129
3442,0.451613
3443,0.419355
3444,0.483871
3445,0.483871
3446,0.483871
3447,0.451613
3448,0.451613
3449,0.774194
3450,0.806452
3451,0.870968
3452,0.806452
3453,0.806452
3454,0.806452
3455,0.83871
3456,0.83871
3457,0.83871
3458,0.83871
3459,0.83871
3460,0.83871
3461,0.516129
3462,0.806452
3463,0.83871
3464,0.83871
3465,0.83871
3466,0.83871
3467,0.516129
3468,0.774194
3469,0.83871
3470,0.83871
3471,0.83871
3472,0.451613
3473,0.290323
3474,0.322581
3475,0.290323
3476,0.354839
3477,0.354839
3478,0.0645161
3479,0.290323
3480,0.354839
3481,0.354839
3482,0.354839
3483,0.354839
3484,0.354839
3485,0.354839
3486,0.354839
3487,0.322581
3488,0.387097
3489,0.129032
3490,0.419355
3491,0.258065
3492,0.322581
3493,0.322581
3494,0.322581
3495,0.354839
3496,0.16129
3497,0.258065
3498,0.322581
3499,0.322581
3500,0.0967742
3501,0.16129
3502,0.225806
3503,0.290323
3504,0.258065
3505,0.290323
3506,0.258065
3507,0.258065
3508,0.225806
3509,0.193548
3510,0.225806
3511,0.193548
3512,0.16129
3513,0
3514,0.16129
3515,0.129032
3516,0.16129
3517,0.0645161
3518,0.129032
3519,0.0322581
3520,0.774194
3521,0.967742
3522,0.0645161
3523,0.0645161
3524,0.0645161
3525,0.0322581
3526,0.83871
3527,0.774194
3528,0
3529,0.83871
3530,1
3531,0.935484
3532,0.483871
3533,0.0645161
3534,0.0645161
3535,0.0645161
3536,0.0645161
3537,0.0645161
3538,0.0967742
3539,0.16129
3540,0.16129
3541,0.0645161
3542,0.0967742
3543,0.0645161
3544,0.0322581
3545,0.806452
3546,0.935484
3547,0.0645161
3548,0.0322581
3549,0.806452
3550,0.935484
3551,0.806452
3552,0.935484
3553,0.806452
3554,1
3555,1
3556,1
3557,1
3558,1
3559,0.903226
3560,1
3561,0.935484
3562,1
3563,1
3564,1
3565,0.483871
3566,0.935484
3567,1
3568,0.935484
3569,0.806452
3570,0.806452
3571,0.870968
3572,0.83871
3573,0.903226
3574,0.870968
3575,0.774194
3576,0.709677
3577,0.387097
3578,0.645161
3579,0.967742
3580,0.903226
3581,0.903226
3582,0.903226
3583,0.870968
3584,0.903226
3585,0.903226
3586,0.870968
3587,0.903226
3588,0.483871
3589,0.967742
3590,0.935484
3591,0.903226
3592,0.870968
3593,0.774194
3594,0.935484
3595,0.935484
3596,0.903226
3597,0.870968
3598,0.935484
3599,0.870968
3600,0.83871
3601,0.806452
3602,0.935484
3603,1
3604,1
3605,0.83871
3606,0.0967742
3607,0.870968
3608,0.935484
3609,0.258065
3610,0.354839
3611,0.354839
3612,0.322581
3613,0.354839
3614,0.419355
3615,0.387097
3616,0.129032
3617,0.354839
3618,0.419355
3619,0.483871
3620,0.483871
3621,0.548387
3622,0.612903
3623,0.419355
3624,0.483871
3625,0.709677
3626,0.774194
3627,0.419355
3628,0.419355
3629,0.483871
3630,0.741935
3631,0.806452
3632,0.741935
3633,0.870968
3634,0.451613
3635,0.419355
3636,0.387097
3637,0.483871
3638,0.451613
3639,0.387097
3640,0.451613
3641,0.419355
3642,0.451613
3643,0.451613
3644,0.354839
3645,0.322581
3646,0.290323
3647,0.322581
3648,0.322581
3649,0.225806
3650,0.322581
3651,0.354839
3652,0.258065
3653,0.193548
3654,0.322581
3655,0.354839
3656,0.258065
3657,0.225806
3658,0.322581
3659,0.387097
3660,0.387097
3661,0.354839
3662,0.322581
3663,0.354839
3664,0.258065
3665,0.193548
3666,0.387097
3667,0.387097
3668,0.419355
3669,0.322581
3670,0.258065
3671,0.354839
3672,0.387097
3673,0.290323
3674,0.645161
3675,0.516129
3676,0.677419
3677,0.612903
3678,0.677419
3679,0.548387
3680,0.387097
3681,0.387097
3682,0.677419
3683,0.83871
3684,0.0967742
3685,0.806452
3686,0.870968
3687,0.774194
3688,0.83871
3689,0.16129
3690,0.870968
3691,0.967742
3692,0.967742
3693,0.967742
3694,1
3695,1
3696,1
3697,1
3698,0.967742
3699,0.967742
3700,0.967742
3701,0.967742
3702,0.967742
3703,0.387097
3704,0.903226
3705,1
3706,1
3707,0.967742
3708,0.258065
3709,0.322581
3710,0.387097
3711,0.419355
3712,0.419355
3713,0.419355
3714,0.419355
3715,0.419355
3716,0.419355
3717,0.483871
3718,0.483871
3719,0.483871
3720,0.451613
3721,0.483871
3722,0.483871
3723,0.548387
3724,0.483871
3725,0.483871
3726,0.451613
3727,0.451613
3728,0.451613
3729,0.451613
3730,0.0967742
3731,0.387097
3732,0.483871
3733,0.451613
3734,0.709677
3735,0.483871
3736,0.451613
3737,0.709677
3738,0.774194
3739,0.419355
3740,0.387097
3741,0.0967742
3742,0.387097
3743,0.709677
3744,0.580645
3745,0.483871
3746,0.451613
3747,0.419355
3748,0.419355
3749,0.483871
3750,0.419355
3751,0.0967742
3752,0.451613
3753,0.354839
3754,0.419355
3755,0.451613
3756,0.451613
3757,0.451613
3758,0.419355
3759,0.451613
3760,0.258065
3761,0.322581
3762,0.387097
3763,0.354839
3764,0.16129
3765,0.387097
3766,0.451613
3767,0.451613
3768,0.387097
3769,0.387097
3770,0.387097
3771,0.387097
3772,0.354839
3773,0.354839
3774,0.451613
3775,0.419355
3776,0.387097
3777,0.354839
3778,0.0967742
3779,0.419355
3780,0.387097
3781,0.322581
3782,0.16129
3783,0.290323
3784,0.354839
3785,0.419355
3786,0.387097
3787,0.419355
3788,0.387097
3789,0.419355
3790,0.419355
3791,0.354839
3792,0.354839
3793,0.419355
3794,0.387097
3795,0.387097
3796,0.387097
3797,0.387097
3798,0.387097
3799,0.322581
3800,0.129032
3801,0.0645161
3802,0.83871
3803,1
3804,1
3805,1
3806,1
3807,1
3808,1
3809,0.870968
3810,0.129032
3811,0.0645161
3812,0.741935
3813,0.935484
3814,0.612903
3815,0.387097
3816,0.612903
3817,0.935484
3818,0.935484
3819,0.935484
3820,0.741935
3821,0.774194
3822,0.903226
3823,0.903226
3824,0.903226
3825,0.741935
3826,0.387097
3827,0.677419
3828,0.903226
3829,0.967742
3830,0.967742
3831,0.903226
3832,0.645161
3833,0.774194
3834,0.935484
3835,0.870968
3836,0.83871
3837,0.548387
3838,0.16129
3839,0.419355
3840,0.967742
3841,1
3842,0.83871
3843,0.935484
3844,1
3845,0.935484
3846,1
3847,0.935484
3848,0.580645
3849,0.193548
3850,0.129032
3851,0.0645161
3852,0.129032
3853,0.225806
3854,0.387097
3855,0.387097
3856,0.387097
3857,0.322581
3858,0.258065
3859,0.387097
3860,0.419355
3861,0.451613
3862,0.419355
3863,0.290323
3864,0.0322581
3865,0.322581
3866,0.451613
3867,0.483871
3868,0.451613
3869,0.419355
3870,0.387097
3871,0.451613
3872,0.451613
3873,0.451613
3874,0.451613
3875,0.483871
3876,0.419355
3877,0.322581
3878,0.193548
3879,0.193548
3880,0.354839
3881,0.193548
3882,0.258065
3883,0.225806
3884,0.225806
3885,0.193548
3886,0.258065
3887,0.193548
3888,0.193548
3889,0
3890,0.709677
3891,0.258065
3892,0.0967742
3893,0.419355
3894,0.580645
3895,0.548387
3896,0.741935
3897,0.903226
3898,0.83871
3899,0.903226
3900,0.903226
3901,0.483871
3902,0.483871
3903,0.516129
3904,0.806452
3905,0.870968
3906,0.83871
3907,0.451613
3908,0.419355
3909,0.451613
3910,0.322581
3911,0.225806
3912,0.258065
3913,0.193548
3914,0.225806
3915,0.0322581
3916,0.258065
3917,0.387097
3918,0.451613
3919,0.387097
3920,0.322581
3921,0.322581
3922,0.225806
3923,0.129032
3924,0.16129
3925,0.16129
3926,0.129032
3927,0.129032
3928,0
3929,0.580645
3930,1
3931,0.774194
3932,0.0322581
3933,0.741935
3934,1
3935,0.903226
3936,0.354839
3937,0.258065
3938,0.322581
3939,0.451613
3940,0.451613
3941,0.451613
3942,0.483871
3943,0.516129
3944,0.516129
3945,0.516129
3946,0.516129
3947,0.483871
3948,0.516129
3949,0.516129
3950,0.516129
3951,0.516129
3952,0.516129
3953,0.516129
3954,0.516129
3955,0.483871
3956,0.483871
3957,0.451613
3958,0.483871
3959,0.354839
3960,0.387097
3961,0.387097
3962,0.419355
3963,0.322581
3964,0.419355
3965,0.387097
3966,0.0645161
3967,0
3968,0.612903
3969,0.516129
3970,0.354839
3971,0.580645
3972,0.451613
3973,0.483871
3974,0.483871
3975,0.516129
3976,0.419355
3977,0.709677
3978,0.516129
3979,0.419355
3980,0.290323
3981,0.419355
3982,0.451613
3983,0.451613
3984,0.451613
3985,0.419355
3986,0.387097
3987,0.258065
3988,0.290323
3989,0.419355
3990,0.483871
3991,0.419355
3992,0.419355
3993,0.451613
3994,0.419355
3995,0.387097
3996,0.387097
3997,0.387097
3998,0.387097
3999,0.322581
4000,0.129032
4001,0.0645161
4002,0.83871
4003,1
4004,0.903226
4005,0.0645161
4006,0.322581
4007,0.967742
4008,1
4009,1
4010,1
4011,0.806452
4012,1
4013,0.322581
4014,0.354839
4015,0.225806
4016,0.0967742
4017,0.0967742
4018,0.806452
4019,1
4020,1
4021,1
4022,1
4023,1
4024,1
4025,1
4026,1
4027,1
4028,0.967742
4029,0.967742
4030,0.967742
4031,1
4032,0.967742
4033,1
4034,1
4035,1
4036,0.806452
4037,0.774194
4038,0.967742
4039,0.967742
4040,0.935484
4041,0.967742
4042,0.935484
4043,0.967742
4044,0.935484
4045,0.83871
4046,0.935484
4047,0.903226
4048,0.774194
4049,0.516129
4050,0.935484
4051,0.935484
4052,0.967742
4053,0.967742
4054,0.967742
4055,0.967742
4056,0.967742
4057,0.903226
4058,0.903226
4059,0.870968
4060,0.612903
4061,0.967742
4062,0.903226
4063,0.548387
4064,0.516129
4065,0.967742
4066,1
4067,0.677419
4068,0.193548
4069,0.225806
4070,0.419355
4071,0.483871
4072,0.419355
4073,0.451613
4074,0.387097
4075,0.387097
4076,0.387097
4077,0.419355
4078,0.483871
4079,0.451613
4080,0.451613
4081,0.451613
4082,0.419355
4083,0.419355
4084,0.451613
4085,0.419355
4086,0.225806
4087,0.451613
4088,0.516129
4089,0.612903
4090,0.935484
4091,0.806452
4092,0.483871
4093,0.483871
4094,0.483871
4095,0.483871
4096,0.483871
4097,0.483871
4098,0.548387
4099,0.516129
4100,0.451613
4101,0.483871
4102,0.419355
4103,0.387097
4104,0.451613
4105,0.419355
4106,0.451613
4107,0.387097
4108,0.322581
4109,0.290323
4110,0.290323
4111,0.387097
4112,0.258065
4113,0.16129
4114,0.16129
4115,0.129032
4116,0.677419
4117,0.967742
4118,0.903226
4119,0.774194
4120,1
4121,0.129032
4122,0
4123,0.225806
4124,0.16129
4125,0.0645161
4126,0.741935
4127,0.903226
4128,0.83871
4129,0.935484
4130,0.935484
4131,0.870968
4132,0.483871
4133,0.677419
4134,0.354839
4135,0.580645
4136,0.967742
4137,0.967742
4138,0.967742
4139,0.709677
4140,0.774194
4141,0.967742
4142,0.967742
4143,0.967742
4144,0.870968
4145,0.612903
4146,0.967742
4147,1
4148,0.935484
4149,1
4150,0.935484
4151,1
4152,0.935484
4153,1
4154,0.935484
4155,1
4156,0.903226
4157,0.83871
4158,0.903226
4159,0.935484
4160,1
4161,1
4162,1
4163,1
4164,0.967742
4165,0.258065
4166,0.419355
4167,0.419355
4168,0.419355
4169,0.419355
4170,0.419355
4171,0.387097
4172,0.193548
4173,0.387097
4174,0.483871
4175,0.483871
4176,0.580645
4177,0.903226
4178,0.903226
4179,0.903226
4180,0.903226
4181,0.935484
4182,0.967742
4183,0.967742
4184,0.967742
4185,0.967742
4186,0.967742
4187,0.935484
4188,0.903226
4189,0.903226
4190,0.903226
4191,0.935484
4192,0.967742
4193,0.967742
4194,0.935484
4195,0.903226
4196,0.903226
4197,0.903226
4198,0.903226
4199,0.903226
4200,0.903226
4201,0.903226
4202,0.83871
4203,0.903226
4204,0.870968
4205,0.903226
4206,0.870968
4207,0.870968
4208,0.322581
4209,0.645161
4210,0.870968
4211,0.580645
4212,0.645161
4213,0.516129
4214,0.516129
4215,0.483871
4216,0.516129
4217,0.709677
4218,0.451613
4219,0.16129
4220,0.548387
4221,0.483871
4222,0.548387
4223,0.516129
4224,0.741935
4225,0.548387
4226,0.741935
4227,0.741935
4228,0.483871
4229,0.483871
4230,0.16129
4231,0.419355
4232,0.290323
4233,0.419355
4234,0.419355
4235,0.419355
4236,0.419355
4237,0.387097
4238,0.387097
4239,0.258065
4240,0.290323
4241,0.322581
4242,0.258065
4243,0.129032
4244,0.193548
4245,0.129032
4246,0.0645161
4247,0.83871
4248,1
4249,0.806452
4250,1
4251,0.903226
4252,0.16129
4253,0.129032
4254,0.129032
4255,0.129032
4256,0.16129
4257,0.0967742
4258,0.290323
4259,0.967742
4260,0.967742
4261,0.967742
4262,0.967742
4263,0.967742
4264,1
4265,0.967742
4266,0.387097
4267,0.387097
4268,0.354839
4269,0.387097
4270,0.419355
4271,0.419355
4272,0.451613
4273,0.451613
4274,0.483871
4275,0.451613
4276,0.483871
4277,0.483871
4278,0.483871
4279,0.483871
4280,0.483871
4281,0.451613
4282,0.483871
4283,0.483871
4284,0.483871
4285,0.483871
4286,0.709677
4287,0.83871
4288,0.451613
4289,0.645161
4290,0.870968
4291,0.806452
4292,0.451613
4293,0.419355
4294,0.0967742
4295,0.516129
4296,0.580645
4297,0.483871
4298,0.483871
4299,0.516129
4300,0.548387
4301,0.516129
4302,0.451613
4303,0.451613
4304,0.451613
4305,0.193548
4306,0.322581
4307,0.387097
4308,0.548387
4309,0.580645
4310,0.548387
4311,0.354839
4312,0.387097
4313,0.387097
4314,0.419355
4315,0.419355
4316,0.129032
4317,0.225806
4318,0.354839
4319,0.322581
4320,0.322581
4321,0.354839
4322,0.354839
4323,0.354839
4324,0.387097
4325,0.258065
4326,0.290323
4327,0.354839
4328,0.354839
4329,0.322581
4330,0.354839
4331,0.322581
4332,0.322581
4333,0.290323
4334,0.290323
4335,0.129032
4336,0.806452
4337,1
4338,0.129032
4339,0.129032
4340,0.0967742
4341,0.806452
4342,0.967742
4343,0.16129
4344,0.0322581
4345,0.193548
4346,0.129032
4347,0.0967742
4348,0.129032
4349,0.129032
4350,0.193548
4351,0.129032
4352,0.193548
4353,0.225806
4354,0.129032
4355,0.16129
4356,0.193548
4357,0.193548
4358,0.193548
4359,0.129032
4360,0.16129
4361,0.129032
4362,0.16129
4363,0.129032
4364,0.0967742
4365,0.129032
4366,0.0967742
4367,0.129032
4368,0.0967742
4369,0.0967742
4370,0.806452
4371,1
4372,1
4373,0.677419
4374,0.967742
4375,1
4376,0.967742
4377,1
4378,0.967742
4379,0.548387
4380,0.193548
4381,0.16129
4382,0.16129
4383,0.16129
4384,0.16129
4385,0.16129
4386,0.16129
4387,0.129032
4388,0.129032
4389,0.129032
4390,0
4391,0.16129
4392,0.0322581
4393,0.0967742
4394,0.129032
4395,0.16129
4396,0.16129
4397,0.0645161
4398,0.129032
4399,0.129032
4400,0.0967742
4401,0.193548
4402,0.580645
4403,0.935484
4404,0.83871
4405,0.967742
4406,1
4407,0.935484
4408,1
4409,0.903226
4410,1
4411,0.935484
4412,0.806452
4413,0.935484
4414,0.903226
4415,0.903226
4416,0.935484
4417,1
4418,1
4419,0.16129
4420,0.16129
4421,0.225806
4422,0.322581
4423,0.387097
4424,0.387097
4425,0.387097
4426,0.419355
4427,0.419355
4428,0.419355
4429,0.16129
4430,0.354839
4431,0.387097
4432,0.483871
4433,0.516129
4434,0.516129
4435,0.741935
4436,0.903226
4437,0.903226
4438,0.903226
4439,0.903226
4440,0.903226
4441,0.903226
4442,0.903226
4443,0.870968
4444,0.903226
4445,0.903226
4446,0.870968
4447,0.903226
4448,0.903226
4449,0.903226
4450,0.870968
4451,0.870968
4452,0.903226
4453,0.870968
4454,0.903226
4455,0.903226
4456,0.903226
4457,0.903226
4458,0.903226
4459,0.83871
4460,0.870968
4461,0.741935
4462,0.741935
4463,0.548387
4464,0.0645161
4465,0.419355
4466,0.387097
4467,0.419355
4468,0.419355
4469,0.387097
4470,0.419355
4471,0.387097
4472,0.354839
4473,0.354839
4474,0.387097
4475,0.387097
4476,0.129032
4477,0.419355
4478,0.419355
4479,0.419355
4480,0.387097
4481,0.387097
4482,0.387097
4483,0.387097
4484,0.387097
4485,0.387097
4486,0.387097
4487,0.322581
4488,0.16129
4489,0.258065
4490,0.225806
4491,0.225806
4492,0.225806
4493,0.225806
4494,0.290323
4495,0.354839
4496,0.354839
4497,0.0645161
4498,0.322581
4499,0.322581
4500,0.290323
4501,0.387097
4502,0.322581
4503,0.258065
4504,0.322581
4505,0.290323
4506,0.290323
4507,0.225806
4508,0.16129
4509,0.16129
4510,0.129032
4511,0.0322581
4512,0.16129
4513,0.129032
4514,0.0967742
4515,0.0645161
4516,0.774194
4517,0.903226
4518,0.290323
4519,0.16129
4520,0.322581
4521,0.354839
4522,0.322581
4523,0.322581
4524,0.258065
4525,0.0322581
4526,0.290323
4527,0.290323
4528,0.387097
4529,0.322581
4530,0.354839
4531,0.677419
4532,0.709677
4533,0.741935
4534,0.870968
4535,0.903226
4536,0.903226
4537,0.903226
4538,0.903226
4539,0.903226
4540,0.903226
4541,0.870968
4542,0.903226
4543,0.903226
4544,0.903226
4545,0.903226
4546,0.903226
4547,0.903226
4548,0.870968
4549,0.903226
4550,0.870968
4551,0.870968
4552,0.870968
4553,0.870968
4554,0.870968
4555,0.83871
4556,0.870968
4557,0.903226
4558,0.83871
4559,0.774194
4560,0.870968
4561,0.322581
4562,0.16129
4563,0.258065
4564,0.774194
4565,0.612903
4566,0.322581
4567,0.354839
4568,0.322581
4569,0.258065
4570,0.258065
4571,0.709677
4572,0.806452
4573,0.483871
4574,0.709677
4575,0.903226
4576,0.806452
4577,0.903226
4578,0.806452
4579,0.354839
4580,0.354839
4581,0.354839
4582,0.290323
4583,0.258065
4584,0.290323
4585,0.290323
4586,0.322581
4587,0.225806
4588,0.354839
4589,0.419355
4590,0.419355
4591,0.322581
4592,0.419355
4593,0.419355
4594,0.354839
4595,0.322581
4596,0.322581
4597,0.322581
4598,0.354839
4599,0.354839
4600,0.258065
4601,0.193548
4602,0.0322581
4603,0.387097
4604,0.387097
4605,0.419355
4606,0.387097
4607,0.387097
4608,0.354839
4609,0.774194
4610,0.903226
4611,0.612903
4612,0.806452
4613,0.903226
4614,0.903226
4615,0.935484
4616,0.935484
4617,0.935484
4618,0.935484
4619,0.935484
4620,0.935484
4621,0.935484
4622,0.967742
4623,0.935484
4624,0.967742
4625,0.935484
4626,0.967742
4627,0.967742
4628,0.967742
4629,0.967742
4630,0.967742
4631,0.967742
4632,0.967742
4633,0.967742
4634,0.967742
4635,0.967742
4636,0.967742
4637,0.967742
4638,0.225806
4639,0.741935
4640,0.806452
4641,0.709677
4642,0.645161
4643,0.677419
4644,0.709677
4645,0.645161
4646,0.774194
4647,0.677419
4648,0.516129
4649,0.548387
4650,0.612903
4651,0.645161
4652,0.645161
4653,0.645161
4654,0.645161
4655,0.645161
4656,0.677419
4657,0.677419
4658,0.677419
4659,0.741935
4660,0.419355
4661,0.516129
4662,0.806452
4663,0.774194
4664,0.806452
4665,0.741935
4666,0.774194
4667,0.870968
4668,0.806452
4669,0.935484
4670,0.806452
4671,0.83871
4672,0.83871
4673,0.870968
4674,0.774194
4675,0.806452
4676,0.903226
4677,0.903226
4678,0.903226
4679,0.903226
4680,0.516129
4681,0.387097
4682,0.419355
4683,0.419355
4684,0.451613
4685,0.451613
4686,0.387097
4687,0
4688,0.580645
4689,0.580645
4690,0.387097
4691,0.419355
4692,0.387097
4693,0.806452
4694,0.903226
4695,0.935484
4696,0.935484
4697,0.935484
4698,0.935484
4699,0.967742
4700,0.967742
4701,0.967742
4702,0.967742
4703,0.967742
4704,0.967742
4705,0.967742
4706,0.967742
4707,0.967742
4708,0.967742
4709,0.967742
4710,0.967742
4711,0.967742
4712,0.967742
4713,0.935484
4714,0.967742
4715,0.935484
4716,0.935484
4717,0.935484
4718,0.935484
4719,0.935484
4720,0.935484
4721,0.935484
4722,0.967742
4723,0.935484
4724,0.903226
4725,0.290323
4726,0.774194
4727,0.83871
4728,0.677419
4729,0.645161
4730,0.741935
4731,0.709677
4732,0.645161
4733,0.774194
4734,0.774194
4735,0.806452
4736,0.451613
4737,0.83871
4738,0.935484
4739,0.903226
4740,1
4741,0.935484
4742,0.903226
4743,0.935484
4744,0.387097
4745,0.677419
4746,0.580645
4747,0.741935
4748,0.677419
4749,0.225806
4750,0.677419
4751,0.709677
4752,0.645161
4753,0.677419
4754,0.548387
4755,0.677419
4756,0.677419
4757,0.709677
4758,0.709677
4759,0.580645
4760,0.645161
4761,0.709677
4762,0.774194
4763,0.258065
4764,0.258065
4765,0.806452
4766,0.935484
4767,0.935484
4768,0.935484
4769,0.935484
4770,0.935484
4771,0.935484
4772,0.935484
4773,0.870968
4774,0.83871
4775,0.806452
4776,0.83871
4777,0.83871
4778,0.83871
4779,0.83871
4780,0.83871
4781,0.83871
4782,0.83871
4783,0.83871
4784,0.83871
4785,0.935484
4786,0.935484
4787,0.935484
4788,0.967742
4789,0.967742
4790,0.967742
4791,0.451613
4792,0.774194
4793,0.935484
4794,0.870968
4795,0.870968
4796,0.903226
4797,0.903226
4798,0.967742
4799,0.903226
4800,0.83871
4801,0.935484
4802,0.967742
4803,0.935484
4804,0.903226
4805,0.967742
4806,0.903226
4807,0.935484
4808,0.935484
4809,0.935484
4810,0.967742
4811,0.870968
4812,0.967742
4813,0.870968
4814,0.903226
4815,0.903226
4816,0.967742
4817,0.870968
4818,0.903226
4819,0.967742
4820,0.935484
4821,0.903226
4822,0.903226
4823,0.903226
4824,0.967742
4825,0.903226
4826,0.935484
4827,0.870968
4828,0.258065
4829,0.645161
4830,0.516129
4831,0.612903
4832,0.741935
4833,0.677419
4834,0.774194
4835,0.612903
4836,0.774194
4837,0.774194
4838,0.677419
4839,0.451613
4840,0.290323
4841,0.709677
4842,0.677419
4843,0.612903
4844,0.709677
4845,0.612903
4846,0.83871
4847,0.806452
4848,0.741935
4849,0.709677
4850,0.709677
4851,0.419355
4852,0.677419
4853,0.709677
4854,0.387097
4855,0.193548
4856,0.483871
4857,0.806452
4858,0.580645
4859,0.806452
4860,0.741935
4861,0.580645
4862,0.677419
4863,0.645161
4864,0.645161
4865,0.677419
4866,0.709677
4867,0.612903
4868,0.580645
4869,0.870968
4870,0.451613
4871,0.903226
4872,0.83871
4873,0.741935
4874,0.774194
4875,0.612903
4876,0.83871
4877,0.83871
4878,0.83871
4879,0.677419
4880,0.774194
4881,0.903226
4882,0.870968
4883,0.677419
4884,0.806452
4885,0.935484
4886,0.903226
4887,0.935484
4888,0.967742
4889,0.935484
4890,0.935484
4891,0.935484
4892,0.870968
4893,0.870968
4894,0.870968
4895,0.903226
4896,0.967742
4897,0.129032
4898,0.83871
4899,0.870968
4900,0.83871
4901,0.870968
4902,0.83871
4903,0.806452
4904,0.774194
4905,0.870968
4906,0.83871
4907,0.870968
4908,0.903226
4909,0.903226
4910,0.935484
4911,0.903226
4912,0.903226
4913,0.935484
4914,0.935484
4915,0.935484
4916,0.935484
4917,0.935484
4918,0.935484
4919,0.967742
4920,0.935484
4921,0.903226
4922,0.967742
4923,0.935484
4924,0.935484
4925,0.870968
4926,0.903226
4927,0.967742
4928,0.935484
4929,0.903226
4930,0.967742
4931,0.935484
4932,0.870968
4933,0.774194
4934,0.677419
4935,0.225806
4936,0.516129
4937,0.612903
4938,0.645161
4939,0.741935
4940,0.741935
4941,0.774194
4942,0.806452
4943,0.741935
4944,0.677419
4945,0.677419
4946,0.516129
4947,0.258065
4948,0.83871
4949,0.903226
4950,0.83871
4951,0.967742
4952,0.870968
4953,0.903226
4954,0.967742
4955,0.967742
4956,0.870968
4957,0.806452
4958,0.645161
4959,0.645161
4960,0.774194
4961,0.774194
4962,0.354839
4963,0.806452
4964,0.774194
4965,0.516129
4966,0.806452
4967,0.774194
4968,0.580645
4969,0.677419
4970,0.677419
4971,0.645161
4972,0.774194
4973,0.806452
4974,0.580645
4975,0.709677
4976,0.870968
4977,0.580645
4978,0.870968
4979,0.967742
4980,0.870968
4981,0.935484
4982,0.903226
4983,0.774194
4984,0.774194
4985,0.709677
4986,0.709677
4987,0.774194
4988,0.741935
4989,0.774194
4990,0.806452
4991,0.83871
4992,0.741935
4993,0.677419
4994,0.677419
4995,0.774194
4996,0.774194
4997,0.806452
4998,0.870968
4999,0.83871
5000,0.935484
5001,0.806452
5002,0.870968
5003,0.935484
5004,0.16129
5005,0.806452
5006,0.935484
5007,0.806452
5008,0.83871
5009,0.83871
5010,0.806452
5011,0.548387
5012,0.612903
5013,0.612903
5014,0.709677
5015,0.870968
5016,0.870968
5017,0.612903
5018,0.870968
5019,0.741935
5020,0.774194
5021,0.83871
5022,0.806452
5023,0.774194
5024,0.870968
5025,0.903226
5026,0.870968
5027,0.870968
5028,0.903226
5029,0.870968
5030,0.870968
5031,0.870968
5032,0.870968
5033,0.870968
5034,0.935484
5035,0.903226
5036,0.903226
5037,0.903226
5038,0.903226
5039,0.903226
5040,0.903226
5041,0.967742
5042,0.935484
5043,0.935484
5044,0.903226
5045,0.903226
5046,0.903226
5047,0.903226
5048,0.870968
5049,0.935484
5050,0.903226
5051,0.903226
5052,0.903226
5053,0.935484
5054,0.935484
5055,0.903226
5056,0.935484
5057,0.903226
5058,0.870968
5059,0.967742
5060,0.903226
5061,0.870968
5062,0.774194
5063,0.677419
5064,0.612903
5065,0.322581
5066,0.677419
5067,0.580645
5068,0.548387
5069,0.83871
5070,0.709677
5071,0.645161
5072,0.645161
5073,0.645161
5074,0.677419
5075,0.580645
5076,0.677419
5077,0.709677
5078,0.741935
5079,0.677419
5080,0.612903
5081,0.709677
5082,0.774194
5083,0.774194
5084,0.580645
5085,0.612903
5086,0.806452
5087,0.774194
5088,0.903226
5089,0.774194
5090,0.870968
5091,0.935484
5092,0.806452
5093,0.903226
5094,0.83871
5095,0.903226
5096,0.903226
5097,0.870968
5098,0.677419
5099,0.806452
5100,0.935484
5101,0.935484
5102,0.935484
5103,0.935484
5104,0.935484
5105,0.935484
5106,0.935484
5107,0.935484
5108,0.870968
5109,0.903226
5110,1
5111,0.870968
5112,0.322581
5113,0.83871
5114,0.903226
5115,0.935484
5116,0.935484
5117,0.935484
5118,0.935484
5119,0.870968
5120,0.967742
5121,0.935484
5122,0.935484
5123,0.935484
5124,0.870968
5125,0.967742
5126,0.935484
5127,0.870968
5128,0.967742
5129,0.870968
5130,0.967742
5131,0.870968
5132,0.935484
5133,0.967742
5134,0.870968
5135,0.903226
5136,0.967742
5137,0.870968
5138,0.967742
5139,0.870968
5140,0.903226
5141,0.967742
5142,0.870968
5143,0.903226
5144,0.83871
5145,0.870968
5146,0.870968
5147,0.967742
5148,0.677419
5149,0.548387
5150,0.322581
5151,0.419355
5152,0.451613
5153,0.580645
5154,0.677419
5155,0.806452
5156,0.709677
5157,0.645161
5158,0.645161
5159,0.612903
5160,0.806452
5161,0.419355
5162,0.83871
5163,0.870968
5164,0.741935
5165,0.774194
5166,0.83871
5167,0.903226
5168,0.967742
5169,0.870968
5170,0.935484
5171,0.387097
5172,0.548387
5173,0.774194
5174,0.806452
5175,0.580645
5176,0.354839
5177,0.645161
5178,0.774194
5179,0.612903
5180,0.580645
5181,0.612903
5182,0.645161
5183,0.741935
5184,0.709677
5185,0.741935
5186,0.709677
5187,0.677419
5188,0.741935
5189,0.580645
5190,0.258065
5191,0.548387
5192,0.83871
5193,0.677419
5194,0.806452
5195,0.677419
5196,0.806452
5197,0.677419
5198,0.709677
5199,0.645161
5200,0.774194
5201,0.774194
5202,0.806452
5203,0.612903
5204,0.806452
5205,0.903226
5206,0.903226
5207,0.903226
5208,0.903226
5209,0.903226
5210,0.903226
5211,0.903226
5212,0.903226
5213,0.903226
5214,0.903226
5215,0.903226
5216,0.935484
5217,0.967742
5218,0.870968
5219,0.677419
5220,0.935484
5221,0.903226
5222,0.903226
5223,0.903226
5224,0.903226
5225,0.935484
5226,0.870968
5227,0.903226
5228,0.870968
5229,0.903226
5230,0.903226
5231,0.935484
5232,0.870968
5233,0.935484
5234,0.870968
5235,0.935484
5236,0.806452
5237,0.806452
5238,0.806452
5239,0.903226
5240,0.903226
5241,0.806452
5242,0.806452
5243,0.806452
5244,0.903226
5245,0.806452
5246,0.903226
5247,0.903226
5248,0.870968
5249,0.903226
5250,0.870968
5251,0.870968
5252,0.870968
5253,0.935484
5254,0.903226
5255,0.290323
5256,0.806452
5257,0.709677
5258,0.806452
5259,0.645161
5260,0.741935
5261,0.741935
5262,0.741935
5263,0.774194
5264,0.709677
5265,0.645161
5266,0.580645
5267,0.258065
5268,0.709677
5269,0.967742
5270,0.935484
5271,0.83871
5272,0.774194
5273,0.870968
5274,0.903226
5275,0.83871
5276,0.677419
5277,0.354839
5278,0.741935
5279,0.806452
5280,0.387097
5281,0.741935
5282,0.290323
5283,0.741935
5284,0.709677
5285,0.516129
5286,0.774194
5287,0.516129
5288,0.580645
5289,0.677419
5290,0.677419
5291,0.645161
5292,0.612903
5293,0.709677
5294,0.677419
5295,0.419355
5296,0.225806
5297,0.451613
5298,0.806452
5299,0.741935
5300,0.774194
5301,0.741935
5302,0.774194
5303,0.741935
5304,0.741935
5305,0.806452
5306,0.774194
5307,0.774194
5308,0.83871
5309,0.806452
5310,0.677419
5311,0.741935
5312,0.870968
5313,0.903226
5314,0.903226
5315,0.903226
5316,0.903226
5317,0.83871
5318,0.83871
5319,0.83871
5320,0.83871
5321,0.83871
5322,0.806452
5323,0.903226
5324,0.903226
5325,0.548387
5326,0.741935
5327,0.806452
5328,0.870968
5329,0.903226
5330,0.935484
5331,0.903226
5332,0.903226
5333,0.903226
5334,0.935484
5335,0.903226
5336,0.903226
5337,0.903226
5338,0.935484
5339,0.903226
5340,0.935484
5341,0.903226
5342,0.935484
5343,0.903226
5344,0.935484
5345,0.935484
5346,0.903226
5347,0.903226
5348,0.903226
5349,0.903226
5350,0.903226
5351,0.903226
5352,0.903226
5353,0.870968
5354,0.935484
5355,0.903226
5356,0.903226
5357,0.935484
5358,0.903226
5359,0.903226
5360,0.903226
5361,0.612903
5362,0.419355
5363,0.483871
5364,0.870968
5365,0.645161
5366,0.645161
5367,0.741935
5368,0.709677
5369,0.741935
5370,0.709677
5371,0.741935
5372,0.645161
5373,0.580645
5374,0.935484
5375,0.741935
5376,0.709677
5377,0.709677
5378,0.709677
5379,0.741935
5380,0.741935
5381,0.774194
5382,0.806452
5383,0.83871
5384,0.677419
5385,0.870968
5386,0.83871
5387,0.83871
5388,0.903226
5389,0.741935
5390,0.806452
5391,0.677419
5392,0.741935
5393,0.709677
5394,0.774194
5395,0.774194
5396,0.806452
5397,0.645161
5398,0.677419
5399,0.83871
5400,0.806452
5401,0.806452
5402,0.83871
5403,0.83871
5404,0.935484
5405,0.903226
5406,0.903226
5407,0.903226
5408,0.903226
5409,0.903226
5410,0.935484
5411,1
5412,0.354839
5413,0.935484
5414,0.935484
5415,0.935484
5416,0.935484
5417,0.935484
5418,0.935484
5419,0.935484
5420,0.935484
5421,0.935484
5422,0.935484
5423,0.935484
5424,0.935484
5425,0.935484
5426,0.935484
5427,0.935484
5428,0.935484
5429,0.935484
5430,0.935484
5431,0.935484
5432,0.935484
5433,0.935484
5434,0.935484
5435,0.935484
5436,0.935484
5437,0.935484
5438,0.935484
5439,0.935484
5440,0.935484
5441,0.935484
5442,0.935484
5443,0.967742
5444,0.935484
5445,0.935484
5446,0.967742
5447,0.967742
5448,0.903226
5449,0.580645
5450,0.225806
5451,0.483871
5452,0.774194
5453,0.612903
5454,0.612903
5455,0.645161
5456,0.677419
5457,0.645161
5458,0.709677
5459,0.677419
5460,0.580645
5461,0.451613
5462,0.612903
5463,0.612903
5464,0.645161
5465,0.645161
5466,0.645161
5467,0.612903
5468,0.645161
5469,0.677419
5470,0.645161
5471,0.709677
5472,0.354839
5473,0.806452
5474,0.645161
5475,0.806452
5476,0.741935
5477,0.645161
5478,0.903226
5479,0.806452
5480,0.870968
5481,0.774194
5482,0.870968
5483,0.870968
5484,0.806452
5485,0.677419
5486,0.709677
5487,0.83871
5488,0.741935
5489,0.903226
5490,0.870968
5491,0.870968
5492,0.935484
5493,0.903226
5494,0.903226
5495,0.903226
5496,0.935484
5497,0.935484
5498,0.967742
5499,0.967742
5500,0.903226
5501,0.774194
5502,0.935484
5503,0.870968
5504,0.967742
5505,0.967742
5506,0.967742
5507,0.967742
5508,0.967742
5509,0.967742
5510,0.967742
5511,0.967742
5512,0.967742
5513,0.967742
5514,0.967742
5515,0.935484
5516,0.935484
5517,0.935484
5518,0.935484
5519,0.935484
5520,0.935484
5521,0.935484
5522,0.935484
5523,0.935484
5524,0.935484
5525,0.935484
5526,0.935484
5527,0.935484
5528,0.935484
5529,0.935484
5530,0.935484
5531,0.935484
5532,0.935484
5533,0.935484
5534,0.967742
5535,0.967742
5536,0.935484
5537,0.290323
5538,0.741935
5539,0.903226
5540,0.741935
5541,0.645161
5542,0.677419
5543,0.645161
5544,0.677419
5545,0.709677
5546,0.709677
5547,0.580645
5548,0.516129
5549,0.612903
5550,0.580645
5551,0.645161
5552,0.677419
5553,0.677419
5554,0.677419
5555,0.580645
5556,0.677419
5557,0.645161
5558,0.709677
5559,0.419355
5560,0.516129
5561,0.677419
5562,0.645161
5563,0.83871
5564,0.548387
5565,0.774194
5566,0.580645
5567,0.709677
5568,0.677419
5569,0.774194
5570,0.83871
5571,0.870968
5572,0.709677
5573,0.387097
5574,0.645161
5575,0.709677
5576,0.645161
5577,0.677419
5578,0.709677
5579,0.709677
5580,0.709677
5581,0.774194
5582,0.741935
5583,0.677419
5584,0.774194
5585,0.903226
5586,0.967742
5587,0.903226
5588,0.935484
5589,0.903226
5590,0.903226
5591,0.935484
5592,0.903226
5593,0.935484
5594,0.903226
5595,0.903226
5596,0.903226
5597,0.935484
5598,0.903226
5599,0.935484
5600,0.903226
5601,0.903226
5602,0.903226
5603,0.903226
5604,0.935484
5605,0.967742
5606,0.967742
5607,1
5608,0.870968
5609,0.774194
5610,0.806452
5611,0.225806
5612,0.774194
5613,0.645161
5614,0.774194
5615,0.645161
5616,0.677419
5617,0.612903
5618,0.741935
5619,0.612903
5620,0.677419
5621,0.580645
5622,0.548387
5623,0.387097
5624,0.677419
5625,0.580645
5626,0.580645
5627,0.612903
5628,0.645161
5629,0.645161
5630,0.516129
5631,0.483871
5632,0.483871
5633,0.516129
5634,0.516129
5635,0.516129
5636,0.580645
5637,0.612903
5638,0.612903
5639,0.612903
5640,0.645161
5641,0.612903
5642,0.645161
5643,0.645161
5644,0.645161
5645,0.677419
5646,0.612903
5647,0.645161
5648,0.612903
5649,0.645161
5650,0.612903
5651,0.580645
5652,0.483871
5653,0.483871
5654,0.516129
5655,0.612903
5656,0.645161
5657,0.451613
5658,0.419355
5659,0.322581
5660,0.354839
5661,0.387097
5662,0.354839
5663,0.419355
5664,0.419355
5665,0.419355
5666,0.483871
5667,0.516129
5668,0.483871
5669,0.548387
5670,0.580645
5671,0.580645
5672,0.451613
5673,0.548387
5674,0.580645
5675,0.580645
5676,0.483871
5677,0.612903
5678,0.483871
5679,0.645161
5680,0.516129
5681,0.580645
5682,0.483871
5683,0.451613
5684,0.451613
5685,0.419355
5686,0.387097
5687,0.451613
5688,0.516129
5689,0.483871
5690,0.451613
5691,0.483871
5692,0.548387
5693,0.516129
5694,0.548387
5695,0.645161
5696,0.580645
5697,0.677419
5698,0.548387
5699,0.677419
5700,0.548387
5701,0.677419
5702,0.548387
5703,0.677419
5704,0.548387
5705,0.483871
5706,0.516129
5707,0.516129
5708,0.516129
5709,0.516129
5710,0.516129
5711,0.516129
5712,0.483871
5713,0.451613
5714,0.451613
5715,0.451613
5716,0.451613
5717,0.451613
5718,0.451613
5719,0.451613
5720,0.451613
5721,0.451613
5722,0.451613
5723,0.483871
5724,0.516129
5725,0.516129
5726,0.516129
5727,0.516129
5728,0.516129
5729,0.516129
5730,0.516129
5731,0.516129
5732,0.516129
5733,0.516129
5734,0.516129
5735,0.645161
5736,0.516129
5737,0.451613
5738,0.516129
5739,0.483871
5740,0.483871
5741,0.483871
5742,0.483871
5743,0.483871
5744,0.483871
5745,0.483871
5746,0.483871
5747,0.483871
5748,0.483871
5749,0.483871
5750,0.483871
5751,0.451613
5752,0.451613
5753,0.451613
5754,0.451613
5755,0.451613
5756,0.451613
5757,0.451613
5758,0.451613
5759,0.451613
5760,0.451613
5761,0.451613
5762,0.451613
5763,0.451613
5764,0.451613
5765,0.451613
5766,0.451613
5767,0.451613
5768,0.451613
5769,0.451613
5770,0.451613
5771,0.451613
5772,0.451613
5773,0.451613
5774,0.451613
5775,0.451613
5776,0.451613
5777,0.451613
5778,0.451613
5779,0.451613
5780,0.451613
5781,0.451613
5782,0.483871
5783,0.483871
5784,0.483871
5785,0.483871
5786,0.483871
5787,0.483871
5788,0.451613
5789,0.451613
5790,0.451613
5791,0.451613
5792,0.451613
5793,0.451613
5794,0.451613
5795,0.451613
5796,0.451613
5797,0.451613
5798,0.451613
5799,0.451613
5800,0.451613
5801,0.451613
5802,0.451613
5803,0.451613
5804,0.451613
5805,0.451613
5806,0.451613
5807,0.451613
5808,0.451613
5809,0.451613
5810,0.451613
5811,0.451613
5812,0.451613
5813,0.451613
5814,0.451613
5815,0.451613
5816,0.451613
5817,0.451613
5818,0.451613
5819,0.451613
5820,0.451613
5821,0.451613
5822,0.451613
5823,0.451613
5824,0.451613
5825,0.451613
5826,0.451613
5827,0.451613
5828,0.451613
5829,0.451613
5830,0.451613
5831,0.451613
5832,0.451613
5833,0.451613
5834,0.451613
5835,0.451613
5836,0.451613
5837,0.451613
5838,0.451613
5839,0.451613
5840,0.451613
5841,0.451613
5842,0.451613
5843,0.451613
5844,0.451613
5845,0.451613
5846,0.451613
5847,0.451613
5848,0.451613
5849,0.451613
5850,0.451613
5851,0.451613
5852,0.451613
5853,0.451613
5854,0.451613
5855,0.451613
5856,0.451613
5857,0.451613
5858,0.451613
5859,0.451613
5860,0.451613
5861,0.516129
5862,0.451613
5863,0.516129
5864,0.483871
5865,0.483871
5866,0.483871
5867,0.483871
5868,0.483871
5869,0.483871
5870,0.483871
5871,0.483871
5872,0.483871
5873,0.483871
5874,0.483871
5875,0.483871
5876,0.483871
5877,0.483871
5878,0.483871
5879,0.483871
5880,0.483871
5881,0.483871
5882,0.483871
5883,0.516129
5884,0.645161
5885,0.483871
5886,0.516129
5887,0.516129
5888,0.516129
5889,0.516129
5890,0.516129
5891,0.516129
5892,0.516129
5893,0.516129
5894,0.516129
5895,0.516129
5896,0.516129
5897,0.516129
5898,0.516129
5899,0.516129
5900,0.516129
5901,0.516129
5902,0.516129
5903,0.516129
5904,0.516129
5905,0.516129
5906,0.516129
5907,0.516129
5908,0.516129
5909,0.516129
5910,0.516129
5911,0.516129
5912,0.516129
5913,0.516129
5914,0.516129
5915,0.516129
5916,0.516129
5917,0.516129
5918,0.516129
5919,0.516129
5920,0.516129
5921,0.516129
5922,0.516129
5923,0.516129
5924,0.516129
5925,0.516129
5926,0.516129
5927,0.516129
5928,0.516129
5929,0.516129
5930,0.516129
5931,0.516129
5932,0.516129
5933,0.516129
5934,0.516129
5935,0.516129
5936,0.516129
5937,0.516129
5938,0.516129
5939,0.516129
5940,0.645161
5941,0.548387
5942,0.677419
5943,0.548387
5944,0.677419
5945,0.548387
5946,0.677419
5947,0.548387
5948,0.677419
5949,0.548387
5950,0.677419
5951,0.548387
5952,0.677419
5953,0.548387
5954,0.677419
5955,0.548387
5956,0.677419
5957,0.548387
5958,0.677419
5959,0.548387
5960,0.677419
5961,0.548387
5962,0.677419
5963,0.548387
5964,0.677419
5965,0.548387
5966,0.677419
5967,0.548387
5968,0.677419
5969,0.548387
5970,0.677419
5971,0.548387
5972,0.677419
5973,0.548387
5974,0.677419
5975,0.548387
5976,0.677419
5977,0.548387
5978,0.677419
5979,0.548387
5980,0.677419
5981,0.548387
5982,0.677419
5983,0.548387
5984,0.677419
5985,0.548387
5986,0.677419
5987,0.548387
5988,0.677419
5989,0.548387
5990,0.677419
5991,0.548387
5992,0.677419
5993,0.548387
5994,0.677419
5995,0.548387
5996,0.677419
5997,0.548387
5998,0.677419
5999,0.548387
6000,0.677419
6001,0.548387
6002,0.677419
6003,0.548387
6004,0.677419
6005,0.548387
6006,0.677419
6007,0.548387
6008,0.677419
6009,0.548387
6010,0.677419
6011,0.548387
6012,0.677419
6013,0.548387
6014,0.677419
6015,0.548387
6016,0.677419
6017,0.548387
6018,0.677419
6019,0.548387
6020,0.677419
6021,0.548387
6022,0.677419
6023,0.548387
6024,0.677419
6025,0.548387
6026,0.677419
6027,0.548387
6028,0.677419
6029,0.548387
6030,0.677419
6031,0.548387
6032,0.677419
6033,0.548387
6034,0.677419
6035,0.548387
6036,0.677419
6037,0.548387
6038,0.677419
6039,0.548387
6040,0.677419
6041,0.548387
6042,0.677419
6043,0.548387
6044,0.677419
6045,0.516129
6046,0.483871
6047,0.677419
6048,0.548387
6049,0.677419
6050,0.548387
6051,0.677419
6052,0.548387
6053,0.677419
6054,0.548387
6055,0.677419
6056,0.548387
6057,0.677419
6058,0.548387
6059,0.677419
6060,0.548387
6061,0.677419
6062,0.548387
6063,0.677419
6064,0.548387
6065,0.677419
6066,0.548387
6067,0.677419
6068,0.548387
6069,0.677419
6070,0.548387
6071,0.645161
6072,0.483871
6073,0.645161
6074,0.451613
6075,0.516129
6076,0.483871
6077,0.483871
6078,0.483871
6079,0.483871
6080,0.483871
6081,0.483871
6082,0.483871
6083,0.483871
6084,0.483871
6085,0.483871
6086,0.516129
6087,0.612903
6088,0.483871
6089,0.677419
6090,0.548387
6091,0.677419
6092,0.548387
6093,0.677419
6094,0.548387
6095,0.677419
6096,0.548387
6097,0.677419
6098,0.548387
6099,0.677419
6100,0.548387
6101,0.677419
6102,0.548387
6103,0.677419
6104,0.548387
6105,0.677419
6106,0.548387
6107,0.677419
6108,0.548387
6109,0.677419
6110,0.516129
6111,0.483871
6112,0.677419
6113,0.548387
6114,0.677419
6115,0.548387
6116,0.677419
6117,0.548387
6118,0.677419
6119,0.548387
6120,0.677419
6121,0.548387
6122,0.677419
6123,0.548387
6124,0.677419
6125,0.548387
6126,0.677419
6127,0.548387
6128,0.677419
6129,0.548387
6130,0.677419
6131,0.548387
6132,0.677419
6133,0.548387
6134,0.677419
6135,0.548387
6136,0.677419
6137,0.548387
6138,0.677419
6139,0.548387
6140,0.677419
6141,0.548387
6142,0.677419
6143,0.548387
6144,0.677419
6145,0.548387
6146,0.677419
6147,0.548387
6148,0.677419
6149,0.548387
6150,0.677419
6151,0.548387
6152,0.677419
6153,0.548387
6154,0.677419
6155,0.548387
6156,0.677419
6157,0.548387
6158,0.677419
6159,0.548387
6160,0.677419
6161,0.548387
6162,0.677419
6163,0.548387
6164,0.677419
6165,0.548387
6166,0.677419
6167,0.548387
6168,0.677419
6169,0.548387
6170,0.677419
6171,0.548387
6172,0.677419
6173,0.548387
6174,0.677419
6175,0.548387
6176,0.677419
6177,0.548387
6178,0.677419
6179,0.548387
6180,0.677419
6181,0.548387
6182,0.677419
6183,0.548387
6184,0.677419
6185,0.548387
6186,0.677419
6187,0.516129
6188,0.483871
6189,0.677419
6190,0.548387
6191,0.677419
6192,0.548387
6193,0.677419
6194,0.548387
6195,0.677419
6196,0.548387
6197,0.677419
6198,0.548387
6199,0.677419
6200,0.548387
6201,0.677419
6202,0.548387
6203,0.677419
6204,0.548387
6205,0.677419
6206,0.548387
6207,0.677419
6208,0.548387
6209,0.677419
6210,0.548387
6211,0.677419
6212,0.548387
6213,0.677419
6214,0.548387
6215,0.677419
6216,0.548387
6217,0.677419
6218,0.548387
6219,0.677419
6220,0.548387
6221,0.677419
6222,0.548387
6223,0.677419
6224,0.548387
6225,0.677419
6226,0.548387
6227,0.645161
6228,0.483871
6229,0.677419
6230,0.548387
6231,0.483871
6232,0.548387
6233,0.516129
6234,0.516129
6235,0.516129
6236,0.548387
6237,0.741935
6238,0.645161
6239,0.709677
6240,0.580645
6241,0.645161
6242,0.612903
6243,0.645161
6244,0.580645
6245,0.516129
6246,0.645161
6247,0.612903
6248,0.645161
6249,0.612903
6250,0.645161
6251,0.612903
6252,0.645161
6253,0.612903
6254,0.645161
6255,0.612903
6256,0.645161
6257,0.612903
6258,0.645161
6259,0.612903
6260,0.645161
6261,0.612903
6262,0.645161
6263,0.612903
6264,0.645161
6265,0.612903
6266,0.645161
6267,0.612903
6268,0.645161
6269,0.612903
6270,0.645161
6271,0.612903
6272,0.645161
6273,0.612903
6274,0.645161
6275,0.612903
6276,0.645161
6277,0.612903
6278,0.645161
6279,0.612903
6280,0.483871
6281,0.548387
6282,0.483871
6283,0.548387
6284,0.483871
6285,0.483871
6286,0.483871
6287,0.483871
6288,0.483871
6289,0.483871
6290,0.483871
6291,0.580645
6292,0.354839
6293,0
6294,0.612903
6295,0.709677
6296,0.774194
6297,0.83871
6298,0.741935
6299,0.83871
6300,0.741935
6301,0.774194
6302,0.225806
6303,1
6304,0.709677
6305,0.806452
6306,0.806452
6307,0.741935
6308,0.870968
6309,0.806452
6310,0.806452
6311,0.870968
6312,0.83871
6313,0.935484
6314,0.935484
6315,0.741935
6316,0.645161
6317,0.870968
6318,0.645161
6319,0.774194
6320,0.806452
6321,0.83871
6322,0.935484
6323,0.935484
6324,0.935484
6325,0.935484
6326,0.935484
6327,0.935484
6328,0.935484
6329,0.83871
6330,0.774194
6331,1
6332,0.935484
6333,0.935484
6334,0.967742
6335,0.967742
6336,0.935484
6337,0.903226
6338,0.903226
6339,0.935484
6340,0.903226
6341,0.935484
6342,0.935484
6343,0.935484
6344,0.935484
6345,0.935484
6346,0.935484
6347,0.935484
6348,0.83871
6349,0.935484
6350,0.83871
6351,0.935484
6352,0.935484
6353,0.870968
6354,0.903226
6355,0.774194
6356,0.870968
6357,0.709677
6358,0.709677
6359,0.774194
6360,0.677419
6361,0.774194
6362,0.580645
6363,0.774194
6364,0.709677
6365,0.483871
6366,0.580645
6367,0.483871
6368,0.548387
6369,0.709677
6370,0.774194
6371,0.709677
6372,0.548387
6373,0.451613
6374,0.677419
6375,0.741935
6376,0.741935
6377,0.225806
6378,0.83871
6379,0.903226
6380,0.709677
6381,0.741935
6382,0.451613
6383,0.741935
6384,0.516129
6385,0.741935
6386,0.580645
6387,0.774194
6388,0.548387
6389,0.741935
6390,0.612903
6391,0.483871
6392,0.741935
6393,0.774194
6394,0.709677
6395,0.709677
6396,0.709677
6397,0.709677
6398,0.709677
6399,0.709677
6400,0.677419
6401,0.709677
6402,0.806452
6403,0.677419
6404,0.741935
6405,0.774194
6406,0.580645
6407,0.83871
6408,0.903226
6409,0.741935
6410,0.741935
6411,0.774194
6412,0.741935
6413,0.774194
6414,0.774194
6415,0.83871
6416,0.870968
6417,0.903226
6418,0.935484
6419,0.935484
6420,0.935484
6421,0.935484
6422,0.903226
6423,0.903226
6424,0.935484
6425,0.935484
6426,0.903226
6427,0.935484
6428,0.903226
6429,0.83871
6430,0.83871
6431,0.967742
6432,0.935484
6433,1
6434,0.967742
6435,0.935484
6436,0.967742
6437,0.935484
6438,0.967742
6439,0.903226
6440,0.83871
6441,0.870968
6442,0.483871
6443,0.580645
6444,0.0967742
6445,0.548387
6446,0.806452
6447,0.709677
6448,0.741935
6449,0.741935
6450,0.806452
6451,0.741935
6452,0.83871
6453,0.451613
6454,0.258065
6455,0.419355
6456,0.741935
6457,0.451613
6458,0.741935
6459,0.483871
6460,0.806452
6461,0.83871
6462,0.709677
6463,0.645161
6464,0.774194
6465,0.709677
6466,0.677419
6467,0.516129
6468,0.645161
6469,0.774194
6470,0.870968
6471,0.83871
6472,0.806452
6473,0.903226
6474,0.903226
6475,0.903226
6476,0.903226
6477,0.903226
6478,0.903226
6479,0.903226
6480,0.903226
6481,0.935484
6482,0.935484
6483,0.709677
6484,0.903226
6485,0.967742
6486,0.870968
6487,0.903226
6488,0.83871
6489,0.903226
6490,0.935484
6491,0.870968
6492,0.935484
6493,0.903226
6494,0.935484
6495,0.903226
6496,0.935484
6497,0.903226
6498,0.967742
6499,0.935484
6500,0.935484
6501,0.935484
6502,0.935484
6503,0.935484
6504,0.935484
6505,0.935484
6506,0.935484
6507,0.935484
6508,0.935484
6509,0.935484
6510,0.903226
6511,0.806452
6512,0.806452
6513,0.774194
6514,0.774194
6515,0.806452
6516,0.709677
6517,0.741935
6518,0.741935
6519,0.645161
6520,0.258065
6521,0.709677
6522,0.741935
6523,0.580645
6524,0.548387
6525,0.612903
6526,0.645161
6527,0.612903
6528,0.774194
6529,0.709677
6530,0.645161
6531,0.580645
6532,0.322581
6533,0.83871
6534,0.83871
6535,0.870968
6536,0.903226
6537,0.83871
6538,0.83871
6539,0.935484
6540,0.83871
6541,0.870968
6542,0.83871
6543,0.935484
6544,0.870968
6545,0.612903
6546,0.774194
6547,0.935484
6548,0.806452
6549,0.870968
6550,0.83871
6551,0.83871
6552,0.806452
6553,0.83871
6554,0.806452
6555,0.83871
6556,0.806452
6557,0.774194
6558,0.83871
6559,0.548387
6560,0.483871
6561,0.677419
6562,0.806452
6563,0.741935
6564,0.806452
6565,0.774194
6566,0.870968
6567,0.870968
6568,0.870968
6569,0.870968
6570,0.83871
6571,0.870968
6572,0.83871
6573,0.870968
6574,0.83871
6575,0.870968
6576,0.83871
6577,0.870968
6578,0.83871
6579,0.870968
6580,0.83871
6581,0.870968
6582,0.83871
6583,0.83871
6584,0.741935
6585,0.774194
6586,0.774194
6587,0.741935
6588,0.806452
6589,0.677419
6590,0.677419
6591,0.709677
6592,0.741935
6593,0.709677
6594,0.709677
6595,0.741935
6596,0.225806
6597,0.741935
6598,0.741935
6599,0.677419
6600,0.580645
6601,0.612903
6602,0.612903
6603,0.645161
6604,0.580645
6605,0.612903
6606,0.612903
6607,0.322581
6608,0.709677
6609,0.741935
6610,0.548387
6611,0.612903
6612,0.548387
6613,0.580645
6614,0.516129
6615,0.548387
6616,0.580645
6617,0.677419
6618,0.677419
6619,0.645161
6620,0.612903
6621,0.612903
6622,0.645161
6623,0.645161
6624,0.645161
6625,0.645161
6626,0.645161
6627,0.645161
6628,0.677419
6629,0.645161
6630,0.677419
6631,0.580645
6632,0.612903
6633,0.645161
6634,0.677419
6635,0.677419
6636,0.741935
6637,0.677419
6638,0.645161
6639,0.548387
6640,0.645161
6641,0.322581
6642,0.612903
6643,0.645161
6644,0.677419
6645,0.16129
6646,0.741935
6647,0.709677
6648,0.645161
6649,0.612903
6650,0.645161
6651,0.612903
6652,0.645161
6653,0.645161
6654,0.645161
6655,0.612903
6656,0.645161
6657,0.612903
6658,0.645161
6659,0.612903
6660,0.645161
6661,0.612903
6662,0.645161
6663,0.612903
6664,0.645161
6665,0.612903
6666,0.645161
6667,0.612903
6668,0.580645
6669,0.580645
6670,0.580645
6671,0.580645
6672,0.612903
6673,0.483871
6674,0.580645
6675,0.548387
6676,0.677419
6677,0.290323
6678,0.645161
6679,0.580645
6680,0.645161
6681,0.612903
6682,0.645161
6683,0.451613
6684,0.677419
6685,0.580645
6686,0.548387
6687,0.677419
6688,0.322581
6689,0.741935
6690,0.935484
6691,0.870968
6692,0.83871
6693,0.83871
6694,0.83871
6695,0.774194
6696,0.83871
6697,0.774194
6698,0.83871
6699,0.774194
6700,0.83871
6701,0.806452
6702,0.903226
6703,0.83871
6704,0.645161
6705,0.741935
6706,0.645161
6707,0.645161
6708,0.225806
6709,0.806452
6710,0.709677
6711,0.580645
6712,0.645161
6713,0.612903
6714,0.612903
6715,0.677419
6716,0.677419
6717,0.580645
6718,0.322581
6719,0.709677
6720,0.741935
6721,0.645161
6722,0.645161
6723,0.322581
6724,0.580645
6725,0.612903
6726,0.677419
6727,0.741935
6728,0.516129
6729,0.709677
6730,0.580645
6731,0.741935
6732,0.612903
6733,0.709677
6734,0.612903
6735,0.709677
6736,0.612903
6737,0.516129
6738,0.741935
6739,0.774194
6740,0.741935
6741,0.774194
6742,0.774194
6743,0.774194
6744,0.806452
6745,0.83871
6746,0.83871
6747,0.870968
6748,0.83871
6749,0.806452
6750,0.483871
6751,0.806452
6752,0.935484
6753,0.903226
6754,0.903226
6755,0.903226
6756,0.903226
6757,0.903226
6758,0.903226
6759,0.903226
6760,0.870968
6761,0.903226
6762,0.870968
6763,0.903226
6764,0.903226
6765,0.903226
6766,0.903226
6767,0.903226
6768,0.903226
6769,0.935484
6770,0.903226
6771,0.935484
6772,0.903226
6773,0.935484
6774,0.903226
6775,0.903226
6776,0.83871
6777,0.870968
6778,0.83871
6779,0.83871
6780,0.709677
6781,0.806452
6782,0.806452
6783,0.774194
6784,0.645161
6785,0.645161
6786,0.645161
6787,0.225806
6788,0.774194
6789,0.612903
6790,0.483871
6791,0.516129
6792,0.677419
6793,0.580645
6794,0.612903
6795,0.580645
6796,0.645161
6797,0.612903
6798,0.677419
6799,0.225806
6800,0.774194
6801,0.548387
6802,0.83871
6803,0.677419
6804,0.548387
6805,0.709677
6806,0.741935
6807,0.677419
6808,0.516129
6809,0.419355
6810,0.709677
6811,0.774194
6812,0.83871
6813,0.258065
6814,0.83871
6815,0.806452
6816,0.645161
6817,0.774194
6818,0.709677
6819,0.709677
6820,0.709677
6821,0.645161
6822,0.612903
6823,0.387097
6824,0.451613
6825,0.580645
6826,0.451613
6827,0.483871
6828,0.483871
6829,0.741935
6830,0.709677
6831,0.709677
6832,0.612903
6833,0.774194
6834,0.774194
6835,0.709677
6836,0.741935
6837,0.806452
6838,0.741935
6839,0.774194
6840,0.741935
6841,0.580645
6842,0.774194
6843,0.903226
6844,0.903226
6845,0.935484
6846,0.935484
6847,0.903226
6848,0.935484
6849,0.935484
6850,0.935484
6851,0.935484
6852,0.935484
6853,0.967742
6854,0.935484
6855,0.83871
6856,0.774194
6857,0.870968
6858,0.741935
6859,0.83871
6860,0.903226
6861,0.935484
6862,0.935484
6863,0.935484
6864,0.935484
6865,0.935484
6866,0.870968
6867,0.903226
6868,0.903226
6869,0.83871
6870,0.741935
6871,0.741935
6872,0.774194
6873,0.741935
6874,0.806452
6875,0.580645
6876,0.741935
6877,0.709677
6878,0.741935
6879,0.709677
6880,0.806452
6881,0.806452
6882,0.774194
6883,0.774194
6884,0.548387
6885,0.387097
6886,0.451613
6887,0.322581
6888,0.419355
6889,0.322581
6890,0.548387
6891,0.451613
6892,0.193548
6893,0.709677
6894,0.774194
6895,0.709677
6896,0.580645
6897,0.612903
6898,0.645161
6899,0.645161
6900,0.645161
6901,0.612903
6902,0.645161
6903,0.258065
6904,0.741935
6905,0.677419
6906,0.612903
6907,0.612903
6908,0.612903
6909,0.612903
6910,0.483871
6911,0.612903
6912,0.645161
6913,0.677419
6914,0.322581
6915,0.677419
6916,0.580645
6917,0.806452
6918,0.903226
6919,0.870968
6920,0.806452
6921,0.903226
6922,0.774194
6923,0.83871
6924,0.903226
6925,0.83871
6926,0.806452
6927,0.870968
6928,0.709677
6929,0.83871
6930,0.967742
6931,0.967742
6932,0.967742
6933,0.967742
6934,0.967742
6935,0.967742
6936,0.967742
6937,0.935484
6938,0.967742
6939,0.903226
6940,0.935484
6941,0.967742
6942,0.580645
6943,0.806452
6944,0.903226
6945,0.903226
6946,0.903226
6947,0.903226
6948,0.903226
6949,0.903226
6950,0.903226
6951,0.935484
6952,0.870968
6953,0.903226
6954,0.935484
6955,0.967742
6956,0.903226
6957,0.935484
6958,0.935484
6959,0.935484
6960,0.903226
6961,0.903226
6962,0.903226
6963,0.903226
6964,0.83871
6965,0.741935
6966,0.741935
6967,0.741935
6968,0.741935
6969,0.741935
6970,0.741935
6971,0.709677
6972,0.774194
6973,0.774194
6974,0.774194
6975,0.645161
6976,0.806452
6977,0.83871
6978,0.290323
6979,0.83871
6980,0.709677
6981,0.83871
6982,0.709677
6983,0.612903
6984,0.83871
6985,0.741935
6986,0.806452
6987,0.774194
6988,0.709677
6989,0.645161
6990,0.580645
6991,0.709677
6992,0.709677
6993,0.741935
6994,0.774194
6995,0.741935
6996,0.741935
6997,0.741935
6998,0.774194
6999,0.709677
7000,0.774194
7001,0.290323
7002,0.903226
7003,0.741935
7004,0.580645
7005,0.451613
7006,0.645161
7007,0.548387
7008,0.677419
7009,0.677419
7010,0.709677
7011,0.774194
7012,0.709677
7013,0.645161
7014,0.483871
7015,0.677419
7016,0.806452
7017,0.741935
7018,0.774194
7019,0.870968
7020,0.806452
7021,0.741935
7022,0.83871
7023,0.83871
7024,0.741935
7025,0.741935
7026,0.774194
7027,0.709677
7028,0.451613
7029,0.741935
7030,0.83871
7031,0.741935
7032,0.774194
7033,0.741935
7034,0.806452
7035,0.903226
7036,0.83871
7037,0.903226
7038,0.870968
7039,0.83871
7040,0.870968
7041,0.83871
7042,0.83871
7043,0.83871
7044,0.870968
7045,0.806452
7046,0.870968
7047,0.806452
7048,0.741935
7049,0.741935
7050,0.741935
7051,0.741935
7052,0.741935
7053,0.806452
7054,0.774194
7055,0.806452
7056,0.774194
7057,0.741935
7058,0.774194
7059,0.870968
7060,0.774194
7061,0.83871
7062,0.741935
7063,0.580645
7064,0.806452
7065,0.290323
7066,0.83871
7067,0.83871
7068,0.774194
7069,0.677419
7070,0.645161
7071,0.548387
7072,0.483871
7073,0.677419
7074,0.516129
7075,0.451613
7076,0.354839
7077,0.741935
7078,0.709677
7079,0.645161
7080,0.419355
7081,0.387097
7082,0.677419
7083,0.645161
7084,0.709677
7085,0.645161
7086,0.709677
7087,0.677419
7088,0.709677
7089,0.741935
7090,0.709677
7091,0.709677
7092,0.709677
7093,0.612903
7094,0.451613
7095,0.741935
7096,0.935484
7097,0.83871
7098,0.741935
7099,0.806452
7100,0.741935
7101,0.83871
7102,0.580645
7103,0.741935
7104,0.741935
7105,0.677419
7106,0.451613
7107,0.258065
7108,0.612903
7109,0.516129
7110,0.709677
7111,0.709677
7112,0.612903
7113,0.580645
7114,0.612903
7115,0.612903
7116,0.741935
7117,0.645161
7118,0.483871
7119,0.451613
7120,0.774194
7121,0.677419
7122,0.354839
7123,0.548387
7124,0.612903
7125,0.645161
7126,0.709677
7127,0.548387
7128,0.741935
7129,0.612903
7130,0.677419
7131,0.645161
7132,0.774194
7133,0.741935
7134,0.870968
7135,0.774194
7136,0.580645
7137,0.709677
7138,0.774194
7139,0.806452
7140,0.774194
7141,0.806452
7142,0.83871
7143,0.741935
7144,0.774194
7145,0.774194
7146,0.774194
7147,0.806452
7148,0.806452
7149,0.741935
7150,0.516129
7151,0.709677
7152,0.806452
7153,0.741935
7154,0.806452
7155,0.83871
7156,0.83871
7157,0.870968
7158,0.870968
7159,0.870968
7160,0.83871
7161,0.935484
7162,0.870968
7163,0.870968
7164,0.870968
7165,0.870968
7166,0.870968
7167,0.870968
7168,0.870968
7169,0.870968
7170,0.870968
7171,0.870968
7172,0.870968
7173,0.870968
7174,0.870968
7175,0.83871
7176,0.870968
7177,0.83871
7178,0.83871
7179,0.806452
7180,0.83871
7181,0.774194
7182,0.741935
7183,0.612903
7184,0.741935
7185,0.741935
7186,0.225806
7187,0.741935
7188,0.645161
7189,0.741935
7190,0.580645
7191,0.580645
7192,0.774194
7193,0.709677
7194,0.806452
7195,0.774194
7196,0.645161
7197,0.548387
7198,0.870968
7199,0.677419
7200,0.677419
7201,0.709677
7202,0.741935
7203,0.741935
7204,0.709677
7205,0.741935
7206,0.741935
7207,0.741935
7208,0.516129
7209,0.516129
7210,0.870968
7211,0.806452
7212,0.83871
7213,0.645161
7214,0.903226
7215,0.709677
7216,0.870968
7217,0.709677
7218,0.870968
7219,0.741935
7220,0.806452
7221,0.709677
7222,0.580645
7223,0.935484
7224,0.83871
7225,0.516129
7226,0.483871
7227,0.580645
7228,0.548387
7229,0.580645
7230,0.548387
7231,0.741935
7232,0.709677
7233,0.709677
7234,0.677419
7235,0.677419
7236,0.129032
7237,0.870968
7238,0.774194
7239,0.709677
7240,0.741935
7241,0.870968
7242,0.870968
7243,0.935484
7244,0.870968
7245,0.870968
7246,0.903226
7247,0.870968
7248,0.903226
7249,0.903226
7250,0.903226
7251,0.903226
7252,0.903226
7253,0.903226
7254,0.83871
7255,0.903226
7256,0.903226
7257,0.83871
7258,0.903226
7259,0.83871
7260,0.83871
7261,0.83871
7262,0.83871
7263,0.83871
7264,0.83871
7265,0.806452
7266,0.741935
7267,0.806452
7268,0.709677
7269,0.709677
7270,0.677419
7271,0.677419
7272,0.516129
7273,0.258065
7274,0.483871
7275,0.774194
7276,0.548387
7277,0.677419
7278,0.612903
7279,0.645161
7280,0.612903
7281,0.677419
7282,0.709677
7283,0.516129
7284,0.225806
7285,0.645161
7286,0.612903
7287,0.677419
7288,0.677419
7289,0.677419
7290,0.645161
7291,0.645161
7292,0.677419
7293,0.677419
7294,0.612903
7295,0.290323
7296,0.903226
7297,0.580645
7298,0.870968
7299,0.774194
7300,0.580645
7301,0.870968
7302,0.709677
7303,0.774194
7304,0.806452
7305,0.806452
7306,0.83871
7307,0.870968
7308,0.774194
7309,0.806452
7310,0.806452
7311,0.83871
7312,0.774194
7313,0.806452
7314,0.677419
7315,0.612903
7316,0.709677
7317,0.709677
7318,0.677419
7319,0.709677
7320,0.709677
7321,0.612903
7322,0.741935
7323,0.483871
7324,0.774194
7325,0.870968
7326,0.774194
7327,0.870968
7328,0.83871
7329,0.903226
7330,0.83871
7331,0.903226
7332,0.83871
7333,0.903226
7334,0.870968
7335,0.903226
7336,0.903226
7337,0.903226
7338,0.903226
7339,0.870968
7340,0.903226
7341,0.903226
7342,0.903226
7343,0.903226
7344,0.903226
7345,0.870968
7346,0.903226
7347,0.903226
7348,0.903226
7349,0.903226
7350,0.870968
7351,0.870968
7352,0.774194
7353,0.774194
7354,0.741935
7355,0.774194
7356,0.741935
7357,0.741935
7358,0.483871
7359,0.225806
7360,0.419355
7361,0.741935
7362,0.645161
7363,0.580645
7364,0.612903
7365,0.612903
7366,0.645161
7367,0.645161
7368,0.677419
7369,0.483871
7370,0.483871
7371,0.580645
7372,0.612903
7373,0.645161
7374,0.645161
7375,0.677419
7376,0.612903
7377,0.612903
7378,0.677419
7379,0.645161
7380,0.677419
7381,0.225806
7382,0.806452
7383,0.548387
7384,0.774194
7385,0.774194
7386,0.774194
7387,0.709677
7388,0.806452
7389,0.741935
7390,0.774194
7391,0.870968
7392,0.83871
7393,0.774194
7394,0.677419
7395,0.83871
7396,0.83871
7397,0.774194
7398,0.612903
7399,0.709677
7400,0.741935
7401,0.612903
7402,0.677419
7403,0.709677
7404,0.677419
7405,0.709677
7406,0.709677
7407,0.709677
7408,0.483871
7409,0.709677
7410,0.806452
7411,0.774194
7412,0.774194
7413,0.903226
7414,0.83871
7415,0.903226
7416,0.83871
7417,0.903226
7418,0.83871
7419,0.903226
7420,0.83871
7421,0.903226
7422,0.83871
7423,0.903226
7424,0.83871
7425,0.903226
7426,0.83871
7427,0.903226
7428,0.870968
7429,0.903226
7430,0.83871
7431,0.903226
7432,0.806452
7433,0.806452
7434,0.870968
7435,0.774194
7436,0.741935
7437,0.709677
7438,0.741935
7439,0.709677
7440,0.709677
7441,0.709677
7442,0.612903
7443,0.645161
7444,0.516129
7445,0.225806
7446,0.419355
7447,0.741935
7448,0.580645
7449,0.580645
7450,0.580645
7451,0.677419
7452,0.612903
7453,0.709677
7454,0.677419
7455,0.548387
7456,0.419355
7457,0.580645
7458,0.645161
7459,0.677419
7460,0.645161
7461,0.677419
7462,0.677419
7463,0.580645
7464,0.677419
7465,0.677419
7466,0.677419
7467,0.354839
7468,0.548387
7469,0.741935
7470,0.741935
7471,0.870968
7472,0.677419
7473,0.83871
7474,0.709677
7475,0.774194
7476,0.741935
7477,0.806452
7478,0.806452
7479,0.806452
7480,0.870968
7481,0.709677
7482,0.806452
7483,0.83871
7484,0.870968
7485,0.83871
7486,0.741935
7487,0.677419
7488,0.774194
7489,0.83871
7490,0.741935
7491,0.774194
7492,0.741935
7493,0.580645
7494,0.129032
7495,0.483871
7496,0.741935
7497,0.806452
7498,0.870968
7499,0.870968
7500,0.870968
7501,0.903226
7502,0.903226
7503,0.903226
7504,0.903226
7505,0.903226
7506,0.903226
7507,0.903226
7508,0.903226
7509,0.903226
7510,0.903226
7511,0.903226
7512,0.903226
7513,0.903226
7514,0.903226
7515,0.903226
7516,0.903226
7517,0.870968
7518,0.903226
7519,0.870968
7520,0.903226
7521,0.870968
7522,0.903226
7523,0.870968
7524,0.774194
7525,0.870968
7526,0.774194
7527,0.870968
7528,0.677419
7529,0.741935
7530,0.677419
7531,0.322581
7532,0.709677
7533,0.612903
7534,0.645161
7535,0.483871
7536,0.548387
7537,0.483871
7538,0.580645
7539,0.483871
7540,0.612903
7541,0.516129
7542,0.322581
7543,0.419355
7544,0.645161
7545,0.645161
7546,0.645161
7547,0.645161
7548,0.645161
7549,0.580645
7550,0.645161
7551,0.645161
7552,0.645161
7553,0.419355
7554,0.548387
7555,0.612903
7556,0.645161
7557,0.741935
7558,0.516129
7559,0.774194
7560,0.645161
7561,0.709677
7562,0.677419
7563,0.741935
7564,0.774194
7565,0.903226
7566,0.741935
7567,0.612903
7568,0.774194
7569,0.741935
7570,0.741935
7571,0.774194
7572,0.774194
7573,0.741935
7574,0.709677
7575,0.774194
7576,0.774194
7577,0.774194
7578,0.774194
7579,0.774194
7580,0.806452
7581,0.806452
7582,0.709677
7583,0.741935
7584,0.903226
7585,0.870968
7586,0.870968
7587,0.903226
7588,0.903226
7589,0.903226
7590,0.903226
7591,0.935484
7592,0.903226
7593,0.903226
7594,0.903226
7595,0.870968
7596,0.903226
7597,0.870968
7598,0.903226
7599,0.870968
7600,0.903226
7601,0.903226
7602,0.903226
7603,0.870968
7604,0.83871
7605,0.870968
7606,0.83871
7607,0.870968
7608,0.83871
7609,0.83871
7610,0.709677
7611,0.741935
7612,0.677419
7613,0.645161
7614,0.677419
7615,0.612903
7616,0.645161
7617,0.451613
7618,0.774194
7619,0.677419
7620,0.741935
7621,0.612903
7622,0.548387
7623,0.548387
7624,0.677419
7625,0.548387
7626,0.677419
7627,0.612903
7628,0.580645
7629,0.258065
7630,0.741935
7631,0.612903
7632,0.645161
7633,0.677419
7634,0.645161
7635,0.645161
7636,0.612903
7637,0.645161
7638,0.677419
7639,0.774194
7640,0.483871
7641,0.903226
7642,0.645161
7643,0.870968
7644,0.870968
7645,0.612903
7646,0.870968
7647,0.774194
7648,0.935484
7649,0.83871
7650,0.83871
7651,0.903226
7652,0.806452
7653,0.741935
7654,0.806452
7655,0.83871
7656,0.83871
7657,0.870968
7658,0.83871
7659,0.83871
7660,0.580645
7661,0.580645
7662,0.677419
7663,0.774194
7664,0.774194
7665,0.774194
7666,0.709677
7667,0.774194
7668,0.16129
7669,0.903226
7670,0.935484
7671,0.870968
7672,0.870968
7673,0.903226
7674,0.935484
7675,0.935484
7676,0.935484
7677,0.935484
7678,0.935484
7679,0.935484
7680,0.935484
7681,0.935484
7682,0.935484
7683,0.935484
7684,0.935484
7685,0.935484
7686,0.935484
7687,0.935484
7688,0.935484
7689,0.935484
7690,0.935484
7691,0.935484
7692,0.935484
7693,0.935484
7694,0.935484
7695,0.935484
7696,0.903226
7697,0.741935
7698,0.870968
7699,0.870968
7700,0.903226
7701,0.870968
7702,0.677419
7703,0.774194
7704,0.645161
7705,0.322581
7706,0.677419
7707,0.806452
7708,0.580645
7709,0.516129
7710,0.580645
7711,0.612903
7712,0.548387
7713,0.741935
7714,0.709677
7715,0.645161
7716,0.483871
7717,0.290323
7718,0.774194
7719,0.806452
7720,0.709677
7721,0.612903
7722,0.774194
7723,0.709677
7724,0.645161
7725,0.709677
7726,0.354839
7727,0.612903
7728,0.645161
7729,0.677419
7730,0.451613
7731,0.225806
7732,0.645161
7733,0.516129
7734,0.645161
7735,0.580645
7736,0.548387
7737,0.612903
7738,0.709677
7739,0.645161
7740,0.612903
7741,0.580645
7742,0.612903
7743,0.387097
7744,0.709677
7745,0.612903
7746,0.806452
7747,0.645161
7748,0.774194
7749,0.709677
7750,0.451613
7751,0.774194
7752,0.806452
7753,0.709677
7754,0.677419
7755,0.709677
7756,0.677419
7757,0.709677
7758,0.322581
7759,0.709677
7760,0.83871
7761,0.83871
7762,0.774194
7763,0.806452
7764,0.806452
7765,0.83871
7766,0.741935
7767,0.870968
7768,0.870968
7769,0.83871
7770,0.806452
7771,0.83871
7772,0.774194
7773,0.709677
7774,0.741935
7775,0.903226
7776,0.741935
7777,0.83871
7778,0.870968
7779,0.870968
7780,0.870968
7781,0.870968
7782,0.870968
7783,0.870968
7784,0.870968
7785,0.870968
7786,0.83871
7787,0.83871
7788,0.741935
7789,0.806452
7790,0.709677
7791,0.774194
7792,0.774194
7793,0.709677
7794,0.741935
7795,0.709677
7796,0.709677
7797,0.709677
7798,0.774194
7799,0.741935
7800,0.774194
7801,0.677419
7802,0.774194
7803,0.83871
7804,0.83871
7805,0.806452
7806,0.548387
7807,0.548387
7808,0.483871
7809,0.612903
7810,0.387097
7811,0.645161
7812,0.580645
7813,0.580645
7814,0.516129
7815,0.645161
7816,0.580645
7817,0.612903
7818,0.548387
7819,0.580645
7820,0.290323
7821,0.677419
7822,0.580645
7823,0.612903
7824,0.612903
7825,0.677419
7826,0.612903
7827,0.612903
7828,0.612903
7829,0.612903
7830,0.709677
7831,0.354839
7832,0.83871
7833,0.709677
7834,0.806452
7835,0.870968
7836,0.741935
7837,0.774194
7838,0.806452
7839,0.741935
7840,0.870968
7841,0.774194
7842,0.774194
7843,0.741935
7844,0.774194
7845,0.741935
7846,0.774194
7847,0.870968
7848,0.935484
7849,0.935484
7850,0.935484
7851,0.935484
7852,0.935484
7853,0.935484
7854,0.935484
7855,0.935484
7856,0.935484
7857,0.903226
7858,0.870968
7859,0.903226
7860,0.193548
7861,0.903226
7862,0.935484
7863,0.870968
7864,0.870968
7865,0.870968
7866,0.870968
7867,0.903226
7868,0.903226
7869,0.870968
7870,0.870968
7871,0.870968
7872,0.870968
7873,0.870968
7874,0.774194
7875,0.806452
7876,0.774194
7877,0.806452
7878,0.709677
7879,0.774194
7880,0.774194
7881,0.709677
7882,0.709677
7883,0.709677
7884,0.709677
7885,0.709677
7886,0.870968
7887,0.741935
7888,0.741935
7889,0.870968
7890,0.903226
7891,0.774194
7892,0.774194
7893,0.870968
7894,0.354839
7895,0.806452
7896,0.806452
7897,0.516129
7898,0.548387
7899,0.483871
7900,0.580645
7901,0.612903
7902,0.451613
7903,0.677419
7904,0.419355
7905,0.516129
7906,0.387097
7907,0.806452
7908,0.774194
7909,0.516129
7910,0.677419
7911,0.645161
7912,0.645161
7913,0.645161
7914,0.645161
7915,0.645161
7916,0.451613
7917,0.387097
7918,0.709677
7919,0.677419
7920,0.709677
7921,0.741935
7922,0.741935
7923,0.806452
7924,0.83871
7925,0.83871
7926,0.83871
7927,0.741935
7928,0.741935
7929,0.741935
7930,0.483871
7931,0.774194
7932,0.967742
7933,0.870968
7934,0.870968
7935,0.870968
7936,0.870968
7937,0.870968
7938,0.870968
7939,0.870968
7940,0.870968
7941,0.870968
7942,0.870968
7943,0.870968
7944,0.83871
7945,0.774194
7946,0.387097
7947,0.516129
7948,0.741935
7949,0.83871
7950,0.709677
7951,0.806452
7952,0.774194
7953,0.83871
7954,0.83871
7955,0.806452
7956,0.870968
7957,0.83871
7958,0.806452
7959,0.774194
7960,0.83871
7961,0.83871
7962,0.83871
7963,0.806452
7964,0.709677
7965,0.741935
7966,0.709677
7967,0.741935
7968,0.709677
7969,0.741935
7970,0.709677
7971,0.419355
7972,0.612903
7973,0.483871
7974,0.677419
7975,0.548387
7976,0.516129
7977,0.516129
7978,0.548387
7979,0.516129
7980,0.612903
7981,0.580645
7982,0.548387
7983,0.548387
7984,0.580645
7985,0.483871
7986,0.451613
7987,0.548387
7988,0.709677
7989,0.483871
7990,0.741935
7991,0.419355
7992,0.645161
7993,0.709677
7994,0.677419
7995,0.354839
7996,0.612903
7997,0.612903
7998,0.645161
7999,0.677419
8000,0.677419
8001,0.677419
8002,0.677419
8003,0.677419
8004,0.645161
8005,0.709677
8006,0.290323
8007,0.774194
8008,0.806452
8009,0.677419
8010,0.741935
8011,0.709677
8012,0.741935
8013,0.709677
8014,0.709677
8015,0.774194
8016,0.741935
8017,0.709677
8018,0.741935
8019,0.709677
8020,0.774194
8021,0.741935
8022,0.774194
8023,0.774194
8024,0.83871
8025,0.709677
8026,0.806452
8027,0.774194
8028,0.774194
8029,0.774194
8030,0.806452
8031,0.806452
8032,0.806452
8033,0.193548
8034,0.870968
8035,0.967742
8036,0.741935
8037,0.741935
8038,0.870968
8039,0.83871
8040,0.903226
8041,0.903226
8042,0.903226
8043,0.935484
8044,0.935484
8045,0.935484
8046,0.935484
8047,0.935484
8048,0.935484
8049,0.935484
8050,0.935484
8051,0.935484
8052,0.935484
8053,0.935484
8054,0.935484
8055,0.935484
8056,0.935484
8057,0.903226
8058,0.870968
8059,0.870968
8060,0.870968
8061,0.83871
8062,0.709677
8063,0.83871
8064,0.774194
8065,0.806452
8066,0.677419
8067,0.709677
8068,0.709677
8069,0.451613
8070,0.419355
8071,0.548387
8072,0.741935
8073,0.548387
8074,0.580645
8075,0.645161
8076,0.645161
8077,0.580645
8078,0.645161
8079,0.677419
8080,0.709677
8081,0.483871
8082,0.258065
8083,0.709677
8084,0.709677
8085,0.741935
8086,0.580645
8087,0.83871
8088,0.774194
8089,0.741935
8090,0.83871
8091,0.516129
8092,0.806452
8093,0.709677
8094,0.645161
8095,0.322581
8096,0.129032
8097,0.387097
8098,0.806452
8099,0.806452
8100,0.774194
8101,0.580645
8102,0.580645
8103,0.677419
8104,0.612903
8105,0.709677
8106,0.645161
8107,0.709677
8108,0.580645
8109,0.612903
8110,0.354839
8111,0.483871
8112,0.83871
8113,0.645161
8114,0.83871
8115,0.774194
8116,0.806452
8117,0.774194
8118,0.741935
8119,0.645161
8120,0.870968
8121,0.806452
8122,0.774194
8123,0.806452
8124,0.451613
8125,0.709677
8126,0.967742
8127,0.903226
8128,0.935484
8129,0.935484
8130,0.935484
8131,0.903226
8132,0.935484
8133,0.903226
8134,0.903226
8135,0.903226
8136,0.806452
8137,0.774194
8138,0.483871
8139,0.774194
8140,0.935484
8141,0.806452
8142,0.870968
8143,0.903226
8144,0.935484
8145,0.903226
8146,0.903226
8147,0.903226
8148,0.903226
8149,0.935484
8150,0.903226
8151,0.870968
8152,0.903226
8153,0.935484
8154,0.935484
8155,0.935484
8156,0.935484
8157,0.935484
8158,0.935484
8159,0.935484
8160,0.806452
8161,0.806452
8162,0.83871
8163,0.870968
8164,0.83871
8165,0.709677
8166,0.677419
8167,0.709677
8168,0.741935
8169,0.580645
8170,0.709677
8171,0.677419
8172,0.354839
8173,0.677419
8174,0.580645
8175,0.612903
8176,0.516129
8177,0.419355
8178,0.612903
8179,0.677419
8180,0.645161
8181,0.645161
8182,0.709677
8183,0.741935
8184,0.225806
8185,0.806452
8186,0.709677
8187,0.741935
8188,0.806452
8189,0.516129
8190,0.806452
8191,0.806452
8192,0.806452
8193,0.741935
8194,0.741935
8195,0.709677
8196,0.548387
8197,0.580645
8198,0.612903
8199,0.709677
8200,0.677419
8201,0.290323
8202,0.741935
8203,0.967742
8204,0.516129
8205,0.806452
8206,0.83871
8207,0.612903
8208,0.709677
8209,0.612903
8210,0.645161
8211,0.645161
8212,0.709677
8213,0.645161
8214,0.451613
8215,0.709677
8216,0.483871
8217,0.806452
8218,0.83871
8219,0.774194
8220,0.83871
8221,0.612903
8222,0.774194
8223,0.83871
8224,0.806452
8225,0.612903
8226,0.806452
8227,0.870968
8228,0.645161
8229,0.612903
8230,0.741935
8231,0.774194
8232,0.806452
8233,0.83871
8234,0.806452
8235,0.870968
8236,0.741935
8237,0.870968
8238,0.741935
8239,0.870968
8240,0.774194
8241,0.774194
8242,0.354839
8243,0
8244,0.322581
8245,0.774194
8246,0.387097
8247,0.741935
8248,0.451613
8249,0.709677
8250,0.709677
8251,0.741935
8252,0.677419
8253,0.741935
8254,0.677419
8255,0.741935
8256,0.709677
8257,0.741935
8258,0.677419
8259,0.741935
8260,0.709677
8261,0.709677
8262,0.741935
8263,0.709677
8264,0.741935
8265,0.709677
8266,0.709677
8267,0.709677
8268,0.709677
8269,0.709677
8270,0.709677
8271,0.612903
8272,0.580645
8273,0.580645
8274,0.580645
8275,0.612903
8276,0.451613
8277,0.483871
8278,0.483871
8279,0.483871
8280,0.612903
8281,0.387097
8282,0.548387
8283,0.645161
8284,0.451613
8285,0.709677
8286,0.516129
8287,0.677419
8288,0.709677
8289,0.548387
8290,0.483871
8291,0.709677
8292,0.903226
8293,0.806452
8294,0.903226
8295,0.806452
8296,0.903226
8297,0.806452
8298,0.903226
8299,0.709677
8300,0.806452
8301,0.870968
8302,0.580645
8303,0.806452
8304,0.709677
8305,0.548387
8306,0.645161
8307,0.290323
8308,0.580645
8309,0.677419
8310,0.580645
8311,0.645161
8312,0.612903
8313,0.709677
8314,0.645161
8315,0.483871
8316,0.774194
8317,0.967742
8318,0.709677
8319,0.677419
8320,0.645161
8321,0.709677
8322,0.483871
8323,0.774194
8324,0.870968
8325,0.741935
8326,0.677419
8327,0.741935
8328,0.709677
8329,0.677419
8330,0.806452
8331,0.774194
8332,0.774194
8333,0.83871
8334,0.709677
8335,0.516129
8336,0.709677
8337,0.741935
8338,0.741935
8339,0.741935
8340,0.741935
8341,0.741935
8342,0.741935
8343,0.774194
8344,0.774194
8345,0.774194
8346,0.774194
8347,0.774194
8348,0.225806
8349,0.322581
8350,0.806452
8351,0.903226
8352,0.83871
8353,0.774194
8354,0.903226
8355,0.870968
8356,0.870968
8357,0.806452
8358,0.774194
8359,0.774194
8360,0.774194
8361,0.870968
8362,0.870968
8363,0.870968
8364,0.870968
8365,0.870968
8366,0.870968
8367,0.870968
8368,0.870968
8369,0.870968
8370,0.870968
8371,0.774194
8372,0.774194
8373,0.870968
8374,0.774194
8375,0.870968
8376,0.774194
8377,0.806452
8378,0.806452
8379,0.83871
8380,0.83871
8381,0.677419
8382,0.709677
8383,0.354839
8384,0.677419
8385,0.612903
8386,0.709677
8387,0.16129
8388,0.709677
8389,0.83871
8390,0.580645
8391,0.612903
8392,0.645161
8393,0.677419
8394,0.774194
8395,0.451613
8396,0.806452
8397,0.709677
8398,0.741935
8399,0.870968
8400,0.451613
8401,0.741935
8402,0.612903
8403,0.709677
8404,0.645161
8405,0.741935
8406,0.612903
8407,0.580645
8408,0.387097
8409,0.580645
8410,0.677419
8411,0.612903
8412,0.290323
8413,0.774194
8414,0.935484
8415,0.612903
8416,0.677419
8417,0.516129
8418,0.612903
8419,0.677419
8420,0.645161
8421,0.645161
8422,0.645161
8423,0.645161
8424,0.612903
8425,0.451613
8426,0.677419
8427,0.580645
8428,0.741935
8429,0.516129
8430,0.645161
8431,0.709677
8432,0.516129
8433,0.774194
8434,0.612903
8435,0.645161
8436,0.580645
8437,0.709677
8438,0.774194
8439,0.677419
8440,0.419355
8441,0.677419
8442,0.806452
8443,0.774194
8444,0.741935
8445,0.741935
8446,0.741935
8447,0.741935
8448,0.741935
8449,0.741935
8450,0.741935
8451,0.870968
8452,0.870968
8453,0.83871
8454,0.677419
8455,0.419355
8456,0.774194
8457,0.806452
8458,0.741935
8459,0.774194
8460,0.580645
8461,0.645161
8462,0.677419
8463,0.612903
8464,0.645161
8465,0.677419
8466,0.677419
8467,0.677419
8468,0.709677
8469,0.709677
8470,0.774194
8471,0.774194
8472,0.741935
8473,0.741935
8474,0.741935
8475,0.806452
8476,0.741935
8477,0.774194
8478,0.580645
8479,0.774194
8480,0.419355
8481,0.741935
8482,0.419355
8483,0.774194
8484,0.290323
8485,0.774194
8486,0.354839
8487,0.741935
8488,0.741935
8489,0.774194
8490,0.612903
8491,0.806452
8492,0.225806
8493,0.741935
8494,0.83871
8495,0.903226
8496,0.806452
8497,0.903226
8498,0.806452
8499,0.903226
8500,0.83871
8501,0.870968
8502,0.774194
8503,0.903226
8504,0.774194
8505,0.870968
8506,0.741935
8507,0.870968
8508,0.806452
8509,0.870968
8510,0.741935
8511,0.612903
8512,0.709677
8513,0.612903
8514,0.580645
8515,0.612903
8516,0.258065
8517,0.516129
8518,0.354839
8519,0.709677
8520,0.677419
8521,0.612903
8522,0.580645
8523,0.612903
8524,0.580645
8525,0.612903
8526,0.612903
8527,0.612903
8528,0.612903
8529,0.580645
8530,0.645161
8531,0.645161
8532,0.709677
8533,0.516129
8534,0.516129
8535,0.677419
8536,0.645161
8537,0.806452
8538,0.677419
8539,0.806452
8540,0.709677
8541,0.709677
8542,0.612903
8543,0.741935
8544,0.645161
8545,0.741935
8546,0.612903
8547,0.741935
8548,0.774194
8549,0.774194
8550,0.774194
8551,0.774194
8552,0.774194
8553,0.774194
8554,0.774194
8555,0.774194
8556,0.774194
8557,0.774194
8558,0.774194
8559,0.774194
8560,0.741935
8561,0.129032
8562,0.870968
8563,0.967742
8564,0.741935
8565,0.806452
8566,0.806452
8567,0.870968
8568,0.83871
8569,0.870968
8570,0.774194
8571,0.774194
8572,0.774194
8573,0.774194
8574,0.774194
8575,0.774194
8576,0.774194
8577,0.774194
8578,0.774194
8579,0.774194
8580,0.774194
8581,0.774194
8582,0.774194
8583,0.774194
8584,0.774194
8585,0.774194
8586,0.83871
8587,0.741935
8588,0.806452
8589,0.806452
8590,0.806452
8591,0.774194
8592,0.806452
8593,0.645161
8594,0.645161
8595,0.580645
8596,0.258065
8597,0.612903
8598,0.645161
8599,0.580645
8600,0.548387
8601,0.548387
8602,0.645161
8603,0.580645
8604,0.709677
8605,0.645161
8606,0.645161
8607,0.483871
8608,0.225806
8609,0.645161
8610,0.83871
8611,0.741935
8612,0.709677
8613,0.645161
8614,0.806452
8615,0.806452
8616,0.709677
8617,0.580645
8618,0.709677
8619,0.580645
8620,0.645161
8621,0.580645
8622,0.677419
8623,0.774194
8624,0.290323
8625,0.774194
8626,0.967742
8627,0.548387
8628,0.83871
8629,0.774194
8630,0.612903
8631,0.741935
8632,0.677419
8633,0.677419
8634,0.645161
8635,0.709677
8636,0.645161
8637,0.451613
8638,0.709677
8639,0.548387
8640,0.806452
8641,0.903226
8642,0.774194
8643,0.548387
8644,0.774194
8645,0.774194
8646,0.774194
8647,0.741935
8648,0.806452
8649,0.806452
8650,0.806452
8651,0.612903
8652,0.419355
8653,0.677419
8654,0.83871
8655,0.774194
8656,0.806452
8657,0.806452
8658,0.83871
8659,0.806452
8660,0.83871
8661,0.806452
8662,0.83871
8663,0.806452
8664,0.774194
8665,0.774194
8666,0.387097
8667,0.709677
8668,0.83871
8669,0.806452
8670,0.774194
8671,0.83871
8672,0.806452
8673,0.870968
8674,0.806452
8675,0.774194
8676,0.870968
8677,0.774194
8678,0.774194
8679,0.774194
8680,0.774194
8681,0.774194
8682,0.774194
8683,0.774194
8684,0.774194
8685,0.774194
8686,0.774194
8687,0.774194
8688,0.774194
8689,0.774194
8690,0.774194
8691,0.774194
8692,0.83871
8693,0.677419
8694,0.83871
8695,0.774194
8696,0.83871
8697,0.806452
8698,0.677419
8699,0.774194
8700,0.354839
8701,0.741935
8702,0.774194
8703,0.741935
8704,0.483871
8705,0.516129
8706,0.645161
8707,0.612903
8708,0.580645
8709,0.709677
8710,0.677419
8711,0.774194
8712,0.258065
8713,0.806452
8714,0.806452
8715,0.83871
8716,0.774194
8717,0.612903
8718,0.806452
8719,0.645161
8720,0.741935
8721,0.645161
8722,0.677419
8723,0.612903
8724,0.741935
8725,0.451613
8726,0.258065
8727,0.387097
8728,0.709677
8729,0.516129
8730,0.225806
8731,0.612903
8732,0.612903
8733,0.677419
8734,0.709677
8735,0.612903
8736,0.612903
8737,0.677419
8738,0.645161
8739,0.741935
8740,0.612903
8741,0.548387
8742,0.580645
8743,0.774194
8744,0.516129
8745,0.580645
8746,0.806452
8747,0.709677
8748,0.806452
8749,0.677419
8750,0.741935
8751,0.774194
8752,0.709677
8753,0.709677
8754,0.741935
8755,0.709677
8756,0.741935
8757,0.709677
8758,0.451613
8759,0.709677
8760,0.741935
8761,0.774194
8762,0.774194
8763,0.774194
8764,0.774194
8765,0.774194
8766,0.774194
8767,0.774194
8768,0.774194
8769,0.774194
8770,0.645161
8771,0.129032
8772,0.870968
8773,0.967742
8774,0.774194
8775,0.806452
8776,0.806452
8777,0.806452
8778,0.774194
8779,0.83871
8780,0.83871
8781,0.806452
8782,0.83871
8783,0.806452
8784,0.83871
8785,0.83871
8786,0.870968
8787,0.774194
8788,0.741935
8789,0.774194
8790,0.774194
8791,0.83871
8792,0.83871
8793,0.83871
8794,0.83871
8795,0.83871
8796,0.83871
8797,0.774194
8798,0.83871
8799,0.709677
8800,0.741935
8801,0.709677
8802,0.741935
8803,0.741935
8804,0.741935
8805,0.709677
8806,0.741935
8807,0.451613
8808,0.483871
8809,0.451613
8810,0.774194
8811,0.806452
8812,0.548387
8813,0.709677
8814,0.580645
8815,0.709677
8816,0.612903
8817,0.774194
8818,0.580645
8819,0.709677
8820,0.548387
8821,0.741935
8822,0.83871
8823,0.83871
8824,0.548387
8825,0.741935
8826,0.451613
8827,0.645161
8828,0.741935
8829,0.741935
8830,0.741935
8831,0.548387
8832,0.774194
8833,0.806452
8834,0.580645
8835,0.451613
8836,0.677419
8837,0.709677
8838,0.612903
8839,0.290323
8840,0.612903
8841,0.612903
8842,0.483871
8843,0.774194
8844,0.580645
8845,0.612903
8846,0.677419
8847,0.709677
8848,0.677419
8849,0.741935
8850,0.774194
8851,0.322581
8852,0.741935
8853,0.774194
8854,0.83871
8855,0.806452
8856,0.774194
8857,0.774194
8858,0.774194
8859,0.741935
8860,0.774194
8861,0.709677
8862,0.709677
8863,0.677419
8864,0.709677
8865,0.709677
8866,0.709677
8867,0.709677
8868,0.709677
8869,0.741935
8870,0.741935
8871,0.741935
8872,0.741935
8873,0.709677
8874,0.741935
8875,0.483871
8876,0.677419
8877,0.580645
8878,0.354839
8879,0.548387
8880,0.774194
8881,0.612903
8882,0.677419
8883,0.612903
8884,0.709677
8885,0.612903
8886,0.806452
8887,0.645161
8888,0.451613
8889,0.645161
8890,0.709677
8891,0.741935
8892,0.741935
8893,0.774194
8894,0.83871
8895,0.903226
8896,0.83871
8897,0.83871
8898,0.903226
8899,0.83871
8900,0.83871
8901,0.83871
8902,0.870968
8903,0.806452
8904,0.83871
8905,0.806452
8906,0.741935
8907,0.83871
8908,0.806452
8909,0.709677
8910,0.83871
8911,0.774194
8912,0.741935
8913,0.354839
8914,0.645161
8915,0.451613
8916,0.419355
8917,0.612903
8918,0.580645
8919,0.612903
8920,0.612903
8921,0.612903
8922,0.741935
8923,0.645161
8924,0.709677
8925,0.225806
8926,0.83871
8927,0.677419
8928,0.774194
8929,0.741935
8930,0.548387
8931,0.83871
8932,0.612903
8933,0.709677
8934,0.548387
8935,0.774194
8936,0.709677
8937,0.322581
8938,0.225806
8939,0.645161
8940,0.612903
8941,0.516129
8942,0.225806
8943,0.677419
8944,0.741935
8945,0.709677
8946,0.677419
8947,0.612903
8948,0.645161
8949,0.709677
8950,0.645161
8951,0.677419
8952,0.677419
8953,0.741935
8954,0.419355
8955,0.806452
8956,0.741935
8957,0.451613
8958,0.741935
8959,0.612903
8960,0.774194
8961,0.645161
8962,0.741935
8963,0.709677
8964,0.709677
8965,0.709677
8966,0.709677
8967,0.677419
8968,0.709677
8969,0.774194
8970,0.677419
8971,0.709677
8972,0.870968
8973,0.741935
8974,0.741935
8975,0.741935
8976,0.774194
8977,0.774194
8978,0.774194
8979,0.774194
8980,0.774194
8981,0.774194
8982,0.709677
8983,0.741935
8984,0.419355
8985,0.774194
8986,0.903226
8987,0.774194
8988,0.806452
8989,0.806452
8990,0.774194
8991,0.83871
8992,0.806452
8993,0.83871
8994,0.83871
8995,0.741935
8996,0.806452
8997,0.709677
8998,0.741935
8999,0.870968
9000,0.741935
9001,0.774194
9002,0.83871
9003,0.83871
9004,0.806452
9005,0.774194
9006,0.83871
9007,0.83871
9008,0.774194
9009,0.83871
9010,0.774194
9011,0.83871
9012,0.677419
9013,0.741935
9014,0.741935
9015,0.774194
9016,0.709677
9017,0.709677
9018,0.709677
9019,0.516129
9020,0.645161
9021,0.612903
9022,0.645161
9023,0.548387
9024,0.612903
9025,0.645161
9026,0.677419
9027,0.548387
9028,0.774194
9029,0.741935
9030,0.709677
9031,0.322581
9032,0.741935
9033,0.806452
9034,0.806452
9035,0.83871
9036,0.677419
9037,0.774194
9038,0.741935
9039,0.709677
9040,0.677419
9041,0.709677
9042,0.83871
9043,0.548387
9044,0.645161
9045,0.612903
9046,0.516129
9047,0.741935
9048,0.290323
9049,0.709677
9050,0.903226
9051,0.483871
9052,0.774194
9053,0.935484
9054,0.548387
9055,0.645161
9056,0.612903
9057,0.709677
9058,0.612903
9059,0.677419
9060,0.612903
9061,0.516129
9062,0.774194
9063,0.387097
9064,0.806452
9065,0.83871
9066,0.806452
9067,0.612903
9068,0.806452
9069,0.645161
9070,0.806452
9071,0.612903
9072,0.774194
9073,0.806452
9074,0.806452
9075,0.709677
9076,0.580645
9077,0.709677
9078,0.806452
9079,0.774194
9080,0.806452
9081,0.806452
9082,0.83871
9083,0.806452
9084,0.83871
9085,0.806452
9086,0.83871
9087,0.83871
9088,0.870968
9089,0.612903
9090,0.645161
9091,0.580645
9092,0.806452
9093,0.774194
9094,0.774194
9095,0.774194
9096,0.83871
9097,0.870968
9098,0.806452
9099,0.83871
9100,0.774194
9101,0.83871
9102,0.774194
9103,0.83871
9104,0.83871
9105,0.83871
9106,0.83871
9107,0.903226
9108,0.83871
9109,0.870968
9110,0.806452
9111,0.83871
9112,0.83871
9113,0.806452
9114,0.774194
9115,0.870968
9116,0.83871
9117,0.83871
9118,0.806452
9119,0.741935
9120,0.774194
9121,0.774194
9122,0.677419
9123,0.645161
9124,0.677419
9125,0.645161
9126,0.451613
9127,0.677419
9128,0.322581
9129,0.612903
9130,0.645161
9131,0.580645
9132,0.677419
9133,0.580645
9134,0.741935
9135,0.709677
9136,0.645161
9137,0.774194
9138,0.258065
9139,0.83871
9140,0.677419
9141,0.774194
9142,0.741935
9143,0.580645
9144,0.806452
9145,0.645161
9146,0.709677
9147,0.516129
9148,0.741935
9149,0.322581
9150,0.612903
9151,0.354839
9152,0.677419
9153,0.516129
9154,0.741935
9155,0.903226
9156,0.580645
9157,0.709677
9158,0.548387
9159,0.580645
9160,0.677419
9161,0.677419
9162,0.677419
9163,0.677419
9164,0.645161
9165,0.709677
9166,0.483871
9167,0.741935
9168,0.387097
9169,0.83871
9170,0.774194
9171,0.774194
9172,0.806452
9173,0.645161
9174,0.806452
9175,0.774194
9176,0.741935
9177,0.806452
9178,0.774194
9179,0.83871
9180,0.709677
9181,0.774194
9182,0.83871
9183,0.806452
9184,0.774194
9185,0.870968
9186,0.774194
9187,0.870968
9188,0.806452
9189,0.870968
9190,0.806452
9191,0.83871
9192,0.741935
9193,0.741935
9194,0.709677
9195,0.580645
9196,0.741935
9197,0.774194
9198,0.774194
9199,0.774194
9200,0.870968
9201,0.870968
9202,0.774194
9203,0.870968
9204,0.806452
9205,0.83871
9206,0.806452
9207,0.83871
9208,0.774194
9209,0.774194
9210,0.774194
9211,0.774194
9212,0.83871
9213,0.774194
9214,0.83871
9215,0.806452
9216,0.83871
9217,0.806452
9218,0.774194
9219,0.774194
9220,0.774194
9221,0.774194
9222,0.83871
9223,0.806452
9224,0.741935
9225,0.741935
9226,0.741935
9227,0.741935
9228,0.645161
9229,0.741935
9230,0.677419
9231,0.483871
9232,0.580645
9233,0.129032
9234,0.451613
9235,0.612903
9236,0.612903
9237,0.709677
9238,0.612903
9239,0.741935
9240,0.741935
9241,0.677419
9242,0.774194
9243,0.258065
9244,0.83871
9245,0.612903
9246,0.741935
9247,0.774194
9248,0.580645
9249,0.806452
9250,0.806452
9251,0.709677
9252,0.677419
9253,0.677419
9254,0.709677
9255,0.580645
9256,0.645161
9257,0.774194
9258,0.548387
9259,0.677419
9260,0.322581
9261,0.741935
9262,0.83871
9263,0.516129
9264,0.741935
9265,0.83871
9266,0.483871
9267,0.645161
9268,0.612903
9269,0.645161
9270,0.645161
9271,0.645161
9272,0.612903
9273,0.516129
9274,0.774194
9275,0.387097
9276,0.83871
9277,0.806452
9278,0.83871
9279,0.774194
9280,0.645161
9281,0.806452
9282,0.83871
9283,0.806452
9284,0.774194
9285,0.806452
9286,0.83871
9287,0.774194
9288,0.548387
9289,0.709677
9290,0.870968
9291,0.806452
9292,0.870968
9293,0.806452
9294,0.83871
9295,0.870968
9296,0.806452
9297,0.83871
9298,0.774194
9299,0.83871
9300,0.741935
9301,0.774194
9302,0.548387
9303,0.774194
9304,0.870968
9305,0.774194
9306,0.774194
9307,0.83871
9308,0.774194
9309,0.774194
9310,0.83871
9311,0.83871
9312,0.903226
9313,0.806452
9314,0.870968
9315,0.806452
9316,0.83871
9317,0.806452
9318,0.903226
9319,0.83871
9320,0.870968
9321,0.870968
9322,0.870968
9323,0.806452
9324,0.741935
9325,0.83871
9326,0.741935
9327,0.806452
9328,0.709677
9329,0.709677
9330,0.645161
9331,0.677419
9332,0.677419
9333,0.741935
9334,0.741935
9335,0.677419
9336,0.774194
9337,0.451613
9338,0.741935
9339,0.677419
9340,0.709677
9341,0.516129
9342,0.709677
9343,0.741935
9344,0.677419
9345,0.677419
9346,0.741935
9347,0.677419
9348,0.774194
9349,0.258065
9350,0.806452
9351,0.483871
9352,0.741935
9353,0.774194
9354,0.580645
9355,0.774194
9356,0.709677
9357,0.709677
9358,0.612903
9359,0.612903
9360,0.709677
9361,0.419355
9362,0.516129
9363,0.516129
9364,0.580645
9365,0.645161
9366,0.258065
9367,0.709677
9368,0.903226
9369,0.580645
9370,0.709677
9371,0.451613
9372,0.451613
9373,0.612903
9374,0.612903
9375,0.677419
9376,0.612903
9377,0.612903
9378,0.612903
9379,0.451613
9380,0.645161
9381,0.354839
9382,0.774194
9383,0.741935
9384,0.709677
9385,0.612903
9386,0.774194
9387,0.709677
9388,0.806452
9389,0.709677
9390,0.806452
9391,0.83871
9392,0.774194
9393,0.645161
9394,0.580645
9395,0.741935
9396,0.83871
9397,0.806452
9398,0.83871
9399,0.870968
9400,0.774194
9401,0.870968
9402,0.870968
9403,0.83871
9404,0.903226
9405,0.870968
9406,0.870968
9407,0.806452
9408,0.677419
9409,0.451613
9410,0.774194
9411,0.935484
9412,0.83871
9413,0.83871
9414,0.774194
9415,0.903226
9416,0.83871
9417,0.903226
9418,0.83871
9419,0.903226
9420,0.903226
9421,0.903226
9422,0.903226
9423,0.903226
9424,0.903226
9425,0.903226
9426,0.903226
9427,0.903226
9428,0.903226
9429,0.903226
9430,0.903226
9431,0.903226
9432,0.903226
9433,0.903226
9434,0.903226
9435,0.741935
9436,0.806452
9437,0.806452
9438,0.774194
9439,0.806452
9440,0.709677
9441,0.806452
9442,0.677419
9443,0.774194
9444,0.451613
9445,0.677419
9446,0.612903
9447,0.645161
9448,0.612903
9449,0.645161
9450,0.709677
9451,0.645161
9452,0.741935
9453,0.741935
9454,0.677419
9455,0.612903
9456,0.290323
9457,0.774194
9458,0.774194
9459,0.83871
9460,0.903226
9461,0.548387
9462,0.774194
9463,0.774194
9464,0.83871
9465,0.83871
9466,0.774194
9467,0.741935
9468,0.322581
9469,0.225806
9470,0.483871
9471,0.709677
9472,0.322581
9473,0.774194
9474,0.967742
9475,0.580645
9476,0.806452
9477,0.774194
9478,0.580645
9479,0.677419
9480,0.709677
9481,0.677419
9482,0.741935
9483,0.741935
9484,0.580645
9485,0.612903
9486,0.83871
9487,0.354839
9488,0.548387
9489,0.774194
9490,0.709677
9491,0.806452
9492,0.677419
9493,0.741935
9494,0.709677
9495,0.677419
9496,0.741935
9497,0.741935
9498,0.677419
9499,0.709677
9500,0.612903
9501,0.645161
9502,0.741935
9503,0.903226
9504,0.903226
9505,0.903226
9506,0.83871
9507,0.903226
9508,0.83871
9509,0.903226
9510,0.83871
9511,0.903226
9512,0.870968
9513,0.903226
9514,0.741935
9515,0.774194
9516,0.967742
9517,0.774194
9518,0.870968
9519,0.83871
9520,0.870968
9521,0.83871
9522,0.806452
9523,0.903226
9524,0.903226
9525,0.903226
9526,0.903226
9527,0.903226
9528,0.903226
9529,0.903226
9530,0.903226
9531,0.903226
9532,0.903226
9533,0.903226
9534,0.903226
9535,0.903226
9536,0.903226
9537,0.903226
9538,0.903226
9539,0.903226
9540,0.741935
9541,0.806452
9542,0.774194
9543,0.709677
9544,0.806452
9545,0.774194
9546,0.83871
9547,0.741935
9548,0.806452
9549,0.483871
9550,0.483871
9551,0.580645
9552,0.354839
9553,0.483871
9554,0.612903
9555,0.645161
9556,0.677419
9557,0.580645
9558,0.741935
9559,0.677419
9560,0.709677
9561,0.322581
9562,0.774194
9563,0.806452
9564,0.83871
9565,0.903226
9566,0.741935
9567,0.83871
9568,0.870968
9569,0.774194
9570,0.83871
9571,0.774194
9572,0.870968
9573,0.419355
9574,0.580645
9575,0.548387
9576,0.709677
9577,0.741935
9578,0.258065
9579,0.741935
9580,0.935484
9581,0.483871
9582,0.83871
9583,0.709677
9584,0.612903
9585,0.677419
9586,0.774194
9587,0.645161
9588,0.709677
9589,0.709677
9590,0.580645
9591,0.580645
9592,0.806452
9593,0.580645
9594,0.83871
9595,0.806452
9596,0.806452
9597,0.83871
9598,0.483871
9599,0.741935
9600,0.83871
9601,0.709677
9602,0.548387
9603,0.677419
9604,0.709677
9605,0.677419
9606,0.419355
9607,0.709677
9608,0.806452
9609,0.741935
9610,0.83871
9611,0.806452
9612,0.870968
9613,0.806452
9614,0.903226
9615,0.903226
9616,0.903226
9617,0.903226
9618,0.903226
9619,0.935484
9620,0.870968
9621,0.677419
9622,0.774194
9623,0.935484
9624,0.83871
9625,0.870968
9626,0.870968
9627,0.903226
9628,0.903226
9629,0.903226
9630,0.903226
9631,0.903226
9632,0.903226
9633,0.903226
9634,0.870968
9635,0.806452
9636,0.903226
9637,0.903226
9638,0.903226
9639,0.903226
9640,0.870968
9641,0.903226
9642,0.903226
9643,0.903226
9644,0.870968
9645,0.903226
9646,0.903226
9647,0.870968
9648,0.741935
9649,0.870968
9650,0.806452
9651,0.903226
9652,0.741935
9653,0.741935
9654,0.741935
9655,0.354839
9656,0.709677
9657,0.548387
9658,0.806452
9659,0.580645
9660,0.580645
9661,0.483871
9662,0.548387
9663,0.451613
9664,0.645161
9665,0.451613
9666,0.516129
9667,0.387097
9668,0.806452
9669,0.709677
9670,0.580645
9671,0.709677
9672,0.677419
9673,0.612903
9674,0.645161
9675,0.612903
9676,0.645161
9677,0.677419
9678,0.322581
9679,0.741935
9680,0.774194
9681,0.709677
9682,0.516129
9683,0.774194
9684,0.677419
9685,0.677419
9686,0.677419
9687,0.709677
9688,0.741935
9689,0.741935
9690,0.645161
9691,0.451613
9692,0.709677
9693,0.83871
9694,0.741935
9695,0.709677
9696,0.709677
9697,0.709677
9698,0.709677
9699,0.83871
9700,0.774194
9701,0.870968
9702,0.806452
9703,0.903226
9704,0.83871
9705,0.903226
9706,0.83871
9707,0.903226
9708,0.580645
9709,0.741935
9710,0.903226
9711,0.83871
9712,0.83871
9713,0.870968
9714,0.774194
9715,0.774194
9716,0.870968
9717,0.741935
9718,0.870968
9719,0.806452
9720,0.870968
9721,0.806452
9722,0.870968
9723,0.870968
9724,0.806452
9725,0.870968
9726,0.806452
9727,0.870968
9728,0.806452
9729,0.870968
9730,0.806452
9731,0.903226
9732,0.870968
9733,0.741935
9734,0.870968
9735,0.806452
9736,0.903226
9737,0.741935
9738,0.709677
9739,0.83871
9740,0.354839
9741,0.709677
9742,0.645161
9743,0.83871
9744,0.677419
9745,0.677419
9746,0.419355
9747,0.612903
9748,0.451613
9749,0.451613
9750,0.612903
9751,0.709677
9752,0.258065
9753,0.645161
9754,0.870968
9755,0.580645
9756,0.612903
9757,0.419355
9758,0.0645161
9759,0.387097
9760,0.806452
9761,0.516129
9762,0.806452
9763,0.741935
9764,0.258065
9765,0.580645
9766,0.580645
9767,0.580645
9768,0.580645
9769,0.516129
9770,0.548387
9771,0.741935
9772,0.741935
9773,0.677419
9774,0.741935
9775,0.774194
9776,0.677419
9777,0.709677
9778,0.741935
9779,0.258065
9780,0.709677
9781,0.806452
9782,0.677419
9783,0.806452
9784,0.645161
9785,0.677419
9786,0.709677
9787,0.677419
9788,0.709677
9789,0.645161
9790,0.677419
9791,0.580645
9792,0.645161
9793,0.709677
9794,0.741935
9795,0.870968
9796,0.677419
9797,0.806452
9798,0.83871
9799,0.903226
9800,0.935484
9801,0.935484
9802,0.870968
9803,0.741935
9804,0.677419
9805,0.709677
9806,0.806452
9807,0.612903
9808,0.741935
9809,0.83871
9810,0.806452
9811,0.83871
9812,0.774194
9813,0.774194
9814,0.774194
9815,0.806452
9816,0.774194
9817,0.741935
9818,0.774194
9819,0.806452
9820,0.774194
9821,0.806452
9822,0.774194
9823,0.806452
9824,0.774194
9825,0.806452
9826,0.774194
9827,0.806452
9828,0.709677
9829,0.806452
9830,0.709677
9831,0.806452
9832,0.774194
9833,0.806452
9834,0.709677
9835,0.806452
9836,0.741935
9837,0.290323
9838,0.677419
9839,0.709677
9840,0.741935
9841,0.580645
9842,0.580645
9843,0.645161
9844,0.612903
9845,0.709677
9846,0.677419
9847,0.580645
9848,0.612903
9849,0.354839
9850,0.677419
9851,0.774194
9852,0.709677
9853,0.741935
9854,0.709677
9855,0.709677
9856,0.709677
9857,0.709677
9858,0.741935
9859,0.516129
9860,0.548387
9861,0.774194
9862,0.741935
9863,0.806452
9864,0.677419
9865,0.83871
9866,0.83871
9867,0.741935
9868,0.677419
9869,0.774194
9870,0.806452
9871,0.870968
9872,0.870968
9873,0.645161
9874,0.774194
9875,0.967742
9876,0.83871
9877,0.83871
9878,0.83871
9879,0.806452
9880,0.870968
9881,0.806452
9882,0.774194
9883,0.774194
9884,0.774194
9885,0.774194
9886,0.16129
9887,0.870968
9888,0.903226
9889,0.677419
9890,0.774194
9891,0.774194
9892,0.774194
9893,0.322581
9894,0.741935
9895,0.774194
9896,0.677419
9897,0.709677
9898,0.741935
9899,0.774194
9900,0.774194
9901,0.709677
9902,0.677419
9903,0.645161
9904,0.612903
9905,0.677419
9906,0.677419
9907,0.741935
9908,0.774194
9909,0.774194
9910,0.709677
9911,0.709677
9912,0.774194
9913,0.709677
9914,0.774194
9915,0.709677
9916,0.774194
9917,0.709677
9918,0.774194
9919,0.677419
9920,0.612903
9921,0.290323
9922,0.806452
9923,0.870968
9924,0.322581
9925,0.548387
9926,0.741935
9927,0.677419
9928,0.741935
9929,0.580645
9930,0.774194
9931,0.709677
9932,0.741935
9933,0.290323
9934,0.83871
9935,0.967742
9936,0.83871
9937,0.83871
9938,0.677419
9939,0.741935
9940,0.709677
9941,0.709677
9942,0.741935
9943,0.709677
9944,0.516129
9945,0.677419
9946,0.741935
9947,0.419355
9948,0.193548
9949,0.419355
9950,0.774194
9951,0.483871
9952,0.741935
9953,0.612903
9954,0.612903
9955,0.645161
9956,0.677419
9957,0.645161
9958,0.709677
9959,0.677419
9960,0.548387
9961,0.483871
9962,0.806452
9963,0.451613
9964,0.806452
9965,0.709677
9966,0.774194
9967,0.870968
9968,0.645161
9969,0.83871
9970,0.612903
9971,0.806452
9972,0.709677
9973,0.774194
9974,0.741935
9975,0.677419
9976,0.387097
9977,0.741935
9978,0.903226
9979,0.806452
9980,0.774194
9981,0.83871
9982,0.774194
9983,0.774194
9984,0.774194
9985,0.83871
9986,0.741935
9987,0.741935
9988,0.83871
9989,0.709677
9990,0.741935
9991,0.709677
9992,0.709677
9993,0.870968
9994,0.83871
9995,0.741935
9996,0.709677
9997,0.741935
9998,0.741935
9999,0.741935
