index,score
0,1
1,1
2,1
3,1
4,1
5,1
6,1
7,1
8,0.83871
9,1
10,1
11,1
12,1
13,1
14,1
15,1
16,0
17,0
18,0
19,0
20,0
21,0
22,0
23,0
24,0
25,0
26,0
27,0
28,0
29,0
30,0.0322581
31,0.0645161
32,0
33,0.0322581
34,0.0645161
35,0
36,0.0322581
37,0
38,0
39,0
40,0
41,0
42,0
43,0.0322581
44,0
45,0
46,0
47,0
48,0
49,0
50,0.0322581
51,0.0967742
52,0.83871
53,1
54,1
55,1
56,1
57,1
58,1
59,1
60,1
61,1
62,0.903226
63,0.903226
64,0.870968
65,0.83871
66,0.0645161
67,0
68,0.0967742
69,0.129032
70,0.0967742
71,0.0645161
72,0.0967742
73,0.16129
74,0.225806
75,1
76,0.903226
77,0.83871
78,0.83871
79,0
80,0
81,0.0322581
82,0.0967742
83,0.0322581
84,0.0645161
85,0.0967742
86,0.0645161
87,0.0322581
88,0
89,0
90,0
91,0.0967742
92,0.0967742
93,0
94,0
95,0
96,0
97,0.0645161
98,0.0645161
99,0.16129
100,0.0967742
101,0.0967742
102,0.16129
103,0.129032
104,0.16129
105,0.16129
106,0.0967742
107,0
108,0
109,0.0322581
110,0.0967742
111,0.0645161
112,0
113,0.16129
114,0.16129
115,0.16129
116,0.258065
117,1
118,0.0645161
119,0.129032
120,0.0322581
121,0.0967742
122,0
123,0
124,0
125,0
126,0.0967742
127,0
128,0
129,0
130,0
131,0
132,0
133,0
134,0
135,0
136,0
137,0
138,0
139,0
140,0
141,0
142,0
143,0
144,0
145,0.0322581
146,0
147,0
148,0
149,0.0967742
150,0
151,0
152,0
153,0.0322581
154,0.0322581
155,0.0645161
156,0.0645161
157,0.0645161
158,0.0645161
159,0.0645161
160,0.0645161
161,0
162,0
163,0.0967742
164,0.0967742
165,0
166,0
167,0
168,0
169,0
170,0
171,0.0645161
172,0.0645161
173,0.258065
174,1
175,0.903226
176,0.0967742
177,0.0967742
178,0.0322581
179,0
180,0
181,0
182,0.0645161
183,0.0967742
184,0.0967742
185,0.0967742
186,0.0967742
187,0.0967742
188,0.0967742
189,0.0322581
190,0
191,0.0645161
192,0
193,0
194,0
195,0
196,0
197,0
198,0
199,0.0967742
200,0
201,0
202,0.0967742
203,0.0967742
204,0.129032
205,0.0967742
206,0
207,0.0967742
208,0
209,0.0967742
210,0
211,0
212,0
213,0.0322581
214,0.0322581
215,0.0322581
216,0.0322581
217,0
218,0
219,0
220,0.0645161
221,0.0645161
222,0.129032
223,0.16129
224,0.193548
225,1
226,0.225806
227,0.0645161
228,0.0645161
229,0.0322581
230,0.0322581
231,0.0322581
232,0.0322581
233,0.0322581
234,0.0645161
235,0.0645161
236,0.0322581
237,0
238,0.0322581
239,0.0322581
240,0.0645161
241,0.0645161
242,0.0967742
243,0.0322581
244,0.0645161
245,0.0645161
246,0.0645161
247,0.0322581
248,0.0322581
249,0.0645161
250,0.0322581
251,0.0967742
252,0.0967742
253,0.0967742
254,0.0967742
255,0.0967742
256,0.0967742
257,0.0967742
258,0.0322581
259,0.0322581
260,0.0322581
261,0.0322581
262,0.0322581
263,0.225806
264,1
265,0.0322581
266,0
267,0
268,0
269,0
270,0
271,0
272,0
273,0.0645161
274,0.0645161
275,0.0645161
276,0.0645161
277,0.0645161
278,0.0645161
279,0.225806
280,1
281,0.0322581
282,0.0322581
283,0
284,0
285,0
286,0.0645161
287,0.129032
288,0.129032
289,0.129032
290,0.0645161
291,0.129032
292,0.0645161
293,0.0322581
294,0
295,0.0645161
296,0.0645161
297,0.0645161
298,0.0967742
299,0.0967742
300,0.0967742
301,0.0967742
302,0.225806
303,0.225806
304,0.225806
305,0.0967742
306,0.0322581
307,0.0322581
308,0.0967742
309,0.0645161
310,0.0645161
311,0.0645161
312,0.0645161
313,0.129032
314,0.129032
315,0.0645161
316,0.0645161
317,0.0645161
318,0.0645161
319,0.0967742
320,0.0322581
321,0.0322581
322,0.0322581
323,0.0645161
324,0.0322581
325,0.0967742
326,0.16129
327,0.0645161
328,0.16129
329,0.16129
330,0.16129
331,0.0645161
332,0.0645161
333,0.0322581
334,0.0322581
335,0.0322581
336,0.0967742
337,0.0967742
338,0.0967742
339,0.0967742
340,0.0645161
341,0.0645161
342,0.258065
343,1
344,0.0967742
345,0.16129
346,0.193548
347,0.225806
348,0.0967742
349,0.0967742
350,0
351,0.483871
352,1
353,1
354,1
355,1
356,1
357,0.0645161
358,0.774194
359,1
360,0.774194
361,1
362,1
363,1
364,1
365,1
366,1
367,0.967742
368,0.0322581
369,0.16129
370,0.290323
371,1
372,0.225806
373,1
374,0.290323
375,1
376,0.806452
377,0.580645
378,0.870968
379,0.258065
380,1
381,0.258065
382,0.967742
383,0.193548
384,0.548387
385,0.387097
386,0.419355
387,0.322581
388,0.935484
389,0.322581
390,0.322581
391,0.258065
392,0.225806
393,0.774194
394,0.419355
395,1
396,1
397,0.774194
398,1
399,0.548387
400,0.451613
401,0.451613
402,0.322581
403,0.258065
404,0.290323
405,0.354839
406,0.806452
407,0.290323
408,0.193548
409,0.258065
410,0.387097
411,1
412,0.225806
413,0.193548
414,0.193548
415,0.193548
416,0.16129
417,0.193548
418,1
419,0.129032
420,0.225806
421,0.612903
422,0.258065
423,0.258065
424,0.258065
425,0.16129
426,0.193548
427,0.354839
428,0.806452
429,0.0645161
430,0.0645161
431,0.225806
432,0.129032
433,0.0967742
434,0.0322581
435,0.0967742
436,0.129032
437,0.225806
438,0.387097
439,0.419355
440,0.16129
441,0.0967742
442,0.16129
443,0.193548
444,1
445,0.16129
446,0.129032
447,0.16129
448,0.258065
449,1
450,0.419355
451,1
452,1
453,0.483871
454,1
455,1
456,0.967742
457,0.741935
458,0.580645
459,0.354839
460,0.548387
461,0.354839
462,0.0645161
463,0.0967742
464,0.0967742
465,0.129032
466,0.0967742
467,0.0967742
468,0.0645161
469,0.193548
470,0.258065
471,0.870968
472,1
473,1
474,1
475,1
476,1
477,1
478,0.774194
479,0.548387
480,0.225806
481,0.322581
482,0.774194
483,0.322581
484,0.387097
485,0.322581
486,1
487,0.354839
488,0.258065
489,0.258065
490,0.129032
491,0.129032
492,0.129032
493,0.0967742
494,0.129032
495,0.16129
496,0.225806
497,0.225806
498,1
499,0.290323
500,0.387097
501,0.16129
502,0.16129
503,0.16129
504,0.0645161
505,0.0645161
506,0.0967742
507,0.0967742
508,0.0967742
509,0.0967742
510,0.0645161
511,0.0645161
512,0.0645161
513,0.0645161
514,0.0645161
515,0.0967742
516,0.129032
517,0.0967742
518,0.0967742
519,0.0967742
520,0.0645161
521,0.0645161
522,0.0645161
523,0.0645161
524,0.0645161
525,0.0322581
526,0.0322581
527,0.0322581
528,0.0322581
529,0.0322581
530,0.0645161
531,0.0645161
532,0.0645161
533,0.0645161
534,0.129032
535,0.16129
536,0.225806
537,1
538,1
539,1
540,1
541,0.967742
542,1
543,1
544,0.225806
545,0.290323
546,0.129032
547,0.0967742
548,0.0645161
549,0.0645161
550,0.129032
551,0.0967742
552,0.0967742
553,0.0967742
554,0.0967742
555,0.0645161
556,0.0322581
557,0.129032
558,0.129032
559,0.129032
560,0.129032
561,0.129032
562,0.129032
563,0.225806
564,0.16129
565,0.0645161
566,0.0967742
567,0.16129
568,0.0967742
569,0.0967742
570,0.258065
571,0.967742
572,0.387097
573,0.935484
574,0.483871
575,0.483871
576,0.967742
577,1
578,0.967742
579,0.935484
580,0.709677
581,0.967742
582,0.967742
583,0.83871
584,0.83871
585,0.612903
586,0.16129
587,0.709677
588,1
589,0.870968
590,0.870968
591,0.709677
592,0.967742
593,0.645161
594,0.741935
595,0.129032
596,0.0967742
597,0.0967742
598,0.0967742
599,0.16129
600,0.0967742
601,0.0322581
602,0.0645161
603,0.0967742
604,0.0645161
605,0.193548
606,0.258065
607,0.193548
608,0.193548
609,0.225806
610,0.258065
611,0.258065
612,0.225806
613,0.16129
614,0.0967742
615,0.0967742
616,0.16129
617,0.129032
618,0.129032
619,0.16129
620,0.16129
621,0.16129
622,0.193548
623,0.193548
624,0.16129
625,0.16129
626,0.0645161
627,0.0645161
628,0.0322581
629,0.0322581
630,0.193548
631,0.258065
632,0.258065
633,0.16129
634,0.258065
635,0.354839
636,0.387097
637,0.225806
638,0.193548
639,0.290323
640,0.290323
641,0.0645161
642,0.0967742
643,0.129032
644,0.16129
645,0.322581
646,0.354839
647,0.225806
648,0.225806
649,0.16129
650,0.16129
651,0.225806
652,0.193548
653,0.225806
654,0.290323
655,0.258065
656,0.225806
657,0.193548
658,0.225806
659,0.258065
660,0.258065
661,0.258065
662,0.322581
663,0.387097
664,0.322581
665,0.354839
666,0.354839
667,0.0967742
668,0.16129
669,0.129032
670,0.193548
671,0.129032
672,0.0645161
673,0.0645161
674,0.225806
675,0.129032
676,0.0322581
677,0.0322581
678,0.129032
679,0.16129
680,0.129032
681,0.258065
682,0.322581
683,0.806452
684,0.193548
685,0.16129
686,0.16129
687,0.16129
688,0.193548
689,0.16129
690,0.193548
691,0.258065
692,0.258065
693,0.225806
694,0.0967742
695,0.193548
696,0.193548
697,0.16129
698,0.193548
699,0.193548
700,0.16129
701,0.129032
702,0.0967742
703,0.0967742
704,0.16129
705,0.0967742
706,0.0322581
707,0.0967742
708,0.483871
709,1
710,1
711,1
712,1
713,0.935484
714,0.741935
715,0.709677
716,0.806452
717,0.774194
718,0.677419
719,0.677419
720,0.548387
721,0.451613
722,0.322581
723,0.451613
724,0.419355
725,0.451613
726,0.225806
727,0.193548
728,0.225806
729,0.16129
730,0.129032
731,0.0322581
732,0.0322581
733,0.0322581
734,0.0967742
735,0.0645161
736,0.0322581
737,0
738,0
739,0
740,0
741,0
742,0
743,0
744,0
745,0
746,0
747,0
748,0
749,0
750,0
751,0.0322581
752,0.0322581
753,0.0322581
754,0
755,0.0322581
756,0
757,0
758,0
759,0.0322581
760,0
761,0
762,0.0322581
763,0.0322581
764,0.0322581
765,0.0322581
766,0.0322581
767,0.0322581
768,0.0645161
769,0
770,0
771,0
772,0
773,0
774,0
775,0
776,0
777,0
778,0
779,0
780,0
781,0
782,0
783,0
784,0
785,0
786,0
787,0
788,0
789,0
790,0
791,0
792,0
793,0
794,0.0322581
795,0.0322581
796,0.0322581
797,0.0322581
798,0.0322581
799,0.0645161
800,0.0322581
801,0
802,0
803,0
804,0
805,0
806,0
807,0
808,0
809,0
810,0.0322581
811,0
812,0
813,0
814,0
815,0
816,0.0645161
817,0.0645161
818,0.0645161
819,0.129032
820,0.193548
821,0.16129
822,0.129032
823,0.129032
824,0.0645161
825,0.0967742
826,0.0322581
827,0.0322581
828,0.0322581
829,0
830,0.0322581
831,0.0322581
832,0
833,0.16129
834,0.0322581
835,0
836,0
837,0.0645161
838,0.0967742
839,0.0967742
840,0.0967742
841,0.0645161
842,0.0645161
843,0.451613
844,0.709677
845,0.806452
846,0.741935
847,0.903226
848,0.806452
849,0.967742
850,0.935484
851,0.83871
852,1
853,1
854,0.258065
855,0.483871
856,0.967742
857,0.774194
858,0.612903
859,0.677419
860,0.967742
861,0.645161
862,0.967742
863,0.967742
864,0.870968
865,1
866,0.935484
867,0.83871
868,0.645161
869,0.483871
870,0.451613
871,0.322581
872,0.387097
873,0.290323
874,0.16129
875,0.0645161
876,0.193548
877,0.0645161
878,0.0645161
879,0.0322581
880,0.0322581
881,0
882,0
883,0.0967742
884,0.0645161
885,0.0967742
886,0.129032
887,0.129032
888,0.129032
889,0.129032
890,0.0967742
891,0
892,0.0967742
893,0.0322581
894,0.0322581
895,0.0967742
896,0.129032
897,0.129032
898,0.129032
899,0.0967742
900,0.0967742
901,0.0645161
902,0
903,0
904,0
905,0
906,0
907,0
908,0
909,0.0322581
910,0.0645161
911,0.0645161
912,0.0645161
913,0.0645161
914,0.0322581
915,0.0322581
916,0.0645161
917,0.0322581
918,0.0322581
919,0.0322581
920,0
921,0
922,0
923,0
924,0
925,0
926,0
927,0
928,0
929,0
930,0
931,0
932,0
933,0
934,0
935,0
936,0.0645161
937,0.0645161
938,0.0645161
939,0.0645161
940,0.0645161
941,0.0322581
942,0.0322581
943,0
944,0.0322581
945,0.0322581
946,0.0322581
947,0.0322581
948,0.0322581
949,0.0322581
950,0.0322581
951,0
952,0
953,0.129032
954,0.0645161
955,0.0645161
956,0.0645161
957,0.0645161
958,0.0645161
959,0.0645161
960,0.0645161
961,0.0645161
962,0
963,0
964,0
965,0
966,0
967,0
968,0
969,0
970,0.0967742
971,0.0322581
972,0
973,0.0967742
974,0
975,0
976,0
977,0
978,0.0645161
979,0.0645161
980,0.0645161
981,0.129032
982,0.16129
983,0.129032
984,0.16129
985,0.0967742
986,0.0967742
987,0.0967742
988,0.0322581
989,0
990,0
991,0
992,0
993,0
994,0
995,0.0322581
996,0
997,0
998,0
999,0.0967742
1000,0
1001,0
1002,0
1003,0
1004,0
1005,0
1006,0
1007,0
1008,0
1009,0
1010,0.0322581
1011,0.0322581
1012,0
1013,0
1014,0
1015,0
1016,0
1017,0
1018,0
1019,0
1020,0
1021,0
1022,0.0322581
1023,0.0322581
1024,0.0322581
1025,0.0322581
1026,0.0322581
1027,0.0322581
1028,0.0322581
1029,0.0322581
1030,0.0322581
1031,0.0322581
1032,0.0322581
1033,0.0322581
1034,0.0322581
1035,0.0322581
1036,0.0322581
1037,0.0322581
1038,0.0322581
1039,0.0322581
1040,0.0322581
1041,0.0322581
1042,0.0322581
1043,0.0322581
1044,0.0967742
1045,0.0967742
1046,0.0967742
1047,0.0967742
1048,0.0967742
1049,0.0967742
1050,0.0967742
1051,0.0967742
1052,0.0967742
1053,0.0967742
1054,0.0967742
1055,0.0967742
1056,0.0967742
1057,0.0967742
1058,0.0967742
1059,0.0967742
1060,0.129032
1061,0.129032
1062,0.129032
1063,0.129032
1064,0.129032
1065,0.129032
1066,0.225806
1067,0.129032
1068,0.129032
1069,0.129032
1070,0.129032
1071,0.129032
1072,0.225806
1073,0.225806
1074,0.225806
1075,0.225806
1076,0.225806
1077,0.225806
1078,0.193548
1079,0.193548
1080,0.290323
1081,0.290323
1082,0.290323
1083,0.193548
1084,0.290323
1085,0.193548
1086,0.193548
1087,0.290323
1088,0.290323
1089,0.290323
1090,0.290323
1091,0.290323
1092,0.290323
1093,0.290323
1094,0.290323
1095,0.354839
1096,0.258065
1097,0.258065
1098,0.387097
1099,0.419355
1100,0.419355
1101,0.354839
1102,0.354839
1103,0.387097
1104,0.354839
1105,0.419355
1106,0.451613
1107,0.516129
1108,0.709677
1109,0.709677
1110,0.677419
1111,0.677419
1112,0.677419
1113,0.677419
1114,0.677419
1115,0.677419
1116,0.677419
1117,0.709677
1118,0.677419
1119,0.677419
1120,0.677419
1121,0.709677
1122,0.709677
1123,0.709677
1124,0.709677
1125,0.709677
1126,0.709677
1127,0.709677
1128,0.709677
1129,0.709677
1130,0.709677
1131,0.709677
1132,0.741935
1133,0.741935
1134,0.741935
1135,0.806452
1136,0.83871
1137,0.903226
1138,0.83871
1139,0.903226
1140,0.83871
1141,0.935484
1142,0.903226
1143,0.83871
1144,0.83871
1145,0.935484
1146,0.870968
1147,1
1148,0.677419
1149,0.967742
1150,0.677419
1151,1
1152,0.741935
1153,0.967742
1154,0.677419
1155,0.967742
1156,0.741935
1157,1
1158,0.741935
1159,1
1160,0.612903
1161,1
1162,0.612903
1163,1
1164,0.741935
1165,1
1166,0.645161
1167,1
1168,0.709677
1169,1
1170,0.709677
1171,1
1172,0.709677
1173,1
1174,0.709677
1175,1
1176,0.645161
1177,1
1178,0.645161
1179,1
1180,0.580645
1181,1
1182,0.580645
1183,1
1184,0.580645
1185,1
1186,0.580645
1187,1
1188,0.483871
1189,0.83871
1190,0.516129
1191,0.935484
1192,0.483871
1193,0.935484
1194,0.483871
1195,0.903226
1196,0.483871
1197,0.903226
1198,0.741935
1199,0.709677
1200,0.612903
1201,0.83871
1202,0.516129
1203,0.935484
1204,0.741935
1205,0.709677
1206,0.612903
1207,0.83871
1208,0.548387
1209,0.83871
1210,0.548387
1211,0.451613
1212,0.516129
1213,0.741935
1214,0.451613
1215,0.709677
1216,0.451613
1217,0.774194
1218,0.451613
1219,0.774194
1220,0.451613
1221,0.677419
1222,0.645161
1223,0.741935
1224,0.967742
1225,0.83871
1226,0.774194
1227,0.870968
1228,0.870968
1229,0.870968
1230,0.870968
1231,0.870968
1232,0.806452
1233,0.967742
1234,0.580645
1235,0.645161
1236,0.967742
1237,0.83871
1238,0.935484
1239,0.870968
1240,0.83871
1241,0.83871
1242,0.741935
1243,0.806452
1244,0.774194
1245,0.774194
1246,0.741935
1247,0.806452
1248,0.806452
1249,0.741935
1250,0.806452
1251,0.741935
1252,0.741935
1253,0.741935
1254,0.741935
1255,0.741935
1256,0.741935
1257,0.741935
1258,0.741935
1259,0.741935
1260,0.741935
1261,0.741935
1262,0.741935
1263,0.741935
1264,0.741935
1265,0.741935
1266,0.741935
1267,0.741935
1268,0.741935
1269,0.709677
1270,0.709677
1271,0.677419
1272,0.741935
1273,0.677419
1274,0.709677
1275,0.709677
1276,0.677419
1277,0.741935
1278,0.741935
1279,0.741935
1280,0.709677
1281,0.741935
1282,0.774194
1283,0.741935
1284,0.741935
1285,0.806452
1286,0.741935
1287,0.741935
1288,0.741935
1289,0.741935
1290,0.741935
1291,0.741935
1292,0.774194
1293,0.741935
1294,0.774194
1295,0.774194
1296,0.677419
1297,0.645161
1298,0.645161
1299,0.645161
1300,0.645161
1301,0.645161
1302,0.645161
1303,0.645161
1304,0.645161
1305,0.677419
1306,0.645161
1307,0.709677
1308,0.709677
1309,0.709677
1310,0.741935
1311,0.774194
1312,0.741935
1313,0.741935
1314,0.709677
1315,0.677419
1316,0.709677
1317,0.741935
1318,0.741935
1319,0.741935
1320,0.741935
1321,0.741935
1322,0.774194
1323,0.677419
1324,0.741935
1325,0.741935
1326,0.741935
1327,0.709677
1328,0.741935
1329,0.806452
1330,0.741935
1331,0.774194
1332,0.741935
1333,0.774194
1334,0.741935
1335,0.774194
1336,0.741935
1337,0.774194
1338,0.741935
1339,0.774194
1340,0.806452
1341,0.774194
1342,0.774194
1343,0.741935
1344,0.741935
1345,0.806452
1346,0.935484
1347,0.741935
1348,0.774194
1349,0.806452
1350,0.612903
1351,0.677419
1352,0.806452
1353,0.645161
1354,0.677419
1355,0.806452
1356,0.580645
1357,0.677419
1358,0.677419
1359,0.741935
1360,0.741935
1361,0.709677
1362,0.741935
1363,0.741935
1364,0.774194
1365,0.741935
1366,0.774194
1367,0.741935
1368,0.806452
1369,0.774194
1370,0.806452
1371,0.741935
1372,0.806452
1373,0.806452
1374,0.806452
1375,0.806452
1376,0.806452
1377,0.774194
1378,0.903226
1379,0.806452
1380,0.903226
1381,0.903226
1382,0.903226
1383,0.903226
1384,0.870968
1385,0.935484
1386,0.903226
1387,0.903226
1388,0.903226
1389,0.903226
1390,0.903226
1391,0.903226
1392,0.903226
1393,0.903226
1394,0.903226
1395,0.903226
1396,0.903226
1397,0.903226
1398,0.903226
1399,0.903226
1400,0.903226
1401,0.903226
1402,0.903226
1403,0.935484
1404,0.903226
1405,0.903226
1406,0.903226
1407,0.903226
1408,0.903226
1409,0.903226
1410,0.903226
1411,0.870968
1412,0.870968
1413,0.870968
1414,0.870968
1415,0.806452
1416,0.83871
1417,0.774194
1418,0.83871
1419,0.709677
1420,0.83871
1421,0.774194
1422,0.83871
1423,0.935484
1424,0.83871
1425,0.870968
1426,0.806452
1427,0.903226
1428,0.870968
1429,0.806452
1430,0.806452
1431,0.935484
1432,0.709677
1433,0.903226
1434,0.774194
1435,0.806452
1436,0.741935
1437,0.774194
1438,0.741935
1439,0.774194
1440,0.709677
1441,0.83871
1442,0.806452
1443,0.806452
1444,0.806452
1445,0.709677
1446,0.741935
1447,0.83871
1448,0.741935
1449,0.806452
1450,0.806452
1451,0.903226
1452,0.709677
1453,0.354839
1454,0.709677
1455,1
1456,0.870968
1457,0.967742
1458,1
1459,1
1460,0.935484
1461,0.935484
1462,0.935484
1463,1
1464,1
1465,1
1466,0.967742
1467,0.935484
1468,0.967742
1469,0.967742
1470,0.967742
1471,0.967742
1472,0.967742
1473,0.967742
1474,0.967742
1475,1
1476,0.935484
1477,1
1478,0.935484
1479,0.967742
1480,0.903226
1481,0.967742
1482,0.903226
1483,0.967742
1484,0.903226
1485,0.967742
1486,0.903226
1487,0.967742
1488,0.903226
1489,0.935484
1490,0.870968
1491,1
1492,0.83871
1493,0.967742
1494,0.870968
1495,0.83871
1496,0.870968
1497,0.870968
1498,0.870968
1499,0.870968
1500,0.870968
1501,0.870968
1502,0.870968
1503,0.870968
1504,0.870968
1505,0.870968
1506,0.83871
1507,0.83871
1508,0.83871
1509,0.83871
1510,0.83871
1511,0.83871
1512,0.774194
1513,0.967742
1514,0.967742
1515,0.967742
1516,0.967742
1517,0.967742
1518,0.967742
1519,0.935484
1520,0.935484
1521,0.967742
1522,0.903226
1523,0.935484
1524,0.935484
1525,0.967742
1526,0.967742
1527,0.870968
1528,0.935484
1529,1
1530,0.903226
1531,0.935484
1532,0.870968
1533,0.774194
1534,0.83871
1535,0.83871
1536,0.83871
1537,0.870968
1538,1
1539,0.903226
1540,0.935484
1541,1
1542,1
1543,1
1544,1
1545,0.967742
1546,0.870968
1547,0.870968
1548,1
1549,1
1550,1
1551,1
1552,0.967742
1553,0.903226
1554,0.935484
1555,0.83871
1556,0.870968
1557,0.677419
1558,1
1559,0.806452
1560,0.806452
1561,0.548387
1562,0.516129
1563,0.903226
1564,0.580645
1565,0.83871
1566,0.677419
1567,0.677419
1568,0.645161
1569,0.548387
1570,0.580645
1571,0.580645
1572,0.516129
1573,0.580645
1574,0.580645
1575,0.483871
1576,0.580645
1577,0.580645
1578,0.419355
1579,0.483871
1580,0.580645
1581,0.483871
1582,0.580645
1583,0.290323
1584,0.612903
1585,0.774194
1586,0.709677
1587,0.709677
1588,0.677419
1589,0.677419
1590,0.709677
1591,0.677419
1592,0.645161
1593,0.709677
1594,0.612903
1595,0.612903
1596,0.548387
1597,0.516129
1598,0.516129
1599,0.516129
1600,0.548387
1601,0.612903
1602,0.516129
1603,0.516129
1604,0.516129
1605,0.516129
1606,0.516129
1607,0.516129
1608,0.516129
1609,0.516129
1610,0.516129
1611,0.516129
1612,0.516129
1613,0.516129
1614,0.516129
1615,0.516129
1616,0.548387
1617,0.645161
1618,0.548387
1619,0.645161
1620,0.612903
1621,0.612903
1622,0.548387
1623,0.516129
1624,0.709677
1625,0.612903
1626,0.580645
1627,0.548387
1628,0.548387
1629,0.548387
1630,0.516129
1631,0.548387
1632,0.548387
1633,0.548387
1634,0.483871
1635,0.483871
1636,0.483871
1637,0.483871
1638,0.483871
1639,0.451613
1640,0.322581
1641,0.387097
1642,0.387097
1643,0.354839
1644,0.354839
1645,0.354839
1646,0.354839
1647,0.387097
1648,0.387097
1649,0.354839
1650,0.354839
1651,0.354839
1652,0.387097
1653,0.419355
1654,0.387097
1655,0.387097
1656,0.419355
1657,0.354839
1658,0.322581
1659,0.322581
1660,0.354839
1661,0.354839
1662,0.354839
1663,0.354839
1664,0.387097
1665,0.387097
1666,0.387097
1667,0.387097
1668,0.387097
1669,0.354839
1670,0.354839
1671,0.354839
1672,0.354839
1673,0.387097
1674,0.387097
1675,0.354839
1676,0.354839
1677,0.354839
1678,0.354839
1679,0.354839
1680,0.354839
1681,0.354839
1682,0.354839
1683,0.354839
1684,0.354839
1685,0.354839
1686,0.483871
1687,0.548387
1688,0.451613
1689,0.516129
1690,0.322581
1691,0.322581
1692,0.451613
1693,0.451613
1694,0.322581
1695,0.322581
1696,0.451613
1697,0.451613
1698,0.322581
1699,0.451613
1700,0.451613
1701,0.387097
1702,0.354839
1703,0.354839
1704,0.354839
1705,0.354839
1706,0.354839
1707,0.741935
1708,0.903226
1709,0.935484
1710,0.709677
1711,0.806452
1712,0.935484
1713,0.967742
1714,0.935484
1715,0.935484
1716,0.935484
1717,1
1718,0.967742
1719,0.967742
1720,0.903226
1721,0.903226
1722,0.935484
1723,0.935484
1724,0.935484
1725,0.83871
1726,0.967742
1727,0.967742
1728,0.935484
1729,0.967742
1730,0.935484
1731,0.806452
1732,0.806452
1733,0.709677
1734,0.741935
1735,0.645161
1736,0.645161
1737,0.709677
1738,0.612903
1739,0.612903
1740,0.612903
1741,0.612903
1742,0.741935
1743,0.612903
1744,0.677419
1745,0.709677
1746,0.709677
1747,0.709677
1748,0.677419
1749,0.612903
1750,0.677419
1751,0.709677
1752,0.709677
1753,0.709677
1754,0.709677
1755,0.709677
1756,0.677419
1757,0.677419
1758,0.612903
1759,0.580645
1760,0.483871
1761,0.612903
1762,0.483871
1763,0.483871
1764,0.451613
1765,0.516129
1766,0.483871
1767,0.516129
1768,0.483871
1769,0.516129
1770,0.451613
1771,0.483871
1772,0.451613
1773,0.483871
1774,0.451613
1775,0.483871
1776,0.451613
1777,0.483871
1778,0.451613
1779,0.387097
1780,0.548387
1781,0.419355
1782,0.387097
1783,0.354839
1784,0.354839
1785,0.354839
1786,0.354839
1787,0.354839
1788,0.354839
1789,0.354839
1790,0.354839
1791,0.354839
1792,0.354839
1793,0.354839
1794,0.354839
1795,0.354839
1796,0.387097
1797,0.387097
1798,0.387097
1799,0.387097
1800,0.387097
1801,0.387097
1802,0.387097
1803,0.387097
1804,0.387097
1805,0.387097
1806,0.354839
1807,0.354839
1808,0.354839
1809,0.354839
1810,0.354839
1811,0.354839
1812,0.354839
1813,0.354839
1814,0.354839
1815,0.354839
1816,0.354839
1817,0.354839
1818,0.354839
1819,0.354839
1820,0.354839
1821,0.354839
1822,0.354839
1823,0.354839
1824,0.354839
1825,0.354839
1826,0.354839
1827,0.354839
1828,0.354839
1829,0.354839
1830,0.354839
1831,0.387097
1832,0.387097
1833,0.387097
1834,0.387097
1835,0.419355
1836,0.451613
1837,0.387097
1838,0.354839
1839,0.354839
1840,0.354839
1841,0.354839
1842,0.354839
1843,0.387097
1844,0.741935
1845,0.483871
1846,0.0322581
1847,0.0322581
1848,0.0322581
1849,0.0322581
1850,0.0322581
1851,0.0322581
1852,0.0322581
1853,0.0322581
1854,0.0322581
1855,0.0322581
1856,0.0322581
1857,0.0322581
1858,0.0322581
1859,0.0645161
1860,0.0322581
1861,0.0322581
1862,0.0322581
1863,0.0322581
1864,0.0322581
1865,0.0322581
1866,0.0322581
1867,0.0322581
1868,0.0322581
1869,0.0322581
1870,0.0322581
1871,0.0322581
1872,0.0322581
1873,0.0322581
1874,0.0322581
1875,0.0322581
1876,0.0322581
1877,0.0322581
1878,0.0322581
1879,0.0322581
1880,0.0322581
1881,0.0322581
1882,0.0322581
1883,0.0322581
1884,0.0322581
1885,0.0322581
1886,0.0322581
1887,0.0645161
1888,0.0322581
1889,0.0322581
1890,0
1891,0.0322581
1892,0.0322581
1893,0.0322581
1894,0.0322581
1895,0.0322581
1896,0.0645161
1897,0.0645161
1898,0.0645161
1899,0.0322581
1900,0.0322581
1901,0.0645161
1902,0.0645161
1903,0.0645161
1904,0.0645161
1905,0.0645161
1906,0.0645161
1907,0.0322581
1908,0.129032
1909,0.0645161
1910,0.129032
1911,0.0645161
1912,0.0645161
1913,0.0645161
1914,0.0645161
1915,0.129032
1916,0.129032
1917,0.16129
1918,0.16129
1919,0.129032
1920,0.129032
1921,0.16129
1922,0.129032
1923,0.129032
1924,0.129032
1925,0.129032
1926,0.129032
1927,0.129032
1928,0.129032
1929,0.129032
1930,0.129032
1931,0.225806
1932,0.129032
1933,0.129032
1934,0.16129
1935,0.16129
1936,0.0967742
1937,0.129032
1938,0.129032
1939,0.129032
1940,0.258065
1941,0.258065
1942,0.225806
1943,0.225806
1944,0.129032
1945,0.129032
1946,0.258065
1947,0.225806
1948,0.322581
1949,0.290323
1950,0.193548
1951,0.225806
1952,0.225806
1953,0.225806
1954,0.290323
1955,0.322581
1956,0.322581
1957,0.322581
1958,0.322581
1959,0.322581
1960,0.322581
1961,0.322581
1962,0.322581
1963,0.322581
1964,0.258065
1965,0.387097
1966,0.451613
1967,0.451613
1968,0.516129
1969,0.580645
1970,0.419355
1971,0.451613
1972,0.483871
1973,0.451613
1974,0.419355
1975,0.516129
1976,0.677419
1977,0.677419
1978,0.677419
1979,0.677419
1980,0.709677
1981,0.709677
1982,0.645161
1983,0.741935
1984,0.741935
1985,0.741935
1986,0.741935
1987,0.741935
1988,0.709677
1989,0.741935
1990,0.741935
1991,0.741935
1992,0.774194
1993,0.774194
1994,0.774194
1995,0.774194
1996,0.774194
1997,0.741935
1998,0.741935
1999,0.774194
2000,0.774194
2001,0.774194
2002,0.774194
2003,0.774194
2004,0.774194
2005,0.774194
2006,0.83871
2007,0.870968
2008,0.903226
2009,0.774194
2010,0.903226
2011,0.83871
2012,0.935484
2013,0.935484
2014,0.903226
2015,1
2016,0.935484
2017,0.903226
2018,1
2019,0.935484
2020,0.903226
2021,0.967742
2022,0.83871
2023,1
2024,0.774194
2025,1
2026,0.774194
2027,1
2028,0.774194
2029,1
2030,0.83871
2031,1
2032,0.774194
2033,1
2034,0.612903
2035,1
2036,0.709677
2037,1
2038,0.709677
2039,1
2040,0.709677
2041,1
2042,0.774194
2043,1
2044,0.741935
2045,1
2046,0.806452
2047,1
2048,0.806452
2049,1
2050,0.806452
2051,1
2052,0.580645
2053,1
2054,0.677419
2055,1
2056,0.580645
2057,1
2058,0.612903
2059,1
2060,0.612903
2061,0.870968
2062,0.516129
2063,0.903226
2064,0.677419
2065,0.870968
2066,0.387097
2067,0.967742
2068,0.516129
2069,0.903226
2070,0.548387
2071,1
2072,0.677419
2073,0.83871
2074,0.645161
2075,0.83871
2076,0.548387
2077,0.83871
2078,0.548387
2079,0.548387
2080,0.677419
2081,0.870968
2082,0.516129
2083,0.967742
2084,0.677419
2085,0.870968
2086,0.516129
2087,0.935484
2088,0.870968
2089,0.967742
2090,0.612903
2091,1
2092,0.83871
2093,0.806452
2094,0.870968
2095,0.870968
2096,0.870968
2097,0.870968
2098,0.870968
2099,0.806452
2100,0.774194
2101,0.580645
2102,0.967742
2103,0.774194
2104,0.870968
2105,0.903226
2106,0.774194
2107,0.774194
2108,0.967742
2109,0.806452
2110,0.83871
2111,0.741935
2112,0.806452
2113,0.774194
2114,0.774194
2115,0.741935
2116,0.741935
2117,0.741935
2118,0.741935
2119,0.741935
2120,0.741935
2121,0.741935
2122,0.741935
2123,0.741935
2124,0.741935
2125,0.741935
2126,0.741935
2127,0.774194
2128,0.774194
2129,0.774194
2130,0.645161
2131,0.612903
2132,0.806452
2133,0.741935
2134,0.741935
2135,0.709677
2136,0.741935
2137,0.645161
2138,0.741935
2139,0.677419
2140,0.709677
2141,0.709677
2142,0.709677
2143,0.677419
2144,0.774194
2145,0.709677
2146,0.774194
2147,0.741935
2148,0.774194
2149,0.741935
2150,0.741935
2151,0.774194
2152,0.741935
2153,0.774194
2154,0.774194
2155,0.741935
2156,0.741935
2157,0.741935
2158,0.741935
2159,0.741935
2160,0.741935
2161,0.709677
2162,0.645161
2163,0.645161
2164,0.709677
2165,0.677419
2166,0.709677
2167,0.645161
2168,0.645161
2169,0.645161
2170,0.645161
2171,0.645161
2172,0.645161
2173,0.645161
2174,0.709677
2175,0.645161
2176,0.645161
2177,0.645161
2178,0.709677
2179,0.709677
2180,0.645161
2181,0.709677
2182,0.709677
2183,0.741935
2184,0.741935
2185,0.741935
2186,0.741935
2187,0.741935
2188,0.741935
2189,0.741935
2190,0.741935
2191,0.741935
2192,0.741935
2193,0.741935
2194,0.741935
2195,0.774194
2196,0.741935
2197,0.774194
2198,0.741935
2199,0.774194
2200,0.741935
2201,0.774194
2202,0.741935
2203,0.774194
2204,0.709677
2205,0.806452
2206,0.741935
2207,0.774194
2208,0.774194
2209,0.774194
2210,0.806452
2211,0.870968
2212,0.806452
2213,0.741935
2214,0.806452
2215,0.903226
2216,0.83871
2217,0.612903
2218,0.806452
2219,0.774194
2220,0.645161
2221,0.677419
2222,0.741935
2223,0.677419
2224,0.774194
2225,0.741935
2226,0.709677
2227,0.709677
2228,0.709677
2229,0.741935
2230,0.774194
2231,0.741935
2232,0.774194
2233,0.709677
2234,0.83871
2235,0.741935
2236,0.806452
2237,0.677419
2238,0.806452
2239,0.774194
2240,0.806452
2241,0.806452
2242,0.774194
2243,0.774194
2244,0.870968
2245,0.774194
2246,0.806452
2247,0.83871
2248,0.870968
2249,0.806452
2250,0.935484
2251,0.903226
2252,0.870968
2253,0.935484
2254,0.903226
2255,0.903226
2256,0.903226
2257,0.903226
2258,0.903226
2259,0.903226
2260,0.903226
2261,0.903226
2262,0.903226
2263,0.903226
2264,0.903226
2265,0.903226
2266,0.903226
2267,0.870968
2268,0.903226
2269,0.903226
2270,0.870968
2271,0.870968
2272,0.903226
2273,0.903226
2274,0.903226
2275,0.903226
2276,0.903226
2277,0.903226
2278,0.870968
2279,0.870968
2280,0.870968
2281,0.870968
2282,0.83871
2283,0.774194
2284,0.83871
2285,0.774194
2286,0.83871
2287,0.806452
2288,0.903226
2289,0.870968
2290,0.870968
2291,0.870968
2292,0.870968
2293,0.870968
2294,0.870968
2295,0.870968
2296,0.806452
2297,0.774194
2298,0.870968
2299,0.741935
2300,0.83871
2301,0.741935
2302,0.83871
2303,0.741935
2304,0.83871
2305,0.741935
2306,0.741935
2307,0.709677
2308,0.741935
2309,0.774194
2310,0.774194
2311,0.709677
2312,0.709677
2313,0.741935
2314,0.741935
2315,0.741935
2316,0.709677
2317,0.806452
2318,0.903226
2319,0.709677
2320,0.354839
2321,0.709677
2322,0.935484
2323,0.870968
2324,0.83871
2325,0.935484
2326,0.935484
2327,0.935484
2328,1
2329,1
2330,1
2331,1
2332,0.967742
2333,0.967742
2334,0.967742
2335,0.967742
2336,0.967742
2337,0.935484
2338,0.935484
2339,0.935484
2340,0.935484
2341,0.935484
2342,0.935484
2343,0.935484
2344,0.935484
2345,0.935484
2346,0.967742
2347,0.935484
2348,0.935484
2349,0.903226
2350,1
2351,0.903226
2352,0.967742
2353,0.903226
2354,0.967742
2355,0.903226
2356,0.967742
2357,0.903226
2358,0.967742
2359,0.870968
2360,1
2361,0.709677
2362,0.870968
2363,0.709677
2364,0.870968
2365,0.709677
2366,0.870968
2367,0.806452
2368,0.935484
2369,0.83871
2370,0.935484
2371,0.870968
2372,0.967742
2373,0.903226
2374,0.935484
2375,0.935484
2376,0.935484
2377,0.870968
2378,0.967742
2379,0.935484
2380,0.935484
2381,0.935484
2382,0.935484
2383,0.967742
2384,0.967742
2385,0.935484
2386,0.903226
2387,0.903226
2388,0.967742
2389,0.935484
2390,0.870968
2391,0.903226
2392,0.935484
2393,0.806452
2394,1
2395,0.935484
2396,0.935484
2397,0.935484
2398,0.774194
2399,0.741935
2400,0.806452
2401,0.870968
2402,0.870968
2403,0.870968
2404,0.83871
2405,0.967742
2406,0.935484
2407,0.870968
2408,0.870968
2409,1
2410,0.935484
2411,0.967742
2412,0.935484
2413,0.967742
2414,0.935484
2415,1
2416,0.903226
2417,1
2418,0.741935
2419,0.709677
2420,0.645161
2421,0.709677
2422,0.645161
2423,0.709677
2424,0.612903
2425,0.677419
2426,0.612903
2427,0.677419
2428,0.612903
2429,0.645161
2430,0.612903
2431,0.677419
2432,0.677419
2433,0.580645
2434,0.548387
2435,0.483871
2436,0.516129
2437,0.516129
2438,0.483871
2439,0.451613
2440,0.483871
2441,0.516129
2442,0.451613
2443,0.451613
2444,0.419355
2445,0.419355
2446,0.419355
2447,0.451613
2448,0.451613
2449,0.225806
2450,0.612903
2451,0.677419
2452,0.806452
2453,0.83871
2454,0.677419
2455,0.580645
2456,0.580645
2457,0.580645
2458,0.580645
2459,0.580645
2460,0.580645
2461,0.580645
2462,0.483871
2463,0.580645
2464,0.645161
2465,0.677419
2466,0.677419
2467,0.677419
2468,0.645161
2469,0.645161
2470,0.741935
2471,0.612903
2472,0.548387
2473,0.645161
2474,0.741935
2475,0.645161
2476,0.580645
2477,0.612903
2478,0.677419
2479,0.580645
2480,0.612903
2481,0.612903
2482,0.612903
2483,0.645161
2484,0.612903
2485,0.612903
2486,0.612903
2487,0.612903
2488,0.548387
2489,0.612903
2490,0.580645
2491,0.548387
2492,0.645161
2493,0.612903
2494,0.548387
2495,0.612903
2496,0.612903
2497,0.548387
2498,0.548387
2499,0.645161
2500,0.741935
2501,0.612903
2502,0.677419
2503,0.516129
2504,0.451613
2505,0.451613
2506,0.451613
2507,0.451613
2508,0.451613
2509,0.451613
2510,0.451613
2511,0.451613
2512,0.451613
2513,0.451613
2514,0.419355
2515,0.419355
2516,0.354839
2517,0.419355
2518,0.387097
2519,0.451613
2520,0.548387
2521,0.516129
2522,0.483871
2523,0.516129
2524,0.451613
2525,0.516129
2526,0.387097
2527,0.419355
2528,0.354839
2529,0.483871
2530,0.419355
2531,0.354839
2532,0.322581
2533,0.483871
2534,0.709677
2535,0.387097
2536,0.387097
2537,0.387097
2538,0.419355
2539,0.419355
2540,0.419355
2541,0.419355
2542,0.387097
2543,0.387097
2544,0.387097
2545,0.419355
2546,0.387097
2547,0.387097
2548,0.387097
2549,0.419355
2550,0.387097
2551,0.387097
2552,0.451613
2553,0.516129
2554,0.483871
2555,0.709677
2556,0.354839
2557,0.387097
2558,0.387097
2559,0.483871
2560,0.387097
2561,0.387097
2562,0.387097
2563,0.387097
2564,0.387097
2565,0.419355
2566,0.419355
2567,0.419355
2568,0.387097
2569,0.387097
2570,0.387097
2571,0.387097
2572,0.451613
2573,0.451613
2574,0.322581
2575,0.322581
2576,0.322581
2577,0.451613
2578,0.516129
2579,0.322581
2580,0.322581
2581,0.322581
2582,0.354839
2583,0.83871
2584,1
2585,1
2586,0.774194
2587,0.774194
2588,0.903226
2589,0.903226
2590,1
2591,1
2592,0.967742
2593,0.967742
2594,0.548387
2595,0.903226
2596,0.903226
2597,0.935484
2598,0.935484
2599,0.935484
2600,0.935484
2601,0.870968
2602,0.967742
2603,0.935484
2604,0.967742
2605,0.935484
2606,0.935484
2607,0.806452
2608,0.709677
2609,0.709677
2610,0.774194
2611,0.741935
2612,0.709677
2613,0.709677
2614,0.741935
2615,0.612903
2616,0.677419
2617,0.741935
2618,0.709677
2619,0.709677
2620,0.677419
2621,0.709677
2622,0.741935
2623,0.709677
2624,0.709677
2625,0.677419
2626,0.709677
2627,0.741935
2628,0.677419
2629,0.612903
2630,0.645161
2631,0.612903
2632,0.548387
2633,0.645161
2634,0.548387
2635,0.645161
2636,0.612903
2637,0.548387
2638,0.548387
2639,0.483871
2640,0.451613
2641,0.451613
2642,0.516129
2643,0.516129
2644,0.516129
2645,0.483871
2646,0.516129
2647,0.483871
2648,0.516129
2649,0.419355
2650,0.451613
2651,0.516129
2652,0.516129
2653,0.419355
2654,0.451613
2655,0.451613
2656,0.451613
2657,0.419355
2658,0.419355
2659,0.516129
2660,0.419355
2661,0.419355
2662,0.419355
2663,0.354839
2664,0.419355
2665,0.354839
2666,0.387097
2667,0.387097
2668,0.387097
2669,0.387097
2670,0.387097
2671,0.387097
2672,0.387097
2673,0.419355
2674,0.387097
2675,0.354839
2676,0.354839
2677,0.354839
2678,0.451613
2679,0.387097
2680,0.419355
2681,0.354839
2682,0.354839
2683,0.354839
2684,0.354839
2685,0.354839
2686,0.387097
2687,0.354839
2688,0.354839
2689,0.354839
2690,0.387097
2691,0.387097
2692,0.387097
2693,0.419355
2694,0.419355
2695,0.354839
2696,0.354839
2697,0.354839
2698,0.354839
2699,0.387097
2700,0.483871
2701,0.387097
2702,0.387097
2703,0.354839
2704,0.354839
2705,0.354839
2706,0.387097
2707,0.387097
2708,0.387097
2709,0.354839
2710,0.354839
2711,0.387097
2712,0.387097
2713,0.354839
2714,0.354839
2715,0.387097
2716,0.387097
2717,0.774194
2718,0.419355
2719,0.0645161
2720,0.0645161
2721,0.0645161
2722,0.0645161
2723,0.0322581
2724,0.0322581
2725,0.0645161
2726,0.0322581
2727,0.0322581
2728,0.0322581
2729,0.0645161
2730,0.0645161
2731,0.0322581
2732,0.0322581
2733,0.0645161
2734,0.0645161
2735,0.0645161
2736,0.0645161
2737,0.0645161
2738,0.0645161
2739,0.0645161
2740,0.0322581
2741,0.0322581
2742,0.0322581
2743,0.0322581
2744,0.0645161
2745,0.0322581
2746,0.0322581
2747,0.0645161
2748,0.0645161
2749,0.0645161
2750,0.0322581
2751,0.0322581
2752,0.0322581
2753,0.0645161
2754,0.0645161
2755,0.0645161
2756,0.0645161
2757,0.0322581
2758,0.0322581
2759,0.0322581
2760,0.0322581
2761,0.0322581
2762,0.0645161
2763,0.0967742
2764,0.0967742
2765,0.0967742
2766,0.0967742
2767,0.0967742
2768,0.0967742
2769,0.0967742
2770,0.0967742
2771,0.0967742
2772,0.0967742
2773,0.0967742
2774,0.0967742
2775,0.0967742
2776,0.0967742
2777,0.0967742
2778,0.0967742
2779,0.0967742
2780,0.0645161
2781,0.0645161
2782,0.129032
2783,0.16129
2784,0.16129
2785,0.16129
2786,0.193548
2787,0.193548
2788,0.193548
2789,0.16129
2790,0.225806
2791,0.225806
2792,0.16129
2793,0.16129
2794,0.16129
2795,0.16129
2796,0.16129
2797,0.16129
2798,0.16129
2799,0.16129
2800,0.258065
2801,0.290323
2802,0.290323
2803,0.290323
2804,0.258065
2805,0.290323
2806,0.16129
2807,0.258065
2808,0.258065
2809,0.290323
2810,0.258065
2811,0.193548
2812,0.193548
2813,0.354839
2814,0.354839
2815,0.322581
2816,0.322581
2817,0.387097
2818,0.387097
2819,0.387097
2820,0.354839
2821,0.322581
2822,0.387097
2823,0.354839
2824,0.354839
2825,0.387097
2826,0.387097
2827,0.354839
2828,0.354839
2829,0.387097
2830,0.354839
2831,0.354839
2832,0.354839
2833,0.483871
2834,0.451613
2835,0.387097
2836,0.354839
2837,0.451613
2838,0.516129
2839,0.483871
2840,0.516129
2841,0.548387
2842,0.483871
2843,0.516129
2844,0.516129
2845,0.580645
2846,0.741935
2847,0.709677
2848,0.580645
2849,0.774194
2850,0.806452
2851,0.806452
2852,0.806452
2853,0.806452
2854,0.806452
2855,0.806452
2856,0.806452
2857,0.774194
2858,0.774194
2859,0.774194
2860,0.806452
2861,0.83871
2862,0.83871
2863,0.83871
2864,0.83871
2865,0.83871
2866,0.83871
2867,0.83871
2868,0.83871
2869,0.83871
2870,0.83871
2871,0.83871
2872,0.83871
2873,0.870968
2874,0.903226
2875,0.870968
2876,0.935484
2877,0.967742
2878,0.870968
2879,1
2880,0.935484
2881,0.903226
2882,0.935484
2883,0.935484
2884,0.935484
2885,0.935484
2886,0.935484
2887,1
2888,0.741935
2889,1
2890,0.774194
2891,1
2892,0.741935
2893,1
2894,0.774194
2895,1
2896,0.741935
2897,1
2898,0.806452
2899,1
2900,0.806452
2901,1
2902,0.612903
2903,1
2904,0.612903
2905,1
2906,0.741935
2907,1
2908,0.741935
2909,1
2910,0.709677
2911,1
2912,0.806452
2913,1
2914,0.806452
2915,1
2916,0.806452
2917,1
2918,0.806452
2919,1
2920,0.741935
2921,1
2922,0.548387
2923,1
2924,0.645161
2925,1
2926,0.645161
2927,1
2928,0.580645
2929,1
2930,0.612903
2931,0.870968
2932,0.387097
2933,1
2934,0.548387
2935,0.967742
2936,0.548387
2937,1
2938,0.548387
2939,1
2940,0.483871
2941,1
2942,0.548387
2943,0.83871
2944,0.548387
2945,0.83871
2946,0.548387
2947,0.83871
2948,0.548387
2949,0.83871
2950,0.548387
2951,0.83871
2952,0.483871
2953,1
2954,0.516129
2955,0.967742
2956,0.645161
2957,0.870968
2958,0.677419
2959,0.870968
2960,0.516129
2961,0.83871
2962,0.516129
2963,1
2964,0.870968
2965,0.870968
2966,1
2967,0.774194
2968,0.83871
2969,0.870968
2970,0.870968
2971,0.870968
2972,0.870968
2973,0.806452
2974,0.774194
2975,0.548387
2976,1
2977,0.774194
2978,0.903226
2979,0.967742
2980,0.903226
2981,0.806452
2982,0.741935
2983,0.741935
2984,0.83871
2985,0.741935
2986,0.967742
2987,0.774194
2988,0.806452
2989,0.774194
2990,0.741935
2991,0.741935
2992,0.806452
2993,0.83871
2994,0.741935
2995,0.741935
2996,0.741935
2997,0.741935
2998,0.741935
2999,0.741935
3000,0.741935
3001,0.741935
3002,0.741935
3003,0.741935
3004,0.741935
3005,0.741935
3006,0.774194
3007,0.935484
3008,0.709677
3009,0.806452
3010,0.741935
3011,0.677419
3012,0.741935
3013,0.774194
3014,0.677419
3015,0.774194
3016,0.612903
3017,0.741935
3018,0.709677
3019,0.709677
3020,0.741935
3021,0.741935
3022,0.774194
3023,0.774194
3024,0.741935
3025,0.741935
3026,0.741935
3027,0.741935
3028,0.774194
3029,0.741935
3030,0.741935
3031,0.741935
3032,0.741935
3033,0.741935
3034,0.741935
3035,0.741935
3036,0.709677
3037,0.645161
3038,0.645161
3039,0.645161
3040,0.645161
3041,0.645161
3042,0.645161
3043,0.645161
3044,0.645161
3045,0.645161
3046,0.709677
3047,0.677419
3048,0.645161
3049,0.645161
3050,0.709677
3051,0.709677
3052,0.709677
3053,0.677419
3054,0.709677
3055,0.709677
3056,0.709677
3057,0.645161
3058,0.741935
3059,0.709677
3060,0.741935
3061,0.741935
3062,0.709677
3063,0.741935
3064,0.741935
3065,0.741935
3066,0.741935
3067,0.741935
3068,0.741935
3069,0.741935
3070,0.741935
3071,0.774194
3072,0.741935
3073,0.774194
3074,0.741935
3075,0.774194
3076,0.741935
3077,0.774194
3078,0.709677
3079,0.741935
3080,0.741935
3081,0.806452
3082,0.774194
3083,0.806452
3084,0.741935
3085,0.903226
3086,0.774194
3087,0.83871
3088,0.741935
3089,0.903226
3090,0.741935
3091,0.774194
3092,0.83871
3093,0.580645
3094,0.806452
3095,0.806452
3096,0.709677
3097,0.806452
3098,0.774194
3099,0.774194
3100,0.741935
3101,0.774194
3102,0.709677
3103,0.709677
3104,0.709677
3105,0.774194
3106,0.741935
3107,0.83871
3108,0.741935
3109,0.741935
3110,0.774194
3111,0.741935
3112,0.774194
3113,0.709677
3114,0.774194
3115,0.774194
3116,0.806452
3117,0.806452
3118,0.806452
3119,0.806452
3120,0.806452
3121,0.903226
3122,0.806452
3123,0.870968
3124,0.903226
3125,0.903226
3126,0.870968
3127,0.870968
3128,0.870968
3129,0.903226
3130,0.903226
3131,0.903226
3132,0.903226
3133,0.903226
3134,0.903226
3135,0.903226
3136,0.870968
3137,0.903226
3138,0.903226
3139,0.903226
3140,0.870968
3141,0.870968
3142,0.870968
3143,0.83871
3144,0.774194
3145,0.83871
3146,0.806452
3147,0.870968
3148,0.774194
3149,0.870968
3150,0.870968
3151,0.870968
3152,0.870968
3153,0.774194
3154,0.870968
3155,0.806452
3156,0.903226
3157,0.806452
3158,0.774194
3159,0.83871
3160,0.83871
3161,0.806452
3162,0.870968
3163,0.870968
3164,0.870968
3165,0.83871
3166,0.774194
3167,0.870968
3168,0.870968
3169,0.870968
3170,0.870968
3171,0.870968
3172,0.870968
3173,0.870968
3174,0.806452
3175,0.774194
3176,0.741935
3177,0.709677
3178,0.677419
3179,0.806452
3180,0.677419
3181,0.741935
3182,0.709677
3183,0.774194
3184,0.741935
3185,0.741935
3186,0.677419
3187,0.709677
3188,0.741935
3189,0.741935
3190,0.741935
3191,0.677419
3192,0.83871
3193,0.870968
3194,0.806452
3195,0.516129
3196,0.709677
3197,0.967742
3198,0.935484
3199,0.935484
3200,0.83871
3201,0.83871
3202,0.967742
3203,0.935484
3204,0.870968
3205,0.967742
3206,1
3207,1
3208,1
3209,0.903226
3210,0.967742
3211,0.967742
3212,0.935484
3213,0.967742
3214,0.935484
3215,0.935484
3216,0.935484
3217,0.935484
3218,0.935484
3219,0.935484
3220,0.935484
3221,0.967742
3222,0.935484
3223,0.967742
3224,0.935484
3225,0.967742
3226,0.935484
3227,0.967742
3228,0.903226
3229,1
3230,0.903226
3231,0.967742
3232,0.935484
3233,0.903226
3234,0.870968
3235,0.967742
3236,0.903226
3237,0.935484
3238,0.903226
3239,0.935484
3240,0.870968
3241,1
3242,0.806452
3243,1
3244,0.806452
3245,1
3246,0.935484
3247,0.935484
3248,0.935484
3249,0.935484
3250,0.935484
3251,0.935484
3252,0.935484
3253,0.935484
3254,1
3255,1
3256,0.935484
3257,0.967742
3258,0.870968
3259,0.967742
3260,0.903226
3261,0.774194
3262,0.935484
3263,0.967742
3264,0.935484
3265,0.903226
3266,0.935484
3267,0.935484
3268,0.806452
3269,0.741935
3270,0.741935
3271,0.774194
3272,0.741935
3273,0.774194
3274,0.806452
3275,0.774194
3276,0.774194
3277,0.774194
3278,0.806452
3279,0.83871
3280,0.83871
3281,0.83871
3282,0.83871
3283,0.83871
3284,0.83871
3285,1
3286,0.870968
3287,0.870968
3288,0.967742
3289,0.935484
3290,0.83871
3291,0.83871
3292,0.806452
3293,0.870968
3294,0.612903
3295,0.677419
3296,0.741935
3297,0.645161
3298,0.677419
3299,0.612903
3300,0.612903
3301,0.612903
3302,0.612903
3303,0.677419
3304,0.677419
3305,0.677419
3306,0.645161
3307,0.709677
3308,0.580645
3309,0.580645
3310,0.548387
3311,0.612903
3312,0.451613
3313,0.451613
3314,0.451613
3315,0.483871
3316,0.548387
3317,0.451613
3318,0.451613
3319,0.419355
3320,0.419355
3321,0.451613
3322,0.451613
3323,0.451613
3324,0.516129
3325,0.677419
3326,0.741935
3327,0.774194
3328,0.806452
3329,0.774194
3330,0.806452
3331,0.774194
3332,0.774194
3333,0.806452
3334,0.903226
3335,0.709677
3336,0.741935
3337,0.580645
3338,0.612903
3339,0.580645
3340,0.580645
3341,0.612903
3342,0.612903
3343,0.709677
3344,0.645161
3345,0.580645
3346,0.612903
3347,0.645161
3348,0.645161
3349,0.612903
3350,0.516129
3351,0.645161
3352,0.548387
3353,0.548387
3354,0.612903
3355,0.612903
3356,0.612903
3357,0.645161
3358,0.677419
3359,0.645161
3360,0.645161
3361,0.645161
3362,0.645161
3363,0.645161
3364,0.774194
3365,0.741935
3366,0.580645
3367,0.612903
3368,0.645161
3369,0.580645
3370,0.645161
3371,0.709677
3372,0.677419
3373,0.548387
3374,0.451613
3375,0.580645
3376,0.677419
3377,0.741935
3378,0.677419
3379,0.709677
3380,0.709677
3381,0.677419
3382,0.645161
3383,0.645161
3384,0.741935
3385,0.677419
3386,0.612903
3387,0.451613
3388,0.451613
3389,0.451613
3390,0.516129
3391,0.483871
3392,0.419355
3393,0.419355
3394,0.419355
3395,0.419355
3396,0.483871
3397,0.580645
3398,0.548387
3399,0.516129
3400,0.451613
3401,0.548387
3402,0.483871
3403,0.548387
3404,0.483871
3405,0.548387
3406,0.451613
3407,0.516129
3408,0.451613
3409,0.516129
3410,0.322581
3411,0.483871
3412,0.516129
3413,0.419355
3414,0.451613
3415,0.548387
3416,0.483871
3417,0.548387
3418,0.483871
3419,0.516129
3420,0.451613
3421,0.548387
3422,0.451613
3423,0.516129
3424,0.451613
3425,0.548387
3426,0.483871
3427,0.548387
3428,0.451613
3429,0.516129
3430,0.451613
3431,0.516129
3432,0.451613
3433,0.516129
3434,0.451613
3435,0.516129
3436,0.354839
3437,0.354839
3438,0.483871
3439,0.548387
3440,0.419355
3441,0.451613
3442,0.451613
3443,0.451613
3444,0.516129
3445,0.451613
3446,0.516129
3447,0.451613
3448,0.516129
3449,0.451613
3450,0.516129
3451,0.451613
3452,0.516129
3453,0.451613
3454,0.516129
3455,0.451613
3456,0.516129
3457,0.451613
3458,0.516129
3459,0.451613
3460,1
3461,1
3462,0.935484
3463,0.774194
3464,0.967742
3465,0.935484
3466,0.903226
3467,1
3468,0.967742
3469,1
3470,0.806452
3471,0.774194
3472,0.870968
3473,0.935484
3474,0.935484
3475,0.935484
3476,0.903226
3477,0.935484
3478,0.967742
3479,0.935484
3480,0.967742
3481,1
3482,0.903226
3483,0.677419
3484,0.774194
3485,0.903226
3486,0.83871
3487,0.870968
3488,0.83871
3489,0.870968
3490,0.741935
3491,0.709677
3492,0.741935
3493,0.741935
3494,0.774194
3495,0.774194
3496,0.741935
3497,0.741935
3498,0.741935
3499,0.677419
3500,0.677419
3501,0.677419
3502,0.677419
3503,0.677419
3504,0.677419
3505,0.677419
3506,0.645161
3507,0.677419
3508,0.645161
3509,0.677419
3510,0.645161
3511,0.677419
3512,0.709677
3513,0.612903
3514,0.580645
3515,0.548387
3516,0.516129
3517,0.645161
3518,0.580645
3519,0.612903
3520,0.548387
3521,0.580645
3522,0.483871
3523,0.548387
3524,0.419355
3525,0.419355
3526,0.548387
3527,0.612903
3528,0.419355
3529,0.548387
3530,0.580645
3531,0.516129
3532,0.451613
3533,0.451613
3534,0.451613
3535,0.451613
3536,0.451613
3537,0.451613
3538,0.451613
3539,0.387097
3540,0.387097
3541,0.387097
3542,0.387097
3543,0.387097
3544,0.419355
3545,0.419355
3546,0.419355
3547,0.419355
3548,0.419355
3549,0.419355
3550,0.419355
3551,0.419355
3552,0.419355
3553,0.387097
3554,0.419355
3555,0.580645
3556,0.419355
3557,0.387097
3558,0.387097
3559,0.387097
3560,0.387097
3561,0.387097
3562,0.387097
3563,0.419355
3564,0.387097
3565,0.419355
3566,0.419355
3567,0.419355
3568,0.419355
3569,0.419355
3570,0.483871
3571,0.483871
3572,0.419355
3573,0.451613
3574,0.548387
3575,0.516129
3576,0.483871
3577,0.419355
3578,0.387097
3579,0.419355
3580,0.419355
3581,0.806452
3582,0.741935
3583,0.0967742
3584,0.0967742
3585,0.129032
3586,0.0645161
3587,0.0322581
3588,0.0967742
3589,0.0967742
3590,0.0322581
3591,0.0322581
3592,0.0322581
3593,0.16129
3594,0.16129
3595,0.0967742
3596,0.0645161
3597,0.129032
3598,0.0645161
3599,0.0322581
3600,0.0967742
3601,0.0322581
3602,0.129032
3603,0.0967742
3604,0.129032
3605,0.0967742
3606,0.0322581
3607,0.0967742
3608,0.0322581
3609,0.0322581
3610,0.0322581
3611,0.0322581
3612,0.0322581
3613,0.0645161
3614,0.0322581
3615,0.0967742
3616,0.0967742
3617,0.0322581
3618,0.0322581
3619,0.0322581
3620,0.0322581
3621,0.0645161
3622,0.0645161
3623,0.0645161
3624,0.0645161
3625,0.0645161
3626,0.0645161
3627,0.0645161
3628,0.0322581
3629,0.0322581
3630,0.0967742
3631,0.0645161
3632,0.0645161
3633,0.0645161
3634,0.0645161
3635,0.0967742
3636,0.0967742
3637,0.0645161
3638,0.0322581
3639,0.0322581
3640,0.0967742
3641,0.0645161
3642,0.0967742
3643,0.16129
3644,0.16129
3645,0.16129
3646,0.16129
3647,0.0645161
3648,0.0645161
3649,0.129032
3650,0.129032
3651,0.129032
3652,0.129032
3653,0.129032
3654,0.129032
3655,0.129032
3656,0.0645161
3657,0.0645161
3658,0.0645161
3659,0.0645161
3660,0.129032
3661,0.129032
3662,0.129032
3663,0.193548
3664,0.225806
3665,0.129032
3666,0.129032
3667,0.193548
3668,0.225806
3669,0.129032
3670,0.193548
3671,0.225806
3672,0.225806
3673,0.225806
3674,0.258065
3675,0.225806
3676,0.225806
3677,0.16129
3678,0.193548
3679,0.290323
3680,0.354839
3681,0.354839
3682,0.258065
3683,0.225806
3684,0.193548
3685,0.290323
3686,0.258065
3687,0.16129
3688,0.354839
3689,0.322581
3690,0.193548
3691,0.193548
3692,0.290323
3693,0.225806
3694,0.387097
3695,0.354839
3696,0.419355
3697,0.419355
3698,0.354839
3699,0.419355
3700,0.451613
3701,0.451613
3702,0.451613
3703,0.548387
3704,0.419355
3705,0.483871
3706,0.516129
3707,0.516129
3708,0.516129
3709,0.580645
3710,0.709677
3711,0.580645
3712,0.774194
3713,0.580645
3714,0.548387
3715,0.548387
3716,0.741935
3717,0.709677
3718,0.612903
3719,0.580645
3720,0.580645
3721,0.83871
3722,0.935484
3723,0.935484
3724,0.870968
3725,0.83871
3726,0.741935
3727,0.741935
3728,0.774194
3729,0.741935
3730,0.870968
3731,0.870968
3732,0.806452
3733,0.870968
3734,0.806452
3735,0.741935
3736,0.806452
3737,0.83871
3738,0.741935
3739,0.741935
3740,0.774194
3741,0.774194
3742,0.83871
3743,0.83871
3744,0.870968
3745,0.774194
3746,0.806452
3747,0.806452
3748,0.870968
3749,0.935484
3750,0.967742
3751,0.870968
3752,1
3753,0.870968
3754,0.967742
3755,0.870968
3756,1
3757,0.870968
3758,1
3759,0.935484
3760,0.903226
3761,1
3762,0.870968
3763,1
3764,0.83871
3765,1
3766,0.290323
3767,1
3768,0.83871
3769,1
3770,0.83871
3771,1
3772,0.83871
3773,1
3774,0.83871
3775,1
3776,0.645161
3777,1
3778,0.612903
3779,1
3780,0.709677
3781,1
3782,0.709677
3783,1
3784,0.645161
3785,1
3786,0.806452
3787,1
3788,0.774194
3789,1
3790,0.645161
3791,1
3792,0.645161
3793,1
3794,0.645161
3795,1
3796,0.580645
3797,1
3798,0.580645
3799,1
3800,0.612903
3801,1
3802,0.516129
3803,0.903226
3804,0.354839
3805,1
3806,0.483871
3807,0.870968
3808,0.677419
3809,0.967742
3810,0.548387
3811,1
3812,0.612903
3813,0.258065
3814,0.548387
3815,0.83871
3816,0.645161
3817,1
3818,0.612903
3819,1
3820,0.548387
3821,1
3822,0.548387
3823,0.16129
3824,0.548387
3825,0.83871
3826,0.580645
3827,0.83871
3828,0.419355
3829,0.935484
3830,0.645161
3831,0.935484
3832,0.645161
3833,0.870968
3834,0.516129
3835,1
3836,0.354839
3837,1
3838,0.774194
3839,0.83871
3840,0.419355
3841,0.870968
3842,0.419355
3843,0.870968
3844,0.451613
3845,0.806452
3846,0.645161
3847,0.774194
3848,0.774194
3849,0.612903
3850,1
3851,0.903226
3852,0.967742
3853,0.741935
3854,0.935484
3855,0.741935
3856,0.967742
3857,0.935484
3858,0.83871
3859,0.774194
3860,0.741935
3861,0.774194
3862,0.612903
3863,0.774194
3864,0.645161
3865,0.612903
3866,0.774194
3867,0.774194
3868,0.806452
3869,0.806452
3870,0.83871
3871,0.741935
3872,0.741935
3873,0.741935
3874,0.774194
3875,0.774194
3876,0.774194
3877,0.774194
3878,0.774194
3879,0.774194
3880,0.774194
3881,0.774194
3882,0.774194
3883,0.774194
3884,0.741935
3885,0.774194
3886,0.741935
3887,0.709677
3888,0.741935
3889,0.612903
3890,0.774194
3891,0.516129
3892,0.451613
3893,0.774194
3894,0.741935
3895,0.774194
3896,0.741935
3897,0.741935
3898,0.774194
3899,0.774194
3900,0.741935
3901,0.741935
3902,0.741935
3903,0.741935
3904,0.741935
3905,0.741935
3906,0.741935
3907,0.741935
3908,0.677419
3909,0.677419
3910,0.709677
3911,0.645161
3912,0.709677
3913,0.645161
3914,0.612903
3915,0.741935
3916,0.483871
3917,0.580645
3918,0.709677
3919,0.709677
3920,0.709677
3921,0.709677
3922,0.709677
3923,0.709677
3924,0.709677
3925,0.709677
3926,0.709677
3927,0.709677
3928,0.709677
3929,0.741935
3930,0.741935
3931,0.741935
3932,0.741935
3933,0.741935
3934,0.741935
3935,0.741935
3936,0.580645
3937,0.580645
3938,0.774194
3939,0.741935
3940,0.741935
3941,0.741935
3942,0.774194
3943,0.741935
3944,0.774194
3945,0.741935
3946,0.774194
3947,0.741935
3948,0.774194
3949,0.741935
3950,0.774194
3951,0.709677
3952,0.806452
3953,0.741935
3954,0.741935
3955,0.774194
3956,0.774194
3957,0.806452
3958,0.870968
3959,0.806452
3960,0.774194
3961,0.903226
3962,0.709677
3963,0.677419
3964,0.483871
3965,0.935484
3966,0.709677
3967,0.612903
3968,0.709677
3969,0.645161
3970,0.709677
3971,0.677419
3972,0.677419
3973,0.677419
3974,0.806452
3975,0.741935
3976,0.806452
3977,0.806452
3978,0.806452
3979,0.741935
3980,0.806452
3981,0.774194
3982,0.806452
3983,0.774194
3984,0.741935
3985,0.709677
3986,0.806452
3987,0.806452
3988,0.709677
3989,0.870968
3990,0.806452
3991,0.806452
3992,0.806452
3993,0.870968
3994,0.774194
3995,0.709677
3996,0.645161
3997,0.903226
3998,0.870968
3999,0.903226
4000,0.903226
4001,0.870968
4002,0.870968
4003,0.83871
4004,0.774194
4005,0.903226
4006,0.870968
4007,0.774194
4008,0.903226
4009,0.774194
4010,0.83871
4011,0.774194
4012,0.83871
4013,0.774194
4014,0.83871
4015,0.774194
4016,0.83871
4017,0.774194
4018,0.83871
4019,0.774194
4020,0.83871
4021,0.774194
4022,0.903226
4023,0.774194
4024,0.83871
4025,0.806452
4026,0.83871
4027,0.741935
4028,0.83871
4029,0.774194
4030,0.806452
4031,0.83871
4032,0.709677
4033,0.83871
4034,0.741935
4035,0.806452
4036,0.870968
4037,0.774194
4038,0.870968
4039,0.774194
4040,0.83871
4041,0.774194
4042,0.83871
4043,0.806452
4044,0.83871
4045,0.83871
4046,0.741935
4047,0.806452
4048,0.870968
4049,0.806452
4050,0.741935
4051,0.774194
4052,0.806452
4053,0.741935
4054,0.774194
4055,0.774194
4056,0.870968
4057,0.741935
4058,0.774194
4059,0.774194
4060,0.870968
4061,0.709677
4062,0.774194
4063,0.903226
4064,0.612903
4065,0.451613
4066,0.774194
4067,0.967742
4068,0.935484
4069,0.935484
4070,0.935484
4071,0.935484
4072,0.870968
4073,0.967742
4074,0.967742
4075,0.935484
4076,0.935484
4077,0.935484
4078,0.967742
4079,0.967742
4080,0.967742
4081,0.967742
4082,0.967742
4083,0.967742
4084,0.903226
4085,0.967742
4086,0.903226
4087,0.935484
4088,0.903226
4089,0.967742
4090,0.903226
4091,0.967742
4092,0.903226
4093,0.967742
4094,0.903226
4095,0.967742
4096,0.903226
4097,0.967742
4098,0.903226
4099,0.935484
4100,0.870968
4101,1
4102,0.709677
4103,1
4104,0.741935
4105,0.903226
4106,0.774194
4107,0.903226
4108,0.709677
4109,0.935484
4110,0.709677
4111,0.903226
4112,0.806452
4113,1
4114,0.806452
4115,1
4116,0.903226
4117,0.967742
4118,0.903226
4119,0.935484
4120,0.806452
4121,0.967742
4122,0.935484
4123,0.967742
4124,0.935484
4125,0.870968
4126,0.774194
4127,0.967742
4128,0.935484
4129,0.935484
4130,0.967742
4131,1
4132,1
4133,0.967742
4134,0.870968
4135,0.83871
4136,1
4137,0.935484
4138,0.967742
4139,0.83871
4140,0.806452
4141,0.774194
4142,0.774194
4143,0.548387
4144,0.677419
4145,0.806452
4146,0.516129
4147,0.322581
4148,0.354839
4149,0.354839
4150,0.354839
4151,0.741935
4152,1
4153,1
4154,1
4155,1
4156,0.903226
4157,0.258065
4158,0.741935
4159,1
4160,0.903226
4161,0.322581
4162,0.354839
4163,0.645161
4164,0.741935
4165,0.709677
4166,0.709677
4167,0.709677
4168,0.709677
4169,0.548387
4170,0.580645
4171,0.612903
4172,0.677419
4173,0.612903
4174,0.709677
4175,0.677419
4176,0.548387
4177,0.322581
4178,0.354839
4179,0.483871
4180,0.612903
4181,0.354839
4182,0.354839
4183,0.419355
4184,0.419355
4185,0.419355
4186,0.419355
4187,0.419355
4188,0.419355
4189,0.419355
4190,0.419355
4191,0.419355
4192,0.419355
4193,0.451613
4194,0.290323
4195,0.322581
4196,0.258065
4197,0.806452
4198,0.709677
4199,0.322581
4200,0.322581
4201,0.322581
4202,0.322581
4203,0.322581
4204,0.322581
4205,0.258065
4206,0.612903
4207,0.83871
4208,0.806452
4209,0.322581
4210,0.322581
4211,0.258065
4212,0.677419
4213,1
4214,0.741935
4215,0.645161
4216,0.709677
4217,0.709677
4218,0.903226
4219,0.83871
4220,0.83871
4221,0.870968
4222,0.741935
4223,0.741935
4224,0.806452
4225,0.741935
4226,0.741935
4227,0.677419
4228,0.806452
4229,0.677419
4230,0.612903
4231,0.741935
4232,0.677419
4233,0.741935
4234,0.677419
4235,0.741935
4236,0.677419
4237,0.774194
4238,0.83871
4239,0.677419
4240,0.548387
4241,0.612903
4242,0.677419
4243,0.741935
4244,0.677419
4245,0.741935
4246,0.677419
4247,0.677419
4248,0.709677
4249,0.774194
4250,0.580645
4251,0.645161
4252,0.612903
4253,0.645161
4254,0.516129
4255,0.516129
4256,0.516129
4257,0.483871
4258,0.548387
4259,0.483871
4260,0.516129
4261,0.483871
4262,0.548387
4263,0.483871
4264,0.612903
4265,0.677419
4266,0.322581
4267,0.258065
4268,0.483871
4269,0.709677
4270,0.612903
4271,0.806452
4272,0.451613
4273,0.548387
4274,0.548387
4275,0.548387
4276,0.548387
4277,0.516129
4278,0.741935
4279,0.516129
4280,0.516129
4281,0.451613
4282,0.516129
4283,0.451613
4284,0.516129
4285,0.387097
4286,0.387097
4287,0.387097
4288,0.516129
4289,0.516129
4290,0.387097
4291,0.451613
4292,0.516129
4293,0.451613
4294,0.516129
4295,0.322581
4296,0.451613
4297,0.516129
4298,0.516129
4299,0.806452
4300,0.258065
4301,0.516129
4302,0.806452
4303,0.483871
4304,0.709677
4305,0.516129
4306,0.548387
4307,0.451613
4308,0.516129
4309,0.516129
4310,0.806452
4311,0.322581
4312,0.322581
4313,0.322581
4314,0.258065
4315,0.451613
4316,0.516129
4317,0.451613
4318,0.516129
4319,0.451613
4320,0.516129
4321,0.516129
4322,0.806452
4323,0.870968
4324,0.967742
4325,1
4326,0.774194
4327,0.83871
4328,0.935484
4329,0.935484
4330,0.903226
4331,1
4332,0.967742
4333,0.967742
4334,1
4335,0.516129
4336,0.870968
4337,0.935484
4338,0.870968
4339,0.967742
4340,0.806452
4341,0.935484
4342,0.903226
4343,0.967742
4344,0.967742
4345,1
4346,0.967742
4347,0.774194
4348,0.774194
4349,0.903226
4350,0.83871
4351,0.870968
4352,0.741935
4353,0.741935
4354,0.870968
4355,0.677419
4356,0.741935
4357,0.741935
4358,0.774194
4359,0.774194
4360,0.774194
4361,0.806452
4362,0.83871
4363,0.741935
4364,0.677419
4365,0.741935
4366,0.677419
4367,0.677419
4368,0.677419
4369,0.741935
4370,0.645161
4371,0.677419
4372,0.580645
4373,0.645161
4374,0.645161
4375,0.677419
4376,0.677419
4377,0.612903
4378,0.580645
4379,0.645161
4380,0.612903
4381,0.645161
4382,0.612903
4383,0.709677
4384,0.387097
4385,0.451613
4386,0.548387
4387,0.612903
4388,0.580645
4389,0.612903
4390,0.580645
4391,0.580645
4392,0.580645
4393,0.645161
4394,0.451613
4395,0.290323
4396,0.290323
4397,0.193548
4398,0.419355
4399,0.451613
4400,0.451613
4401,0.516129
4402,0.645161
4403,0.483871
4404,0.483871
4405,0.516129
4406,0.483871
4407,0.516129
4408,0.548387
4409,0.451613
4410,0.451613
4411,0.451613
4412,0.451613
4413,0.516129
4414,0.483871
4415,0.483871
4416,0.548387
4417,0.516129
4418,0.548387
4419,0.516129
4420,0.548387
4421,0.483871
4422,0.387097
4423,0.387097
4424,0.387097
4425,0.451613
4426,0.516129
4427,0.483871
4428,0.548387
4429,0.548387
4430,0.548387
4431,0.548387
4432,0.516129
4433,0.483871
4434,0.516129
4435,0.483871
4436,0.548387
4437,0.483871
4438,0.451613
4439,0.483871
4440,0.451613
4441,0.548387
4442,0.516129
4443,0.516129
4444,0.516129
4445,0.483871
4446,0.516129
4447,0.580645
4448,0.483871
4449,0.483871
4450,0.451613
4451,0.83871
4452,0.774194
4453,0.129032
4454,0.0967742
4455,0.129032
4456,0.129032
4457,0.129032
4458,0.129032
4459,0.129032
4460,0.129032
4461,0.129032
4462,0.16129
4463,0.129032
4464,0.129032
4465,0.129032
4466,0.129032
4467,0.129032
4468,0.0967742
4469,0.129032
4470,0.129032
4471,0.0645161
4472,0.0967742
4473,0.129032
4474,0.129032
4475,0.129032
4476,0.129032
4477,0.129032
4478,0.0967742
4479,0.0967742
4480,0.0967742
4481,0.0967742
4482,0.129032
4483,0.0645161
4484,0.129032
4485,0.129032
4486,0.129032
4487,0.129032
4488,0.129032
4489,0.129032
4490,0.129032
4491,0.129032
4492,0.129032
4493,0.129032
4494,0.129032
4495,0.129032
4496,0.129032
4497,0.129032
4498,0.129032
4499,0.129032
4500,0.129032
4501,0.129032
4502,0.0967742
4503,0.129032
4504,0.129032
4505,0.129032
4506,0.129032
4507,0.129032
4508,0.193548
4509,0.193548
4510,0.193548
4511,0.193548
4512,0.193548
4513,0.193548
4514,0.16129
4515,0.16129
4516,0.129032
4517,0.129032
4518,0.0967742
4519,0.225806
4520,0.225806
4521,0.225806
4522,0.225806
4523,0.193548
4524,0.193548
4525,0.258065
4526,0.225806
4527,0.193548
4528,0.16129
4529,0.225806
4530,0.193548
4531,0.258065
4532,0.225806
4533,0.225806
4534,0.258065
4535,0.225806
4536,0.290323
4537,0.322581
4538,0.322581
4539,0.322581
4540,0.322581
4541,0.322581
4542,0.354839
4543,0.354839
4544,0.322581
4545,0.258065
4546,0.258065
4547,0.419355
4548,0.290323
4549,0.290323
4550,0.354839
4551,0.354839
4552,0.354839
4553,0.387097
4554,0.354839
4555,0.483871
4556,0.419355
4557,0.419355
4558,0.451613
4559,0.387097
4560,0.516129
4561,0.387097
4562,0.354839
4563,0.387097
4564,0.354839
4565,0.290323
4566,0.451613
4567,0.548387
4568,0.387097
4569,0.580645
4570,0.354839
4571,0.451613
4572,0.483871
4573,0.419355
4574,0.548387
4575,0.612903
4576,0.548387
4577,0.483871
4578,0.483871
4579,0.612903
4580,0.612903
4581,0.612903
4582,0.612903
4583,0.677419
4584,0.83871
4585,0.83871
4586,0.870968
4587,0.870968
4588,0.806452
4589,0.83871
4590,0.870968
4591,0.903226
4592,0.83871
4593,0.83871
4594,0.870968
4595,0.83871
4596,0.83871
4597,0.903226
4598,0.870968
4599,0.903226
4600,0.870968
4601,0.903226
4602,0.870968
4603,0.870968
4604,0.870968
4605,0.774194
4606,0.870968
4607,0.903226
4608,0.870968
4609,0.870968
4610,0.870968
4611,0.903226
4612,0.870968
4613,0.806452
4614,0.903226
4615,0.83871
4616,1
4617,0.870968
4618,1
4619,0.870968
4620,1
4621,0.774194
4622,1
4623,0.806452
4624,1
4625,0.806452
4626,1
4627,0.806452
4628,1
4629,0.806452
4630,1
4631,0.612903
4632,1
4633,0.806452
4634,1
4635,0.806452
4636,1
4637,0.612903
4638,1
4639,0.612903
4640,1
4641,0.612903
4642,1
4643,0.612903
4644,1
4645,0.612903
4646,1
4647,0.612903
4648,1
4649,0.806452
4650,1
4651,0.322581
4652,0.322581
4653,0.322581
4654,0.322581
4655,0.322581
4656,0.322581
4657,0.193548
4658,1
4659,0.741935
4660,1
4661,0.612903
4662,1
4663,0.612903
4664,1
4665,0.612903
4666,0.322581
4667,0.322581
4668,0.322581
4669,0.258065
4670,0.870968
4671,0.483871
4672,1
4673,0.419355
4674,0.322581
4675,0.290323
4676,0.322581
4677,0.290323
4678,0.322581
4679,0.290323
4680,0.322581
4681,0.225806
4682,1
4683,0.580645
4684,0.354839
4685,0.322581
4686,0.322581
4687,0.322581
4688,0.322581
4689,0.322581
4690,0.322581
4691,0.290323
4692,0.258065
4693,0.451613
4694,1
4695,0.709677
4696,0.903226
4697,0.774194
4698,0.935484
4699,0.806452
4700,0.935484
4701,0.354839
4702,0.193548
4703,0.677419
4704,0.322581
4705,0.16129
4706,0.612903
4707,0.870968
4708,0.419355
4709,0.774194
4710,0.83871
4711,0.741935
4712,0.709677
4713,0.580645
4714,0.935484
4715,0.645161
4716,1
4717,0.870968
4718,0.967742
4719,0.967742
4720,0.903226
4721,0.806452
4722,0.580645
4723,1
4724,0.741935
4725,0.967742
4726,0.741935
4727,0.516129
4728,1
4729,0.774194
4730,0.741935
4731,0.806452
4732,0.806452
4733,0.645161
4734,0.548387
4735,1
4736,0.741935
4737,0.806452
4738,0.806452
4739,0.645161
4740,0.645161
4741,0.903226
4742,0.741935
4743,0.935484
4744,0.645161
4745,0.516129
4746,1
4747,0.774194
4748,0.741935
4749,0.774194
4750,0.806452
4751,0.741935
4752,0.806452
4753,0.677419
4754,0.774194
4755,0.774194
4756,0.741935
4757,0.741935
4758,0.774194
4759,0.741935
4760,0.741935
4761,0.741935
4762,0.774194
4763,0.774194
4764,0.741935
4765,0.741935
4766,0.774194
4767,0.741935
4768,0.741935
4769,0.741935
4770,0.806452
4771,0.806452
4772,0.774194
4773,0.741935
4774,0.806452
4775,0.774194
4776,0.741935
4777,0.677419
4778,0.774194
4779,0.709677
4780,0.709677
4781,0.741935
4782,0.709677
4783,0.741935
4784,0.677419
4785,0.709677
4786,0.709677
4787,0.709677
4788,0.709677
4789,0.709677
4790,0.483871
4791,0.612903
4792,0.483871
4793,0.741935
4794,0.709677
4795,0.741935
4796,0.709677
4797,0.774194
4798,0.806452
4799,0.774194
4800,0.806452
4801,0.83871
4802,0.806452
4803,0.806452
4804,0.741935
4805,0.741935
4806,0.580645
4807,0.580645
4808,0.741935
4809,0.774194
4810,0.83871
4811,0.516129
4812,0.741935
4813,0.806452
4814,0.870968
4815,0.516129
4816,0.709677
4817,0.806452
4818,0.709677
4819,0.83871
4820,0.870968
4821,0.580645
4822,0.645161
4823,0.774194
4824,0.83871
4825,0.709677
4826,0.83871
4827,0.677419
4828,0.870968
4829,0.451613
4830,0.967742
4831,0.548387
4832,0.451613
4833,0.935484
4834,0.645161
4835,0.580645
4836,0.322581
4837,0.677419
4838,0.903226
4839,0.451613
4840,0.225806
4841,0.225806
4842,0.225806
4843,0.516129
4844,0.935484
4845,0.806452
4846,0.806452
4847,0.580645
4848,0.193548
4849,0.580645
4850,0.870968
4851,0.774194
4852,0.483871
4853,0.16129
4854,0.580645
4855,0.903226
4856,0.774194
4857,0.83871
4858,0.774194
4859,0.774194
4860,0.677419
4861,0.677419
4862,0.870968
4863,0.258065
4864,0.387097
4865,0.290323
4866,0.354839
4867,0.677419
4868,0.870968
4869,0.677419
4870,0.903226
4871,0.870968
4872,0.870968
4873,0.870968
4874,0.870968
4875,0.870968
4876,0.870968
4877,0.870968
4878,0.870968
4879,0.870968
4880,0.870968
4881,0.870968
4882,0.870968
4883,0.870968
4884,0.870968
4885,0.870968
4886,0.870968
4887,0.870968
4888,0.709677
4889,0.677419
4890,0.903226
4891,0.870968
4892,0.870968
4893,0.870968
4894,0.870968
4895,0.709677
4896,0.225806
4897,0.225806
4898,0.225806
4899,0.225806
4900,0.516129
4901,0.83871
4902,0.225806
4903,0.225806
4904,0.612903
4905,0.903226
4906,0.258065
4907,0.387097
4908,0.225806
4909,0.225806
4910,0.225806
4911,0.225806
4912,0.258065
4913,0.419355
4914,0.322581
4915,0.225806
4916,0.225806
4917,0.225806
4918,0.225806
4919,0.258065
4920,0.419355
4921,0.290323
4922,0.193548
4923,0.451613
4924,0.935484
4925,0.774194
4926,0.741935
4927,0.741935
4928,0.774194
4929,0.258065
4930,0.419355
4931,0.322581
4932,0.387097
4933,0.290323
4934,0.225806
4935,0.322581
4936,0.258065
4937,0.709677
4938,0.612903
4939,0.258065
4940,0.419355
4941,0.258065
4942,0.419355
4943,0.322581
4944,0.419355
4945,0.290323
4946,0.225806
4947,0.258065
4948,0.419355
4949,0.322581
4950,0.387097
4951,0.83871
4952,0.677419
4953,0.258065
4954,0.419355
4955,0.322581
4956,0.387097
4957,0.322581
4958,0.387097
4959,0.322581
4960,0.387097
4961,0.322581
4962,0.387097
4963,0.322581
4964,0.83871
4965,0.677419
4966,0.258065
4967,0.290323
4968,0.290323
4969,0.290323
4970,0.290323
4971,0.290323
4972,0.290323
4973,0.290323
4974,0.290323
4975,0.225806
4976,0.870968
4977,0.612903
4978,0.258065
4979,0.290323
4980,0.290323
4981,0.290323
4982,0.290323
4983,0.290323
4984,0.322581
4985,0.258065
4986,0.258065
4987,0.322581
4988,0.322581
4989,0.322581
4990,0.354839
4991,0.322581
4992,0.258065
4993,0.258065
4994,0.258065
4995,0.322581
4996,0.322581
4997,0.258065
4998,0.258065
4999,0.354839
5000,0.354839
5001,0.354839
5002,0.290323
5003,0.258065
5004,0.290323
5005,0.290323
5006,0.290323
5007,0.322581
5008,0.354839
5009,0.645161
5010,0.580645
5011,0.322581
5012,0.354839
5013,0.354839
5014,0.354839
5015,0.354839
5016,0.354839
5017,0.354839
5018,0.354839
5019,0.354839
5020,0.387097
5021,0.451613
5022,0.354839
5023,0.354839
5024,0.354839
5025,0.354839
5026,0.354839
5027,0.354839
5028,0.354839
5029,0.387097
5030,0.451613
5031,0.354839
5032,0.354839
5033,0.354839
5034,0.354839
5035,0.354839
5036,0.354839
5037,0.354839
5038,0.354839
5039,0.354839
5040,0.354839
5041,0.354839
5042,0.354839
5043,0.580645
5044,0.774194
5045,0.322581
5046,0.354839
5047,0.354839
5048,0.354839
5049,0.354839
5050,0.354839
5051,0.354839
5052,0.354839
5053,0.354839
5054,0.354839
5055,0.354839
5056,0.354839
5057,0.354839
5058,0.354839
5059,0.354839
5060,0.354839
5061,0.354839
5062,0.354839
5063,0.225806
5064,0.322581
5065,0.322581
5066,0.322581
5067,0.322581
5068,0.322581
5069,0.322581
5070,0.258065
5071,0.83871
5072,0.709677
5073,0.322581
5074,0.322581
5075,0.322581
5076,0.322581
5077,0.322581
5078,0.322581
5079,0.258065
5080,0.774194
5081,0.83871
5082,0.322581
5083,0.322581
5084,0.322581
5085,0.322581
5086,0.322581
5087,0.322581
5088,0.322581
5089,0.322581
5090,0.322581
5091,0.322581
5092,0.258065
5093,0.709677
5094,0.645161
5095,0.290323
5096,0.741935
5097,0.709677
5098,0.322581
5099,0.322581
5100,0.322581
5101,0.322581
5102,0.322581
5103,0.322581
5104,0.322581
5105,0.322581
5106,0.322581
5107,0.322581
5108,0.322581
5109,0.322581
5110,0.322581
5111,0.290323
5112,0.225806
5113,0.290323
5114,0.258065
5115,0.258065
5116,0.258065
5117,0.258065
5118,0.258065
5119,0.258065
5120,0.258065
5121,0.258065
5122,0.612903
5123,0.548387
5124,0.258065
5125,0.258065
5126,0.322581
5127,0.322581
5128,0.322581
5129,0.322581
5130,0.322581
5131,0.322581
5132,0.322581
5133,0.322581
5134,0.322581
5135,0.322581
5136,0.322581
5137,0.322581
5138,0.322581
5139,0.322581
5140,0.322581
5141,0.322581
5142,0.322581
5143,0.322581
5144,0.322581
5145,0.322581
5146,0.322581
5147,0.322581
5148,0.322581
5149,0.322581
5150,0.322581
5151,0.322581
5152,0.322581
5153,0.322581
5154,0.322581
5155,0.322581
5156,0.322581
5157,0.322581
5158,0.322581
5159,0.322581
5160,0.322581
5161,0.322581
5162,0.322581
5163,0.322581
5164,0.322581
5165,0.322581
5166,0.322581
5167,0.322581
5168,0.322581
5169,0.322581
5170,0.322581
5171,0.322581
5172,0.419355
5173,0.483871
5174,0.354839
5175,0.419355
5176,0.967742
5177,1
5178,0.290323
5179,0.290323
5180,0.290323
5181,0.354839
5182,0.354839
5183,0.354839
5184,0.354839
5185,0.354839
5186,0.354839
5187,0.354839
5188,0.354839
5189,0.354839
5190,0.354839
5191,0.354839
5192,0.354839
5193,0.419355
5194,0.967742
5195,1
5196,0.483871
5197,0.483871
5198,0.483871
5199,0.483871
5200,0.419355
5201,0.322581
5202,0.709677
5203,0.806452
5204,0.483871
5205,0.354839
5206,0.516129
5207,0.419355
5208,0.580645
5209,0.516129
5210,0.354839
5211,0.806452
5212,0.903226
5213,0.870968
5214,0.967742
5215,0.870968
5216,0.903226
5217,1
5218,0.935484
5219,0.967742
5220,0.967742
5221,1
5222,0.935484
5223,0.83871
5224,0.83871
5225,0.516129
5226,0.870968
5227,0.612903
5228,0.548387
5229,0.387097
5230,0.774194
5231,0.516129
5232,0.451613
5233,0.419355
5234,0.548387
5235,0.516129
5236,0.83871
5237,0.903226
5238,0.290323
5239,0.322581
5240,0.354839
5241,0.354839
5242,0.290323
5243,0.322581
5244,0.290323
5245,0.322581
5246,0.354839
5247,0.322581
5248,0.322581
5249,0.322581
5250,0.387097
5251,0.870968
5252,1
5253,0.967742
5254,0.419355
5255,0.419355
5256,0.322581
5257,0.322581
5258,0.322581
5259,0.322581
5260,0.322581
5261,0.322581
5262,0.322581
5263,0.322581
5264,0.322581
5265,0.290323
5266,0.322581
5267,0.322581
5268,0.322581
5269,0.290323
5270,0.225806
5271,0.612903
5272,0.677419
5273,0.645161
5274,0.677419
5275,0.645161
5276,0.709677
5277,0.419355
5278,0.16129
5279,0.548387
5280,0.645161
5281,0.677419
5282,0.645161
5283,0.677419
5284,0.645161
5285,0.612903
5286,0.645161
5287,0.677419
5288,0.548387
5289,0.612903
5290,0.677419
5291,0.645161
5292,0.677419
5293,0.645161
5294,0.677419
5295,0.645161
5296,0.677419
5297,0.645161
5298,0.677419
5299,0.645161
5300,0.612903
5301,0.580645
5302,0.580645
5303,0.580645
5304,0.580645
5305,0.580645
5306,0.580645
5307,0.612903
5308,0.516129
5309,0.548387
5310,0.580645
5311,0.580645
5312,0.580645
5313,0.935484
5314,0.903226
5315,0.225806
5316,0.225806
5317,0.225806
5318,0.225806
5319,0.225806
5320,0.225806
5321,0.225806
5322,0.225806
5323,0.193548
5324,0.225806
5325,0.225806
5326,0.225806
5327,0.225806
5328,0.225806
5329,0.225806
5330,0.193548
5331,0.193548
5332,0.193548
5333,0.193548
5334,0.225806
5335,0.225806
5336,0.225806
5337,0.225806
5338,0.225806
5339,0.225806
5340,0.225806
5341,0.225806
5342,0.290323
5343,0.290323
5344,0.16129
5345,0.290323
5346,0.16129
5347,0.16129
5348,0.16129
5349,0.129032
5350,0.258065
5351,0.290323
5352,0.290323
5353,0.290323
5354,0.290323
5355,0.290323
5356,0.16129
5357,0.290323
5358,0.290323
5359,0.290323
5360,0.193548
5361,0.193548
5362,0.193548
5363,0.258065
5364,0.258065
5365,0.258065
5366,0.258065
5367,0.193548
5368,0.193548
5369,0.258065
5370,0.193548
5371,0.290323
5372,0.225806
5373,0.225806
5374,0.225806
5375,0.193548
5376,0.225806
5377,0.193548
5378,0.258065
5379,0.258065
5380,0.290323
5381,0.290323
5382,0.258065
5383,0.290323
5384,0.290323
5385,0.354839
5386,0.387097
5387,0.387097
5388,0.387097
5389,0.419355
5390,0.387097
5391,0.387097
5392,0.387097
5393,0.354839
5394,0.387097
5395,0.387097
5396,0.387097
5397,0.354839
5398,0.387097
5399,0.387097
5400,0.387097
5401,0.387097
5402,0.258065
5403,0.387097
5404,0.483871
5405,0.258065
5406,0.225806
5407,0.387097
5408,0.322581
5409,0.387097
5410,0.387097
5411,0.387097
5412,0.387097
5413,0.387097
5414,0.387097
5415,0.387097
5416,0.387097
5417,0.387097
5418,0.387097
5419,0.322581
5420,0.354839
5421,0.483871
5422,0.483871
5423,0.483871
5424,0.451613
5425,0.451613
5426,0.483871
5427,0.483871
5428,0.451613
5429,0.451613
5430,0.451613
5431,0.451613
5432,0.516129
5433,0.516129
5434,0.548387
5435,0.483871
5436,0.483871
5437,0.548387
5438,0.645161
5439,0.483871
5440,0.258065
5441,0.548387
5442,0.677419
5443,0.645161
5444,0.677419
5445,0.645161
5446,0.677419
5447,0.935484
5448,0.419355
5449,0.290323
5450,0.258065
5451,0.935484
5452,0.935484
5453,0.935484
5454,0.935484
5455,0.935484
5456,0.967742
5457,1
5458,0.419355
5459,0.225806
5460,0.967742
5461,0.548387
5462,0.354839
5463,0.516129
5464,0.290323
5465,0.290323
5466,0.290323
5467,0.290323
5468,0.258065
5469,0.870968
5470,0.903226
5471,0.387097
5472,0.258065
5473,0.870968
5474,0.354839
5475,0.354839
5476,0.354839
5477,0.290323
5478,0.225806
5479,0.870968
5480,0.354839
5481,0.354839
5482,0.354839
5483,0.354839
5484,0.290323
5485,0.354839
5486,0.354839
5487,0.290323
5488,0.258065
5489,0.677419
5490,1
5491,0.935484
5492,0.387097
5493,0.290323
5494,0.322581
5495,0.354839
5496,0.354839
5497,0.290323
5498,0.290323
5499,0.290323
5500,0.290323
5501,0.290323
5502,0.290323
5503,0.290323
5504,0.290323
5505,0.290323
5506,0.354839
5507,0.354839
5508,0.354839
5509,0.354839
5510,0.354839
5511,0.354839
5512,0.354839
5513,0.354839
5514,0.354839
5515,0.354839
5516,0.354839
5517,0.354839
5518,0.354839
5519,0.290323
5520,0.290323
5521,0.290323
5522,0.290323
5523,0.354839
5524,0.451613
5525,0.709677
5526,0.483871
5527,0.483871
5528,0.483871
5529,0.419355
5530,0.354839
5531,0.354839
5532,0.354839
5533,0.451613
5534,0.580645
5535,0.548387
5536,0.451613
5537,0.548387
5538,0.387097
5539,0.322581
5540,0.354839
5541,0.354839
5542,0.354839
5543,0.354839
5544,0.354839
5545,0.354839
5546,0.354839
5547,0.354839
5548,0.322581
5549,0.290323
5550,0.419355
5551,0.387097
5552,0.387097
5553,0.387097
5554,0.516129
5555,0.516129
5556,0.483871
5557,0.483871
5558,0.516129
5559,0.516129
5560,0.258065
5561,0.516129
5562,0.419355
5563,0.290323
5564,0.483871
5565,0.290323
5566,0.516129
5567,0.290323
5568,0.516129
5569,0.290323
5570,0.548387
5571,0.290323
5572,0.516129
5573,0.322581
5574,0.548387
5575,0.483871
5576,0.516129
5577,0.516129
5578,0.483871
5579,0.83871
5580,0.516129
5581,0.967742
5582,0.483871
5583,0.83871
5584,0.483871
5585,0.83871
5586,0.83871
5587,0.870968
5588,0.870968
5589,0.870968
5590,0.870968
5591,0.870968
5592,0.870968
5593,0.870968
5594,0.870968
5595,0.870968
5596,0.677419
5597,1
5598,0.870968
5599,0.935484
5600,0.451613
5601,1
5602,0.612903
5603,0.903226
5604,0.612903
5605,0.903226
5606,0.612903
5607,0.903226
5608,0.645161
5609,1
5610,0.83871
5611,0.645161
5612,0.645161
5613,1
5614,0.451613
5615,0.903226
5616,0.483871
5617,0.774194
5618,0.387097
5619,0.870968
5620,0.354839
5621,1
5622,0.225806
5623,0.935484
5624,0.225806
5625,0.935484
5626,0.193548
5627,0.967742
5628,0.193548
5629,0.967742
5630,0.193548
5631,0.967742
5632,0.483871
5633,0.774194
5634,0.451613
5635,0.903226
5636,0.483871
5637,0.741935
5638,0.548387
5639,0.645161
5640,0.645161
5641,0.645161
5642,0.645161
5643,0.580645
5644,0.548387
5645,0.548387
5646,0.548387
5647,0.548387
5648,0.548387
5649,1
5650,0.419355
5651,0.870968
5652,0.451613
5653,0.741935
5654,0.645161
5655,0.516129
5656,0.612903
5657,0.645161
5658,0.774194
5659,0.741935
5660,0.741935
5661,0.741935
5662,0.741935
5663,0.677419
5664,0.612903
5665,0.419355
5666,0.774194
5667,0.483871
5668,0.677419
5669,0.516129
5670,0.774194
5671,0.903226
5672,0.967742
5673,0.612903
5674,1
5675,0.806452
5676,0.612903
5677,1
5678,0.903226
5679,0.83871
5680,0.935484
5681,0.83871
5682,0.935484
5683,0.83871
5684,0.935484
5685,0.419355
5686,0.806452
5687,0.548387
5688,0.677419
5689,0.741935
5690,0.580645
5691,0.645161
5692,0.741935
5693,0.870968
5694,0.548387
5695,0.806452
5696,0.645161
5697,0.935484
5698,0.903226
5699,0.322581
5700,0.451613
5701,0.806452
5702,0.741935
5703,0.677419
5704,0.580645
5705,0.612903
5706,0.580645
5707,0.225806
5708,0.258065
5709,0.225806
5710,0.225806
5711,0.354839
5712,0.677419
5713,0.677419
5714,0.516129
5715,0.903226
5716,0.258065
5717,0.290323
5718,0.258065
5719,0.322581
5720,0.290323
5721,0.290323
5722,0.290323
5723,0.322581
5724,0.354839
5725,0.354839
5726,0.419355
5727,0.612903
5728,0.516129
5729,0.548387
5730,0.516129
5731,0.83871
5732,0.935484
5733,0.354839
5734,0.709677
5735,0.774194
5736,0.870968
5737,0.83871
5738,0.83871
5739,0.83871
5740,0.806452
5741,0.774194
5742,0.419355
5743,0.741935
5744,0.451613
5745,0.83871
5746,0.806452
5747,0.83871
5748,0.774194
5749,0.419355
5750,0.83871
5751,0.451613
5752,0.612903
5753,0.612903
5754,0.580645
5755,0.677419
5756,0.516129
5757,0.83871
5758,0.451613
5759,0.774194
5760,0.483871
5761,0.903226
5762,0.290323
5763,0.322581
5764,0.354839
5765,0.322581
5766,0.354839
5767,0.322581
5768,0.806452
5769,0.903226
5770,0.483871
5771,0.935484
5772,0.741935
5773,0.741935
5774,0.741935
5775,0.483871
5776,0.870968
5777,0.451613
5778,0.741935
5779,0.612903
5780,0.903226
5781,0.806452
5782,0.741935
5783,0.741935
5784,0.83871
5785,0.741935
5786,0.83871
5787,0.741935
5788,0.83871
5789,0.709677
5790,0.741935
5791,0.806452
5792,0.741935
5793,0.83871
5794,0.741935
5795,0.741935
5796,0.806452
5797,0.741935
5798,0.806452
5799,0.741935
5800,0.774194
5801,0.903226
5802,0.193548
5803,0.354839
5804,0.806452
5805,1
5806,0.935484
5807,0.935484
5808,1
5809,0.806452
5810,0.870968
5811,0.935484
5812,0.935484
5813,0.935484
5814,0.935484
5815,0.935484
5816,0.935484
5817,0.903226
5818,0.935484
5819,0.935484
5820,0.935484
5821,0.967742
5822,0.903226
5823,0.967742
5824,0.903226
5825,0.935484
5826,0.903226
5827,0.967742
5828,0.903226
5829,0.967742
5830,0.903226
5831,0.967742
5832,0.903226
5833,0.967742
5834,0.903226
5835,0.516129
5836,0.83871
5837,0.935484
5838,0.903226
5839,0.935484
5840,0.870968
5841,0.83871
5842,0.83871
5843,0.870968
5844,0.870968
5845,0.870968
5846,0.870968
5847,0.870968
5848,0.870968
5849,0.548387
5850,0.741935
5851,0.870968
5852,0.870968
5853,0.774194
5854,0.903226
5855,0.903226
5856,0.935484
5857,0.903226
5858,0.903226
5859,0.774194
5860,0.935484
5861,0.870968
5862,0.967742
5863,0.903226
5864,0.935484
5865,0.870968
5866,0.967742
5867,0.903226
5868,0.870968
5869,0.870968
5870,0.870968
5871,0.870968
5872,0.935484
5873,0.903226
5874,0.935484
5875,0.870968
5876,0.967742
5877,0.806452
5878,0.709677
5879,0.774194
5880,0.741935
5881,0.774194
5882,0.709677
5883,0.774194
5884,0.645161
5885,0.774194
5886,0.709677
5887,0.806452
5888,0.806452
5889,0.741935
5890,0.806452
5891,0.741935
5892,0.774194
5893,0.806452
5894,0.806452
5895,0.806452
5896,0.806452
5897,0.806452
5898,0.806452
5899,0.774194
5900,0.709677
5901,0.741935
5902,0.645161
5903,0.612903
5904,0.645161
5905,0.612903
5906,0.645161
5907,0.580645
5908,0.612903
5909,0.580645
5910,0.612903
5911,0.483871
5912,0.580645
5913,0.645161
5914,0.580645
5915,0.580645
5916,0.580645
5917,0.548387
5918,0.451613
5919,0.483871
5920,0.451613
5921,0.483871
5922,0.387097
5923,0.419355
5924,0.483871
5925,0.419355
5926,0.580645
5927,0.419355
5928,0.483871
5929,0.419355
5930,0.612903
5931,0.451613
5932,0.516129
5933,0.870968
5934,1
5935,1
5936,1
5937,1
5938,1
5939,1
5940,1
5941,1
5942,1
5943,1
5944,1
5945,1
5946,1
5947,0.83871
5948,0.709677
5949,1
5950,0.967742
5951,0.967742
5952,0.967742
5953,1
5954,1
5955,0.967742
5956,1
5957,1
5958,1
5959,1
5960,1
5961,1
5962,1
5963,1
5964,1
5965,1
5966,0.967742
5967,0.967742
5968,0.967742
5969,0.967742
5970,0.967742
5971,0.967742
5972,0.967742
5973,1
5974,1
5975,1
5976,1
5977,1
5978,1
5979,1
5980,1
5981,1
5982,1
5983,1
5984,1
5985,1
5986,1
5987,1
5988,1
5989,1
5990,1
5991,1
5992,1
5993,1
5994,1
5995,1
5996,1
5997,1
5998,1
5999,1
6000,1
6001,1
6002,1
6003,1
6004,1
6005,1
6006,1
6007,1
6008,1
6009,1
6010,1
6011,1
6012,1
6013,1
6014,1
6015,1
6016,1
6017,1
6018,1
6019,1
6020,1
6021,1
6022,1
6023,1
6024,1
6025,1
6026,1
6027,1
6028,1
6029,1
6030,1
6031,1
6032,1
6033,1
6034,1
6035,1
6036,1
6037,1
6038,1
6039,1
6040,1
6041,1
6042,1
6043,1
6044,1
6045,1
6046,1
6047,1
6048,1
6049,1
6050,1
6051,1
6052,1
6053,0.967742
6054,1
6055,1
6056,1
6057,1
6058,1
6059,1
6060,1
6061,1
6062,1
6063,1
6064,1
6065,1
6066,0.83871
6067,0.903226
6068,0.83871
6069,0.935484
6070,0.935484
6071,0.935484
6072,0.967742
6073,0.967742
6074,1
6075,0.612903
6076,0.741935
6077,1
6078,0.967742
6079,0.870968
6080,0.935484
6081,1
6082,1
6083,1
6084,1
6085,1
6086,1
6087,0.806452
6088,1
6089,1
6090,1
6091,1
6092,0.967742
6093,1
6094,1
6095,0.967742
6096,1
6097,0.967742
6098,1
6099,0.967742
6100,1
6101,1
6102,1
6103,1
6104,1
6105,1
6106,1
6107,1
6108,1
6109,1
6110,1
6111,1
6112,1
6113,1
6114,1
6115,1
6116,1
6117,1
6118,1
6119,1
6120,1
6121,1
6122,1
6123,1
6124,1
6125,1
6126,1
6127,1
6128,1
6129,1
6130,1
6131,1
6132,1
6133,1
6134,0.967742
6135,1
6136,0.967742
6137,1
6138,0.967742
6139,1
6140,1
6141,1
6142,1
6143,1
6144,1
6145,1
6146,1
6147,0.967742
6148,0.83871
6149,1
6150,0.967742
6151,0.967742
6152,0.967742
6153,1
6154,0.967742
6155,0.967742
6156,1
6157,0.967742
6158,0.967742
6159,0.967742
6160,0.967742
6161,0.967742
6162,0.967742
6163,1
6164,0.967742
6165,1
6166,0.967742
6167,1
6168,0.967742
6169,0.967742
6170,0.967742
6171,0.967742
6172,0.967742
6173,0.967742
6174,0.935484
6175,0.645161
6176,0.903226
6177,1
6178,1
6179,1
6180,1
6181,1
6182,1
6183,1
6184,1
6185,1
6186,1
6187,1
6188,1
6189,1
6190,1
6191,0.903226
6192,0.451613
6193,0.451613
6194,0.451613
6195,0.483871
6196,0.451613
6197,0.451613
6198,0.451613
6199,0.451613
6200,0.451613
6201,0.451613
6202,0.451613
6203,0.451613
6204,0.451613
6205,0.451613
6206,0.451613
6207,0.451613
6208,0.451613
6209,0.451613
6210,0.451613
6211,0.451613
6212,0.451613
6213,0.451613
6214,0.451613
6215,0.451613
6216,0.451613
6217,0.451613
6218,1
6219,1
6220,0.967742
6221,0.935484
6222,1
6223,1
6224,1
6225,1
6226,1
6227,1
6228,1
6229,1
6230,1
6231,0.483871
6232,1
6233,1
6234,1
6235,1
6236,1
6237,1
6238,0.322581
6239,0.483871
6240,1
6241,1
6242,1
6243,0.935484
6244,1
6245,1
6246,1
6247,1
6248,1
6249,1
6250,1
6251,1
6252,1
6253,1
6254,0.483871
6255,1
6256,1
6257,1
6258,1
6259,1
6260,1
6261,1
6262,1
6263,1
6264,1
6265,1
6266,1
6267,0.935484
6268,1
6269,1
6270,1
6271,1
6272,1
6273,1
6274,1
6275,1
6276,1
6277,1
6278,1
6279,1
6280,1
6281,1
6282,1
6283,1
6284,1
6285,1
6286,1
6287,1
6288,1
6289,1
6290,1
6291,1
6292,1
6293,1
6294,1
6295,1
6296,1
6297,1
6298,1
6299,1
6300,1
6301,1
6302,1
6303,1
6304,1
6305,1
6306,1
6307,1
6308,1
6309,1
6310,1
6311,1
6312,1
6313,1
6314,1
6315,1
6316,1
6317,1
6318,1
6319,1
6320,1
6321,0.806452
6322,0.741935
6323,0.967742
6324,0.935484
6325,1
6326,0.935484
6327,1
6328,1
6329,0.967742
6330,0.83871
6331,0.967742
6332,0.967742
6333,0.935484
6334,0.967742
6335,0.935484
6336,0.967742
6337,0.935484
6338,0.967742
6339,0.935484
6340,0.967742
6341,0.935484
6342,0.967742
6343,0.967742
6344,1
6345,0.83871
6346,0.935484
6347,0.903226
6348,0.935484
6349,0.903226
6350,0.935484
6351,0.83871
6352,0.935484
6353,0.967742
6354,0.903226
6355,0.903226
6356,1
6357,0.870968
6358,0.935484
6359,0.935484
6360,0.935484
6361,0.935484
6362,0.935484
6363,0.870968
6364,0.903226
6365,0.870968
6366,0.903226
6367,0.935484
6368,0.903226
6369,0.935484
6370,0.903226
6371,0.935484
6372,0.903226
6373,0.967742
6374,0.935484
6375,0.967742
6376,0.935484
6377,0.967742
6378,0.935484
6379,1
6380,0.935484
6381,0.967742
6382,0.903226
6383,0.935484
6384,0.903226
6385,0.935484
6386,0.903226
6387,0.903226
6388,0.903226
6389,0.903226
6390,0.903226
6391,0.903226
6392,0.903226
6393,0.967742
6394,0.83871
6395,1
6396,0.935484
6397,1
6398,0.903226
6399,1
6400,0.645161
6401,0.548387
6402,0.548387
6403,0.935484
6404,1
6405,0.83871
6406,0.741935
6407,0.548387
6408,0.516129
6409,0.935484
6410,1
6411,1
6412,0.903226
6413,1
6414,0.903226
6415,1
6416,0.903226
6417,1
6418,0.903226
6419,1
6420,0.870968
6421,1
6422,0.870968
6423,1
6424,0.870968
6425,0.774194
6426,0.870968
6427,0.870968
6428,0.870968
6429,0.870968
6430,0.83871
6431,1
6432,0.645161
6433,0.935484
6434,0.903226
6435,0.83871
6436,0.967742
6437,0.903226
6438,0.967742
6439,0.903226
6440,0.83871
6441,0.935484
6442,0.83871
6443,0.903226
6444,0.870968
6445,0.806452
6446,0.935484
6447,0.870968
6448,0.870968
6449,0.870968
6450,0.870968
6451,0.870968
6452,0.741935
6453,0.870968
6454,0.806452
6455,0.870968
6456,0.806452
6457,0.870968
6458,0.806452
6459,0.870968
6460,0.741935
6461,0.806452
6462,0.870968
6463,0.806452
6464,0.870968
6465,0.806452
6466,0.870968
6467,0.870968
6468,0.806452
6469,0.870968
6470,0.806452
6471,0.774194
6472,0.774194
6473,0.741935
6474,0.774194
6475,0.774194
6476,0.83871
6477,0.806452
6478,0.806452
6479,0.806452
6480,0.806452
6481,0.741935
6482,0.806452
6483,0.741935
6484,0.806452
6485,0.774194
6486,0.806452
6487,0.741935
6488,0.741935
6489,0.741935
6490,0.806452
6491,0.741935
6492,0.806452
6493,0.741935
6494,0.612903
6495,0.677419
6496,0.806452
6497,0.774194
6498,0.774194
6499,0.774194
6500,0.774194
6501,0.741935
6502,0.741935
6503,0.741935
6504,0.741935
6505,0.741935
6506,0.741935
6507,0.741935
6508,0.741935
6509,0.741935
6510,0.741935
6511,0.741935
6512,0.741935
6513,0.741935
6514,0.774194
6515,0.774194
6516,0.774194
6517,0.806452
6518,0.806452
6519,0.806452
6520,0.806452
6521,0.806452
6522,0.806452
6523,0.806452
6524,0.806452
6525,0.806452
6526,0.806452
6527,0.806452
6528,0.870968
6529,0.83871
6530,0.935484
6531,0.83871
6532,0.935484
6533,0.83871
6534,0.935484
6535,0.83871
6536,0.935484
6537,0.806452
6538,0.806452
6539,0.903226
6540,0.870968
6541,0.903226
6542,0.870968
6543,0.774194
6544,0.935484
6545,0.806452
6546,0.806452
6547,0.774194
6548,0.806452
6549,0.806452
6550,0.580645
6551,0.516129
6552,0.935484
6553,0.580645
6554,0.483871
6555,0.870968
6556,0.516129
6557,0.774194
6558,0.387097
6559,0.580645
6560,0.419355
6561,0.612903
6562,0.903226
6563,0.806452
6564,0.774194
6565,0.806452
6566,0.774194
6567,0.806452
6568,0.774194
6569,0.774194
6570,0.709677
6571,0.741935
6572,0.709677
6573,0.806452
6574,0.741935
6575,0.709677
6576,0.774194
6577,0.83871
6578,0.870968
6579,0.83871
6580,0.83871
6581,0.83871
6582,0.806452
6583,0.806452
6584,0.83871
6585,0.806452
6586,0.83871
6587,0.806452
6588,0.83871
6589,0.806452
6590,0.83871
6591,0.806452
6592,0.806452
6593,0.709677
6594,0.709677
6595,0.709677
6596,0.709677
6597,0.741935
6598,0.83871
6599,0.774194
6600,0.741935
6601,0.83871
6602,0.806452
6603,0.83871
6604,0.806452
6605,0.83871
6606,0.709677
6607,0.677419
6608,0.903226
6609,0.806452
6610,0.83871
6611,0.741935
6612,0.83871
6613,0.741935
6614,0.806452
6615,0.741935
6616,0.83871
6617,0.709677
6618,0.806452
6619,0.741935
6620,0.741935
6621,0.741935
6622,0.741935
6623,0.83871
6624,0.806452
6625,0.83871
6626,0.806452
6627,0.83871
6628,0.806452
6629,0.83871
6630,0.806452
6631,0.709677
6632,0.741935
6633,0.741935
6634,0.741935
6635,0.83871
6636,0.741935
6637,0.83871
6638,0.741935
6639,0.806452
6640,0.741935
6641,0.741935
6642,0.83871
6643,0.677419
6644,0.741935
6645,0.806452
6646,0.709677
6647,0.645161
6648,0.774194
6649,0.903226
6650,0.83871
6651,0.83871
6652,0.903226
6653,0.774194
6654,1
6655,1
6656,0.903226
6657,0.903226
6658,0.870968
6659,0.870968
6660,0.935484
6661,0.967742
6662,0.935484
6663,0.935484
6664,0.935484
6665,0.935484
6666,0.903226
6667,0.967742
6668,0.83871
6669,0.935484
6670,0.903226
6671,0.967742
6672,0.903226
6673,1
6674,0.903226
6675,0.967742
6676,0.903226
6677,0.967742
6678,0.903226
6679,0.967742
6680,0.903226
6681,0.967742
6682,0.935484
6683,0.903226
6684,0.870968
6685,0.967742
6686,0.903226
6687,1
6688,0.709677
6689,0.967742
6690,0.709677
6691,0.967742
6692,0.774194
6693,0.967742
6694,0.806452
6695,0.967742
6696,0.806452
6697,0.967742
6698,0.806452
6699,0.967742
6700,0.935484
6701,0.903226
6702,0.935484
6703,0.903226
6704,0.903226
6705,0.903226
6706,0.903226
6707,0.967742
6708,0.903226
6709,0.935484
6710,0.903226
6711,0.870968
6712,0.967742
6713,0.967742
6714,0.967742
6715,0.967742
6716,0.935484
6717,0.935484
6718,0.870968
6719,0.935484
6720,0.903226
6721,0.903226
6722,0.903226
6723,0.903226
6724,0.903226
6725,0.774194
6726,0.774194
6727,0.741935
6728,0.83871
6729,0.677419
6730,0.741935
6731,0.677419
6732,0.709677
6733,0.677419
6734,0.741935
6735,0.709677
6736,0.806452
6737,0.741935
6738,0.741935
6739,0.741935
6740,0.774194
6741,0.806452
6742,0.741935
6743,0.741935
6744,0.741935
6745,0.741935
6746,0.741935
6747,0.741935
6748,0.709677
6749,0.806452
6750,0.645161
6751,0.612903
6752,0.612903
6753,0.612903
6754,0.612903
6755,0.612903
6756,0.580645
6757,0.580645
6758,0.516129
6759,0.580645
6760,0.612903
6761,0.580645
6762,0.612903
6763,0.677419
6764,0.516129
6765,0.451613
6766,0.419355
6767,0.419355
6768,0.483871
6769,0.419355
6770,0.387097
6771,0.419355
6772,0.516129
6773,0.483871
6774,0.483871
6775,0.483871
6776,0.483871
6777,0.516129
6778,0.451613
6779,0.548387
6780,0.483871
6781,0.806452
6782,1
6783,0.967742
6784,0.967742
6785,1
6786,1
6787,1
6788,1
6789,1
6790,1
6791,1
6792,1
6793,1
6794,1
6795,1
6796,1
6797,0.967742
6798,0.967742
6799,0.967742
6800,1
6801,1
6802,1
6803,1
6804,1
6805,1
6806,1
6807,1
6808,1
6809,1
6810,1
6811,1
6812,1
6813,1
6814,1
6815,1
6816,0.967742
6817,1
6818,1
6819,1
6820,1
6821,1
6822,1
6823,1
6824,1
6825,1
6826,1
6827,1
6828,1
6829,1
6830,1
6831,1
6832,1
6833,1
6834,1
6835,1
6836,1
6837,1
6838,1
6839,1
6840,1
6841,1
6842,1
6843,1
6844,1
6845,1
6846,1
6847,1
6848,1
6849,1
6850,1
6851,1
6852,1
6853,1
6854,1
6855,1
6856,1
6857,1
6858,1
6859,1
6860,1
6861,1
6862,1
6863,1
6864,1
6865,1
6866,1
6867,1
6868,1
6869,1
6870,1
6871,1
6872,1
6873,1
6874,1
6875,1
6876,1
6877,1
6878,1
6879,1
6880,1
6881,1
6882,1
6883,1
6884,1
6885,1
6886,1
6887,1
6888,1
6889,1
6890,1
6891,1
6892,1
6893,1
6894,1
6895,1
6896,1
6897,1
6898,1
6899,1
6900,1
6901,1
6902,1
6903,1
6904,1
6905,1
6906,1
6907,1
6908,1
6909,1
6910,1
6911,1
6912,1
6913,1
6914,1
6915,1
6916,1
6917,0.967742
6918,0.806452
6919,0.870968
6920,0.870968
6921,0.935484
6922,0.935484
6923,0.935484
6924,0.967742
6925,0.967742
6926,0.903226
6927,0.612903
6928,0.870968
6929,1
6930,0.806452
6931,0.870968
6932,1
6933,1
6934,1
6935,1
6936,1
6937,1
6938,0.935484
6939,0.967742
6940,1
6941,1
6942,1
6943,1
6944,1
6945,1
6946,1
6947,1
6948,1
6949,1
6950,1
6951,1
6952,1
6953,1
6954,1
6955,1
6956,1
6957,1
6958,1
6959,1
6960,1
6961,1
6962,1
6963,1
6964,1
6965,1
6966,1
6967,1
6968,1
6969,1
6970,1
6971,1
6972,1
6973,1
6974,1
6975,1
6976,1
6977,1
6978,1
6979,1
6980,1
6981,1
6982,1
6983,1
6984,1
6985,1
6986,1
6987,1
6988,1
6989,1
6990,1
6991,1
6992,1
6993,1
6994,1
6995,1
6996,1
6997,1
6998,1
6999,1
7000,1
7001,1
7002,1
7003,1
7004,1
7005,1
7006,1
7007,1
7008,1
7009,1
7010,1
7011,1
7012,1
7013,1
7014,1
7015,1
7016,1
7017,1
7018,1
7019,1
7020,1
7021,1
7022,1
7023,0.967742
7024,0.935484
7025,0.774194
7026,0.903226
7027,1
7028,1
7029,1
7030,1
7031,1
7032,1
7033,1
7034,1
7035,1
7036,1
7037,1
7038,0.967742
7039,0.483871
7040,1
7041,1
7042,1
7043,1
7044,1
7045,1
7046,1
7047,1
7048,1
7049,1
7050,1
7051,1
7052,1
7053,1
7054,1
7055,1
7056,1
7057,1
7058,1
7059,1
7060,1
7061,1
7062,1
7063,1
7064,1
7065,1
7066,0.967742
7067,1
7068,0.935484
7069,1
7070,1
7071,1
7072,1
7073,1
7074,1
7075,1
7076,1
7077,1
7078,1
7079,1
7080,1
7081,1
7082,1
7083,1
7084,1
7085,1
7086,1
7087,1
7088,1
7089,1
7090,1
7091,1
7092,1
7093,1
7094,1
7095,1
7096,1
7097,1
7098,1
7099,1
7100,1
7101,1
7102,1
7103,1
7104,1
7105,1
7106,1
7107,1
7108,1
7109,1
7110,1
7111,1
7112,1
7113,1
7114,1
7115,1
7116,1
7117,1
7118,1
7119,1
7120,1
7121,1
7122,1
7123,1
7124,1
7125,1
7126,1
7127,1
7128,1
7129,1
7130,1
7131,1
7132,1
7133,1
7134,1
7135,1
7136,1
7137,1
7138,1
7139,1
7140,1
7141,1
7142,1
7143,1
7144,1
7145,1
7146,1
7147,1
7148,1
7149,0.935484
7150,1
7151,1
7152,1
7153,1
7154,1
7155,1
7156,1
7157,1
7158,1
7159,1
7160,1
7161,1
7162,1
7163,1
7164,1
7165,1
7166,1
7167,1
7168,1
7169,1
7170,1
7171,1
7172,1
7173,1
7174,0.967742
7175,1
7176,0.967742
7177,1
7178,0.967742
7179,1
7180,0.967742
7181,1
7182,0.967742
7183,1
7184,0.967742
7185,1
7186,0.935484
7187,0.903226
7188,1
7189,1
7190,1
7191,0.967742
7192,0.967742
7193,0.935484
7194,0.935484
7195,1
7196,0.935484
7197,1
7198,0.935484
7199,1
7200,0.935484
7201,1
7202,0.935484
7203,1
7204,0.935484
7205,0.967742
7206,0.903226
7207,0.967742
7208,0.935484
7209,0.967742
7210,0.870968
7211,0.903226
7212,0.903226
7213,0.967742
7214,0.903226
7215,1
7216,0.870968
7217,0.935484
7218,0.903226
7219,0.967742
7220,0.903226
7221,1
7222,0.870968
7223,1
7224,0.870968
7225,0.935484
7226,0.903226
7227,1
7228,0.870968
7229,1
7230,0.935484
7231,0.967742
7232,0.903226
7233,1
7234,0.903226
7235,1
7236,0.83871
7237,1
7238,0.967742
7239,1
7240,0.870968
7241,1
7242,0.870968
7243,1
7244,0.870968
7245,1
7246,0.870968
7247,1
7248,0.677419
7249,0.516129
7250,0.677419
7251,0.516129
7252,0.677419
7253,0.516129
7254,0.677419
7255,0.516129
7256,0.677419
7257,0.516129
7258,0.677419
7259,0.322581
7260,0.870968
7261,1
7262,1
7263,1
7264,1
7265,1
7266,0.870968
7267,1
7268,0.935484
7269,0.967742
7270,0.967742
7271,0.83871
7272,0.870968
7273,0.870968
7274,0.870968
7275,0.870968
7276,0.806452
7277,0.967742
7278,0.741935
7279,1
7280,0.903226
7281,0.935484
7282,0.967742
7283,0.774194
7284,0.967742
7285,0.967742
7286,0.967742
7287,0.967742
7288,0.903226
7289,0.935484
7290,0.935484
7291,0.870968
7292,0.935484
7293,0.903226
7294,0.903226
7295,0.870968
7296,0.870968
7297,0.903226
7298,0.870968
7299,0.935484
7300,0.903226
7301,0.903226
7302,0.870968
7303,0.903226
7304,0.870968
7305,0.903226
7306,1
7307,0.83871
7308,1
7309,0.903226
7310,0.870968
7311,0.903226
7312,0.83871
7313,0.83871
7314,0.870968
7315,0.83871
7316,0.83871
7317,0.741935
7318,0.83871
7319,0.774194
7320,0.806452
7321,0.806452
7322,0.806452
7323,0.806452
7324,0.83871
7325,0.806452
7326,0.83871
7327,0.741935
7328,0.741935
7329,0.741935
7330,0.806452
7331,0.774194
7332,0.741935
7333,0.806452
7334,0.741935
7335,0.774194
7336,0.806452
7337,0.903226
7338,0.741935
7339,0.806452
7340,0.741935
7341,0.774194
7342,0.741935
7343,0.741935
7344,0.741935
7345,0.741935
7346,0.741935
7347,0.741935
7348,0.741935
7349,0.741935
7350,0.741935
7351,0.741935
7352,0.741935
7353,0.741935
7354,0.741935
7355,0.741935
7356,0.741935
7357,0.741935
7358,0.774194
7359,0.774194
7360,0.774194
7361,0.741935
7362,0.741935
7363,0.741935
7364,0.741935
7365,0.741935
7366,0.741935
7367,0.741935
7368,0.741935
7369,0.741935
7370,0.741935
7371,0.741935
7372,0.741935
7373,0.935484
7374,0.774194
7375,0.741935
7376,0.83871
7377,0.903226
7378,0.774194
7379,0.741935
7380,0.935484
7381,0.741935
7382,0.741935
7383,0.806452
7384,0.774194
7385,0.903226
7386,0.83871
7387,0.903226
7388,0.806452
7389,0.83871
7390,0.774194
7391,0.774194
7392,0.741935
7393,0.741935
7394,0.741935
7395,0.83871
7396,0.612903
7397,0.677419
7398,0.774194
7399,0.806452
7400,0.677419
7401,0.677419
7402,0.741935
7403,0.806452
7404,0.709677
7405,0.709677
7406,0.774194
7407,0.677419
7408,0.709677
7409,0.870968
7410,0.83871
7411,0.774194
7412,0.806452
7413,0.806452
7414,0.870968
7415,0.83871
7416,0.83871
7417,0.83871
7418,0.870968
7419,0.83871
7420,0.83871
7421,0.83871
7422,0.83871
7423,0.806452
7424,0.903226
7425,0.83871
7426,0.935484
7427,0.870968
7428,0.870968
7429,0.870968
7430,0.870968
7431,0.870968
7432,0.870968
7433,0.870968
7434,0.870968
7435,0.870968
7436,0.870968
7437,0.870968
7438,0.870968
7439,0.870968
7440,0.806452
7441,0.806452
7442,0.83871
7443,0.935484
7444,0.870968
7445,0.870968
7446,0.870968
7447,0.870968
7448,0.870968
7449,0.870968
7450,0.870968
7451,0.806452
7452,0.806452
7453,0.806452
7454,0.774194
7455,0.83871
7456,0.774194
7457,0.83871
7458,0.774194
7459,0.774194
7460,0.806452
7461,0.806452
7462,0.870968
7463,0.870968
7464,0.870968
7465,0.806452
7466,0.806452
7467,0.83871
7468,0.806452
7469,0.83871
7470,0.806452
7471,0.806452
7472,0.806452
7473,0.806452
7474,0.806452
7475,0.774194
7476,0.870968
7477,0.806452
7478,0.806452
7479,0.806452
7480,0.774194
7481,0.870968
7482,0.774194
7483,0.83871
7484,0.774194
7485,0.83871
7486,0.774194
7487,0.806452
7488,0.806452
7489,0.774194
7490,0.83871
7491,0.741935
7492,0.774194
7493,0.806452
7494,0.774194
7495,0.774194
7496,0.806452
7497,0.935484
7498,0.612903
7499,0.548387
7500,0.645161
7501,0.903226
7502,0.83871
7503,0.967742
7504,1
7505,1
7506,0.935484
7507,0.935484
7508,0.870968
7509,0.935484
7510,0.935484
7511,0.935484
7512,0.935484
7513,0.935484
7514,0.935484
7515,0.935484
7516,0.903226
7517,0.967742
7518,0.903226
7519,0.967742
7520,0.903226
7521,0.967742
7522,0.903226
7523,0.967742
7524,0.903226
7525,0.967742
7526,0.903226
7527,0.967742
7528,0.903226
7529,0.967742
7530,0.903226
7531,0.967742
7532,0.870968
7533,0.83871
7534,0.83871
7535,0.870968
7536,0.870968
7537,0.870968
7538,0.870968
7539,0.870968
7540,0.870968
7541,0.870968
7542,0.870968
7543,0.870968
7544,0.870968
7545,0.870968
7546,0.870968
7547,0.870968
7548,0.870968
7549,0.870968
7550,0.870968
7551,0.870968
7552,0.903226
7553,0.806452
7554,0.806452
7555,0.870968
7556,0.806452
7557,0.806452
7558,0.935484
7559,0.935484
7560,0.967742
7561,0.935484
7562,0.935484
7563,0.903226
7564,0.935484
7565,0.903226
7566,0.903226
7567,0.935484
7568,0.935484
7569,0.935484
7570,0.935484
7571,0.935484
7572,0.935484
7573,0.935484
7574,1
7575,0.870968
7576,0.870968
7577,0.83871
7578,0.870968
7579,0.806452
7580,0.677419
7581,0.83871
7582,0.709677
7583,0.741935
7584,0.83871
7585,0.806452
7586,0.806452
7587,0.806452
7588,0.806452
7589,0.806452
7590,0.806452
7591,0.806452
7592,0.806452
7593,0.806452
7594,0.806452
7595,0.806452
7596,0.806452
7597,0.806452
7598,0.806452
7599,0.774194
7600,0.677419
7601,0.677419
7602,0.677419
7603,0.612903
7604,0.709677
7605,0.580645
7606,0.645161
7607,0.548387
7608,0.677419
7609,0.516129
7610,0.580645
7611,0.645161
7612,0.612903
7613,0.677419
7614,0.516129
7615,0.580645
7616,0.516129
7617,0.483871
7618,0.612903
7619,0.387097
7620,0.516129
7621,0.483871
7622,0.483871
7623,0.483871
7624,0.483871
7625,0.483871
7626,0.483871
7627,0.483871
7628,0.483871
7629,0.516129
7630,0.225806
7631,0.741935
7632,1
7633,1
7634,1
7635,1
7636,1
7637,1
7638,1
7639,1
7640,1
7641,1
7642,1
7643,1
7644,1
7645,1
7646,1
7647,1
7648,1
7649,1
7650,1
7651,1
7652,1
7653,1
7654,1
7655,1
7656,1
7657,1
7658,1
7659,1
7660,1
7661,1
7662,1
7663,1
7664,1
7665,1
7666,1
7667,1
7668,1
7669,1
7670,1
7671,1
7672,1
7673,1
7674,1
7675,1
7676,1
7677,1
7678,1
7679,1
7680,1
7681,1
7682,1
7683,1
7684,1
7685,1
7686,1
7687,1
7688,1
7689,1
7690,1
7691,1
7692,1
7693,1
7694,1
7695,1
7696,1
7697,1
7698,1
7699,1
7700,1
7701,1
7702,1
7703,1
7704,1
7705,1
7706,1
7707,1
7708,1
7709,1
7710,1
7711,1
7712,1
7713,1
7714,1
7715,1
7716,1
7717,1
7718,1
7719,1
7720,1
7721,1
7722,1
7723,1
7724,1
7725,1
7726,1
7727,1
7728,1
7729,1
7730,1
7731,1
7732,1
7733,1
7734,1
7735,1
7736,1
7737,1
7738,1
7739,1
7740,1
7741,1
7742,1
7743,1
7744,1
7745,1
7746,1
7747,1
7748,1
7749,1
7750,1
7751,1
7752,1
7753,1
7754,1
7755,1
7756,1
7757,1
7758,0.967742
7759,0.967742
7760,0.83871
7761,0.935484
7762,0.935484
7763,0.935484
7764,0.935484
7765,0.967742
7766,1
7767,0.612903
7768,0.709677
7769,1
7770,0.935484
7771,1
7772,0.806452
7773,0.967742
7774,1
7775,0.967742
7776,1
7777,1
7778,1
7779,0.935484
7780,0.935484
7781,1
7782,1
7783,1
7784,1
7785,1
7786,1
7787,0.967742
7788,1
7789,1
7790,1
7791,1
7792,1
7793,1
7794,1
7795,1
7796,1
7797,1
7798,1
7799,1
7800,1
7801,1
7802,1
7803,1
7804,1
7805,1
7806,1
7807,1
7808,1
7809,1
7810,1
7811,1
7812,1
7813,1
7814,1
7815,1
7816,1
7817,1
7818,1
7819,1
7820,1
7821,1
7822,1
7823,1
7824,1
7825,1
7826,1
7827,1
7828,1
7829,1
7830,1
7831,1
7832,1
7833,1
7834,1
7835,1
7836,1
7837,1
7838,1
7839,1
7840,1
7841,1
7842,1
7843,1
7844,1
7845,1
7846,1
7847,1
7848,1
7849,1
7850,1
7851,1
7852,1
7853,1
7854,1
7855,1
7856,1
7857,1
7858,1
7859,1
7860,1
7861,1
7862,1
7863,1
7864,1
7865,1
7866,1
7867,1
7868,0.870968
7869,0.419355
7870,0.419355
7871,0.419355
7872,0.419355
7873,0.419355
7874,0.419355
7875,0.935484
7876,0.612903
7877,0.419355
7878,1
7879,1
7880,1
7881,1
7882,1
7883,1
7884,1
7885,0.483871
7886,0.483871
7887,0.516129
7888,1
7889,1
7890,1
7891,1
7892,1
7893,1
7894,0.935484
7895,1
7896,1
7897,0.387097
7898,0.516129
7899,0.483871
7900,0.483871
7901,1
7902,1
7903,0.967742
7904,1
7905,1
7906,1
7907,1
7908,0.967742
7909,1
7910,1
7911,1
7912,1
7913,1
7914,1
7915,1
7916,1
7917,1
7918,1
7919,1
7920,1
7921,1
7922,1
7923,1
7924,0.322581
7925,0.483871
7926,1
7927,1
7928,1
7929,1
7930,1
7931,1
7932,0.483871
7933,1
7934,1
7935,1
7936,1
7937,1
7938,1
7939,1
7940,0.967742
7941,1
7942,1
7943,0.483871
7944,1
7945,1
7946,1
7947,1
7948,1
7949,1
7950,1
7951,1
7952,1
7953,1
7954,1
7955,1
7956,1
7957,1
7958,1
7959,0.967742
7960,1
7961,1
7962,1
7963,1
7964,1
7965,1
7966,1
7967,1
7968,1
7969,1
7970,1
7971,0.451613
7972,1
7973,1
7974,0.451613
7975,1
7976,1
7977,1
7978,1
7979,0.483871
7980,0.580645
7981,0.387097
7982,0.387097
7983,0.483871
7984,1
7985,1
7986,1
7987,1
7988,1
7989,0.935484
7990,1
7991,1
7992,1
7993,0.935484
7994,1
7995,0.935484
7996,1
7997,1
7998,1
7999,1
8000,1
8001,1
8002,1
8003,1
8004,1
8005,1
8006,1
8007,1
8008,1
8009,1
8010,1
8011,1
8012,1
8013,1
8014,1
8015,1
8016,1
8017,1
8018,1
8019,1
8020,0.967742
8021,0.935484
8022,1
8023,1
8024,0.967742
8025,0.741935
8026,1
8027,0.935484
8028,1
8029,1
8030,0.870968
8031,1
8032,1
8033,1
8034,1
8035,0.741935
8036,0.903226
8037,0.967742
8038,0.935484
8039,0.967742
8040,0.903226
8041,1
8042,0.903226
8043,0.903226
8044,1
8045,0.935484
8046,0.967742
8047,0.935484
8048,0.935484
8049,0.935484
8050,0.935484
8051,0.935484
8052,0.935484
8053,0.935484
8054,0.935484
8055,0.870968
8056,0.903226
8057,0.967742
8058,0.935484
8059,0.967742
8060,0.903226
8061,0.870968
8062,0.903226
8063,0.935484
8064,0.903226
8065,0.935484
8066,0.903226
8067,0.935484
8068,0.903226
8069,0.967742
8070,0.935484
8071,0.967742
8072,0.935484
8073,0.935484
8074,0.903226
8075,0.967742
8076,0.935484
8077,0.903226
8078,0.903226
8079,0.870968
8080,0.935484
8081,0.870968
8082,0.935484
8083,1
8084,0.870968
8085,0.967742
8086,0.83871
8087,1
8088,0.870968
8089,0.967742
8090,0.967742
8091,1
8092,0.903226
8093,0.774194
8094,0.741935
8095,0.516129
8096,0.741935
8097,0.516129
8098,0.741935
8099,0.516129
8100,0.741935
8101,0.516129
8102,0.741935
8103,0.516129
8104,0.741935
8105,0.354839
8106,0.903226
8107,1
8108,0.903226
8109,1
8110,0.903226
8111,1
8112,0.903226
8113,1
8114,0.870968
8115,1
8116,0.870968
8117,1
8118,0.774194
8119,0.806452
8120,0.870968
8121,0.870968
8122,0.870968
8123,0.870968
8124,0.83871
8125,0.83871
8126,0.612903
8127,1
8128,0.935484
8129,1
8130,0.903226
8131,0.870968
8132,0.967742
8133,1
8134,0.967742
8135,1
8136,0.870968
8137,0.935484
8138,0.903226
8139,0.806452
8140,0.967742
8141,0.870968
8142,0.903226
8143,0.870968
8144,0.903226
8145,0.870968
8146,0.677419
8147,0.741935
8148,0.935484
8149,0.83871
8150,0.903226
8151,0.83871
8152,0.903226
8153,0.870968
8154,0.83871
8155,0.870968
8156,0.935484
8157,0.806452
8158,0.903226
8159,0.83871
8160,0.806452
8161,0.645161
8162,0.967742
8163,0.806452
8164,0.806452
8165,0.806452
8166,0.806452
8167,0.774194
8168,0.806452
8169,0.774194
8170,0.806452
8171,0.774194
8172,0.806452
8173,0.774194
8174,0.83871
8175,0.741935
8176,0.741935
8177,0.741935
8178,0.83871
8179,0.580645
8180,0.774194
8181,0.741935
8182,0.741935
8183,0.741935
8184,0.741935
8185,0.741935
8186,0.741935
8187,0.741935
8188,0.741935
8189,0.774194
8190,0.741935
8191,0.741935
8192,0.741935
8193,0.741935
8194,0.741935
8195,0.741935
8196,0.741935
8197,0.741935
8198,0.741935
8199,0.741935
8200,0.741935
8201,0.870968
8202,0.580645
8203,1
8204,0.677419
8205,0.806452
8206,0.774194
8207,0.774194
8208,0.774194
8209,0.774194
8210,0.548387
8211,0.741935
8212,0.870968
8213,0.806452
8214,0.806452
8215,0.806452
8216,0.806452
8217,0.806452
8218,0.806452
8219,0.806452
8220,0.741935
8221,0.483871
8222,0.935484
8223,0.645161
8224,0.83871
8225,0.83871
8226,0.935484
8227,0.83871
8228,0.935484
8229,0.774194
8230,0.903226
8231,0.774194
8232,0.903226
8233,0.870968
8234,0.903226
8235,0.903226
8236,0.83871
8237,0.83871
8238,0.774194
8239,0.870968
8240,0.870968
8241,0.870968
8242,0.870968
8243,0.935484
8244,0.612903
8245,0.709677
8246,0.903226
8247,0.709677
8248,0.806452
8249,0.580645
8250,0.483871
8251,0.967742
8252,0.741935
8253,0.741935
8254,0.677419
8255,0.774194
8256,0.83871
8257,0.83871
8258,0.83871
8259,0.806452
8260,0.83871
8261,0.83871
8262,0.806452
8263,0.83871
8264,0.806452
8265,0.83871
8266,0.83871
8267,0.870968
8268,0.870968
8269,0.83871
8270,0.935484
8271,0.870968
8272,0.903226
8273,0.870968
8274,0.935484
8275,0.903226
8276,0.903226
8277,0.903226
8278,0.903226
8279,0.870968
8280,0.870968
8281,0.870968
8282,0.677419
8283,0.774194
8284,0.935484
8285,0.870968
8286,0.870968
8287,0.870968
8288,0.870968
8289,0.870968
8290,0.870968
8291,0.870968
8292,0.870968
8293,0.870968
8294,0.870968
8295,0.870968
8296,0.870968
8297,0.870968
8298,0.870968
8299,0.870968
8300,0.870968
8301,0.870968
8302,0.870968
8303,0.870968
8304,0.870968
8305,0.870968
8306,0.870968
8307,0.935484
8308,0.870968
8309,0.935484
8310,0.870968
8311,0.935484
8312,0.870968
8313,0.935484
8314,0.935484
8315,0.935484
8316,0.935484
8317,0.935484
8318,0.870968
8319,0.870968
8320,0.870968
8321,0.870968
8322,0.870968
8323,0.870968
8324,0.870968
8325,0.903226
8326,0.83871
8327,0.83871
8328,0.903226
8329,0.83871
8330,0.903226
8331,0.83871
8332,0.870968
8333,0.806452
8334,0.870968
8335,0.83871
8336,0.903226
8337,0.903226
8338,0.83871
8339,0.870968
8340,0.83871
8341,0.83871
8342,0.903226
8343,0.83871
8344,0.967742
8345,0.903226
8346,0.774194
8347,0.741935
8348,0.83871
8349,0.935484
8350,0.935484
8351,0.935484
8352,0.935484
8353,0.935484
8354,0.935484
8355,1
8356,1
8357,1
8358,1
8359,0.870968
8360,0.935484
8361,0.935484
8362,0.935484
8363,0.935484
8364,0.967742
8365,0.903226
8366,1
8367,0.935484
8368,0.935484
8369,0.967742
8370,0.903226
8371,0.935484
8372,0.903226
8373,0.935484
8374,0.903226
8375,0.967742
8376,0.903226
8377,0.935484
8378,0.903226
8379,0.967742
8380,0.903226
8381,0.935484
8382,0.83871
8383,1
8384,0.741935
8385,0.967742
8386,0.806452
8387,0.967742
8388,0.709677
8389,1
8390,0.806452
8391,1
8392,0.709677
8393,0.967742
8394,0.967742
8395,1
8396,1
8397,0.935484
8398,0.806452
8399,0.903226
8400,0.870968
8401,0.967742
8402,0.870968
8403,0.967742
8404,0.903226
8405,0.967742
8406,0.83871
8407,0.935484
8408,0.870968
8409,0.903226
8410,0.870968
8411,0.903226
8412,0.870968
8413,0.935484
8414,0.903226
8415,0.935484
8416,0.870968
8417,0.903226
8418,0.870968
8419,0.903226
8420,0.741935
8421,0.774194
8422,0.741935
8423,0.806452
8424,0.774194
8425,0.806452
8426,0.774194
8427,0.741935
8428,0.774194
8429,0.806452
8430,0.806452
8431,0.806452
8432,0.806452
8433,0.806452
8434,0.83871
8435,0.806452
8436,0.806452
8437,0.806452
8438,0.806452
8439,0.806452
8440,0.870968
8441,0.870968
8442,0.870968
8443,0.83871
8444,0.83871
8445,0.806452
8446,0.612903
8447,0.709677
8448,0.677419
8449,0.709677
8450,0.645161
8451,0.645161
8452,0.548387
8453,0.580645
8454,0.677419
8455,0.677419
8456,0.548387
8457,0.677419
8458,0.580645
8459,0.645161
8460,0.516129
8461,0.548387
8462,0.483871
8463,0.612903
8464,0.483871
8465,0.483871
8466,0.483871
8467,0.483871
8468,0.483871
8469,0.483871
8470,0.483871
8471,0.516129
8472,0.645161
8473,0.516129
8474,0.645161
8475,0.258065
8476,0.741935
8477,1
8478,1
8479,1
8480,1
8481,1
8482,1
8483,1
8484,1
8485,1
8486,1
8487,1
8488,1
8489,1
8490,1
8491,1
8492,1
8493,1
8494,1
8495,1
8496,1
8497,1
8498,1
8499,1
8500,1
8501,1
8502,1
8503,1
8504,1
8505,1
8506,1
8507,1
8508,1
8509,1
8510,1
8511,1
8512,1
8513,1
8514,1
8515,1
8516,1
8517,1
8518,1
8519,1
8520,1
8521,1
8522,1
8523,1
8524,1
8525,1
8526,1
8527,1
8528,1
8529,1
8530,1
8531,1
8532,1
8533,1
8534,1
8535,1
8536,1
8537,1
8538,1
8539,1
8540,1
8541,1
8542,1
8543,1
8544,1
8545,1
8546,1
8547,1
8548,1
8549,1
8550,1
8551,1
8552,1
8553,1
8554,1
8555,1
8556,1
8557,1
8558,1
8559,1
8560,1
8561,1
8562,1
8563,1
8564,1
8565,1
8566,1
8567,1
8568,1
8569,1
8570,1
8571,1
8572,1
8573,1
8574,1
8575,1
8576,1
8577,1
8578,1
8579,1
8580,1
8581,1
8582,1
8583,1
8584,1
8585,1
8586,1
8587,1
8588,1
8589,1
8590,1
8591,1
8592,1
8593,1
8594,1
8595,1
8596,1
8597,1
8598,1
8599,1
8600,1
8601,1
8602,1
8603,1
8604,1
8605,1
8606,1
8607,1
8608,1
8609,1
8610,0.967742
8611,0.870968
8612,0.935484
8613,0.935484
8614,0.935484
8615,0.935484
8616,0.935484
8617,1
8618,1
8619,0.612903
8620,0.709677
8621,0.967742
8622,0.903226
8623,0.903226
8624,0.935484
8625,1
8626,1
8627,0.967742
8628,1
8629,1
8630,1
8631,0.967742
8632,0.83871
8633,0.935484
8634,1
8635,1
8636,1
8637,1
8638,1
8639,1
8640,1
8641,1
8642,1
8643,1
8644,1
8645,1
8646,1
8647,1
8648,1
8649,1
8650,1
8651,1
8652,1
8653,1
8654,1
8655,1
8656,1
8657,1
8658,1
8659,1
8660,1
8661,1
8662,1
8663,1
8664,1
8665,1
8666,1
8667,1
8668,1
8669,1
8670,1
8671,0.967742
8672,1
8673,0.967742
8674,1
8675,0.967742
8676,1
8677,0.967742
8678,1
8679,0.967742
8680,1
8681,0.967742
8682,1
8683,1
8684,1
8685,1
8686,1
8687,0.451613
8688,0.451613
8689,0.451613
8690,0.451613
8691,0.419355
8692,0.419355
8693,0.419355
8694,0.419355
8695,0.419355
8696,0.419355
8697,0.419355
8698,0.419355
8699,0.419355
8700,0.387097
8701,0.83871
8702,1
8703,0.967742
8704,0.322581
8705,0.322581
8706,0.322581
8707,0.322581
8708,0.322581
8709,0.322581
8710,0.322581
8711,0.322581
8712,0.322581
8713,0.419355
8714,0.419355
8715,0.83871
8716,1
8717,0.322581
8718,0.322581
8719,0.322581
8720,0.322581
8721,0.322581
8722,0.322581
8723,0.16129
8724,0.322581
8725,0.322581
8726,0.322581
8727,0.322581
8728,0.322581
8729,0.322581
8730,0.322581
8731,0.322581
8732,0.258065
8733,0.322581
8734,0.258065
8735,0.322581
8736,0.290323
8737,0.225806
8738,0.548387
8739,0.483871
8740,0.322581
8741,0.322581
8742,0.483871
8743,0.451613
8744,0.387097
8745,0.322581
8746,0.483871
8747,0.967742
8748,1
8749,0.935484
8750,1
8751,0.322581
8752,0.322581
8753,0.322581
8754,0.258065
8755,0.225806
8756,0.419355
8757,0.451613
8758,0.451613
8759,0.580645
8760,1
8761,1
8762,0.290323
8763,0.225806
8764,0.451613
8765,0.612903
8766,1
8767,1
8768,0.258065
8769,0.258065
8770,0.258065
8771,0.258065
8772,0.258065
8773,0.258065
8774,0.258065
8775,0.258065
8776,0.258065
8777,0.258065
8778,0.258065
8779,0.258065
8780,0.258065
8781,0.258065
8782,0.258065
8783,0.258065
8784,0.258065
8785,0.258065
8786,0.258065
8787,0.258065
8788,0.258065
8789,0.419355
8790,0.967742
8791,1
8792,0.516129
8793,1
8794,0.516129
8795,1
8796,0.419355
8797,0.387097
8798,0.387097
8799,0.354839
8800,0.322581
8801,0.387097
8802,0.354839
8803,0.258065
8804,0.258065
8805,0.258065
8806,0.258065
8807,0.258065
8808,0.258065
8809,0.258065
8810,0.258065
8811,0.322581
8812,0.935484
8813,1
8814,0.451613
8815,0.258065
8816,0.677419
8817,0.483871
8818,0.387097
8819,0.935484
8820,1
8821,0.645161
8822,0.516129
8823,0.387097
8824,0.387097
8825,0.387097
8826,0.387097
8827,0.387097
8828,0.387097
8829,0.387097
8830,0.387097
8831,0.322581
8832,0.322581
8833,0.322581
8834,0.322581
8835,0.322581
8836,0.322581
8837,0.322581
8838,0.322581
8839,0.322581
8840,0.322581
8841,0.322581
8842,0.322581
8843,0.322581
8844,0.322581
8845,0.322581
8846,0.322581
8847,0.322581
8848,0.322581
8849,0.322581
8850,0.322581
8851,0.322581
8852,0.322581
8853,0.322581
8854,0.322581
8855,0.322581
8856,0.451613
8857,0.935484
8858,1
8859,0.322581
8860,0.322581
8861,0.322581
8862,0.322581
8863,0.322581
8864,0.322581
8865,0.322581
8866,0.322581
8867,0.322581
8868,0.322581
8869,0.322581
8870,0.387097
8871,0.387097
8872,0.387097
8873,0.387097
8874,0.387097
8875,0.387097
8876,0.387097
8877,0.387097
8878,0.387097
8879,0.387097
8880,0.387097
8881,0.387097
8882,0.387097
8883,0.387097
8884,0.387097
8885,0.387097
8886,0.387097
8887,0.387097
8888,0.387097
8889,0.387097
8890,0.387097
8891,0.387097
8892,0.387097
8893,0.387097
8894,0.387097
8895,0.387097
8896,0.387097
8897,0.387097
8898,0.387097
8899,0.387097
8900,0.387097
8901,0.387097
8902,0.387097
8903,0.387097
8904,0.387097
8905,0.387097
8906,0.387097
8907,0.387097
8908,0.387097
8909,0.387097
8910,0.387097
8911,0.387097
8912,0.387097
8913,0.387097
8914,0.387097
8915,0.387097
8916,0.451613
8917,0.451613
8918,0.451613
8919,0.451613
8920,0.451613
8921,0.451613
8922,0.451613
8923,0.451613
8924,0.483871
8925,0.258065
8926,0.419355
8927,0.580645
8928,0.387097
8929,0.580645
8930,0.387097
8931,0.387097
8932,0.387097
8933,0.419355
8934,0.419355
8935,0.419355
8936,0.419355
8937,0.322581
8938,0.322581
8939,0.387097
8940,0.322581
8941,0.290323
8942,0.387097
8943,0.290323
8944,0.387097
8945,0.387097
8946,0.419355
8947,0.483871
8948,0.354839
8949,0.387097
8950,0.387097
8951,0.387097
8952,0.387097
8953,0.451613
8954,0.741935
8955,0.516129
8956,0.516129
8957,0.935484
8958,1
8959,1
8960,0.387097
8961,0.419355
8962,0.935484
8963,1
8964,0.451613
8965,0.612903
8966,0.935484
8967,0.903226
8968,0.935484
8969,0.903226
8970,0.451613
8971,0.580645
8972,0.83871
8973,0.612903
8974,0.419355
8975,0.419355
8976,0.419355
8977,0.451613
8978,0.967742
8979,0.774194
8980,0.83871
8981,0.903226
8982,0.903226
8983,0.903226
8984,0.903226
8985,0.903226
8986,0.903226
8987,0.903226
8988,0.903226
8989,0.903226
8990,0.870968
8991,0.774194
8992,0.774194
8993,0.774194
8994,0.483871
8995,0.806452
8996,0.774194
8997,0.967742
8998,0.870968
8999,0.903226
9000,0.870968
9001,0.903226
9002,0.870968
9003,0.903226
9004,0.870968
9005,0.903226
9006,0.903226
9007,0.870968
9008,0.903226
9009,0.903226
9010,0.870968
9011,0.903226
9012,0.967742
9013,0.290323
9014,1
9015,0.290323
9016,1
9017,0.354839
9018,1
9019,0.806452
9020,0.483871
9021,1
9022,0.451613
9023,1
9024,0.193548
9025,0.967742
9026,0.193548
9027,0.967742
9028,0.387097
9029,0.967742
9030,0.83871
9031,0.451613
9032,0.935484
9033,0.741935
9034,0.612903
9035,0.548387
9036,0.645161
9037,0.645161
9038,0.645161
9039,0.645161
9040,0.645161
9041,0.645161
9042,0.580645
9043,0.548387
9044,0.548387
9045,0.548387
9046,0.548387
9047,0.548387
9048,0.806452
9049,0.516129
9050,0.806452
9051,0.677419
9052,1
9053,0.322581
9054,0.903226
9055,0.451613
9056,0.935484
9057,0.774194
9058,0.806452
9059,0.516129
9060,0.806452
9061,0.516129
9062,0.774194
9063,0.419355
9064,0.935484
9065,0.387097
9066,1
9067,0.387097
9068,1
9069,0.387097
9070,1
9071,0.387097
9072,1
9073,0.387097
9074,1
9075,0.580645
9076,0.774194
9077,0.677419
9078,0.677419
9079,0.677419
9080,0.677419
9081,0.645161
9082,0.645161
9083,0.645161
9084,0.645161
9085,0.645161
9086,0.645161
9087,0.741935
9088,0.806452
9089,0.967742
9090,0.451613
9091,0.935484
9092,0.645161
9093,0.548387
9094,0.580645
9095,0.548387
9096,0.290323
9097,0.548387
9098,0.451613
9099,0.774194
9100,0.741935
9101,0.387097
9102,0.451613
9103,0.290323
9104,0.290323
9105,0.290323
9106,0.258065
9107,0.258065
9108,0.258065
9109,0.258065
9110,0.258065
9111,0.290323
9112,0.290323
9113,0.290323
9114,0.290323
9115,0.290323
9116,0.290323
9117,0.580645
9118,0.967742
9119,0.741935
9120,0.290323
9121,0.645161
9122,0.967742
9123,0.870968
9124,0.903226
9125,0.903226
9126,0.290323
9127,0.483871
9128,0.580645
9129,0.516129
9130,0.548387
9131,0.516129
9132,0.548387
9133,0.516129
9134,0.548387
9135,0.516129
9136,0.580645
9137,0.83871
9138,0.903226
9139,0.903226
9140,0.83871
9141,0.645161
9142,0.903226
9143,0.451613
9144,0.612903
9145,0.612903
9146,0.548387
9147,0.580645
9148,0.548387
9149,0.580645
9150,0.548387
9151,0.580645
9152,0.548387
9153,0.83871
9154,0.903226
9155,0.903226
9156,0.83871
9157,0.322581
9158,0.451613
9159,0.451613
9160,0.451613
9161,0.451613
9162,0.451613
9163,0.451613
9164,0.451613
9165,0.741935
9166,0.903226
9167,0.322581
9168,0.774194
9169,0.967742
9170,0.677419
9171,0.322581
9172,0.516129
9173,0.451613
9174,0.483871
9175,0.612903
9176,0.419355
9177,0.451613
9178,0.483871
9179,0.645161
9180,0.483871
9181,0.322581
9182,0.548387
9183,0.419355
9184,0.709677
9185,0.354839
9186,0.741935
9187,0.354839
9188,0.741935
9189,0.322581
9190,0.548387
9191,0.548387
9192,0.290323
9193,0.451613
9194,0.645161
9195,0.354839
9196,0.83871
9197,0.612903
9198,0.677419
9199,0.580645
9200,0.483871
9201,0.516129
9202,0.516129
9203,0.290323
9204,0.419355
9205,0.516129
9206,0.741935
9207,0.580645
9208,0.806452
9209,0.580645
9210,0.903226
9211,0.741935
9212,0.83871
9213,0.580645
9214,0.83871
9215,0.580645
9216,0.451613
9217,0.387097
9218,0.419355
9219,0.83871
9220,0.870968
9221,0.935484
9222,0.580645
9223,0.774194
9224,0.870968
9225,0.935484
9226,0.870968
9227,0.935484
9228,0.870968
9229,0.935484
9230,0.870968
9231,0.548387
9232,0.387097
9233,0.451613
9234,0.741935
9235,0.967742
9236,0.677419
9237,0.516129
9238,0.483871
9239,0.83871
9240,0.677419
9241,0.903226
9242,0.677419
9243,0.903226
9244,0.677419
9245,0.903226
9246,0.677419
9247,0.903226
9248,0.677419
9249,0.870968
9250,0.903226
9251,0.935484
9252,0.935484
9253,0.677419
9254,0.419355
9255,0.516129
9256,0.903226
9257,0.935484
9258,0.870968
9259,0.903226
9260,0.870968
9261,0.903226
9262,0.870968
9263,0.741935
9264,0.677419
9265,1
9266,0.903226
9267,0.935484
9268,0.935484
9269,0.935484
9270,0.935484
9271,0.935484
9272,0.935484
9273,0.935484
9274,0.806452
9275,0.806452
9276,0.806452
9277,0.806452
9278,0.806452
9279,0.677419
9280,0.806452
9281,0.677419
9282,0.774194
9283,0.806452
9284,0.645161
9285,0.516129
9286,0.806452
9287,0.806452
9288,0.806452
9289,0.806452
9290,0.806452
9291,0.580645
9292,0.677419
9293,0.903226
9294,0.806452
9295,0.806452
9296,0.806452
9297,0.806452
9298,0.774194
9299,0.645161
9300,0.709677
9301,0.612903
9302,0.709677
9303,0.548387
9304,0.741935
9305,0.516129
9306,0.645161
9307,0.580645
9308,0.612903
9309,0.677419
9310,0.548387
9311,0.645161
9312,0.677419
9313,0.516129
9314,0.580645
9315,0.516129
9316,0.548387
9317,0.483871
9318,0.483871
9319,0.483871
9320,0.580645
9321,0.483871
9322,0.548387
9323,0.483871
9324,0.516129
9325,0.516129
9326,0.516129
9327,0.516129
9328,0.516129
9329,0.354839
9330,0.451613
9331,0.451613
9332,0.83871
9333,1
9334,1
9335,1
9336,1
9337,1
9338,1
9339,1
9340,1
9341,1
9342,1
9343,1
9344,1
9345,1
9346,1
9347,1
9348,1
9349,0.967742
9350,1
9351,1
9352,1
9353,1
9354,1
9355,1
9356,1
9357,1
9358,1
9359,1
9360,0.967742
9361,1
9362,1
9363,1
9364,1
9365,1
9366,1
9367,1
9368,1
9369,1
9370,1
9371,1
9372,1
9373,1
9374,1
9375,1
9376,1
9377,1
9378,1
9379,1
9380,1
9381,1
9382,1
9383,1
9384,1
9385,1
9386,1
9387,1
9388,1
9389,1
9390,1
9391,1
9392,1
9393,1
9394,1
9395,1
9396,1
9397,1
9398,1
9399,1
9400,0.967742
9401,1
9402,1
9403,1
9404,1
9405,1
9406,1
9407,1
9408,1
9409,1
9410,1
9411,1
9412,1
9413,1
9414,1
9415,1
9416,1
9417,1
9418,1
9419,1
9420,1
9421,1
9422,1
9423,1
9424,1
9425,1
9426,0.967742
9427,1
9428,1
9429,1
9430,1
9431,1
9432,1
9433,1
9434,1
9435,1
9436,1
9437,1
9438,1
9439,1
9440,1
9441,1
9442,1
9443,1
9444,1
9445,1
9446,1
9447,1
9448,1
9449,1
9450,1
9451,1
9452,1
9453,1
9454,1
9455,1
9456,1
9457,1
9458,1
9459,1
9460,1
9461,1
9462,1
9463,0.935484
9464,0.935484
9465,0.935484
9466,0.935484
9467,0.935484
9468,0.967742
9469,0.967742
9470,0.967742
9471,0.548387
9472,0.806452
9473,1
9474,1
9475,1
9476,0.83871
9477,1
9478,1
9479,0.967742
9480,0.967742
9481,1
9482,1
9483,0.935484
9484,1
9485,1
9486,1
9487,1
9488,1
9489,1
9490,1
9491,1
9492,1
9493,1
9494,1
9495,1
9496,1
9497,1
9498,1
9499,1
9500,1
9501,1
9502,1
9503,1
9504,1
9505,1
9506,1
9507,1
9508,1
9509,1
9510,1
9511,1
9512,1
9513,1
9514,1
9515,1
9516,1
9517,1
9518,1
9519,0.967742
9520,1
9521,1
9522,1
9523,1
9524,1
9525,1
9526,1
9527,1
9528,1
9529,0.967742
9530,0.83871
9531,1
9532,1
9533,1
9534,0.967742
9535,0.451613
9536,0.903226
9537,1
9538,1
9539,1
9540,1
9541,1
9542,1
9543,1
9544,0.806452
9545,0.419355
9546,0.451613
9547,0.419355
9548,0.354839
9549,0.290323
9550,0.290323
9551,0.290323
9552,0.322581
9553,0.322581
9554,0.322581
9555,0.322581
9556,0.322581
9557,0.322581
9558,0.290323
9559,0.290323
9560,0.290323
9561,0.290323
9562,0.290323
9563,0.322581
9564,0.290323
9565,0.322581
9566,0.322581
9567,0.290323
9568,0.290323
9569,0.290323
9570,0.290323
9571,0.290323
9572,0.290323
9573,0.806452
9574,0.967742
9575,0.290323
9576,0.290323
9577,0.258065
9578,0.129032
9579,0.612903
9580,0.935484
9581,0.290323
9582,0.322581
9583,0.322581
9584,0.290323
9585,0.258065
9586,0.193548
9587,0.580645
9588,1
9589,0.322581
9590,0.774194
9591,1
9592,0.258065
9593,0.258065
9594,0.322581
9595,0.870968
9596,1
9597,0.548387
9598,1
9599,0.774194
9600,0.967742
9601,0.935484
9602,0.290323
9603,0.290323
9604,0.258065
9605,0.225806
9606,0.580645
9607,1
9608,0.258065
9609,0.225806
9610,0.709677
9611,1
9612,1
9613,0.548387
9614,1
9615,0.774194
9616,0.967742
9617,0.580645
9618,0.290323
9619,0.322581
9620,0.258065
9621,0.354839
9622,0.774194
9623,1
9624,0.580645
9625,1
9626,0.580645
9627,1
9628,0.258065
9629,0.258065
9630,0.258065
9631,0.225806
9632,0.709677
9633,1
9634,1
9635,0.258065
9636,0.322581
9637,0.258065
9638,0.225806
9639,0.645161
9640,0.935484
9641,0.322581
9642,0.322581
9643,0.322581
9644,0.322581
9645,0.322581
9646,0.322581
9647,0.322581
9648,0.322581
9649,0.322581
9650,0.322581
9651,0.322581
9652,0.322581
9653,0.322581
9654,0.322581
9655,0.322581
9656,0.322581
9657,0.322581
9658,0.322581
9659,0.322581
9660,0.322581
9661,0.258065
9662,0.258065
9663,0.258065
9664,0.258065
9665,0.258065
9666,0.258065
9667,0.258065
9668,0.258065
9669,0.258065
9670,0.258065
9671,0.258065
9672,0.258065
9673,0.258065
9674,0.290323
9675,0.290323
9676,0.290323
9677,0.258065
9678,0.258065
9679,0.258065
9680,0.258065
9681,0.258065
9682,0.258065
9683,0.258065
9684,0.258065
9685,0.258065
9686,0.258065
9687,0.258065
9688,0.258065
9689,0.258065
9690,0.322581
9691,0.354839
9692,0.483871
9693,0.387097
9694,0.483871
9695,0.387097
9696,0.451613
9697,0.354839
9698,0.935484
9699,1
9700,0.483871
9701,0.354839
9702,0.322581
9703,0.322581
9704,0.322581
9705,0.322581
9706,0.322581
9707,0.322581
9708,0.322581
9709,0.322581
9710,0.322581
9711,0.322581
9712,0.322581
9713,0.322581
9714,0.322581
9715,0.322581
9716,0.322581
9717,0.322581
9718,0.322581
9719,0.322581
9720,0.322581
9721,0.322581
9722,0.322581
9723,0.322581
9724,0.322581
9725,0.322581
9726,0.322581
9727,0.354839
9728,0.322581
9729,0.322581
9730,0.322581
9731,0.322581
9732,0.322581
9733,0.322581
9734,0.322581
9735,0.322581
9736,0.322581
9737,0.774194
9738,1
9739,0.354839
9740,0.322581
9741,0.387097
9742,0.322581
9743,0.387097
9744,0.322581
9745,0.387097
9746,0.322581
9747,0.387097
9748,0.322581
9749,0.387097
9750,0.290323
9751,0.322581
9752,0.322581
9753,0.387097
9754,0.322581
9755,0.387097
9756,0.322581
9757,0.387097
9758,0.322581
9759,0.387097
9760,0.322581
9761,0.387097
9762,0.387097
9763,0.354839
9764,0.387097
9765,0.322581
9766,0.451613
9767,0.354839
9768,0.935484
9769,0.548387
9770,0.903226
9771,0.483871
9772,0.387097
9773,0.387097
9774,0.387097
9775,0.387097
9776,0.387097
9777,0.387097
9778,0.387097
9779,0.387097
9780,0.419355
9781,0.419355
9782,0.419355
9783,0.387097
9784,0.387097
9785,0.387097
9786,0.387097
9787,0.387097
9788,0.387097
9789,0.387097
9790,0.387097
9791,0.387097
9792,0.387097
9793,0.387097
9794,0.387097
9795,0.387097
9796,0.387097
9797,0.387097
9798,0.483871
9799,0.548387
9800,0.935484
9801,0.580645
9802,0.935484
9803,0.580645
9804,0.83871
9805,0.548387
9806,0.870968
9807,0.870968
9808,0.387097
9809,0.290323
9810,0.322581
9811,0.290323
9812,0.903226
9813,0.612903
9814,0.354839
9815,0.387097
9816,0.387097
9817,0.387097
9818,0.483871
9819,0.483871
9820,0.806452
9821,0.483871
9822,0.806452
9823,0.645161
9824,0.806452
9825,0.451613
9826,0.935484
9827,0.967742
9828,0.870968
9829,0.83871
9830,0.516129
9831,0.290323
9832,0.451613
9833,0.290323
9834,0.451613
9835,0.290323
9836,0.451613
9837,0.451613
9838,0.483871
9839,0.483871
9840,0.483871
9841,0.483871
9842,0.451613
9843,0.709677
9844,0.580645
9845,0.612903
9846,0.516129
9847,0.677419
9848,0.483871
9849,0.677419
9850,0.516129
9851,0.83871
9852,0.483871
9853,0.967742
9854,0.967742
9855,0.774194
9856,1
9857,0.935484
9858,0.903226
9859,0.903226
9860,0.967742
9861,0.806452
9862,0.354839
9863,0.645161
9864,0.419355
9865,0.612903
9866,0.419355
9867,0.870968
9868,0.83871
9869,0.322581
9870,0.645161
9871,0.387097
9872,0.612903
9873,0.516129
9874,0.451613
9875,0.451613
9876,0.451613
9877,0.451613
9878,0.741935
9879,1
9880,0.806452
9881,0.258065
9882,0.645161
9883,1
9884,0.225806
9885,0.258065
9886,0.258065
9887,0.193548
9888,0.419355
9889,0.967742
9890,0.774194
9891,0.645161
9892,0.193548
9893,0.354839
9894,0.870968
9895,0.806452
9896,0.774194
9897,0.806452
9898,0.870968
9899,0.774194
9900,0.870968
9901,0.516129
9902,0.935484
9903,0.870968
9904,0.258065
9905,0.354839
9906,0.483871
9907,0.677419
9908,0.322581
9909,0.612903
9910,0.354839
9911,0.580645
9912,0.354839
9913,0.548387
9914,0.354839
9915,0.548387
9916,0.354839
9917,0.548387
9918,0.354839
9919,0.548387
9920,0.354839
9921,0.548387
9922,0.354839
9923,0.741935
9924,0.870968
9925,0.774194
9926,0.83871
9927,0.709677
9928,0.290323
9929,0.387097
9930,0.419355
9931,0.612903
9932,0.83871
9933,0.483871
9934,0.967742
9935,0.870968
9936,0.806452
9937,0.870968
9938,0.774194
9939,0.806452
9940,0.451613
9941,0.580645
9942,0.516129
9943,0.580645
9944,0.516129
9945,0.580645
9946,0.516129
9947,0.645161
9948,0.870968
9949,0.709677
9950,0.548387
9951,0.548387
9952,0.935484
9953,0.645161
9954,0.419355
9955,0.580645
9956,0.290323
9957,0.354839
9958,0.354839
9959,0.354839
9960,0.354839
9961,0.354839
9962,0.354839
9963,0.322581
9964,0.548387
9965,0.967742
9966,0.225806
9967,0.225806
9968,0.225806
9969,0.258065
9970,0.387097
9971,0.806452
9972,0.870968
9973,0.483871
9974,0.967742
9975,0.709677
9976,0.83871
9977,0.83871
9978,0.612903
9979,0.483871
9980,0.967742
9981,0.83871
9982,0.645161
9983,0.193548
9984,0.193548
9985,0.290323
9986,0.580645
9987,1
9988,0.225806
9989,0.225806
9990,0.258065
9991,0.258065
9992,0.258065
9993,0.290323
9994,0.354839
9995,0.354839
9996,0.354839
9997,0.354839
9998,0.354839
9999,0.354839
10000,0.354839
10001,0.354839
10002,0.354839
10003,0.354839
10004,0.354839
10005,0.354839
10006,0.354839
10007,0.354839
10008,0.354839
10009,0.354839
10010,0.354839
10011,0.354839
10012,0.354839
10013,0.354839
10014,0.354839
10015,0.354839
10016,0.354839
10017,0.354839
10018,0.419355
10019,0.774194
10020,0.967742
10021,0.870968
10022,0.870968
10023,0.870968
10024,0.870968
10025,0.870968
10026,0.870968
10027,0.870968
10028,0.83871
10029,0.806452
10030,0.83871
10031,0.870968
10032,0.870968
10033,0.870968
10034,0.870968
10035,0.870968
10036,0.870968
10037,0.870968
10038,0.870968
10039,0.645161
10040,0.258065
10041,0.290323
10042,0.290323
10043,0.580645
10044,0.967742
10045,0.870968
10046,0.193548
10047,0.225806
10048,0.290323
10049,0.548387
10050,0.967742
10051,0.677419
10052,0.193548
10053,0.258065
10054,0.258065
10055,0.451613
10056,0.870968
10057,0.903226
10058,0.387097
10059,0.354839
10060,0.387097
10061,0.387097
10062,0.451613
10063,0.451613
10064,0.483871
10065,0.451613
10066,0.483871
10067,0.419355
10068,0.419355
10069,0.419355
10070,0.322581
10071,0.322581
10072,0.322581
10073,0.322581
10074,0.322581
10075,0.580645
10076,0.225806
10077,0.935484
10078,0.967742
10079,0.967742
10080,0.967742
10081,0.967742
10082,0.967742
10083,0.967742
10084,0.967742
10085,0.967742
10086,0.806452
10087,0.225806
10088,0.774194
10089,1
10090,0.967742
10091,1
10092,1
10093,1
10094,0.612903
10095,0.741935
10096,0.709677
10097,0.290323
10098,0.387097
10099,0.354839
10100,0.419355
10101,0.451613
10102,0.419355
10103,0.322581
10104,0.548387
10105,0.258065
10106,0.290323
10107,0.645161
10108,0.935484
10109,0.935484
10110,0.935484
10111,0.935484
10112,0.967742
10113,0.967742
10114,0.967742
10115,0.967742
10116,0.967742
10117,0.548387
10118,0.290323
10119,0.806452
10120,0.967742
10121,0.967742
10122,0.967742
10123,0.516129
10124,0.645161
10125,0.935484
10126,0.935484
10127,0.935484
10128,0.935484
10129,0.935484
10130,0.935484
10131,0.548387
10132,0.548387
10133,0.548387
10134,0.677419
10135,0.548387
10136,0.451613
10137,0.419355
10138,0.548387
10139,0.612903
10140,0.774194
10141,0.741935
10142,0.83871
10143,0.774194
10144,0.516129
10145,0.419355
10146,0.870968
10147,0.612903
10148,0.677419
10149,0.774194
10150,0.645161
10151,0.83871
10152,0.83871
10153,0.806452
10154,0.83871
10155,0.806452
10156,0.741935
10157,0.580645
10158,0.580645
10159,0.483871
10160,0.548387
10161,0.806452
10162,0.387097
10163,0.548387
10164,0.580645
10165,0.612903
10166,0.548387
10167,0.645161
10168,0.580645
10169,0.709677
10170,0.580645
10171,0.677419
10172,0.548387
10173,0.548387
10174,0.548387
10175,0.612903
10176,0.516129
10177,0.612903
10178,0.516129
10179,0.516129
10180,0.580645
10181,0.483871
10182,0.580645
10183,0.548387
10184,0.580645
10185,0.548387
10186,0.580645
10187,0.709677
10188,0.935484
10189,1
10190,1
10191,1
10192,1
10193,1
10194,1
10195,1
10196,1
10197,1
10198,1
10199,1
10200,1
10201,1
10202,1
10203,1
10204,1
10205,1
10206,1
10207,1
10208,1
10209,1
10210,0.709677
10211,0.935484
10212,1
10213,1
10214,1
10215,1
10216,1
10217,1
10218,1
10219,1
10220,1
10221,1
10222,1
10223,1
10224,1
10225,1
10226,1
10227,1
10228,1
10229,1
10230,0.709677
10231,0.935484
10232,1
10233,1
10234,1
10235,1
10236,1
10237,1
10238,1
10239,1
10240,1
10241,1
10242,1
10243,1
10244,1
10245,1
10246,1
10247,1
10248,1
10249,1
10250,1
10251,1
10252,0.709677
10253,0.935484
10254,1
10255,1
10256,1
10257,1
10258,1
10259,1
10260,1
10261,1
10262,1
10263,1
10264,1
10265,1
10266,1
10267,1
10268,1
10269,1
10270,1
10271,1
10272,1
10273,1
10274,1
10275,1
10276,1
10277,1
10278,1
10279,1
10280,1
10281,1
10282,1
10283,1
10284,1
10285,1
10286,1
10287,1
10288,1
10289,1
10290,1
10291,1
10292,1
10293,1
10294,1
10295,1
10296,1
10297,1
10298,1
10299,1
10300,1
10301,1
10302,1
10303,1
10304,1
10305,1
10306,1
10307,1
10308,1
10309,1
10310,1
10311,1
10312,1
10313,1
10314,1
10315,1
10316,1
10317,1
10318,1
10319,1
10320,1
10321,1
10322,1
10323,1
10324,1
10325,0.967742
10326,0.967742
10327,0.935484
10328,0.806452
10329,0.903226
10330,0.870968
10331,0.903226
10332,0.967742
10333,0.903226
10334,0.935484
10335,0.516129
10336,0.903226
10337,1
10338,1
10339,1
10340,1
10341,1
10342,1
10343,1
10344,1
10345,0.967742
10346,0.967742
10347,0.870968
10348,0.870968
10349,0.935484
10350,0.935484
10351,0.935484
10352,0.935484
10353,0.935484
10354,0.935484
10355,0.935484
10356,0.935484
10357,0.935484
10358,0.967742
10359,0.967742
10360,0.967742
10361,1
10362,0.548387
10363,0.870968
10364,1
10365,1
10366,1
10367,1
10368,1
10369,1
10370,1
10371,1
10372,1
10373,1
10374,1
10375,1
10376,1
10377,1
10378,1
10379,1
10380,1
10381,1
10382,1
10383,1
10384,1
10385,1
10386,1
10387,1
10388,1
10389,1
10390,1
10391,0.903226
10392,0.451613
10393,0.967742
10394,1
10395,1
10396,0.903226
10397,0.483871
10398,0.483871
10399,0.483871
10400,0.483871
10401,0.483871
10402,0.483871
10403,0.483871
10404,0.483871
10405,0.483871
10406,0.483871
10407,0.483871
10408,0.483871
10409,0.483871
10410,0.483871
10411,0.451613
10412,0.290323
10413,0.225806
10414,0.354839
10415,0.387097
10416,0.387097
10417,0.387097
10418,0.387097
10419,0.483871
10420,0.935484
10421,0.870968
10422,0.903226
10423,0.870968
10424,0.290323
10425,0.322581
10426,0.290323
10427,0.290323
10428,0.935484
10429,0.870968
10430,0.225806
10431,0.258065
10432,0.258065
10433,0.258065
10434,0.258065
10435,0.258065
10436,0.225806
10437,0.967742
10438,0.83871
10439,0.290323
10440,0.290323
10441,0.193548
10442,0.967742
10443,0.967742
10444,0.225806
10445,0.258065
10446,0.258065
10447,0.258065
10448,0.225806
10449,0.967742
10450,1
10451,1
10452,1
10453,1
10454,0.645161
10455,0.967742
10456,1
10457,0.83871
10458,0.290323
10459,0.290323
10460,0.225806
10461,0.225806
10462,0.967742
10463,1
10464,1
10465,1
10466,1
10467,1
10468,1
10469,1
10470,1
10471,1
10472,1
10473,1
10474,1
10475,1
10476,1
10477,1
10478,1
10479,0.83871
10480,0.193548
10481,0.967742
10482,1
10483,1
10484,1
10485,1
10486,0.258065
10487,0.290323
10488,0.290323
10489,0.225806
10490,0.258065
10491,0.258065
10492,0.225806
10493,0.967742
10494,0.741935
10495,0.290323
10496,0.322581
10497,0.322581
10498,0.322581
10499,0.322581
10500,0.322581
10501,0.322581
10502,0.322581
10503,0.322581
10504,0.322581
10505,0.290323
10506,0.290323
10507,0.806452
10508,0.483871
10509,0.387097
10510,0.354839
10511,0.935484
10512,0.935484
10513,0.903226
10514,0.967742
10515,0.903226
10516,0.677419
10517,0.903226
10518,0.967742
10519,0.967742
10520,0.935484
10521,0.903226
10522,0.580645
10523,0.354839
10524,0.290323
10525,0.225806
10526,0.258065
10527,0.258065
10528,0.322581
10529,0.322581
10530,0.322581
10531,0.322581
10532,0.322581
10533,0.322581
10534,0.322581
10535,0.322581
10536,0.322581
10537,0.322581
10538,0.322581
10539,0.322581
10540,0.322581
10541,0.322581
10542,0.322581
10543,0.322581
10544,0.322581
10545,0.322581
10546,0.322581
10547,0.322581
10548,0.322581
10549,0.322581
10550,0.322581
10551,0.322581
10552,0.322581
10553,0.322581
10554,0.322581
10555,0.322581
10556,0.322581
10557,0.322581
10558,0.322581
10559,0.322581
10560,0.322581
10561,0.322581
10562,0.322581
10563,0.322581
10564,0.322581
10565,0.322581
10566,0.322581
10567,0.354839
10568,0.322581
10569,0.322581
10570,0.322581
10571,0.322581
10572,0.322581
10573,0.483871
10574,0.612903
10575,0.451613
10576,0.612903
10577,0.419355
10578,0.322581
10579,0.322581
10580,0.322581
10581,0.322581
10582,0.322581
10583,0.322581
10584,0.483871
10585,0.83871
10586,0.516129
10587,0.483871
10588,0.483871
10589,0.483871
10590,0.483871
10591,0.483871
10592,0.483871
10593,0.483871
10594,0.483871
10595,0.483871
10596,0.483871
10597,0.483871
10598,0.483871
10599,0.483871
10600,0.483871
10601,0.483871
10602,0.483871
10603,0.483871
10604,0.483871
10605,0.483871
10606,0.483871
10607,0.483871
10608,0.483871
10609,0.483871
10610,0.483871
10611,0.483871
10612,0.483871
10613,0.387097
10614,0.354839
10615,0.354839
10616,0.354839
10617,0.354839
10618,0.354839
10619,0.354839
10620,0.290323
10621,0.387097
10622,0.580645
10623,0.516129
10624,0.516129
10625,0.419355
10626,0.483871
10627,0.870968
10628,0.612903
10629,0.483871
10630,0.516129
10631,0.516129
10632,0.516129
10633,0.483871
10634,0.354839
10635,0.387097
10636,0.387097
10637,0.387097
10638,0.419355
10639,0.419355
10640,0.483871
10641,0.935484
10642,0.677419
10643,0.483871
10644,0.83871
10645,0.580645
10646,0.645161
10647,0.677419
10648,0.580645
10649,0.709677
10650,0.387097
10651,0.645161
10652,0.612903
10653,1
10654,0.290323
10655,0.451613
10656,0.870968
10657,0.870968
10658,0.870968
10659,0.741935
10660,0.387097
10661,0.612903
10662,0.16129
10663,0.290323
10664,0.419355
10665,0.354839
10666,0.774194
10667,0.354839
10668,0.258065
10669,0.483871
10670,0.677419
10671,0.419355
10672,0.451613
10673,0.419355
10674,0.419355
10675,0.580645
10676,0.387097
10677,0.387097
10678,0.580645
10679,0.387097
10680,0.225806
10681,0.290323
10682,0.322581
10683,0.290323
10684,0.193548
10685,0.354839
10686,0.612903
10687,0.516129
10688,0.483871
10689,0.451613
10690,0.580645
10691,0.935484
10692,0.774194
10693,0.903226
10694,0.903226
10695,0.483871
10696,0.870968
10697,0.709677
10698,0.870968
10699,0.870968
10700,0.709677
10701,0.548387
10702,0.612903
10703,0.580645
10704,0.580645
10705,0.677419
10706,0.870968
10707,0.258065
10708,0.548387
10709,0.967742
10710,0.774194
10711,0.83871
10712,0.451613
10713,1
10714,0.903226
10715,0.83871
10716,0.548387
10717,1
10718,0.870968
10719,0.612903
10720,1
10721,0.290323
10722,0.612903
10723,0.354839
10724,0.774194
10725,0.935484
10726,0.83871
10727,0.548387
10728,0.935484
10729,0.290323
10730,0.419355
10731,0.677419
10732,1
10733,0.83871
10734,0.903226
10735,0.935484
10736,0.903226
10737,0.83871
10738,0.935484
10739,0.774194
10740,0.612903
10741,0.483871
10742,1
10743,0.774194
10744,0.580645
10745,0.16129
10746,0.548387
10747,1
10748,0.83871
10749,0.548387
10750,1
10751,0.870968
10752,0.903226
10753,0.903226
10754,0.806452
10755,0.870968
10756,0.935484
10757,0.967742
10758,0.935484
10759,0.903226
10760,0.322581
10761,0.774194
10762,1
10763,0.612903
10764,1
10765,0.580645
10766,1
10767,0.935484
10768,0.935484
10769,0.580645
10770,1
10771,0.935484
10772,0.935484
10773,0.935484
10774,0.935484
10775,0.935484
10776,0.903226
10777,0.580645
10778,1
10779,0.83871
10780,0.354839
10781,0.451613
10782,0.451613
10783,0.451613
10784,0.451613
10785,0.451613
10786,0.774194
10787,0.967742
10788,0.935484
10789,0.935484
10790,0.870968
10791,0.580645
10792,1
10793,0.354839
10794,0.451613
10795,0.774194
10796,0.967742
10797,0.935484
10798,0.935484
10799,0.935484
10800,0.870968
10801,0.612903
10802,1
10803,0.612903
10804,1
10805,0.580645
10806,1
10807,0.354839
10808,0.451613
10809,0.774194
10810,0.935484
10811,0.612903
10812,1
10813,0.516129
10814,0.967742
10815,0.290323
10816,0.419355
10817,0.774194
10818,0.967742
10819,0.903226
10820,0.612903
10821,0.258065
10822,0.290323
10823,0.290323
10824,0.580645
10825,0.967742
10826,0.870968
10827,0.870968
10828,0.806452
10829,0.516129
10830,0.451613
10831,0.903226
10832,0.451613
10833,0.903226
10834,0.225806
10835,0.258065
10836,0.258065
10837,0.258065
10838,0.258065
10839,0.258065
10840,0.258065
10841,0.483871
10842,0.967742
10843,0.322581
10844,0.258065
10845,0.258065
10846,0.225806
10847,0.483871
10848,0.967742
10849,0.709677
10850,0.774194
10851,0.83871
10852,0.322581
10853,0.548387
10854,0.967742
10855,0.741935
10856,0.774194
10857,0.516129
10858,0.967742
10859,0.580645
10860,0.548387
10861,0.935484
10862,0.483871
10863,0.516129
10864,0.967742
10865,0.870968
10866,0.967742
10867,0.903226
10868,0.258065
10869,0.322581
10870,0.322581
10871,0.322581
10872,0.322581
10873,0.322581
10874,0.290323
10875,0.290323
10876,0.290323
10877,0.258065
10878,0.645161
10879,0.774194
10880,0.258065
10881,0.290323
10882,0.290323
10883,0.290323
10884,0.290323
10885,0.677419
10886,0.967742
10887,0.935484
10888,0.935484
10889,0.935484
10890,0.548387
10891,0.645161
10892,0.774194
10893,0.258065
10894,0.290323
10895,0.290323
10896,0.290323
10897,0.677419
10898,0.967742
10899,0.935484
10900,0.935484
10901,1
10902,0.645161
10903,0.967742
10904,0.935484
10905,0.935484
10906,0.935484
10907,0.935484
10908,0.935484
10909,0.935484
10910,0.967742
10911,1
10912,1
10913,1
10914,1
10915,1
10916,1
10917,1
10918,0.870968
10919,0.870968
10920,0.870968
10921,0.83871
10922,0.83871
10923,0.967742
10924,0.935484
10925,0.967742
10926,0.967742
10927,0.935484
10928,0.967742
10929,0.83871
10930,0.935484
10931,0.870968
10932,0.935484
10933,0.870968
10934,0.870968
10935,0.806452
10936,0.83871
10937,0.774194
10938,0.806452
10939,0.580645
10940,0.645161
10941,0.967742
10942,0.741935
10943,0.774194
10944,0.483871
10945,0.483871
10946,0.741935
10947,0.580645
10948,0.677419
10949,0.612903
10950,0.548387
10951,0.709677
10952,0.83871
10953,0.709677
10954,0.83871
10955,0.774194
10956,0.774194
10957,0.806452
10958,0.774194
10959,0.774194
10960,0.774194
10961,0.774194
10962,0.774194
10963,0.677419
10964,0.677419
10965,0.774194
10966,0.741935
10967,0.741935
10968,0.645161
10969,0.709677
10970,0.645161
10971,0.709677
10972,0.645161
10973,0.612903
10974,0.580645
10975,0.580645
10976,0.548387
10977,0.580645
10978,0.709677
10979,0.612903
10980,0.741935
10981,0.419355
10982,0.645161
10983,0.516129
10984,0.419355
10985,0.419355
10986,0.580645
10987,0.451613
10988,0.419355
10989,0.419355
10990,0.387097
10991,0.419355
10992,0.387097
10993,0.419355
10994,0.387097
10995,0.419355
10996,0.387097
10997,0.419355
10998,0.548387
10999,0.419355
11000,0.806452
11001,0.967742
11002,0.967742
11003,0.967742
11004,0.967742
11005,0.967742
11006,0.967742
11007,0.967742
11008,0.967742
11009,0.967742
11010,0.967742
11011,0.967742
11012,0.967742
11013,0.935484
11014,0.935484
11015,0.935484
11016,0.935484
11017,0.935484
11018,0.935484
11019,0.935484
11020,0.935484
11021,0.935484
11022,0.935484
11023,0.709677
11024,0.741935
11025,0.935484
11026,0.935484
11027,0.935484
11028,0.935484
11029,0.935484
11030,0.935484
11031,0.935484
11032,0.935484
11033,0.935484
11034,0.935484
11035,0.935484
11036,0.935484
11037,1
11038,1
11039,0.967742
11040,0.903226
11041,0.935484
11042,0.935484
11043,0.935484
11044,0.935484
11045,1
11046,0.580645
11047,0.935484
11048,1
11049,1
11050,1
11051,1
11052,1
11053,1
11054,1
11055,0.967742
11056,1
11057,1
11058,1
11059,1
11060,1
11061,1
11062,1
11063,1
11064,1
11065,1
11066,0.967742
11067,1
11068,1
11069,1
11070,1
11071,1
11072,1
11073,1
11074,1
11075,1
11076,1
11077,1
11078,1
11079,1
11080,1
11081,1
11082,1
11083,1
11084,1
11085,1
11086,1
11087,0.677419
11088,0.967742
11089,1
11090,1
11091,1
11092,1
11093,1
11094,1
11095,1
11096,1
11097,1
11098,1
11099,1
11100,1
11101,1
11102,1
11103,1
11104,1
11105,1
11106,1
11107,1
11108,1
11109,1
11110,1
11111,1
11112,1
11113,1
11114,1
11115,1
11116,1
11117,1
11118,1
11119,1
11120,1
11121,1
11122,1
11123,1
11124,1
11125,1
11126,1
11127,1
11128,0.741935
11129,0.903226
11130,1
11131,1
11132,1
11133,0.741935
11134,0.935484
11135,1
11136,1
11137,1
11138,1
11139,0.677419
11140,0.903226
11141,1
11142,1
11143,0.677419
11144,0.903226
11145,1
11146,1
11147,1
11148,1
11149,0.677419
11150,0.935484
11151,1
11152,1
11153,1
11154,1
11155,1
11156,0.677419
11157,0.935484
11158,1
11159,0.935484
11160,1
11161,0.935484
11162,1
11163,0.935484
11164,1
11165,0.935484
11166,1
11167,0.935484
11168,1
11169,0.935484
11170,1
11171,0.935484
11172,1
11173,0.935484
11174,1
11175,0.935484
11176,1
11177,0.935484
11178,1
11179,0.935484
11180,1
11181,0.935484
11182,1
11183,0.935484
11184,1
11185,0.935484
11186,1
11187,0.935484
11188,1
11189,0.580645
11190,0.935484
11191,0.483871
11192,0.870968
11193,0.548387
11194,0.580645
11195,0.645161
11196,0.225806
11197,0.935484
11198,0.612903
11199,0.16129
11200,0.290323
11201,0.870968
11202,0.612903
11203,0.83871
11204,0.645161
11205,0.83871
11206,0.677419
11207,0.83871
11208,0.677419
11209,0.83871
11210,0.677419
11211,0.774194
11212,0.580645
11213,0.903226
11214,0.967742
11215,0.548387
11216,0.580645
11217,0.870968
11218,0.935484
11219,0.83871
11220,1
11221,0.806452
11222,0.967742
11223,0.483871
11224,0.387097
11225,0.83871
11226,0.967742
11227,0.83871
11228,0.967742
11229,0.83871
11230,0.967742
11231,0.83871
11232,0.967742
11233,0.83871
11234,0.967742
11235,0.83871
11236,0.967742
11237,0.83871
11238,0.967742
11239,0.83871
11240,0.967742
11241,0.83871
11242,0.967742
11243,0.83871
11244,0.967742
11245,0.83871
11246,0.967742
11247,0.83871
11248,0.967742
11249,0.0322581
11250,0.258065
11251,0.935484
11252,1
11253,0.935484
11254,1
11255,0.935484
11256,1
11257,0.935484
11258,1
11259,0.935484
11260,1
11261,0.935484
11262,1
11263,0.935484
11264,1
11265,0.935484
11266,1
11267,0.483871
11268,0.483871
11269,0.483871
11270,0.483871
11271,0.516129
11272,0.709677
11273,0.483871
11274,0.741935
11275,0.290323
11276,0.322581
11277,0.419355
11278,0.451613
11279,0.322581
11280,0.322581
11281,0.935484
11282,1
11283,0.290323
11284,0.290323
11285,0.290323
11286,0.290323
11287,0.451613
11288,0.451613
11289,0.290323
11290,0.225806
11291,0.548387
11292,1
11293,0.645161
11294,0.935484
11295,0.709677
11296,1
11297,0.225806
11298,0.354839
11299,0.548387
11300,1
11301,0.258065
11302,0.225806
11303,0.548387
11304,1
11305,0.516129
11306,1
11307,0.290323
11308,0.225806
11309,0.548387
11310,1
11311,0.548387
11312,1
11313,0.387097
11314,0.387097
11315,0.935484
11316,1
11317,0.387097
11318,0.387097
11319,0.322581
11320,0.354839
11321,0.774194
11322,1
11323,0.225806
11324,0.354839
11325,0.548387
11326,1
11327,0.935484
11328,1
11329,0.709677
11330,1
11331,0.419355
11332,0.451613
11333,0.290323
11334,0.322581
11335,0.290323
11336,0.258065
11337,0.354839
11338,0.322581
11339,0.354839
11340,0.290323
11341,0.225806
11342,0.354839
11343,0.258065
11344,0.290323
11345,0.935484
11346,1
11347,0.258065
11348,0.258065
11349,0.258065
11350,0.258065
11351,0.225806
11352,0.354839
11353,0.741935
11354,0.548387
11355,0.322581
11356,0.258065
11357,0.258065
11358,0.258065
11359,0.258065
11360,0.258065
11361,0.258065
11362,0.258065
11363,0.258065
11364,0.258065
11365,0.258065
11366,0.322581
11367,0.258065
11368,0.290323
11369,0.290323
11370,0.258065
11371,0.225806
11372,0.258065
11373,0.258065
11374,0.258065
11375,0.258065
11376,0.290323
11377,0.290323
11378,0.290323
11379,0.290323
11380,0.258065
11381,0.322581
11382,0.935484
11383,1
11384,0.322581
11385,0.322581
11386,0.258065
11387,0.258065
11388,0.258065
11389,0.258065
11390,0.258065
11391,0.258065
11392,0.258065
11393,0.258065
11394,0.225806
11395,0.419355
11396,0.935484
11397,0.419355
11398,0.354839
11399,0.258065
11400,0.354839
11401,0.354839
11402,0.322581
11403,0.290323
11404,0.258065
11405,0.935484
11406,0.419355
11407,0.258065
11408,0.419355
11409,0.83871
11410,0.967742
11411,0.258065
11412,0.903226
11413,0.935484
11414,0.935484
11415,0.935484
11416,0.935484
11417,0.935484
11418,0.387097
11419,0.258065
11420,0.225806
11421,0.935484
11422,0.870968
11423,0.483871
11424,0.387097
11425,0.83871
11426,0.967742
11427,0.322581
11428,0.322581
11429,0.322581
11430,0.258065
11431,0.322581
11432,0.83871
11433,1
11434,0.322581
11435,0.322581
11436,0.322581
11437,0.322581
11438,0.258065
11439,0.322581
11440,0.322581
11441,0.322581
11442,0.322581
11443,0.322581
11444,0.322581
11445,0.322581
11446,0.322581
11447,0.322581
11448,0.322581
11449,0.322581
11450,0.322581
11451,0.322581
11452,0.322581
11453,0.322581
11454,0.322581
11455,0.258065
11456,0.290323
11457,0.322581
11458,0.258065
11459,0.387097
11460,0.935484
11461,0.774194
11462,0.322581
11463,0.354839
11464,0.354839
11465,0.354839
11466,0.354839
11467,0.354839
11468,0.419355
11469,0.419355
11470,0.419355
11471,0.387097
11472,0.290323
11473,0.354839
11474,0.419355
11475,0.419355
11476,0.419355
11477,0.419355
11478,0.419355
11479,0.322581
11480,0.258065
11481,0.677419
11482,0.419355
11483,0.451613
11484,0.935484
11485,0.806452
11486,0.290323
11487,0.290323
11488,0.290323
11489,0.290323
11490,0.290323
11491,0.290323
11492,0.290323
11493,0.354839
11494,0.83871
11495,0.516129
11496,0.451613
11497,0.548387
11498,0.290323
11499,0.290323
11500,0.290323
11501,0.290323
11502,0.290323
11503,0.290323
11504,0.290323
11505,0.290323
11506,0.290323
11507,0.290323
11508,0.290323
11509,0.290323
11510,0.290323
11511,0.290323
11512,0.290323
11513,0.451613
11514,0.322581
11515,0.258065
11516,0.451613
11517,0.258065
11518,0.483871
11519,0.483871
11520,0.290323
11521,0.290323
11522,0.258065
11523,0.903226
11524,1
11525,0.677419
11526,0.354839
11527,0.354839
11528,0.354839
11529,0.290323
11530,0.354839
11531,0.290323
11532,0.354839
11533,0.290323
11534,0.354839
11535,0.290323
11536,0.387097
11537,0.290323
11538,0.387097
11539,0.290323
11540,0.806452
11541,0.225806
11542,0.709677
11543,0.967742
11544,0.419355
11545,0.967742
11546,0.612903
11547,0.903226
11548,0.806452
11549,0.645161
11550,0.741935
11551,0.645161
11552,0.741935
11553,0.806452
11554,0.516129
11555,0.451613
11556,0.548387
11557,0.516129
11558,0.548387
11559,0.709677
11560,0.548387
11561,0.645161
11562,0.451613
11563,0.548387
11564,0.516129
11565,0.516129
11566,0.516129
11567,0.516129
11568,0.516129
11569,0.516129
11570,0.516129
11571,0.516129
11572,0.516129
11573,0.516129
11574,0.516129
11575,0.516129
11576,0.516129
11577,0.677419
11578,0.483871
11579,0.451613
11580,0.709677
11581,0.419355
11582,0.774194
11583,0.354839
11584,0.935484
11585,0.354839
11586,0.935484
11587,0.354839
11588,0.935484
11589,0.322581
11590,0.709677
11591,0.258065
11592,0.903226
11593,0.225806
11594,0.225806
11595,0.483871
11596,0.870968
11597,0.225806
11598,0.548387
11599,0.774194
11600,0.806452
11601,0.290323
11602,0.741935
11603,0.290323
11604,0.741935
11605,0.290323
11606,0.741935
11607,0.387097
11608,0.709677
11609,0.290323
11610,0.483871
11611,0.612903
11612,0.612903
11613,0.709677
11614,0.774194
11615,0.83871
11616,0.516129
11617,0.83871
11618,0.387097
11619,0.709677
11620,0.419355
11621,0.612903
11622,0.516129
11623,0.580645
11624,0.451613
11625,0.580645
11626,0.451613
11627,0.612903
11628,0.290323
11629,0.806452
11630,0.580645
11631,0.451613
11632,0.612903
11633,0.451613
11634,0.612903
11635,0.516129
11636,0.677419
11637,0.612903
11638,0.612903
11639,0.612903
11640,0.612903
11641,0.580645
11642,0.645161
11643,0.580645
11644,0.645161
11645,0.580645
11646,0.870968
11647,0.580645
11648,0.612903
11649,0.419355
11650,0.451613
11651,0.83871
11652,0.903226
11653,0.258065
11654,0.645161
11655,0.967742
11656,0.741935
11657,0.290323
11658,0.322581
11659,0.322581
11660,0.322581
11661,0.322581
11662,0.322581
11663,0.322581
11664,0.322581
11665,0.322581
11666,0.322581
11667,0.419355
11668,0.516129
11669,0.387097
11670,0.419355
11671,0.354839
11672,0.354839
11673,0.322581
11674,0.290323
11675,0.290323
11676,0.290323
11677,0.290323
11678,0.290323
11679,0.258065
11680,0.225806
11681,0.225806
11682,0.225806
11683,0.258065
11684,0.258065
11685,0.258065
11686,0.258065
11687,0.258065
11688,0.419355
11689,0.290323
11690,0.387097
11691,0.290323
11692,0.387097
11693,0.483871
11694,0.451613
11695,0.451613
11696,0.451613
11697,0.451613
11698,0.451613
11699,0.580645
11700,0.451613
11701,0.548387
11702,0.516129
11703,0.548387
11704,0.516129
11705,0.548387
11706,0.516129
11707,0.548387
11708,0.516129
11709,0.548387
11710,0.516129
11711,0.548387
11712,0.516129
11713,0.548387
11714,0.516129
11715,0.548387
11716,0.516129
11717,0.548387
11718,0.516129
11719,0.548387
11720,0.516129
11721,0.548387
11722,0.258065
11723,0.419355
11724,0.290323
11725,0.387097
11726,0.290323
11727,0.387097
11728,0.290323
11729,0.387097
11730,0.290323
11731,0.387097
11732,0.290323
11733,0.387097
11734,0.290323
11735,0.387097
11736,0.741935
11737,0.967742
11738,0.83871
11739,0.935484
11740,0.903226
11741,0.258065
11742,0.419355
11743,0.322581
11744,0.806452
11745,0.935484
11746,0.870968
11747,0.903226
11748,0.225806
11749,0.258065
11750,0.419355
11751,0.258065
11752,0.258065
11753,0.387097
11754,0.258065
11755,0.387097
11756,0.258065
11757,0.419355
11758,0.290323
11759,0.387097
11760,0.290323
11761,0.387097
11762,0.322581
11763,0.387097
11764,0.290323
11765,0.290323
11766,0.290323
11767,0.290323
11768,0.225806
11769,0.290323
11770,0.258065
11771,0.193548
11772,0.193548
11773,0.193548
11774,0.387097
11775,0.483871
11776,0.16129
11777,0.16129
11778,0.16129
11779,0.16129
11780,0.16129
11781,0.322581
11782,0.580645
11783,0.290323
11784,0.387097
11785,0.483871
11786,0.419355
11787,0.419355
11788,0.483871
11789,0.354839
11790,0.354839
11791,0.354839
11792,0.83871
11793,0.612903
11794,0.870968
11795,0.903226
11796,0.419355
11797,0.290323
11798,0.419355
11799,0.387097
11800,0.419355
11801,0.387097
11802,0.225806
11803,0.225806
11804,0.225806
11805,0.258065
11806,0.258065
11807,0.258065
11808,0.741935
11809,0.870968
11810,0.225806
11811,0.193548
11812,0.193548
11813,0.387097
11814,0.677419
11815,0.516129
11816,0.580645
11817,0.741935
11818,0.709677
11819,0.806452
11820,0.741935
11821,0.741935
11822,0.677419
11823,0.741935
11824,0.677419
11825,0.83871
11826,0.741935
11827,0.225806
11828,0.258065
11829,0.258065
11830,0.419355
11831,0.451613
11832,0.290323
11833,0.225806
11834,0.419355
11835,0.451613
11836,0.419355
11837,0.451613
11838,0.387097
11839,0.419355
11840,0.516129
11841,0.483871
11842,0.290323
11843,0.322581
11844,0.290323
11845,0.387097
11846,0.290323
11847,0.354839
11848,0.709677
11849,0.935484
11850,0.516129
11851,0.258065
11852,0.354839
11853,0.645161
11854,1
11855,0.806452
11856,0.806452
11857,0.580645
11858,0.419355
11859,0.451613
11860,0.451613
11861,0.709677
11862,0.612903
11863,0.645161
11864,0.580645
11865,0.612903
11866,0.516129
11867,0.612903
11868,0.774194
11869,0.83871
11870,1
11871,0.419355
11872,0.483871
11873,0.483871
11874,0.83871
11875,0.967742
11876,0.290323
11877,0.483871
11878,0.548387
11879,0.774194
11880,0.806452
11881,0.806452
11882,0.903226
11883,0.741935
11884,0.83871
11885,0.419355
11886,0.483871
11887,0.387097
11888,0.419355
11889,0.419355
11890,0.419355
11891,0.516129
11892,0.903226
11893,0.870968
11894,0.419355
11895,0.322581
11896,0.774194
11897,0.967742
11898,0.774194
11899,1
11900,1
11901,1
11902,1
11903,1
11904,1
11905,1
11906,1
11907,1
11908,1
11909,1
11910,1
11911,1
11912,1
11913,1
11914,1
11915,0.677419
11916,0.741935
11917,1
11918,0.677419
11919,0.322581
11920,0.322581
11921,0.322581
11922,0.322581
11923,0.322581
11924,0.322581
11925,0.741935
11926,1
11927,0.677419
11928,0.322581
11929,0.322581
11930,0.741935
11931,0.903226
11932,0.322581
11933,0.322581
11934,0.741935
11935,1
11936,1
11937,1
11938,1
11939,1
11940,0.806452
11941,0.322581
11942,0.709677
11943,1
11944,0.903226
11945,0.83871
11946,1
11947,1
11948,1
11949,1
11950,0.83871
11951,0.83871
11952,1
11953,0.870968
11954,0.903226
11955,1
11956,0.806452
11957,1
11958,0.419355
11959,0.483871
11960,0.516129
11961,0.548387
11962,0.903226
11963,0.935484
11964,1
11965,0.516129
11966,1
11967,1
11968,1
11969,0.516129
11970,0.548387
11971,0.548387
11972,0.548387
11973,0.548387
11974,0.548387
11975,0.548387
11976,0.967742
11977,1
11978,1
11979,1
11980,0.516129
11981,0.548387
11982,0.548387
11983,0.548387
11984,0.967742
11985,1
11986,1
11987,1
11988,1
11989,1
11990,1
11991,1
11992,0.516129
11993,1
11994,1
11995,1
11996,0.419355
11997,0.483871
11998,0.548387
11999,0.516129
12000,0.516129
12001,0.516129
12002,0.548387
12003,1
12004,1
12005,1
12006,1
12007,1
12008,1
12009,1
12010,1
12011,1
12012,1
12013,1
12014,1
12015,1
12016,1
12017,1
12018,1
12019,1
12020,1
12021,1
12022,1
12023,1
12024,1
12025,1
12026,1
12027,1
12028,1
12029,0.548387
12030,0.580645
12031,0.258065
12032,0.354839
12033,0.645161
12034,0.967742
12035,0.935484
12036,0.580645
12037,0.903226
12038,1
12039,0.774194
12040,0.741935
12041,0.903226
12042,0.83871
12043,0.870968
12044,0.83871
12045,0.903226
12046,1
12047,1
12048,1
12049,0.548387
12050,0.967742
12051,0.645161
12052,0.967742
12053,0.645161
12054,0.580645
12055,0.548387
12056,0.935484
12057,0.645161
12058,0.419355
12059,0.419355
12060,0.419355
12061,0.354839
12062,0.548387
12063,0.870968
12064,0.935484
12065,0.935484
12066,0.935484
12067,0.935484
12068,0.967742
12069,0.967742
12070,0.967742
12071,1
12072,1
12073,1
12074,1
12075,1
12076,1
12077,1
12078,1
12079,0.935484
12080,0.612903
12081,0.903226
12082,0.677419
12083,0.580645
12084,0.580645
12085,0.580645
12086,0.580645
12087,0.483871
12088,0.516129
12089,0.516129
12090,0.354839
12091,0.741935
12092,0.419355
12093,0.903226
12094,0.677419
12095,0.741935
12096,0.677419
12097,0.677419
12098,0.709677
12099,0.903226
12100,0.709677
12101,0.903226
12102,0.677419
12103,0.806452
12104,0.967742
12105,0.903226
12106,0.645161
12107,1
12108,0.967742
12109,0.935484
12110,0.709677
12111,1
12112,1
12113,0.967742
12114,0.903226
12115,0.967742
12116,0.935484
12117,0.903226
12118,0.451613
12119,0.677419
12120,0.935484
12121,0.903226
12122,0.677419
12123,1
12124,0.419355
12125,0.967742
12126,0.870968
12127,0.967742
12128,0.741935
12129,0.903226
12130,0.677419
12131,0.612903
12132,0.741935
12133,0.967742
12134,0.870968
12135,0.741935
12136,0.548387
12137,0.774194
12138,0.967742
12139,0.774194
12140,0.387097
12141,0.903226
12142,0.193548
12143,0.419355
12144,0.548387
12145,0.548387
12146,0.548387
12147,0.548387
12148,0.548387
12149,0.387097
12150,0.387097
12151,0.548387
12152,0.741935
12153,0.741935
12154,0.870968
12155,0.548387
12156,0.967742
12157,0.548387
12158,0.677419
12159,0.419355
12160,0.580645
12161,0.483871
12162,0.83871
12163,0.903226
12164,0.903226
12165,0.258065
12166,0.83871
12167,0.225806
12168,0.580645
12169,1
12170,0.483871
12171,0.774194
12172,0.258065
12173,0.967742
12174,0.258065
12175,0.83871
12176,0.225806
12177,0.419355
12178,0.322581
12179,0.645161
12180,0.225806
12181,0.903226
12182,0.225806
12183,0.903226
12184,0.225806
12185,0.387097
12186,0.290323
12187,0.451613
12188,0.258065
12189,0.483871
12190,0.225806
12191,0.516129
12192,0.225806
12193,0.516129
12194,0.225806
12195,0.516129
12196,0.193548
12197,0.677419
12198,0.967742
12199,0.193548
12200,0.258065
12201,0.677419
12202,1
12203,0.193548
12204,0.225806
12205,0.225806
12206,0.225806
12207,0.225806
12208,0.225806
12209,0.225806
12210,0.225806
12211,0.419355
12212,0.967742
12213,0.516129
12214,0.193548
12215,0.193548
12216,0.193548
12217,0.193548
12218,0.193548
12219,0.193548
12220,0.193548
12221,0.193548
12222,0.193548
12223,0.193548
12224,0.193548
12225,0.193548
12226,0.612903
12227,0.967742
12228,0.806452
12229,0.83871
12230,0.806452
12231,0.774194
12232,0.903226
12233,0.612903
12234,0.225806
12235,0.225806
12236,0.612903
12237,0.967742
12238,0.806452
12239,0.645161
12240,0.354839
12241,0.193548
12242,0.83871
12243,1
12244,0.774194
12245,0.741935
12246,0.258065
12247,0.387097
12248,0.258065
12249,0.387097
12250,0.258065
12251,0.419355
12252,0.451613
12253,0.387097
12254,0.193548
12255,0.451613
12256,0.645161
12257,0.612903
12258,0.741935
12259,0.516129
12260,0.677419
12261,0.774194
12262,0.709677
12263,0.774194
12264,0.903226
12265,0.806452
12266,0.870968
12267,0.935484
12268,0.806452
12269,0.516129
12270,0.193548
12271,0.193548
12272,0.193548
12273,0.193548
12274,0.193548
12275,0.193548
12276,0.193548
12277,0.193548
12278,0.645161
12279,0.83871
12280,0.516129
12281,0.741935
12282,0.548387
12283,0.193548
12284,0.741935
12285,1
12286,0.903226
12287,0.967742
12288,0.903226
12289,0.483871
12290,0.16129
12291,0.774194
12292,0.903226
12293,0.83871
12294,0.903226
12295,0.870968
12296,0.967742
12297,0.903226
12298,0.967742
12299,0.387097
12300,0.193548
12301,0.193548
12302,0.548387
12303,0.967742
12304,0.387097
12305,0.193548
12306,0.193548
12307,0.193548
12308,0.516129
12309,0.870968
12310,0.516129
12311,0.548387
12312,0.870968
12313,0.516129
12314,0.548387
12315,0.548387
12316,0.258065
12317,0.290323
12318,0.290323
12319,0.290323
12320,0.258065
12321,0.483871
12322,0.354839
12323,0.290323
12324,0.290323
12325,0.290323
12326,0.290323
12327,0.225806
12328,0.677419
12329,0.870968
12330,0.83871
12331,0.83871
12332,0.580645
12333,0.225806
12334,0.677419
12335,0.741935
12336,0.193548
12337,0.548387
12338,0.806452
12339,0.483871
12340,0.290323
12341,0.290323
12342,0.290323
12343,0.290323
12344,0.225806
12345,0.451613
12346,0.419355
12347,0.419355
12348,0.645161
12349,0.645161
12350,0.645161
12351,0.580645
12352,0.612903
12353,0.612903
12354,0.580645
12355,0.483871
12356,0.193548
12357,0.483871
12358,0.516129
12359,0.451613
12360,0.580645
12361,0.548387
12362,0.354839
12363,0.258065
12364,0.258065
12365,0.419355
12366,0.516129
12367,0.451613
12368,0.516129
12369,0.387097
12370,0.83871
12371,1
12372,0.967742
12373,1
12374,1
12375,0.935484
12376,0.967742
12377,0.967742
12378,0.967742
12379,0.967742
12380,0.967742
12381,0.967742
12382,0.967742
12383,0.967742
12384,0.967742
12385,0.967742
12386,0.935484
12387,0.967742
12388,0.548387
12389,0.806452
12390,0.967742
12391,0.967742
12392,0.548387
12393,0.806452
12394,0.967742
12395,0.967742
12396,0.483871
12397,0.225806
12398,0.83871
12399,0.967742
12400,0.935484
12401,0.935484
12402,0.935484
12403,0.935484
12404,0.935484
12405,0.935484
12406,0.935484
12407,0.935484
12408,0.903226
12409,0.903226
12410,0.903226
12411,0.935484
12412,0.903226
12413,0.935484
12414,0.903226
12415,0.903226
12416,0.935484
12417,0.935484
12418,0.903226
12419,0.83871
12420,0.83871
12421,0.870968
12422,0.709677
12423,0.870968
12424,0.709677
12425,0.709677
12426,0.83871
12427,0.806452
12428,0.709677
12429,0.774194
12430,0.741935
12431,0.709677
12432,0.709677
12433,0.806452
12434,0.677419
12435,0.677419
12436,0.677419
12437,0.677419
12438,0.645161
12439,0.677419
12440,0.645161
12441,0.645161
12442,0.580645
12443,0.709677
12444,0.645161
12445,0.645161
12446,0.645161
12447,0.645161
12448,0.645161
12449,0.741935
12450,0.645161
12451,0.741935
12452,0.645161
12453,0.709677
12454,0.612903
12455,0.741935
12456,0.612903
12457,0.741935
12458,0.645161
12459,0.741935
12460,0.548387
12461,0.612903
12462,0.709677
12463,0.612903
12464,0.709677
12465,0.612903
12466,0.709677
12467,0.612903
12468,0.709677
12469,0.612903
12470,0.709677
12471,0.612903
12472,0.709677
12473,0.612903
12474,0.709677
12475,0.580645
12476,0.677419
12477,0.580645
12478,0.677419
12479,0.612903
12480,0.806452
12481,0.612903
12482,0.580645
12483,0.677419
12484,0.580645
12485,0.677419
12486,0.516129
12487,0.612903
12488,0.806452
12489,0.645161
12490,0.709677
12491,0.677419
12492,0.677419
12493,0.677419
12494,0.677419
12495,0.677419
12496,0.677419
12497,0.677419
12498,0.677419
12499,0.677419
12500,0.677419
12501,0.677419
12502,0.677419
12503,0.677419
12504,0.677419
12505,0.677419
12506,0.677419
12507,0.709677
12508,0.548387
12509,0.870968
12510,0.967742
12511,0.967742
12512,0.967742
12513,1
12514,0.967742
12515,0.290323
12516,0.741935
12517,0.225806
12518,1
12519,0.645161
12520,0.870968
12521,0.903226
12522,0.935484
12523,0.870968
12524,0.83871
12525,0.903226
12526,1
12527,0.870968
12528,1
12529,0.935484
12530,0.935484
12531,0.935484
12532,0.741935
12533,0.935484
12534,1
12535,0.935484
12536,0.967742
12537,0.967742
12538,0.967742
12539,0.967742
12540,0.967742
12541,0.935484
12542,0.870968
12543,0.903226
12544,0.870968
12545,0.967742
12546,0.903226
12547,0.870968
12548,1
12549,0.903226
12550,0.870968
12551,0.935484
12552,0.935484
12553,0.935484
12554,0.935484
12555,0.935484
12556,0.935484
12557,0.83871
12558,0.967742
12559,0.83871
12560,0.967742
12561,0.83871
12562,0.967742
12563,0.83871
12564,1
12565,0.870968
12566,1
12567,0.870968
12568,0.935484
12569,1
12570,0.967742
12571,1
12572,0.967742
12573,0.967742
12574,0.903226
12575,0.967742
12576,0.903226
12577,0.967742
12578,0.903226
12579,0.967742
12580,0.870968
12581,0.870968
12582,1
12583,1
12584,0.903226
12585,0.870968
12586,0.903226
12587,0.870968
12588,0.741935
12589,0.806452
12590,0.83871
12591,0.870968
12592,0.870968
12593,0.870968
12594,0.806452
12595,0.741935
12596,0.774194
12597,0.774194
12598,0.870968
12599,0.774194
12600,0.774194
12601,0.774194
12602,0.774194
12603,0.774194
12604,0.774194
12605,0.774194
12606,0.741935
12607,0.741935
12608,0.774194
12609,0.741935
12610,0.741935
12611,0.741935
12612,0.741935
12613,0.741935
12614,0.741935
12615,0.741935
12616,0.741935
12617,0.741935
12618,0.741935
12619,0.741935
12620,0.774194
12621,0.741935
12622,0.774194
12623,0.741935
12624,1
12625,0.83871
12626,0.354839
12627,0.354839
12628,0.354839
12629,0.354839
12630,0.354839
12631,0.354839
12632,0.354839
12633,0.354839
12634,0.354839
12635,0.322581
12636,0.290323
12637,0.290323
12638,0.290323
12639,0.290323
12640,0.290323
12641,0.290323
12642,0.387097
12643,0.387097
12644,0.387097
12645,0.322581
12646,0.290323
12647,0.290323
12648,0.290323
12649,0.451613
12650,0.354839
12651,0.290323
12652,0.290323
12653,0.387097
12654,0.322581
12655,0.290323
12656,0.451613
12657,0.354839
12658,0.290323
12659,0.290323
12660,0.290323
12661,0.290323
12662,0.290323
12663,0.451613
12664,0.387097
12665,0.322581
12666,0.290323
12667,0.322581
12668,0.322581
12669,0.322581
12670,0.322581
12671,0.322581
12672,0.322581
12673,0.322581
12674,0.322581
12675,0.290323
12676,0.290323
12677,0.290323
12678,0.290323
12679,0.290323
12680,0.290323
12681,0.290323
12682,0.290323
12683,0.290323
12684,0.225806
12685,0.225806
12686,0.225806
12687,0.225806
12688,0.225806
12689,0.225806
12690,0.225806
12691,0.258065
12692,0.225806
12693,0.193548
12694,0.193548
12695,0.258065
12696,0.290323
12697,0.322581
12698,0.322581
12699,0.322581
12700,0.290323
12701,0.354839
12702,0.322581
12703,0.322581
12704,0.322581
12705,0.322581
12706,0.322581
12707,0.322581
12708,0.322581
12709,0.354839
12710,0.354839
12711,0.290323
12712,0.290323
12713,0.290323
12714,0.290323
12715,0.290323
12716,0.548387
12717,0.516129
12718,0.354839
12719,0.483871
12720,0.483871
12721,0.419355
12722,0.387097
12723,0.419355
12724,0.322581
12725,0.290323
12726,0.387097
12727,0.387097
12728,0.387097
12729,0.516129
12730,0.483871
12731,0.451613
12732,0.451613
12733,0.580645
12734,0.548387
12735,0.516129
12736,0.516129
12737,0.548387
12738,0.548387
12739,0.548387
12740,0.612903
12741,0.548387
12742,0.645161
12743,0.451613
12744,0.451613
12745,0.451613
12746,0.548387
12747,0.548387
12748,0.516129
12749,0.580645
12750,0.580645
12751,0.516129
12752,0.580645
12753,0.483871
12754,0.612903
12755,0.645161
12756,0.806452
12757,0.83871
12758,0.83871
12759,0.806452
12760,0.83871
12761,0.870968
12762,0.870968
12763,0.870968
12764,0.903226
12765,0.903226
12766,0.903226
12767,0.903226
12768,0.903226
12769,0.806452
12770,0.806452
12771,0.903226
12772,0.935484
12773,0.903226
12774,0.903226
12775,0.935484
12776,0.903226
12777,0.935484
12778,0.935484
12779,0.903226
12780,0.903226
12781,0.903226
12782,0.935484
12783,0.903226
12784,0.935484
12785,0.935484
12786,0.935484
12787,0.935484
12788,0.935484
12789,0.935484
12790,0.903226
12791,0.935484
12792,0.935484
12793,0.935484
12794,0.903226
12795,0.903226
12796,0.935484
12797,0.935484
12798,0.935484
12799,0.935484
12800,0.935484
12801,0.935484
12802,0.935484
12803,0.935484
12804,0.935484
12805,0.935484
12806,0.935484
12807,0.935484
12808,0.935484
12809,0.774194
12810,0.935484
12811,0.935484
12812,0.774194
12813,0.83871
12814,0.806452
12815,0.83871
12816,0.806452
12817,0.870968
12818,0.774194
12819,0.870968
12820,0.935484
12821,0.935484
12822,0.870968
12823,0.935484
12824,0.870968
12825,0.870968
12826,0.903226
12827,0.870968
12828,0.903226
12829,0.870968
12830,0.903226
12831,0.870968
12832,0.903226
12833,0.806452
12834,0.870968
12835,0.83871
12836,0.83871
12837,0.870968
12838,0.806452
12839,0.870968
12840,0.83871
12841,0.83871
12842,0.870968
12843,0.83871
12844,0.870968
12845,0.83871
12846,0.870968
12847,0.83871
12848,0.870968
12849,0.83871
12850,0.870968
12851,0.83871
12852,0.870968
12853,0.83871
12854,0.870968
12855,0.83871
12856,0.870968
12857,0.83871
12858,0.870968
12859,0.83871
12860,0.870968
12861,0.83871
12862,0.870968
12863,0.83871
12864,0.870968
12865,0.83871
12866,0.870968
12867,0.83871
12868,0.806452
12869,0.806452
12870,0.83871
12871,0.806452
12872,0.83871
12873,0.806452
12874,0.83871
12875,0.258065
12876,0.83871
12877,0.806452
12878,0.83871
12879,0.806452
12880,0.83871
12881,0.806452
12882,0.83871
12883,0.774194
12884,0.709677
12885,0.870968
12886,0.645161
12887,0.83871
12888,0.709677
12889,0.83871
12890,0.709677
12891,0.870968
12892,0.967742
12893,0.935484
12894,0.903226
12895,0.935484
12896,0.935484
12897,0.903226
12898,0.83871
12899,0.83871
12900,1
12901,1
12902,1
12903,0.903226
12904,0.612903
12905,0.83871
12906,0.83871
12907,0.741935
12908,0.83871
12909,0.806452
12910,0.83871
12911,0.774194
12912,0.806452
12913,0.806452
12914,0.774194
12915,0.83871
12916,0.580645
12917,0.645161
12918,0.741935
12919,0.645161
12920,0.677419
12921,0.774194
12922,0.774194
12923,0.741935
12924,0.83871
12925,0.774194
12926,0.870968
12927,0.870968
12928,0.870968
12929,0.806452
12930,0.83871
12931,0.870968
12932,0.806452
12933,0.83871
12934,0.83871
12935,0.83871
12936,0.83871
12937,0.83871
12938,0.83871
12939,0.806452
12940,0.903226
12941,0.870968
12942,0.903226
12943,0.870968
12944,0.870968
12945,0.83871
12946,0.903226
12947,0.870968
12948,0.903226
12949,1
12950,0.870968
12951,0.903226
12952,1
12953,0.903226
12954,1
12955,0.903226
12956,1
12957,0.903226
12958,1
12959,0.806452
12960,0.967742
12961,0.83871
12962,0.870968
12963,0.774194
12964,0.83871
12965,0.741935
12966,0.774194
12967,0.741935
12968,0.83871
12969,0.741935
12970,0.774194
12971,0.741935
12972,0.774194
12973,0.870968
12974,0.870968
12975,0.870968
12976,0.870968
12977,0.935484
12978,0.967742
12979,0.935484
12980,0.935484
12981,0.870968
12982,0.903226
12983,0.903226
12984,0.903226
12985,0.870968
12986,0.903226
12987,0.903226
12988,0.903226
12989,0.903226
12990,0.903226
12991,0.903226
12992,0.870968
12993,0.903226
12994,1
12995,0.967742
12996,0.83871
12997,1
12998,0.870968
12999,0.903226
13000,0.83871
13001,0.806452
13002,0.741935
13003,0.709677
13004,0.774194
13005,0.709677
13006,0.774194
13007,0.83871
13008,0.774194
13009,0.709677
13010,0.870968
13011,0.741935
13012,0.774194
13013,0.870968
13014,0.774194
13015,0.580645
13016,0.451613
13017,0.677419
13018,0.83871
13019,0.709677
13020,0.741935
13021,0.709677
13022,0.774194
13023,0.903226
13024,0.709677
13025,1
13026,0.741935
13027,0.83871
13028,0.741935
13029,0.870968
13030,0.83871
13031,0.774194
13032,0.935484
13033,0.774194
13034,0.935484
13035,0.741935
13036,0.83871
13037,0.741935
13038,0.806452
13039,0.903226
13040,0.870968
13041,0.870968
13042,0.870968
13043,0.870968
13044,0.83871
13045,0.774194
13046,0.870968
13047,0.83871
13048,0.83871
13049,0.83871
13050,0.83871
13051,0.83871
13052,0.806452
13053,0.806452
13054,0.806452
13055,0.774194
13056,0.806452
13057,0.709677
13058,0.806452
13059,0.709677
13060,0.806452
13061,0.709677
13062,0.806452
13063,0.709677
13064,0.806452
13065,0.709677
13066,0.806452
13067,0.709677
13068,0.774194
13069,0.709677
13070,0.774194
13071,0.709677
13072,0.774194
13073,0.709677
13074,0.709677
13075,0.741935
13076,0.806452
13077,0.709677
13078,0.83871
13079,0.806452
13080,0.806452
13081,0.806452
13082,0.83871
13083,0.774194
13084,0.806452
13085,0.774194
13086,0.806452
13087,0.806452
13088,0.806452
13089,0.83871
13090,0.774194
13091,0.612903
13092,0.612903
13093,0.677419
13094,0.677419
13095,0.806452
13096,0.645161
13097,0.709677
13098,0.677419
13099,0.709677
13100,0.677419
13101,0.741935
13102,0.774194
13103,0.741935
13104,0.741935
13105,0.83871
13106,0.709677
13107,0.741935
13108,0.709677
13109,0.741935
13110,0.709677
13111,0.806452
13112,0.677419
13113,0.741935
13114,0.677419
13115,0.645161
13116,0.645161
13117,0.677419
13118,0.645161
13119,0.645161
13120,0.645161
13121,0.612903
13122,0.612903
13123,0.612903
13124,0.580645
13125,0.677419
13126,0.677419
13127,0.645161
13128,0.709677
13129,0.580645
13130,0.548387
13131,0.580645
13132,0.548387
13133,0.516129
13134,0.580645
13135,0.548387
13136,0.645161
13137,0.548387
13138,0.612903
13139,0.580645
13140,0.548387
13141,0.580645
13142,0.580645
13143,0.548387
13144,0.548387
13145,0.548387
13146,0.483871
13147,0.774194
13148,0.83871
13149,0.935484
13150,0.83871
13151,0.870968
13152,0.83871
13153,0.677419
13154,0.548387
13155,0.580645
13156,0.580645
13157,0.580645
13158,0.580645
13159,0.580645
13160,0.580645
13161,0.580645
13162,0.580645
13163,0.580645
13164,0.580645
13165,0.580645
13166,0.580645
13167,0.580645
13168,0.387097
13169,0.806452
13170,0.967742
13171,0.677419
13172,0.709677
13173,0.709677
13174,0.806452
13175,0.741935
13176,0.806452
13177,0.967742
13178,0.774194
13179,0.774194
13180,0.870968
13181,0.83871
13182,0.83871
13183,0.83871
13184,0.870968
13185,0.870968
13186,0.870968
13187,0.870968
13188,0.903226
13189,0.870968
13190,0.935484
13191,0.935484
13192,0.935484
13193,0.935484
13194,0.935484
13195,0.935484
13196,0.935484
13197,0.870968
13198,0.903226
13199,0.83871
13200,0.83871
13201,0.870968
13202,0.903226
13203,0.741935
13204,0.967742
13205,0.83871
13206,0.935484
13207,0.870968
13208,0.935484
13209,0.935484
13210,0.935484
13211,0.967742
13212,0.903226
13213,1
13214,1
13215,0.903226
13216,0.870968
13217,0.870968
13218,0.870968
13219,0.903226
13220,0.903226
13221,0.774194
13222,0.935484
13223,0.83871
13224,0.806452
13225,0.774194
13226,0.774194
13227,0.741935
13228,0.774194
13229,0.709677
13230,0.709677
13231,0.806452
13232,0.774194
13233,0.806452
13234,0.774194
13235,1
13236,0.83871
13237,0.741935
13238,0.806452
13239,0.935484
13240,0.870968
13241,0.870968
13242,0.83871
13243,0.83871
13244,0.83871
13245,1
13246,0.903226
13247,0.870968
13248,0.903226
13249,0.83871
13250,0.935484
13251,1
13252,0.516129
13253,0.870968
13254,0.516129
13255,0.83871
13256,0.612903
13257,0.677419
13258,0.419355
13259,0.870968
13260,0.387097
13261,0.935484
13262,0.580645
13263,0.870968
13264,0.548387
13265,0.741935
13266,0.741935
13267,0.83871
13268,0.774194
13269,0.935484
13270,0.903226
13271,0.903226
13272,0.935484
13273,0.806452
13274,0.83871
13275,0.83871
13276,0.83871
13277,0.774194
13278,0.83871
13279,0.774194
13280,0.83871
13281,0.741935
13282,0.806452
13283,0.741935
13284,0.806452
13285,0.903226
13286,0.903226
13287,0.806452
13288,0.903226
13289,0.83871
13290,0.903226
13291,0.903226
13292,0.903226
13293,0.870968
13294,0.83871
13295,0.83871
13296,0.83871
13297,0.967742
13298,0.83871
13299,0.935484
13300,0.741935
13301,0.870968
13302,0.741935
13303,0.870968
13304,0.580645
13305,0.741935
13306,0.677419
13307,0.645161
13308,0.548387
13309,0.451613
13310,0.709677
13311,0.580645
13312,0.548387
13313,0.645161
13314,0.677419
13315,0.483871
13316,0.612903
13317,0.612903
13318,0.741935
13319,0.709677
13320,0.774194
13321,0.645161
13322,0.774194
13323,0.774194
13324,0.516129
13325,0.741935
13326,0.709677
13327,0.645161
13328,0.612903
13329,0.677419
13330,0.612903
13331,0.709677
13332,0.709677
13333,0.645161
13334,0.903226
13335,0.709677
13336,0.806452
13337,0.774194
13338,0.903226
13339,0.806452
13340,0.967742
13341,0.870968
13342,0.870968
13343,0.870968
13344,0.903226
13345,0.935484
13346,0.967742
13347,0.935484
13348,0.967742
13349,0.870968
13350,0.774194
13351,0.870968
13352,0.806452
13353,0.935484
13354,0.903226
13355,0.870968
13356,0.806452
13357,0.903226
13358,0.935484
13359,0.903226
13360,0.935484
13361,1
13362,0.870968
13363,1
13364,0.741935
13365,1
13366,0.935484
13367,0.935484
13368,1
13369,0.870968
13370,0.870968
13371,0.83871
13372,0.870968
13373,0.806452
13374,0.870968
13375,0.870968
13376,0.870968
13377,0.83871
13378,0.903226
13379,0.83871
13380,0.903226
13381,0.83871
13382,0.903226
13383,0.83871
13384,0.903226
13385,0.83871
13386,0.83871
13387,0.806452
13388,0.903226
13389,0.806452
13390,0.903226
13391,0.806452
13392,0.903226
13393,0.806452
13394,0.83871
13395,0.806452
13396,0.83871
13397,0.83871
13398,0.870968
13399,0.774194
13400,0.83871
13401,0.870968
13402,0.806452
13403,0.83871
13404,0.741935
13405,0.645161
13406,0.967742
13407,0.935484
13408,1
13409,0.774194
13410,0.935484
13411,0.935484
13412,0.870968
13413,0.83871
13414,0.870968
13415,1
13416,1
13417,1
13418,0.935484
13419,0.935484
13420,0.935484
13421,0.935484
13422,0.935484
13423,0.935484
13424,0.935484
13425,0.935484
13426,0.935484
13427,0.935484
13428,0.935484
13429,0.967742
13430,0.935484
13431,0.967742
13432,0.935484
13433,0.967742
13434,0.935484
13435,0.967742
13436,0.903226
13437,1
13438,0.903226
13439,0.967742
13440,0.903226
13441,0.967742
13442,0.903226
13443,0.967742
13444,0.935484
13445,0.806452
13446,0.516129
13447,0.193548
13448,0.193548
13449,0.193548
13450,0.741935
13451,0.548387
13452,0.741935
13453,0.870968
13454,0.516129
13455,0.741935
13456,0.870968
13457,0.870968
13458,0.516129
13459,0.290323
13460,0.322581
13461,0.322581
13462,0.322581
13463,0.322581
13464,0.290323
13465,0.83871
13466,0.935484
13467,0.967742
13468,0.967742
13469,0.903226
13470,0.903226
13471,0.903226
13472,0.903226
13473,0.870968
13474,0.870968
13475,0.548387
13476,0.258065
13477,0.322581
13478,0.290323
13479,0.774194
13480,0.774194
13481,0.322581
13482,0.322581
13483,0.677419
13484,0.806452
13485,0.709677
13486,0.806452
13487,0.645161
13488,0.870968
13489,0.774194
13490,0.935484
13491,0.806452
13492,0.935484
13493,0.903226
13494,0.935484
13495,0.903226
13496,0.935484
13497,0.903226
13498,0.935484
13499,0.903226
13500,0.935484
13501,1
13502,0.903226
13503,0.322581
13504,0.483871
13505,0.387097
13506,0.483871
13507,0.419355
13508,0.516129
13509,0.354839
13510,0.483871
13511,0.387097
13512,0.483871
13513,0.387097
13514,0.483871
13515,0.387097
13516,0.483871
13517,0.387097
13518,0.548387
13519,0.870968
13520,0.483871
13521,0.548387
13522,0.354839
13523,0.354839
13524,0.354839
13525,0.354839
13526,0.387097
13527,0.516129
13528,0.451613
13529,0.483871
13530,0.516129
13531,0.451613
13532,0.387097
13533,0.580645
13534,0.483871
13535,0.516129
13536,0.387097
13537,0.83871
13538,1
13539,0.967742
13540,0.935484
13541,0.967742
13542,0.83871
13543,0.290323
13544,0.322581
13545,0.322581
13546,0.258065
13547,0.806452
13548,1
13549,0.967742
13550,1
13551,0.709677
13552,0.258065
13553,0.709677
13554,1
13555,1
13556,1
13557,0.903226
13558,0.774194
13559,1
13560,0.903226
13561,0.322581
13562,0.354839
13563,0.354839
13564,0.354839
13565,0.354839
13566,0.354839
13567,0.354839
13568,0.741935
13569,1
13570,1
13571,1
13572,1
13573,0.903226
13574,0.322581
13575,0.354839
13576,0.354839
13577,0.354839
13578,0.322581
13579,0.774194
13580,1
13581,0.322581
13582,0.354839
13583,0.741935
13584,1
13585,0.677419
13586,1
13587,0.83871
13588,0.967742
13589,0.741935
13590,0.83871
13591,0.903226
13592,0.806452
13593,0.806452
13594,0.709677
13595,1
13596,1
13597,0.935484
13598,0.258065
13599,0.580645
13600,1
13601,0.83871
13602,0.806452
13603,0.806452
13604,0.677419
13605,0.774194
13606,0.870968
13607,0.870968
13608,0.903226
13609,0.967742
13610,0.903226
13611,0.806452
13612,0.612903
13613,1
13614,0.322581
13615,0.322581
13616,0.322581
13617,0.258065
13618,0.580645
13619,1
13620,0.870968
13621,0.870968
13622,0.870968
13623,0.870968
13624,0.870968
13625,0.870968
13626,0.677419
13627,0.774194
13628,0.774194
13629,0.870968
13630,0.193548
13631,0.580645
13632,1
13633,0.709677
13634,0.741935
13635,0.741935
13636,0.774194
13637,0.741935
13638,0.774194
13639,0.741935
13640,0.774194
13641,0.774194
13642,0.741935
13643,0.548387
13644,0.935484
13645,0.677419
13646,0.741935
13647,0.677419
13648,0.709677
13649,0.774194
13650,0.709677
13651,0.774194
13652,0.774194
13653,0.774194
13654,0.741935
13655,0.774194
13656,0.741935
13657,0.741935
13658,0.709677
13659,0.774194
13660,0.741935
13661,0.774194
13662,0.741935
13663,0.709677
13664,0.645161
13665,0.806452
13666,0.645161
13667,0.83871
13668,0.645161
13669,0.774194
13670,0.83871
13671,0.258065
13672,0.903226
13673,1
13674,0.903226
13675,0.419355
13676,0.677419
13677,0.774194
13678,0.258065
13679,0.548387
13680,0.387097
13681,0.612903
13682,0.451613
13683,0.580645
13684,0.870968
13685,0.903226
13686,0.935484
13687,0.935484
13688,0.83871
13689,0.935484
13690,0.935484
13691,0.967742
13692,0.903226
13693,1
13694,0.967742
13695,1
13696,0.645161
13697,0.83871
13698,0.967742
13699,0.774194
13700,0.903226
13701,0.806452
13702,0.870968
13703,0.806452
13704,0.935484
13705,0.741935
13706,0.645161
13707,0.806452
13708,0.774194
13709,0.83871
13710,0.806452
13711,0.774194
13712,0.870968
13713,0.774194
13714,0.83871
13715,0.83871
13716,0.290323
13717,0.322581
13718,0.290323
13719,0.322581
13720,0.290323
13721,0.258065
13722,0.709677
13723,0.903226
13724,0.774194
13725,0.935484
13726,0.806452
13727,0.806452
13728,0.774194
13729,0.83871
13730,0.741935
13731,0.83871
13732,0.774194
13733,0.806452
13734,0.774194
13735,0.83871
13736,0.806452
13737,0.903226
13738,0.806452
13739,0.806452
13740,0.709677
13741,1
13742,0.806452
13743,0.806452
13744,0.709677
13745,1
13746,0.580645
13747,0.677419
13748,0.677419
13749,0.677419
13750,0.677419
13751,0.677419
13752,0.677419
13753,0.677419
13754,0.677419
13755,0.677419
13756,0.645161
13757,0.677419
13758,0.677419
13759,0.709677
13760,0.741935
13761,0.741935
13762,0.741935
13763,0.741935
13764,0.677419
13765,0.677419
13766,0.677419
13767,0.677419
13768,0.709677
13769,0.612903
13770,0.741935
13771,0.935484
13772,0.612903
13773,0.709677
13774,0.645161
13775,0.677419
13776,0.677419
13777,0.612903
13778,0.645161
13779,0.645161
13780,0.645161
13781,0.806452
13782,0.677419
13783,0.741935
13784,1
13785,0.709677
13786,0.258065
13787,0.387097
13788,0.322581
13789,0.387097
13790,0.322581
13791,0.387097
13792,0.322581
13793,0.387097
13794,0.322581
13795,0.451613
13796,1
13797,0.741935
13798,0.935484
13799,0.870968
13800,0.935484
13801,1
13802,0.870968
13803,0.258065
13804,0.419355
13805,0.387097
13806,1
13807,1
13808,1
13809,1
13810,1
13811,1
13812,1
13813,1
13814,1
13815,1
13816,1
13817,1
13818,1
13819,1
13820,1
13821,1
13822,1
13823,1
13824,1
13825,1
13826,1
13827,1
13828,1
13829,1
13830,1
13831,1
13832,1
13833,1
13834,1
13835,1
13836,1
13837,1
13838,1
13839,1
13840,1
13841,1
13842,1
13843,1
13844,1
13845,1
13846,1
13847,1
13848,1
13849,1
13850,1
13851,1
13852,1
13853,1
13854,1
13855,1
13856,1
13857,1
13858,1
13859,1
13860,1
13861,1
13862,1
13863,1
13864,1
13865,1
13866,1
13867,1
13868,1
13869,1
13870,1
13871,1
13872,1
13873,1
13874,1
13875,1
13876,1
13877,1
13878,1
13879,1
13880,1
13881,1
13882,1
13883,1
13884,1
13885,1
13886,1
13887,1
13888,1
13889,1
13890,1
13891,1
13892,1
13893,1
13894,1
13895,1
13896,1
13897,1
13898,1
13899,1
13900,1
13901,1
13902,1
13903,1
13904,1
13905,1
13906,1
13907,1
13908,1
13909,1
13910,1
13911,1
13912,1
13913,1
13914,1
13915,1
13916,1
13917,1
13918,1
13919,1
13920,1
13921,1
13922,1
13923,1
13924,1
13925,1
13926,1
13927,1
13928,1
13929,1
13930,1
13931,1
13932,1
13933,1
13934,1
13935,0.903226
13936,0.870968
13937,1
13938,0.903226
13939,0.870968
13940,0.903226
13941,0.935484
13942,0.903226
13943,0.935484
13944,0.903226
13945,0.935484
13946,0.903226
13947,0.935484
13948,0.903226
13949,0.935484
13950,0.903226
13951,0.935484
13952,0.903226
13953,0.935484
13954,0.903226
13955,0.967742
13956,0.806452
13957,0.903226
13958,0.967742
13959,0.935484
13960,0.935484
13961,1
13962,0.870968
13963,1
13964,0.903226
13965,1
13966,0.806452
13967,1
13968,0.806452
13969,1
13970,0.806452
13971,1
13972,0.612903
13973,1
13974,0.806452
13975,1
13976,0.806452
13977,1
13978,0.806452
13979,1
13980,0.645161
13981,1
13982,0.774194
13983,1
13984,0.741935
13985,1
13986,0.741935
13987,1
13988,0.645161
13989,1
13990,0.741935
13991,1
13992,0.83871
13993,1
13994,0.741935
13995,1
13996,0.806452
13997,1
13998,0.774194
13999,1
14000,0.774194
14001,1
14002,0.806452
14003,1
14004,0.774194
14005,1
14006,0.612903
14007,1
14008,0.612903
14009,1
14010,0.612903
14011,1
14012,0.612903
14013,0.903226
14014,0.870968
14015,1
14016,0.935484
14017,0.967742
14018,0.935484
14019,0.967742
14020,0.935484
14021,0.967742
14022,0.935484
14023,0.967742
14024,0.935484
14025,0.709677
14026,0.645161
14027,0.870968
14028,0.709677
14029,0.870968
14030,0.709677
14031,0.870968
14032,0.580645
14033,1
14034,0.903226
14035,0.741935
14036,0.806452
14037,0.870968
14038,0.580645
14039,1
14040,0.870968
14041,1
14042,0.903226
14043,0.967742
14044,0.870968
14045,1
14046,1
14047,0.677419
14048,0.967742
14049,0.870968
14050,0.870968
14051,0.870968
14052,0.806452
14053,0.935484
14054,0.677419
14055,0.967742
14056,0.548387
14057,0.83871
14058,0.967742
14059,0.903226
14060,0.935484
14061,1
14062,1
14063,1
14064,1
14065,1
14066,0.967742
14067,0.967742
14068,0.967742
14069,0.967742
14070,0.935484
14071,1
14072,0.967742
14073,0.967742
14074,0.967742
14075,0.967742
14076,0.967742
14077,0.967742
14078,0.967742
14079,0.967742
14080,0.967742
14081,0.935484
14082,1
14083,1
14084,0.967742
14085,0.903226
14086,0.967742
14087,0.870968
14088,0.967742
14089,0.774194
14090,0.451613
14091,1
14092,0.967742
14093,0.83871
14094,0.83871
14095,0.806452
14096,0.612903
14097,0.806452
14098,0.774194
14099,0.774194
14100,0.774194
14101,0.774194
14102,0.451613
14103,0.612903
14104,1
14105,0.806452
14106,0.806452
14107,0.806452
14108,0.967742
14109,0.870968
14110,0.870968
14111,1
14112,0.83871
14113,0.967742
14114,0.483871
14115,1
14116,0.774194
14117,0.83871
14118,0.774194
14119,0.645161
14120,0.967742
14121,0.741935
14122,0.516129
14123,1
14124,0.806452
14125,0.870968
14126,0.709677
14127,0.322581
14128,0.774194
14129,0.806452
14130,0.483871
14131,1
14132,0.709677
14133,0.451613
14134,1
14135,0.806452
14136,0.806452
14137,0.806452
14138,0.774194
14139,0.806452
14140,0.774194
14141,0.774194
14142,0.806452
14143,0.806452
14144,0.677419
14145,0.935484
14146,0.870968
14147,0.870968
14148,0.806452
14149,0.387097
14150,0.903226
14151,1
14152,0.870968
14153,0.967742
14154,0.903226
14155,0.967742
14156,0.870968
14157,0.870968
14158,0.612903
14159,1
14160,0.806452
14161,0.83871
14162,0.83871
14163,0.83871
14164,0.83871
14165,0.903226
14166,0.774194
14167,0.774194
14168,0.774194
14169,0.774194
14170,0.870968
14171,0.419355
14172,0.645161
14173,0.483871
14174,0.419355
14175,0.774194
14176,0.258065
14177,0.516129
14178,0.83871
14179,0.258065
14180,0.0645161
14181,0.354839
14182,0.548387
14183,0.354839
14184,0.548387
14185,0.483871
14186,0.903226
14187,0.483871
14188,0.967742
14189,0.774194
14190,0.83871
14191,0.806452
14192,0.322581
14193,0.387097
14194,0.677419
14195,0.129032
14196,0.129032
14197,0.0967742
14198,0.516129
14199,0.967742
14200,0.0967742
14201,0.580645
14202,1
14203,0.903226
14204,0.967742
14205,0.935484
14206,0.935484
14207,0.0645161
14208,0.612903
14209,1
14210,0.16129
14211,0.0967742
14212,0.612903
14213,1
14214,0.903226
14215,0.0967742
14216,0.612903
14217,1
14218,0.16129
14219,0.16129
14220,0.0967742
14221,0.612903
14222,1
14223,0.903226
14224,0.16129
14225,0.16129
14226,0.0967742
14227,0.612903
14228,1
14229,0.612903
14230,1
14231,0.16129
14232,0.16129
14233,0.16129
14234,0.0967742
14235,0.129032
14236,0.0967742
14237,0.0967742
14238,0.0967742
14239,0.516129
14240,0.967742
14241,0.83871
14242,0.83871
14243,0.83871
14244,0.677419
14245,0.129032
14246,0.129032
14247,0.129032
14248,0.129032
14249,0.129032
14250,0.129032
14251,0.16129
14252,0.16129
14253,0.0967742
14254,0.580645
14255,1
14256,0.83871
14257,0.903226
14258,0.870968
14259,0.967742
14260,0.83871
14261,0.903226
14262,0.967742
14263,0.83871
14264,0.903226
14265,0.903226
14266,0.935484
14267,0.451613
14268,0.903226
14269,0.16129
14270,0.16129
14271,0.16129
14272,0.0967742
14273,0.612903
14274,1
14275,0.903226
14276,0.0967742
14277,0.580645
14278,0.516129
14279,0.16129
14280,0.0967742
14281,0.580645
14282,0.967742
14283,0.870968
14284,0.870968
14285,0.935484
14286,0.580645
14287,0.645161
14288,0.774194
14289,0.16129
14290,0.0967742
14291,0.741935
14292,1
14293,1
14294,0.935484
14295,0.935484
14296,0.935484
14297,0.903226
14298,0.967742
14299,0.967742
14300,0.935484
14301,1
14302,0.903226
14303,0.580645
14304,0.677419
14305,1
14306,0.903226
14307,0.967742
14308,0.903226
14309,0.548387
14310,0.677419
14311,1
14312,0.903226
14313,0.967742
14314,0.935484
14315,0.83871
14316,0.903226
14317,0.903226
14318,0.903226
14319,0.903226
14320,0.903226
14321,0.903226
14322,0.548387
14323,0.16129
14324,0.0967742
14325,0.645161
14326,0.935484
14327,0.903226
14328,0.870968
14329,0.870968
14330,0.870968
14331,0.870968
14332,0.870968
14333,0.806452
14334,0.967742
14335,0.903226
14336,0.967742
14337,0.774194
14338,0.967742
14339,0.870968
14340,0.935484
14341,0.903226
14342,0.967742
14343,0.903226
14344,0.548387
14345,0.645161
14346,0.967742
14347,0.870968
14348,0.935484
14349,0.548387
14350,0.580645
14351,0.903226
14352,0.774194
14353,0.903226
14354,0.806452
14355,0.806452
14356,0.870968
14357,0.870968
14358,0.903226
14359,0.935484
14360,0.903226
14361,0.903226
14362,0.935484
14363,0.935484
14364,0.935484
14365,0.935484
14366,0.935484
14367,0.935484
14368,0.935484
14369,0.935484
14370,0.935484
14371,0.935484
14372,0.935484
14373,0.83871
14374,0.548387
14375,0.967742
14376,0.774194
14377,0.870968
14378,0.774194
14379,0.870968
14380,0.741935
14381,0.935484
14382,0.645161
14383,0.806452
14384,0.516129
14385,0.193548
14386,0.516129
14387,0.935484
14388,0.612903
14389,0.709677
14390,0.806452
14391,0.516129
14392,0.83871
14393,0.580645
14394,0.483871
14395,0.612903
14396,0.806452
14397,0.580645
14398,0.677419
14399,0.645161
14400,0.677419
14401,0.645161
14402,0.548387
14403,0.483871
14404,0.709677
14405,0.580645
14406,0.83871
14407,1
14408,0.967742
14409,0.612903
14410,0.193548
14411,0.193548
14412,0.193548
14413,0.741935
14414,0.774194
14415,0.225806
14416,0.258065
14417,0.193548
14418,0.193548
14419,0.193548
14420,0.193548
14421,0.193548
14422,0.193548
14423,0.193548
14424,0.193548
14425,0.193548
14426,0.193548
14427,0.193548
14428,0.193548
14429,0.193548
14430,0.193548
14431,0.193548
14432,0.193548
14433,0.193548
14434,0.193548
14435,0.193548
14436,0.193548
14437,0.193548
14438,0.193548
14439,0.193548
14440,0.193548
14441,0.193548
14442,0.129032
14443,0.677419
14444,0.677419
14445,0.193548
14446,0.193548
14447,0.193548
14448,0.193548
14449,0.193548
14450,0.16129
14451,0.193548
14452,0.129032
14453,0.193548
14454,0.16129
14455,0.16129
14456,0.16129
14457,0.16129
14458,0.16129
14459,0.16129
14460,0.225806
14461,0.354839
14462,0.419355
14463,0.193548
14464,0.193548
14465,0.193548
14466,0.193548
14467,0.193548
14468,0.16129
14469,0.16129
14470,0.193548
14471,0.16129
14472,0.16129
14473,0.193548
14474,0.193548
14475,0.193548
14476,0.193548
14477,0.225806
14478,0.258065
14479,0.193548
14480,0.193548
14481,0.193548
14482,0.193548
14483,0.193548
14484,0.193548
14485,0.193548
14486,0.193548
14487,0.193548
14488,0.193548
14489,0.193548
14490,0.193548
14491,0.193548
14492,0.193548
14493,0.193548
14494,0.225806
14495,0.258065
14496,0.193548
14497,0.193548
14498,0.193548
14499,0.193548
14500,0.193548
14501,0.193548
14502,0.16129
14503,0.193548
14504,0.193548
14505,0.193548
14506,0.193548
14507,0.193548
14508,0.193548
14509,0.193548
14510,0.193548
14511,0.193548
14512,0.387097
14513,1
14514,0.935484
14515,0.193548
14516,0.193548
14517,0.193548
14518,0.16129
14519,0.16129
14520,0.193548
14521,0.225806
14522,0.225806
14523,0.193548
14524,0.193548
14525,0.258065
14526,0.903226
14527,1
14528,0.967742
14529,0.967742
14530,0.967742
14531,0.967742
14532,0.967742
14533,0.967742
14534,1
14535,0.967742
14536,0.967742
14537,0.967742
14538,1
14539,0.903226
14540,0.903226
14541,0.903226
14542,0.903226
14543,0.935484
14544,0.967742
14545,0.967742
14546,1
14547,0.806452
14548,0.774194
14549,1
14550,1
14551,0.967742
14552,0.967742
14553,1
14554,0.967742
14555,1
14556,0.967742
14557,1
14558,1
14559,0.967742
14560,0.967742
14561,0.967742
14562,0.935484
14563,0.935484
14564,0.935484
14565,0.935484
14566,0.935484
14567,0.935484
14568,0.935484
14569,0.935484
14570,0.935484
14571,0.935484
14572,0.935484
14573,0.935484
14574,0.935484
14575,0.967742
14576,1
14577,0.870968
14578,0.225806
14579,0.322581
14580,0.290323
14581,0.193548
14582,0.225806
14583,0.290323
14584,0.225806
14585,0.290323
14586,0.935484
14587,1
14588,1
14589,1
14590,1
14591,1
14592,1
14593,1
14594,1
14595,0.935484
14596,0.967742
14597,0.967742
14598,0.967742
14599,0.967742
14600,0.967742
14601,0.967742
14602,0.967742
14603,0.967742
14604,0.967742
14605,0.967742
14606,0.967742
14607,0.967742
14608,0.967742
14609,0.967742
14610,0.967742
14611,0.967742
14612,0.967742
14613,0.967742
14614,0.967742
14615,0.967742
14616,0.967742
14617,0.967742
14618,0.967742
14619,0.967742
14620,0.967742
14621,0.967742
14622,0.967742
14623,0.967742
14624,0.967742
14625,0.967742
14626,0.967742
14627,0.967742
14628,0.967742
14629,0.967742
14630,0.967742
14631,0.967742
14632,0.967742
14633,0.967742
14634,0.967742
14635,0.967742
14636,0.967742
14637,0.967742
14638,0.967742
14639,0.967742
14640,0.967742
14641,0.967742
14642,0.967742
14643,0.967742
14644,0.967742
14645,0.967742
14646,0.806452
14647,1
14648,0.935484
14649,0.903226
14650,0.935484
14651,0.903226
14652,1
14653,0.774194
14654,0.806452
14655,1
14656,1
14657,1
14658,1
14659,1
14660,1
14661,1
14662,1
14663,1
14664,0.903226
14665,0.903226
14666,1
14667,1
14668,1
14669,1
14670,1
14671,1
14672,1
14673,1
14674,1
14675,1
14676,1
14677,1
14678,1
14679,1
14680,1
14681,1
14682,1
14683,1
14684,1
14685,0.903226
14686,1
14687,1
14688,1
14689,1
14690,1
14691,1
14692,1
14693,0.903226
14694,1
14695,1
14696,1
14697,1
14698,1
14699,1
14700,1
14701,1
14702,1
14703,1
14704,0.0967742
14705,0.903226
14706,1
14707,1
14708,1
14709,1
14710,1
14711,1
14712,1
14713,0.903226
14714,1
14715,1
14716,1
14717,1
14718,1
14719,1
14720,1
14721,1
14722,1
14723,1
14724,1
14725,1
14726,1
14727,1
14728,1
14729,1
14730,1
14731,1
14732,1
14733,1
14734,1
14735,1
14736,1
14737,1
14738,1
14739,1
14740,1
14741,1
14742,1
14743,1
14744,1
14745,1
14746,1
14747,1
14748,1
14749,1
14750,1
14751,1
14752,1
14753,1
14754,1
14755,1
14756,1
14757,1
14758,1
14759,1
14760,1
14761,1
14762,0.483871
14763,1
14764,1
14765,1
14766,1
14767,1
14768,1
14769,1
14770,1
14771,1
14772,1
14773,1
14774,1
14775,1
14776,1
14777,1
14778,1
14779,1
14780,1
14781,1
14782,1
14783,1
14784,1
14785,1
14786,1
14787,1
14788,1
14789,1
14790,1
14791,1
14792,1
14793,1
14794,0.935484
14795,0.903226
14796,0.935484
14797,0.935484
14798,0.903226
14799,0.903226
14800,0.903226
14801,0.83871
14802,0.83871
14803,0.83871
14804,0.83871
14805,0.83871
14806,0.83871
14807,0.83871
14808,0.83871
14809,0.83871
14810,0.903226
14811,0.806452
14812,0.387097
14813,0.612903
14814,1
14815,0.870968
14816,0.935484
14817,0.903226
14818,0.870968
14819,0.774194
14820,1
14821,0.83871
14822,0.935484
14823,0.774194
14824,0.935484
14825,0.774194
14826,0.935484
14827,0.774194
14828,0.451613
14829,0.193548
14830,0.193548
14831,0.193548
14832,0.193548
14833,0.193548
14834,0.193548
14835,0.193548
14836,0.193548
14837,0.193548
14838,0.193548
14839,0.193548
14840,0.0645161
14841,0.483871
14842,0.516129
14843,0.193548
14844,0.193548
14845,0.193548
14846,0.193548
14847,0.193548
14848,0.193548
14849,0.193548
14850,0.193548
14851,0.193548
14852,0.193548
14853,0.193548
14854,0.193548
14855,0.193548
14856,0.193548
14857,0.193548
14858,0.193548
14859,0.193548
14860,0.0967742
14861,0.516129
14862,1
14863,0.322581
14864,0.193548
14865,0.193548
14866,0.129032
14867,0.516129
14868,1
14869,0.290323
14870,0.193548
14871,0.193548
14872,0.193548
14873,0.193548
14874,0.193548
14875,0.193548
14876,0.193548
14877,0.0645161
14878,0.870968
14879,0.612903
14880,1
14881,0.290323
14882,0.193548
14883,0.193548
14884,0.193548
14885,0.193548
14886,0.129032
14887,0.483871
14888,0.935484
14889,0.580645
14890,0.935484
14891,0.548387
14892,0.516129
14893,0.193548
14894,0.193548
14895,0.193548
14896,0.193548
14897,0.193548
14898,0.0645161
14899,0.290323
14900,0.967742
14901,0.548387
14902,0.806452
14903,0.580645
14904,0.83871
14905,0.516129
14906,0.193548
14907,0.225806
14908,0.225806
14909,0.225806
14910,0.290323
14911,0.419355
14912,0.193548
14913,0.225806
14914,0.193548
14915,0.193548
14916,0.193548
14917,0.193548
14918,0.193548
14919,0.129032
14920,0.870968
14921,0.935484
14922,0.903226
14923,0.935484
14924,0.548387
14925,0.645161
14926,0.967742
14927,0.483871
14928,0.709677
14929,0.16129
14930,0.0967742
14931,0.0322581
14932,0.548387
14933,1
14934,0.774194
14935,0.83871
14936,0.935484
14937,1
14938,0.967742
14939,0.354839
14940,0.903226
14941,1
14942,0.516129
14943,1
14944,0.548387
14945,0.548387
14946,1
14947,0.709677
14948,0.483871
14949,0.870968
14950,0.645161
14951,1
14952,0.709677
14953,1
14954,0.677419
14955,0.129032
14956,0.129032
14957,0.129032
14958,0.129032
14959,0.129032
14960,0.129032
14961,0.129032
14962,0.225806
14963,0.225806
14964,0.129032
14965,0.225806
14966,0.290323
14967,0.225806
14968,0.129032
14969,0.129032
14970,0.129032
14971,0.129032
14972,0.129032
14973,0.129032
14974,0.580645
14975,1
14976,0.806452
14977,0.903226
14978,0.806452
14979,0.903226
14980,0.903226
14981,0.870968
14982,0.903226
14983,0.903226
14984,0.903226
14985,0.903226
14986,0.903226
14987,0.903226
14988,0.903226
14989,0.903226
14990,0.870968
14991,0.870968
14992,0.903226
14993,0.870968
14994,0.870968
14995,0.870968
14996,0.806452
14997,0.870968
14998,0.806452
14999,0.870968
15000,0.806452
15001,0.870968
15002,0.806452
15003,0.870968
15004,0.806452
15005,0.935484
15006,0.870968
15007,0.903226
15008,0.774194
15009,0.83871
15010,0.870968
15011,0.774194
15012,0.741935
15013,0.774194
15014,0.83871
15015,0.806452
15016,0.806452
15017,0.806452
15018,0.774194
15019,0.741935
15020,0.870968
15021,0.903226
15022,0.83871
15023,0.709677
15024,1
15025,0.774194
15026,0.774194
15027,0.967742
15028,0.83871
15029,0.935484
15030,0.870968
15031,0.870968
15032,0.903226
15033,0.903226
15034,0.83871
15035,0.741935
15036,0.870968
15037,0.870968
15038,0.83871
15039,0.903226
15040,0.870968
15041,0.935484
15042,0.870968
15043,0.967742
15044,0.935484
15045,0.741935
15046,0.806452
15047,0.677419
15048,0.903226
15049,0.774194
15050,0.741935
15051,0.935484
15052,0.935484
15053,0.870968
15054,1
15055,0.967742
15056,0.935484
15057,0.967742
15058,1
15059,0.709677
15060,0.741935
15061,1
15062,0.83871
15063,0.903226
15064,0.774194
15065,0.870968
15066,0.870968
15067,0.677419
15068,0.516129
15069,0.612903
15070,0.548387
15071,0.612903
15072,0.354839
15073,0.774194
15074,0.806452
15075,0.709677
15076,0.967742
15077,0.612903
15078,0.419355
15079,0.451613
15080,0.709677
15081,0.967742
15082,0.83871
15083,1
15084,0.83871
15085,0.935484
15086,0.967742
15087,0.935484
15088,0.967742
15089,0.935484
15090,0.967742
15091,0.935484
15092,0.967742
15093,0.935484
15094,0.967742
15095,0.806452
15096,1
15097,0.935484
15098,0.967742
15099,0.870968
15100,0.967742
15101,0.967742
15102,1
15103,0.935484
15104,0.967742
15105,0.935484
15106,1
15107,1
15108,1
15109,1
15110,1
15111,1
15112,1
15113,0.935484
15114,0.935484
15115,0.935484
15116,0.935484
15117,0.935484
15118,0.935484
15119,0.967742
15120,0.83871
15121,0.741935
15122,0.935484
15123,0.935484
15124,0.935484
15125,0.935484
15126,0.935484
15127,0.516129
15128,0.935484
15129,0.83871
15130,0.935484
15131,0.903226
15132,0.83871
15133,0.935484
15134,0.935484
15135,0.83871
15136,0.967742
15137,0.967742
15138,0.935484
15139,0.967742
15140,0.903226
15141,0.870968
15142,0.870968
15143,0.774194
15144,0.354839
15145,0.516129
15146,0.387097
15147,0.451613
15148,0.774194
15149,0.483871
15150,0.612903
15151,0.580645
15152,1
15153,0.709677
15154,0.387097
15155,0.870968
15156,0.83871
15157,0.709677
15158,0.741935
15159,0.483871
15160,1
15161,0.741935
15162,0.387097
15163,0.709677
15164,0.387097
15165,0.645161
15166,0.83871
15167,0.483871
15168,0.83871
15169,0.612903
15170,0.806452
15171,0.483871
15172,0.870968
15173,0.870968
15174,0.709677
15175,0.451613
15176,0.870968
15177,0.870968
15178,0.967742
15179,0.354839
15180,0.612903
15181,0.870968
15182,0.354839
15183,0.774194
15184,1
15185,0.580645
15186,1
15187,0.709677
15188,1
15189,0.580645
15190,1
15191,0.419355
15192,0.83871
15193,0.806452
15194,1
15195,0.774194
15196,1
15197,0.709677
15198,1
15199,0.903226
15200,1
15201,0.967742
15202,1
15203,1
15204,0.806452
15205,0.967742
15206,0.806452
15207,0.870968
15208,0.870968
15209,0.83871
15210,0.806452
15211,0.870968
15212,0.354839
15213,0.935484
15214,0.709677
15215,1
15216,0.83871
15217,1
15218,0.903226
15219,0.774194
15220,0.806452
15221,0.903226
15222,0.709677
15223,0.516129
15224,1
15225,0.612903
15226,0.967742
15227,0.645161
15228,1
15229,0.83871
15230,0.806452
15231,0.83871
15232,0.870968
15233,0.903226
15234,0.870968
15235,0.806452
15236,0.83871
15237,0.83871
15238,0.548387
15239,0.903226
15240,0.483871
15241,0.870968
15242,0.774194
15243,0.774194
15244,0.903226
15245,0.870968
15246,0.870968
15247,0.967742
15248,0.870968
15249,0.903226
15250,0.903226
15251,0.903226
15252,0.903226
15253,0.903226
15254,0.903226
15255,0.870968
15256,0.935484
15257,0.870968
15258,0.870968
15259,0.935484
15260,0.870968
15261,0.806452
15262,0.870968
15263,0.806452
15264,0.870968
15265,0.806452
15266,0.870968
15267,0.806452
15268,0.870968
15269,0.806452
15270,0.870968
15271,0.806452
15272,0.870968
15273,0.83871
15274,0.935484
15275,0.870968
15276,0.903226
15277,0.903226
15278,0.903226
15279,0.870968
15280,0.83871
15281,0.806452
15282,0.806452
15283,0.774194
15284,0.806452
15285,0.83871
15286,0.806452
15287,0.83871
15288,0.806452
15289,0.806452
15290,0.774194
15291,0.806452
15292,0.83871
15293,0.967742
15294,0.83871
15295,0.935484
15296,0.935484
15297,0.935484
15298,0.935484
15299,0.935484
15300,0.903226
15301,0.935484
15302,0.83871
15303,0.967742
15304,0.83871
15305,0.903226
15306,0.83871
15307,0.935484
15308,0.870968
15309,0.967742
15310,0.83871
15311,0.903226
15312,0.903226
15313,0.967742
15314,0.806452
15315,0.870968
15316,0.935484
15317,0.903226
15318,0.935484
15319,0.903226
15320,0.967742
15321,0.967742
15322,0.935484
15323,0.774194
15324,0.83871
15325,0.83871
15326,0.774194
15327,0.83871
15328,0.387097
15329,0.16129
15330,0.612903
15331,0.903226
15332,0.935484
15333,0.935484
15334,0.935484
15335,1
15336,1
15337,1
15338,0.870968
15339,0.935484
15340,0.935484
15341,0.935484
15342,0.935484
15343,0.935484
15344,0.935484
15345,0.935484
15346,0.935484
15347,0.967742
15348,0.935484
15349,0.967742
15350,0.935484
15351,0.516129
15352,0.16129
15353,0.774194
15354,0.548387
15355,0.0645161
15356,0.709677
15357,1
15358,0.903226
15359,0.967742
15360,0.903226
15361,0.967742
15362,0.903226
15363,0.935484
15364,0.903226
15365,0.935484
15366,0.903226
15367,0.935484
15368,0.903226
15369,0.935484
15370,0.870968
15371,0.870968
15372,0.870968
15373,0.870968
15374,0.870968
15375,0.83871
15376,0.83871
15377,0.83871
15378,0.83871
15379,0.83871
15380,0.83871
15381,0.83871
15382,0.83871
15383,0.83871
15384,0.774194
15385,0.967742
15386,0.903226
15387,0.967742
15388,0.774194
15389,0.935484
15390,0.709677
15391,0.935484
15392,0.83871
15393,0.903226
15394,0.935484
15395,0.870968
15396,0.903226
15397,0.774194
15398,0.709677
15399,0.741935
15400,0.774194
15401,0.709677
15402,0.741935
15403,0.677419
15404,0.774194
15405,0.612903
15406,0.903226
15407,0.774194
15408,0.83871
15409,0.806452
15410,0.806452
15411,0.83871
15412,0.870968
15413,0.806452
15414,0.806452
15415,0.903226
15416,0.870968
15417,0.903226
15418,0.870968
15419,0.903226
15420,0.870968
15421,0.774194
15422,0.774194
15423,0.709677
15424,0.741935
15425,0.709677
15426,0.741935
15427,0.709677
15428,0.709677
15429,0.83871
15430,0.709677
15431,0.903226
15432,0.612903
15433,0.967742
15434,0.83871
15435,0.870968
15436,0.709677
15437,0.709677
15438,0.677419
15439,0.677419
15440,0.645161
15441,0.709677
15442,0.645161
15443,0.677419
15444,0.870968
15445,0.677419
15446,0.83871
15447,0.677419
15448,0.83871
15449,0.677419
15450,0.83871
15451,0.645161
15452,0.806452
15453,0.83871
15454,1
15455,0.967742
15456,1
15457,1
15458,1
15459,1
15460,1
15461,1
15462,1
15463,1
15464,1
15465,1
15466,0.967742
15467,0.967742
15468,0.967742
15469,0.967742
15470,0.935484
15471,0.935484
15472,0.935484
15473,0.967742
15474,0.935484
15475,0.935484
15476,0.967742
15477,0.967742
15478,0.967742
15479,0.967742
15480,0.967742
15481,0.935484
15482,0.935484
15483,0.935484
15484,0.935484
15485,0.935484
15486,0.935484
15487,0.967742
15488,0.967742
15489,0.967742
15490,0.967742
15491,0.967742
15492,0.967742
15493,0.967742
15494,0.967742
15495,0.967742
15496,0.967742
15497,0.967742
15498,0.967742
15499,0.967742
15500,0.935484
15501,0.967742
15502,0.967742
15503,1
15504,1
15505,1
15506,1
15507,1
15508,1
15509,0.967742
15510,1
15511,1
15512,1
15513,1
15514,1
15515,1
15516,1
15517,1
15518,1
15519,1
15520,1
15521,1
15522,1
15523,1
15524,1
15525,0.967742
15526,0.0967742
15527,0.0967742
15528,0.0967742
15529,0.0967742
15530,0.0645161
15531,0.903226
15532,1
15533,0.967742
15534,0.0967742
15535,0.0967742
15536,0.0967742
15537,0.0967742
15538,0.0967742
15539,0.0967742
15540,0.0967742
15541,0.129032
15542,0.129032
15543,0.16129
15544,0.193548
15545,0.193548
15546,0.129032
15547,0.129032
15548,0.16129
15549,0.225806
15550,0.419355
15551,0.322581
15552,0.387097
15553,0.322581
15554,0.387097
15555,0.322581
15556,0.387097
15557,0.322581
15558,0.387097
15559,0.322581
15560,0.387097
15561,0.322581
15562,0.387097
15563,0.354839
15564,0.548387
15565,0.612903
15566,0.322581
15567,0.612903
15568,0.322581
15569,0.612903
15570,0.258065
15571,0.387097
15572,0.322581
15573,0.387097
15574,0.322581
15575,0.419355
15576,0.516129
15577,0.387097
15578,0.580645
15579,0.354839
15580,0.612903
15581,0.322581
15582,0.580645
15583,0.612903
15584,1
15585,0.709677
15586,0.258065
15587,0.451613
15588,0.806452
15589,1
15590,0.193548
15591,0.258065
15592,0.258065
15593,0.774194
15594,1
15595,1
15596,0.935484
15597,0.677419
15598,0.225806
15599,0.451613
15600,0.516129
15601,0.387097
15602,0.548387
15603,0.354839
15604,0.419355
15605,0.387097
15606,0.548387
15607,0.419355
15608,0.516129
15609,0.419355
15610,0.516129
15611,0.419355
15612,0.516129
15613,0.419355
15614,0.322581
15615,0.387097
15616,0.322581
15617,0.387097
15618,0.322581
15619,0.387097
15620,0.354839
15621,0.548387
15622,0.258065
15623,0.387097
15624,0.322581
15625,0.387097
15626,0.322581
15627,0.387097
15628,0.322581
15629,0.387097
15630,0.354839
15631,0.548387
15632,0.258065
15633,0.387097
15634,0.354839
15635,0.548387
15636,0.258065
15637,0.387097
15638,0.354839
15639,0.548387
15640,0.258065
15641,0.387097
15642,0.322581
15643,0.387097
15644,0.322581
15645,0.387097
15646,0.322581
15647,0.387097
15648,0.322581
15649,0.387097
15650,0.322581
15651,0.387097
15652,0.354839
15653,0.548387
15654,0.258065
15655,0.903226
15656,0.806452
15657,0.258065
15658,0.387097
15659,0.322581
15660,0.387097
15661,0.322581
15662,0.387097
15663,0.322581
15664,0.387097
15665,0.322581
15666,0.387097
15667,0.322581
15668,0.387097
15669,0.322581
15670,0.806452
15671,1
15672,0.935484
15673,0.967742
15674,0.967742
15675,0.935484
15676,0.935484
15677,0.967742
15678,0.935484
15679,0.935484
15680,0.967742
15681,0.935484
15682,0.967742
15683,0.935484
15684,0.967742
15685,0.935484
15686,0.967742
15687,0.935484
15688,0.967742
15689,0.935484
15690,0.967742
15691,0.935484
15692,0.967742
15693,0.935484
15694,0.967742
15695,0.935484
15696,0.967742
15697,0.935484
15698,0.967742
15699,1
15700,0.935484
15701,0.967742
15702,0.935484
15703,0.967742
15704,0.935484
15705,0.967742
15706,0.935484
15707,0.967742
15708,0.935484
15709,0.967742
15710,0.935484
15711,1
15712,0.677419
15713,0.774194
15714,1
15715,1
15716,1
15717,1
15718,1
15719,1
15720,1
15721,1
15722,1
15723,1
15724,1
15725,1
15726,1
15727,1
15728,1
15729,1
15730,1
15731,1
15732,1
15733,1
15734,1
15735,1
15736,1
15737,1
15738,1
15739,1
15740,1
15741,1
15742,1
15743,1
15744,1
15745,1
15746,1
15747,1
15748,1
15749,1
15750,1
15751,1
15752,1
15753,1
15754,1
15755,1
15756,1
15757,1
15758,1
15759,1
15760,1
15761,1
15762,1
15763,1
15764,1
15765,1
15766,1
15767,1
15768,1
15769,1
15770,1
15771,1
15772,1
15773,1
15774,1
15775,1
15776,1
15777,1
15778,1
15779,1
15780,1
15781,0.967742
15782,1
15783,1
15784,1
15785,1
15786,1
15787,1
15788,1
15789,1
15790,1
15791,1
15792,1
15793,1
15794,1
15795,1
15796,1
15797,1
15798,0.967742
15799,1
15800,0.967742
15801,1
15802,0.967742
15803,1
15804,0.967742
15805,0.935484
15806,0.83871
15807,1
15808,0.967742
15809,1
15810,0.967742
15811,1
15812,0.967742
15813,1
15814,0.967742
15815,1
15816,0.967742
15817,1
15818,0.967742
15819,1
15820,0.967742
15821,1
15822,0.903226
15823,0.83871
15824,1
15825,0.967742
15826,1
15827,0.967742
15828,1
15829,0.967742
15830,1
15831,0.806452
15832,0.354839
15833,0.935484
15834,1
15835,0.967742
15836,1
15837,0.967742
15838,1
15839,0.967742
15840,1
15841,0.967742
15842,0.967742
15843,0.967742
15844,0.967742
15845,0.967742
15846,0.967742
15847,0.967742
15848,0.967742
15849,0.967742
15850,0.967742
15851,0.967742
15852,0.967742
15853,0.967742
15854,0.967742
15855,0.967742
15856,0.967742
15857,0.967742
15858,0.967742
15859,0.967742
15860,0.870968
15861,0.935484
15862,0.903226
15863,0.870968
15864,0.677419
15865,0.322581
15866,0.870968
15867,0.967742
15868,0.903226
15869,0.967742
15870,0.903226
15871,0.967742
15872,0.903226
15873,0.967742
15874,0.903226
15875,0.967742
15876,0.903226
15877,1
15878,0.903226
15879,0.935484
15880,0.903226
15881,0.935484
15882,0.903226
15883,0.967742
15884,0.903226
15885,0.967742
15886,0.903226
15887,0.967742
15888,0.903226
15889,0.967742
15890,0.903226
15891,0.967742
15892,0.903226
15893,0.967742
15894,0.870968
15895,0.967742
15896,0.677419
15897,0.967742
15898,0.709677
15899,0.967742
15900,0.806452
15901,0.967742
15902,0.903226
15903,0.967742
15904,0.870968
15905,0.967742
15906,0.870968
15907,0.967742
15908,0.903226
15909,0.967742
15910,0.83871
15911,0.967742
15912,0.806452
15913,0.967742
15914,0.83871
15915,0.548387
15916,0.387097
15917,0.516129
15918,0.483871
15919,0.516129
15920,0.483871
15921,0.516129
15922,0.483871
15923,0.516129
15924,0.580645
15925,1
15926,0.709677
15927,0.967742
15928,0.709677
15929,0.967742
15930,0.645161
15931,0.83871
15932,0.806452
15933,0.83871
15934,0.806452
15935,0.774194
15936,0.903226
15937,0.354839
15938,0.516129
15939,0.483871
15940,0.354839
15941,0.387097
15942,0.387097
15943,0.387097
15944,0.387097
15945,0.387097
15946,0.387097
15947,0.387097
15948,0.483871
15949,0.516129
15950,0.354839
15951,0.387097
15952,0.451613
15953,0.580645
15954,0.322581
15955,0.387097
15956,0.290323
15957,0.290323
15958,0.419355
15959,0.258065
15960,0.322581
15961,0.709677
15962,0.967742
15963,0.935484
15964,0.967742
15965,1
15966,0.612903
15967,0.290323
15968,0.483871
15969,0.419355
15970,0.483871
15971,0.419355
15972,0.548387
15973,0.387097
15974,0.580645
15975,0.290323
15976,0.741935
15977,0.967742
15978,0.774194
15979,0.967742
15980,1
15981,0.967742
15982,1
15983,1
15984,1
15985,0.967742
15986,0.225806
15987,0.83871
15988,0.967742
15989,0.580645
15990,1
15991,1
15992,1
15993,1
15994,1
15995,1
15996,1
15997,1
15998,1
15999,1
16000,1
16001,1
16002,1
16003,0.967742
16004,0.967742
16005,1
16006,0.967742
16007,0.870968
16008,1
16009,1
16010,0.967742
16011,0.903226
16012,0.774194
16013,0.709677
16014,0.709677
16015,0.709677
16016,0.709677
16017,0.741935
16018,0.741935
16019,0.741935
16020,0.774194
16021,0.806452
16022,0.741935
16023,0.967742
16024,0.935484
16025,0.935484
16026,0.83871
16027,0.935484
16028,0.225806
16029,0.451613
16030,0.580645
16031,1
16032,0.935484
16033,0.935484
16034,0.935484
16035,0.935484
16036,0.870968
16037,0.870968
16038,0.870968
16039,0.870968
16040,0.870968
16041,0.870968
16042,0.870968
16043,0.870968
16044,0.870968
16045,0.870968
16046,0.870968
16047,0.870968
16048,0.870968
16049,0.870968
16050,0.870968
16051,0.870968
16052,0.870968
16053,0.774194
16054,0.225806
16055,0.451613
16056,0.258065
16057,0.548387
16058,1
16059,0.193548
16060,0.290323
16061,0.548387
16062,1
16063,0.870968
16064,0.870968
16065,0.870968
16066,0.870968
16067,0.870968
16068,0.903226
16069,0.870968
16070,0.903226
16071,0.935484
16072,0.870968
16073,0.935484
16074,0.83871
16075,0.903226
16076,0.709677
16077,0.83871
16078,0.741935
16079,0.774194
16080,0.193548
16081,0.516129
16082,1
16083,0.870968
16084,0.870968
16085,0.870968
16086,0.870968
16087,0.870968
16088,0.806452
16089,0.225806
16090,0.258065
16091,0.258065
16092,0.225806
16093,0.129032
16094,0.419355
16095,0.967742
16096,0.677419
16097,0.83871
16098,0.806452
16099,0.774194
16100,0.677419
16101,0.483871
16102,0.774194
16103,0.741935
16104,0.83871
16105,0.806452
16106,0.580645
16107,0.129032
16108,0.129032
16109,0.129032
16110,0.129032
16111,0.129032
16112,0.129032
16113,0.129032
16114,0.16129
16115,0.516129
16116,0.967742
16117,0.903226
16118,0.903226
16119,0.903226
16120,0.903226
16121,0.935484
16122,0.935484
16123,0.935484
16124,0.935484
16125,0.935484
16126,0.935484
16127,0.935484
16128,0.935484
16129,0.935484
16130,0.935484
16131,0.935484
16132,0.935484
16133,0.935484
16134,0.935484
16135,0.935484
16136,0.935484
16137,0.935484
16138,0.935484
16139,0.935484
16140,0.935484
16141,0.935484
16142,0.935484
16143,0.935484
16144,0.935484
16145,0.935484
16146,0.935484
16147,0.935484
16148,0.935484
16149,0.935484
16150,0.935484
16151,0.903226
16152,0.225806
16153,0.193548
16154,0.129032
16155,0.129032
16156,0.129032
16157,0.0967742
16158,0.0967742
16159,0.483871
16160,1
16161,0.870968
16162,0.903226
16163,0.903226
16164,0.903226
16165,0.903226
16166,0.903226
16167,0.903226
16168,0.903226
16169,0.903226
16170,0.935484
16171,0.935484
16172,0.935484
16173,0.903226
16174,0.83871
16175,0.935484
16176,0.903226
16177,0.935484
16178,0.903226
16179,0.83871
16180,0.16129
16181,0.516129
16182,1
16183,0.193548
16184,0.258065
16185,0.258065
16186,0.258065
16187,0.258065
16188,0.258065
16189,0.258065
16190,0.258065
16191,0.258065
16192,0.258065
16193,0.258065
16194,0.258065
16195,0.258065
16196,0.258065
16197,0.258065
16198,0.548387
16199,1
16200,0.193548
16201,0.258065
16202,0.193548
16203,0.129032
16204,0.129032
16205,0.225806
16206,0.645161
16207,1
16208,0.83871
16209,0.225806
16210,0.290323
16211,0.290323
16212,0.290323
16213,0.290323
16214,0.290323
16215,0.290323
16216,0.290323
16217,0.290323
16218,0.290323
16219,0.290323
16220,0.290323
16221,0.290323
16222,0.290323
16223,0.290323
16224,0.419355
16225,0.290323
16226,0.387097
16227,0.322581
16228,0.387097
16229,0.322581
16230,0.387097
16231,0.322581
16232,0.387097
16233,0.322581
16234,0.387097
16235,0.322581
16236,0.387097
16237,0.322581
16238,0.387097
16239,0.225806
16240,0.258065
16241,0.258065
16242,0.258065
16243,0.258065
16244,0.258065
16245,0.258065
16246,0.258065
16247,0.258065
16248,0.258065
16249,0.258065
16250,0.258065
16251,0.258065
16252,0.258065
16253,0.258065
16254,0.258065
16255,0.258065
16256,0.258065
16257,0.258065
16258,0.258065
16259,0.258065
16260,0.258065
16261,0.258065
16262,0.258065
16263,0.258065
16264,0.225806
16265,0.16129
16266,0.225806
16267,0.419355
16268,0.354839
16269,0.419355
16270,0.387097
16271,0.516129
16272,0.290323
16273,0.419355
16274,0.354839
16275,0.419355
16276,0.354839
16277,0.419355
16278,0.354839
16279,0.419355
16280,0.354839
16281,0.419355
16282,0.354839
16283,0.419355
16284,0.354839
16285,0.419355
16286,0.354839
16287,0.419355
16288,0.354839
16289,0.419355
16290,0.387097
16291,0.516129
16292,0.451613
16293,0.516129
16294,0.451613
16295,0.387097
16296,0.516129
16297,0.516129
16298,0.322581
16299,0.451613
16300,0.483871
16301,0.451613
16302,0.516129
16303,0.451613
16304,0.354839
16305,0.419355
16306,0.354839
16307,0.419355
16308,0.354839
16309,0.419355
16310,0.354839
16311,0.419355
16312,0.354839
16313,0.419355
16314,0.354839
16315,0.419355
16316,0.354839
16317,0.419355
16318,0.354839
16319,0.419355
16320,0.290323
16321,0.322581
16322,0.612903
16323,0.258065
16324,0.387097
16325,0.322581
16326,0.387097
16327,0.322581
16328,0.387097
16329,0.322581
16330,0.387097
16331,0.322581
16332,0.387097
16333,0.322581
16334,0.387097
16335,0.258065
16336,0.387097
16337,0.322581
16338,0.387097
16339,0.322581
16340,0.387097
16341,0.322581
16342,0.387097
16343,0.322581
16344,0.387097
16345,0.322581
16346,0.387097
16347,0.322581
16348,0.387097
16349,0.322581
16350,0.387097
16351,0.322581
16352,0.387097
16353,0.322581
16354,0.258065
16355,0.290323
16356,0.387097
16357,0.322581
16358,0.258065
16359,0.290323
16360,0.387097
16361,0.322581
16362,0.387097
16363,0.290323
16364,0.258065
16365,0.225806
16366,0.225806
16367,0.451613
16368,0.225806
16369,0.258065
16370,0.258065
16371,0.258065
16372,0.258065
16373,0.258065
16374,0.258065
16375,0.258065
16376,0.258065
16377,0.322581
16378,0.612903
16379,0.225806
16380,0.258065
16381,0.258065
16382,0.258065
16383,0.258065
16384,0.258065
16385,0.258065
16386,0.258065
16387,0.258065
16388,0.258065
16389,0.258065
16390,0.258065
16391,0.290323
16392,0.483871
16393,0.548387
16394,0.387097
16395,0.16129
16396,0.16129
16397,0.193548
16398,0.225806
16399,0.193548
16400,0.258065
16401,0.290323
16402,0.387097
16403,0.322581
16404,0.258065
16405,0.258065
16406,0.258065
16407,0.290323
16408,0.225806
16409,0.258065
16410,0.290323
16411,0.225806
16412,0.258065
16413,0.258065
16414,0.258065
16415,0.258065
16416,0.258065
16417,0.290323
16418,0.225806
16419,0.258065
16420,0.258065
16421,0.258065
16422,0.225806
16423,0.903226
16424,1
16425,0.193548
16426,0.258065
16427,0.258065
16428,0.225806
16429,0.193548
16430,0.258065
16431,0.258065
16432,0.258065
16433,0.258065
16434,0.258065
16435,0.258065
16436,0.258065
16437,0.258065
16438,0.258065
16439,0.225806
16440,0.903226
16441,1
16442,0.0967742
16443,0.129032
16444,0.193548
16445,0.225806
16446,0.903226
16447,1
16448,0.0967742
16449,0.0967742
16450,0.0967742
16451,0.0967742
16452,0.0967742
16453,0.0967742
16454,0.0967742
16455,0.0967742
16456,0.0967742
16457,0.129032
16458,0.129032
16459,0.548387
16460,0.935484
16461,0.548387
16462,1
16463,0.16129
16464,0.193548
16465,0.225806
16466,0.193548
16467,0.0967742
16468,0.516129
16469,1
16470,1
16471,0.967742
16472,0.935484
16473,0.967742
16474,1
16475,1
16476,1
16477,1
16478,1
16479,0.967742
16480,0.806452
16481,0.935484
16482,0.967742
16483,0.935484
16484,1
16485,1
16486,1
16487,1
16488,1
16489,1
16490,1
16491,0.0967742
16492,0.0645161
16493,0.83871
16494,1
16495,0.0967742
16496,0.0967742
16497,0.0967742
16498,0.0967742
16499,0.0967742
16500,0.0967742
16501,0.0967742
16502,0.0967742
16503,0.0967742
16504,0.0967742
16505,0.0967742
16506,0.0967742
16507,0.0967742
16508,0.0967742
16509,0.0967742
16510,0.0967742
16511,0.0967742
16512,0.0645161
16513,0.870968
16514,0.967742
16515,0.129032
16516,0.129032
16517,0.129032
16518,0.129032
16519,0.129032
16520,0.129032
16521,0.193548
16522,0.290323
16523,0.354839
16524,0.129032
16525,0.0967742
16526,0.0967742
16527,0.0967742
16528,0.0967742
16529,0.0967742
16530,0.0967742
16531,0.0967742
16532,0.0967742
16533,0.0967742
16534,0.0967742
16535,0.0967742
16536,0.0967742
16537,0.129032
16538,0.193548
16539,0.258065
16540,0.258065
16541,0.258065
16542,0.258065
16543,0.258065
16544,0.258065
16545,0.290323
16546,0.387097
16547,0.322581
16548,0.258065
16549,0.290323
16550,0.387097
16551,0.322581
16552,0.387097
16553,0.322581
16554,0.387097
16555,0.193548
16556,0.225806
16557,0.419355
16558,0.225806
16559,0.258065
16560,0.258065
16561,0.258065
16562,0.258065
16563,0.258065
16564,0.258065
16565,0.16129
16566,0.322581
16567,0.612903
16568,0.258065
16569,0.193548
16570,0.16129
16571,0.290323
16572,0.612903
16573,0.290323
16574,0.612903
16575,0.258065
16576,0.483871
16577,0.548387
16578,0.419355
16579,0.548387
16580,0.387097
16581,0.612903
16582,0.322581
16583,0.451613
16584,0.516129
16585,0.354839
16586,0.612903
16587,0.903226
16588,0.83871
16589,0.322581
16590,0.290323
16591,0.870968
16592,0.935484
16593,0.290323
16594,0.612903
16595,0.290323
16596,0.612903
16597,0.290323
16598,0.612903
16599,0.290323
16600,0.612903
16601,0.258065
16602,0.258065
16603,0.258065
16604,0.258065
16605,0.290323
16606,0.225806
16607,0.193548
16608,0.322581
16609,0.483871
16610,0.419355
16611,0.483871
16612,0.354839
16613,0.903226
16614,0.967742
16615,0.290323
16616,0.612903
16617,0.290323
16618,0.612903
16619,0.258065
16620,0.903226
16621,0.967742
16622,0.225806
16623,0.290323
16624,0.290323
16625,0.290323
16626,0.258065
16627,0.129032
16628,0.129032
16629,0.129032
16630,0.129032
16631,0.129032
16632,0.129032
16633,0.129032
16634,0.129032
16635,0.0967742
16636,0.0967742
16637,0.0967742
16638,0.0967742
16639,0.0967742
16640,0.0967742
16641,0.0967742
16642,0.0967742
16643,0.0967742
16644,0.0967742
16645,0.129032
16646,0.0967742
16647,0.0967742
16648,0.0967742
16649,0.0967742
16650,0.0967742
16651,0.0967742
16652,0.129032
16653,0.129032
16654,0.129032
16655,0.129032
16656,0.129032
16657,0.129032
16658,0.129032
16659,0.129032
16660,0.129032
16661,0.129032
16662,0.129032
16663,0.129032
16664,0.129032
16665,0.129032
16666,0.0967742
16667,0.0967742
16668,0.0967742
16669,0.129032
16670,0.129032
16671,0.129032
16672,0.129032
16673,0.129032
16674,0.129032
16675,0.129032
16676,0.129032
16677,0.129032
16678,0.16129
16679,0.193548
16680,0.129032
16681,0.16129
16682,0.16129
16683,0.903226
16684,0.967742
16685,0.903226
16686,1
16687,1
16688,1
16689,0.0967742
16690,0.0967742
16691,0.0967742
16692,0.0967742
16693,0.129032
16694,0.129032
16695,0.129032
16696,0.129032
16697,0.129032
16698,0.129032
16699,0.129032
16700,0.129032
16701,0.129032
16702,0.129032
16703,0.0967742
16704,0.0645161
16705,0.806452
16706,1
16707,0.967742
16708,0.967742
16709,0.806452
16710,0.0967742
16711,0.0645161
16712,0.83871
16713,1
16714,1
16715,0.903226
16716,0.129032
16717,0.129032
16718,0.129032
16719,0.129032
16720,0.129032
16721,0.129032
16722,0.129032
16723,0.0967742
16724,0.0967742
16725,0.0967742
16726,0.0967742
16727,0.0967742
16728,0.0967742
16729,0.0967742
16730,0.0967742
16731,0.0645161
16732,0.83871
16733,0.935484
16734,0.774194
16735,0.709677
16736,0.709677
16737,0.0967742
16738,0.0645161
16739,0.677419
16740,0.935484
16741,0.935484
16742,0.0967742
16743,0.0967742
16744,0.0967742
16745,0.0967742
16746,0.0967742
16747,0.0967742
16748,0.0645161
16749,0.516129
16750,0.870968
16751,0.967742
16752,0.290323
16753,0.0967742
16754,0.0967742
16755,0.0322581
16756,0.903226
16757,0.903226
16758,1
16759,0.870968
16760,1
16761,0.870968
16762,1
16763,0.870968
16764,1
16765,0.870968
16766,1
16767,0.903226
16768,1
16769,0.83871
16770,1
16771,0.83871
16772,1
16773,0.870968
16774,1
16775,0.83871
16776,1
16777,0.83871
16778,1
16779,0.870968
16780,1
16781,0.903226
16782,1
16783,0.903226
16784,1
16785,0.903226
16786,1
16787,0.903226
16788,1
16789,0.903226
16790,1
16791,0.903226
16792,1
16793,0.903226
16794,1
16795,0.83871
16796,1
16797,0.903226
16798,1
16799,0.967742
16800,0.935484
16801,0.677419
16802,1
16803,0.967742
16804,1
16805,0.677419
16806,0.806452
16807,0.935484
16808,0.903226
16809,1
16810,0.903226
16811,0.709677
16812,0.83871
16813,0.709677
16814,0.83871
16815,0.709677
16816,0.83871
16817,0.709677
16818,0.806452
16819,0.774194
16820,0.806452
16821,0.774194
16822,0.354839
16823,0.774194
16824,0.806452
16825,0.774194
16826,0.806452
16827,0.774194
16828,0.774194
16829,1
16830,1
16831,0.967742
16832,1
16833,0.967742
16834,1
16835,0.967742
16836,1
16837,1
16838,0.935484
16839,0.967742
16840,1
16841,1
16842,0.967742
16843,0.935484
16844,0.83871
16845,1
16846,0.387097
16847,0.806452
16848,1
16849,1
16850,0.967742
16851,0.967742
16852,1
16853,1
16854,1
16855,1
16856,1
16857,1
16858,1
16859,1
16860,1
16861,1
16862,1
16863,1
16864,1
16865,1
16866,1
16867,1
16868,1
16869,1
16870,1
16871,1
16872,1
16873,1
16874,1
16875,1
16876,1
16877,1
16878,1
16879,1
16880,0.967742
16881,0.870968
16882,1
16883,0.870968
16884,1
16885,0.903226
16886,0.870968
16887,0.935484
16888,0.870968
16889,0.741935
16890,0.870968
16891,0.774194
16892,0.870968
16893,0.774194
16894,0.903226
16895,0.903226
16896,0.870968
16897,0.83871
16898,0.935484
16899,0.935484
16900,1
16901,1
16902,0.870968
16903,1
16904,1
16905,1
16906,1
16907,1
16908,0.935484
16909,0.967742
16910,0.935484
16911,0.967742
16912,0.903226
16913,0.935484
16914,0.903226
16915,0.935484
16916,0.903226
16917,0.935484
16918,0.903226
16919,0.806452
16920,0.870968
16921,0.870968
16922,0.806452
16923,0.870968
16924,0.806452
16925,0.870968
16926,0.806452
16927,0.870968
16928,0.806452
16929,0.806452
16930,0.806452
16931,0.806452
16932,0.806452
16933,0.806452
16934,0.806452
16935,0.806452
16936,0.806452
16937,0.806452
16938,0.806452
16939,0.806452
16940,0.806452
16941,1
16942,0.935484
16943,0.870968
16944,0.806452
16945,1
16946,0.741935
16947,0.645161
16948,0.806452
16949,0.870968
16950,0.774194
16951,0.806452
16952,0.774194
16953,0.806452
16954,0.870968
16955,0.935484
16956,0.967742
16957,0.516129
16958,0.677419
16959,0.677419
16960,0.677419
16961,0.677419
16962,0.677419
16963,0.677419
16964,0.677419
16965,0.677419
16966,0.774194
16967,0.483871
16968,0.387097
16969,0.774194
16970,0.612903
16971,0.483871
16972,0.935484
16973,0.483871
16974,0.83871
16975,0.548387
16976,0.967742
16977,0.451613
16978,0.709677
16979,0.677419
16980,0.677419
16981,0.935484
16982,0.806452
16983,0.83871
16984,0.806452
16985,0.83871
16986,0.83871
16987,0.677419
16988,0.967742
16989,0.806452
16990,0.83871
16991,0.83871
16992,0.870968
16993,0.870968
16994,0.870968
16995,0.870968
16996,0.83871
16997,0.903226
16998,0.935484
16999,0.967742
17000,0.935484
17001,0.967742
17002,0.935484
17003,0.967742
17004,0.935484
17005,0.967742
17006,0.935484
17007,0.967742
17008,0.935484
17009,0.967742
17010,0.935484
17011,0.967742
17012,0.935484
17013,0.967742
17014,0.935484
17015,0.967742
17016,0.935484
17017,0.967742
17018,0.935484
17019,0.967742
17020,0.935484
17021,0.967742
17022,0.935484
17023,0.967742
17024,0.935484
17025,0.967742
17026,0.935484
17027,0.967742
17028,0.935484
17029,0.967742
17030,0.83871
17031,0.83871
17032,0.83871
17033,0.83871
17034,0.83871
17035,0.83871
17036,0.83871
17037,0.870968
17038,0.870968
17039,0.870968
17040,0.870968
17041,0.870968
17042,0.870968
17043,0.903226
17044,0.935484
17045,0.903226
17046,0.903226
17047,0.903226
17048,0.935484
17049,0.935484
17050,0.935484
17051,0.83871
17052,0.83871
17053,0.870968
17054,0.870968
17055,0.741935
17056,0.774194
17057,0.741935
17058,0.709677
17059,0.774194
17060,0.741935
17061,0.645161
17062,0.677419
17063,0.741935
17064,0.774194
17065,0.741935
17066,0.677419
17067,0.870968
17068,0.935484
17069,0.903226
17070,0.83871
17071,0.741935
17072,0.83871
17073,0.709677
17074,0.870968
17075,0.903226
17076,0.870968
17077,0.903226
17078,0.935484
17079,1
17080,1
17081,1
17082,1
17083,1
17084,0.967742
17085,0.967742
17086,0.967742
17087,0.967742
17088,0.967742
17089,0.935484
17090,1
17091,0.935484
17092,0.967742
17093,0.935484
17094,1
17095,0.935484
17096,0.967742
17097,0.935484
17098,1
17099,0.935484
17100,1
17101,0.935484
17102,1
17103,0.935484
17104,1
17105,0.903226
17106,1
17107,0.741935
17108,1
17109,0.741935
17110,1
17111,0.741935
17112,1
17113,0.741935
17114,1
17115,0.741935
17116,1
17117,0.741935
17118,1
17119,0.83871
17120,1
17121,0.935484
17122,1
17123,0.903226
17124,0.967742
17125,0.903226
17126,1
17127,0.935484
17128,0.967742
17129,1
17130,0.967742
17131,1
17132,0.967742
17133,1
17134,0.967742
17135,1
17136,0.967742
17137,0.967742
17138,0.935484
17139,0.967742
17140,0.967742
17141,1
17142,1
17143,1
17144,1
17145,0.967742
17146,0.967742
17147,0.967742
17148,0.903226
17149,0.967742
17150,0.967742
17151,0.967742
17152,1
17153,1
17154,1
17155,1
17156,1
17157,1
17158,1
17159,1
17160,1
17161,1
17162,1
17163,1
17164,1
17165,1
17166,1
17167,1
17168,1
17169,0.967742
17170,0.967742
17171,0.967742
17172,0.967742
17173,0.967742
17174,0.967742
17175,0.935484
17176,0.83871
17177,0.806452
17178,0.741935
17179,0.967742
17180,0.935484
17181,0.83871
17182,0.935484
17183,0.806452
17184,0.645161
17185,0.645161
17186,0.903226
17187,0.419355
17188,0.870968
17189,0.806452
17190,0.677419
17191,0.83871
17192,0.612903
17193,0.903226
17194,0.612903
17195,0.903226
17196,0.612903
17197,0.903226
17198,0.387097
17199,0.0645161
17200,0.806452
17201,1
17202,1
17203,1
17204,1
17205,1
17206,1
17207,1
17208,1
17209,1
17210,1
17211,1
17212,1
17213,0.967742
17214,0.806452
17215,1
17216,0.16129
17217,0.16129
17218,0.16129
17219,0.16129
17220,0.0645161
17221,0.741935
17222,1
17223,1
17224,1
17225,1
17226,1
17227,1
17228,1
17229,0.935484
17230,0.16129
17231,0.16129
17232,0.16129
17233,0.16129
17234,0.16129
17235,0.16129
17236,0.16129
17237,0.16129
17238,0.16129
17239,0.16129
17240,0.16129
17241,0.16129
17242,0.16129
17243,0.16129
17244,0.193548
17245,0.258065
17246,0.612903
17247,0.258065
17248,0.612903
17249,0.16129
17250,0.16129
17251,0.16129
17252,0.16129
17253,0.16129
17254,0.16129
17255,0.16129
17256,0.16129
17257,0.322581
17258,0.83871
17259,0.870968
17260,0.322581
17261,0.612903
17262,0.967742
17263,0.935484
17264,0.16129
17265,0.16129
17266,0.16129
17267,0.16129
17268,0.16129
17269,0.16129
17270,0.16129
17271,0.16129
17272,0.16129
17273,0.290323
17274,0.612903
17275,0.387097
17276,0.516129
17277,0.612903
17278,0.483871
17279,0.677419
17280,0.387097
17281,0.612903
17282,0.387097
17283,0.612903
17284,0.387097
17285,0.612903
17286,0.387097
17287,0.612903
17288,0.387097
17289,0.612903
17290,0.387097
17291,0.612903
17292,0.483871
17293,0.677419
17294,0.387097
17295,0.741935
17296,0.387097
17297,0.741935
17298,0.387097
17299,0.741935
17300,0.387097
17301,0.741935
17302,0.387097
17303,0.741935
17304,0.387097
17305,0.741935
17306,0.580645
17307,0.806452
17308,0.516129
17309,0.806452
17310,0.483871
17311,0.419355
17312,0.645161
17313,0.612903
17314,0.774194
17315,0.419355
17316,0.870968
17317,0.322581
17318,0.612903
17319,0.387097
17320,0.580645
17321,0.580645
17322,0.387097
17323,0.612903
17324,0.354839
17325,0.741935
17326,0.322581
17327,0.612903
17328,0.483871
17329,0.516129
17330,0.516129
17331,0.516129
17332,0.645161
17333,0.709677
17334,0.516129
17335,0.741935
17336,0.419355
17337,0.225806
17338,0.483871
17339,0.580645
17340,0.580645
17341,0.580645
17342,0.387097
17343,0.419355
17344,0.419355
17345,0.83871
17346,0.83871
17347,0.258065
17348,0.483871
17349,0.419355
17350,0.419355
17351,0.483871
17352,0.516129
17353,0.258065
17354,0.516129
17355,0.483871
17356,0.677419
17357,0.419355
17358,0.580645
17359,0.516129
17360,0.548387
17361,0.580645
17362,0.516129
17363,0.580645
17364,0.516129
17365,0.322581
17366,0.741935
17367,0.290323
17368,0.548387
17369,0.451613
17370,0.387097
17371,0.741935
17372,0.322581
17373,0.741935
17374,0.322581
17375,0.741935
17376,0.322581
17377,0.741935
17378,0.322581
17379,0.741935
17380,0.290323
17381,0.516129
17382,0.290323
17383,0.548387
17384,0.483871
17385,0.354839
17386,0.483871
17387,0.387097
17388,0.451613
17389,0.548387
17390,0.354839
17391,0.483871
17392,0.483871
17393,0.580645
17394,0.451613
17395,0.387097
17396,0.419355
17397,0.387097
17398,0.451613
17399,0.387097
17400,0.677419
17401,0.354839
17402,0.516129
17403,0.387097
17404,0.516129
17405,0.451613
17406,0.516129
17407,0.935484
17408,0.903226
17409,0.354839
17410,0.548387
17411,0.419355
17412,0.548387
17413,0.419355
17414,0.548387
17415,0.419355
17416,0.548387
17417,0.419355
17418,0.548387
17419,0.419355
17420,0.548387
17421,0.419355
17422,0.548387
17423,0.419355
17424,0.548387
17425,0.354839
17426,0.548387
17427,0.387097
17428,0.548387
17429,0.967742
17430,0.677419
17431,0.83871
17432,1
17433,0.354839
17434,0.612903
17435,0.935484
17436,1
17437,0.387097
17438,0.612903
17439,0.935484
17440,1
17441,0.419355
17442,0.612903
17443,0.419355
17444,0.516129
17445,0.483871
17446,0.483871
17447,1
17448,0.935484
17449,0.354839
17450,0.612903
17451,0.419355
17452,0.516129
17453,1
17454,1
17455,0.419355
17456,1
17457,1
17458,1
17459,0.935484
17460,1
17461,1
17462,0.419355
17463,0.612903
17464,0.903226
17465,1
17466,1
17467,0.935484
17468,0.322581
17469,0.741935
17470,0.354839
17471,0.741935
17472,0.354839
17473,0.741935
17474,0.354839
17475,0.612903
17476,0.483871
17477,0.645161
17478,0.516129
17479,0.612903
17480,0.419355
17481,1
17482,1
17483,0.419355
17484,0.612903
17485,0.419355
17486,0.612903
17487,0.419355
17488,0.612903
17489,0.419355
17490,0.516129
17491,0.483871
17492,0.483871
17493,0.483871
17494,0.483871
17495,0.483871
17496,0.483871
17497,0.548387
17498,0.516129
17499,1
17500,1
17501,1
17502,1
17503,1
17504,1
17505,1
17506,0.419355
17507,0.612903
17508,0.419355
17509,1
17510,1
17511,1
17512,1
17513,1
17514,1
17515,1
17516,1
17517,0.935484
17518,0.387097
17519,0.548387
17520,0.483871
17521,0.483871
17522,0.516129
17523,0.451613
17524,1
17525,1
17526,0.935484
17527,0.387097
17528,0.548387
17529,0.451613
17530,0.516129
17531,0.935484
17532,1
17533,1
17534,0.935484
17535,0.387097
17536,1
17537,1
17538,0.935484
17539,0.354839
17540,0.677419
17541,0.387097
17542,0.548387
17543,0.451613
17544,0.483871
17545,0.483871
17546,0.516129
17547,0.451613
17548,0.516129
17549,0.451613
17550,0.483871
17551,0.548387
17552,0.451613
17553,0.516129
17554,0.967742
17555,1
17556,0.935484
17557,0.387097
17558,0.516129
17559,0.387097
17560,0.677419
17561,0.387097
17562,0.451613
17563,0.419355
17564,0.419355
17565,0.451613
17566,0.451613
17567,0.451613
17568,0.967742
17569,0.870968
17570,0.387097
17571,0.451613
17572,0.451613
17573,0.451613
17574,0.451613
17575,0.451613
17576,0.451613
17577,0.451613
17578,0.451613
17579,0.451613
17580,0.451613
17581,0.451613
17582,0.451613
17583,0.451613
17584,0.451613
17585,0.451613
17586,0.451613
17587,0.451613
17588,0.419355
17589,0.419355
17590,0.419355
17591,0.419355
17592,0.451613
17593,0.451613
17594,0.451613
17595,0.935484
17596,0.806452
17597,0.387097
17598,0.451613
17599,0.451613
17600,0.451613
17601,0.903226
17602,0.709677
17603,0.387097
17604,0.870968
17605,0.967742
17606,0.709677
17607,0.387097
17608,0.451613
17609,0.451613
17610,0.451613
17611,0.451613
17612,0.451613
17613,0.451613
17614,0.451613
17615,0.451613
17616,0.451613
17617,0.451613
17618,0.451613
17619,0.451613
17620,0.419355
17621,0.451613
17622,0.451613
17623,0.419355
17624,0.419355
17625,0.419355
17626,0.419355
17627,0.419355
17628,0.419355
17629,0.419355
17630,0.419355
17631,0.548387
17632,0.387097
17633,0.419355
17634,0.419355
17635,0.419355
17636,0.419355
17637,0.419355
17638,0.419355
17639,0.419355
17640,0.419355
17641,0.548387
17642,0.387097
17643,0.548387
17644,0.387097
17645,0.548387
17646,0.387097
17647,1
17648,0.483871
17649,0.451613
17650,0.483871
17651,0.483871
17652,0.483871
17653,0.387097
17654,0.419355
17655,0.548387
17656,0.387097
17657,0.548387
17658,0.387097
17659,0.387097
17660,0.548387
17661,0.354839
17662,0.548387
17663,0.387097
17664,0.419355
17665,0.419355
17666,0.419355
17667,0.419355
17668,0.387097
17669,0.548387
17670,0.387097
17671,0.419355
17672,0.419355
17673,0.419355
17674,0.419355
17675,0.548387
17676,0.387097
17677,0.419355
17678,0.419355
17679,0.419355
17680,0.387097
17681,0.548387
17682,0.322581
17683,0.354839
17684,0.548387
17685,0.322581
17686,0.548387
17687,0.354839
17688,0.548387
17689,0.354839
17690,0.548387
17691,0.322581
17692,0.419355
17693,0.419355
17694,0.419355
17695,0.419355
17696,0.419355
17697,0.419355
17698,0.419355
17699,0.419355
17700,0.419355
17701,0.354839
17702,0.387097
17703,0.580645
17704,0.322581
17705,0.387097
17706,0.548387
17707,0.322581
17708,0.354839
17709,0.354839
17710,0.354839
17711,0.354839
17712,0.354839
17713,0.322581
17714,0.290323
17715,0.322581
17716,0.290323
17717,0.322581
17718,0.387097
17719,0.322581
17720,0.516129
17721,0.354839
17722,0.741935
17723,0.419355
17724,0.677419
17725,0.387097
17726,0.741935
17727,0.387097
17728,0.741935
17729,0.451613
17730,0.677419
17731,0.322581
17732,0.548387
17733,0.483871
17734,0.580645
17735,0.354839
17736,0.677419
17737,0.322581
17738,0.741935
17739,0.387097
17740,0.677419
17741,0.387097
17742,0.677419
17743,0.387097
17744,0.677419
17745,0.387097
17746,0.677419
17747,0.322581
17748,0.741935
17749,0.387097
17750,0.677419
17751,0.354839
17752,0.83871
17753,0.806452
17754,0.354839
17755,0.741935
17756,0.290323
17757,0.548387
17758,0.483871
17759,0.645161
17760,0.967742
17761,0.322581
17762,0.741935
17763,0.548387
17764,1
17765,0.612903
17766,0.225806
17767,0.258065
17768,0.483871
17769,0.935484
17770,0.225806
17771,0.290323
17772,0.322581
17773,0.290323
17774,0.451613
17775,0.677419
17776,0.258065
17777,0.354839
17778,0.419355
17779,0.677419
17780,0.354839
17781,0.677419
17782,0.967742
17783,0.806452
17784,0.83871
17785,0.290323
17786,0.548387
17787,0.483871
17788,0.580645
17789,0.419355
17790,0.612903
17791,0.419355
17792,0.612903
17793,0.419355
17794,0.612903
17795,0.419355
17796,0.612903
17797,0.419355
17798,0.612903
17799,0.419355
17800,0.451613
17801,0.451613
17802,0.483871
17803,0.451613
17804,0.483871
17805,0.419355
17806,0.387097
17807,0.483871
17808,0.451613
17809,0.483871
17810,0.451613
17811,0.483871
17812,0.451613
17813,0.451613
17814,0.290323
17815,0.290323
17816,0.322581
17817,0.387097
17818,0.387097
17819,0.387097
17820,0.387097
17821,0.387097
17822,0.387097
17823,0.387097
17824,0.387097
17825,0.387097
17826,0.387097
17827,0.419355
17828,0.451613
17829,0.290323
17830,0.354839
17831,0.322581
17832,0.612903
17833,1
17834,0.258065
17835,0.290323
17836,0.354839
17837,0.354839
17838,0.354839
17839,0.354839
17840,0.354839
17841,0.354839
17842,0.354839
17843,0.354839
17844,0.290323
17845,0.225806
17846,0.225806
17847,0.225806
17848,0.193548
17849,0.516129
17850,0.903226
17851,0.193548
17852,0.387097
17853,0.677419
17854,0.193548
17855,0.225806
17856,0.225806
17857,0.225806
17858,0.225806
17859,0.225806
17860,0.225806
17861,0.225806
17862,0.225806
17863,0.225806
17864,0.258065
17865,0.419355
17866,0.483871
17867,0.419355
17868,0.451613
17869,0.290323
17870,0.290323
17871,0.580645
17872,0.258065
17873,0.290323
17874,0.580645
17875,0.387097
17876,0.483871
17877,0.258065
17878,0.419355
17879,0.483871
17880,0.387097
17881,0.290323
17882,0.483871
17883,0.967742
17884,0.258065
17885,0.419355
17886,0.483871
17887,0.419355
17888,0.451613
17889,0.290323
17890,0.387097
17891,0.483871
17892,0.387097
17893,0.225806
17894,0.483871
17895,1
17896,0.451613
17897,0.967742
17898,0.225806
17899,0.225806
17900,0.225806
17901,0.193548
17902,0.193548
17903,0.16129
17904,0.16129
17905,0.419355
17906,0.903226
17907,0.16129
17908,0.193548
17909,0.16129
17910,0.16129
17911,0.193548
17912,0.193548
17913,0.193548
17914,0.193548
17915,0.193548
17916,0.225806
17917,0.193548
17918,0.225806
17919,0.193548
17920,0.225806
17921,0.193548
17922,0.225806
17923,0.225806
17924,0.193548
17925,0.225806
17926,0.258065
17927,0.387097
17928,0.290323
17929,0.354839
17930,0.225806
17931,0.225806
17932,0.225806
17933,0.225806
17934,0.258065
17935,0.387097
17936,0.290323
17937,0.225806
17938,0.290323
17939,0.290323
17940,0.516129
17941,0.870968
17942,0.419355
17943,0.645161
17944,0.387097
17945,0.516129
17946,0.580645
17947,0.419355
17948,0.516129
17949,0.483871
17950,0.774194
17951,0.419355
17952,0.806452
17953,0.451613
17954,0.83871
17955,0.483871
17956,0.677419
17957,0.516129
17958,0.645161
17959,0.322581
17960,0.709677
17961,0.451613
17962,0.483871
17963,0.451613
17964,0.483871
17965,0.548387
17966,0.548387
17967,0.516129
17968,0.548387
17969,0.580645
17970,0.709677
17971,0.451613
17972,0.580645
17973,0.774194
17974,0.451613
17975,0.870968
17976,0.709677
17977,0.806452
17978,0.774194
17979,0.83871
17980,0.709677
17981,0.354839
17982,0.548387
17983,0.83871
17984,0.354839
17985,0.645161
17986,0.967742
17987,0.451613
17988,0.903226
17989,0.451613
17990,0.903226
17991,0.419355
17992,0.870968
17993,0.419355
17994,0.580645
17995,0.612903
17996,0.580645
17997,0.516129
17998,0.548387
17999,0.516129
18000,0.419355
18001,0.419355
18002,0.870968
18003,0.419355
18004,0.806452
18005,0.419355
18006,0.83871
18007,0.387097
18008,0.709677
18009,0.387097
18010,0.548387
18011,0.741935
18012,0.419355
18013,0.580645
18014,0.806452
18015,0.451613
18016,0.774194
18017,0.645161
18018,0.741935
18019,0.677419
18020,0.741935
18021,0.774194
18022,0.741935
18023,0.806452
18024,0.806452
18025,0.83871
18026,0.870968
18027,0.870968
18028,0.870968
18029,0.870968
18030,0.870968
18031,0.870968
18032,0.870968
18033,0.870968
18034,0.870968
18035,0.677419
18036,0
18037,0.483871
18038,0.967742
18039,0.806452
18040,0.935484
18041,0.741935
18042,0.483871
18043,0.967742
18044,0.451613
18045,0.935484
18046,0.354839
18047,0.903226
18048,0.774194
18049,0.870968
18050,0.645161
18051,0.806452
18052,0.290323
18053,0.322581
18054,0.870968
18055,0.258065
18056,0.354839
18057,0.709677
18058,0.258065
18059,0.548387
18060,0.806452
18061,0.290323
18062,0.354839
18063,0.741935
18064,0.258065
18065,0.806452
18066,0.290323
18067,0.612903
18068,0.612903
18069,1
18070,0.83871
18071,0.806452
18072,1
18073,0.677419
18074,0.935484
18075,0.870968
18076,0.967742
18077,0.967742
18078,1
18079,1
18080,1
18081,0.903226
18082,0.709677
18083,1
18084,0.709677
18085,1
18086,0.967742
18087,0.645161
18088,0.322581
18089,0.516129
18090,0.354839
18091,0.354839
18092,0.322581
18093,0.322581
18094,0.322581
18095,0.354839
18096,0.354839
18097,0.322581
18098,0.83871
18099,1
18100,0.967742
18101,0.967742
18102,0.935484
18103,0.903226
18104,0.903226
18105,1
18106,0.903226
18107,0.903226
18108,0.903226
18109,0.903226
18110,0.967742
18111,0.935484
18112,1
18113,0.935484
18114,0.967742
18115,0.967742
18116,0.935484
18117,0.967742
18118,0.967742
18119,1
18120,1
18121,1
18122,1
18123,1
18124,1
18125,1
18126,1
18127,1
18128,1
18129,1
18130,1
18131,1
18132,1
18133,1
18134,1
18135,1
18136,1
18137,1
18138,1
18139,1
18140,1
18141,1
18142,1
18143,1
18144,1
18145,1
18146,1
18147,1
18148,1
18149,1
18150,0.903226
18151,0.83871
18152,1
18153,1
18154,1
18155,1
18156,1
18157,1
18158,1
18159,1
18160,1
18161,1
18162,1
18163,1
18164,1
18165,1
18166,1
18167,1
18168,1
18169,1
18170,1
18171,0.903226
18172,0.903226
18173,1
18174,1
18175,1
18176,1
18177,1
18178,1
18179,1
18180,1
18181,1
18182,1
18183,1
18184,1
18185,1
18186,1
18187,1
18188,1
18189,1
18190,1
18191,1
18192,1
18193,1
18194,1
18195,1
18196,1
18197,1
18198,1
18199,1
18200,1
18201,1
18202,1
18203,1
18204,1
18205,1
18206,1
18207,1
18208,1
18209,1
18210,1
18211,0.967742
18212,0.967742
18213,0.967742
18214,0.935484
18215,0.806452
18216,0.870968
18217,0.935484
18218,0.903226
18219,1
18220,0.774194
18221,0.677419
18222,1
18223,0.83871
18224,1
18225,0.903226
18226,0.967742
18227,0.903226
18228,0.967742
18229,0.935484
18230,0.935484
18231,0.548387
18232,0.290323
18233,0.967742
18234,0.935484
18235,0.935484
18236,0.967742
18237,0.612903
18238,0.903226
18239,1
18240,0.967742
18241,1
18242,0.83871
18243,0.0967742
18244,0.903226
18245,1
18246,0.83871
18247,0.16129
18248,0.16129
18249,0.0967742
18250,0.903226
18251,1
18252,1
18253,1
18254,0.83871
18255,0.903226
18256,1
18257,1
18258,1
18259,0.903226
18260,0.645161
18261,1
18262,0.967742
18263,0.193548
18264,0.193548
18265,0.193548
18266,0.193548
18267,0.903226
18268,0.967742
18269,0.903226
18270,0.967742
18271,1
18272,0.967742
18273,0.516129
18274,0.193548
18275,0.193548
18276,0.677419
18277,0.774194
18278,0.193548
18279,0.193548
18280,0.290323
18281,0.612903
18282,0.290323
18283,0.612903
18284,0.677419
18285,0.903226
18286,0.290323
18287,0.612903
18288,0.677419
18289,0.903226
18290,0.290323
18291,0.612903
18292,0.290323
18293,0.612903
18294,0.290323
18295,0.612903
18296,0.290323
18297,0.612903
18298,0.290323
18299,0.612903
18300,0.290323
18301,0.612903
18302,0.387097
18303,0.612903
18304,0.387097
18305,0.612903
18306,0.290323
18307,0.612903
18308,0.290323
18309,0.612903
18310,0.290323
18311,0.612903
18312,0.290323
18313,0.612903
18314,0.290323
18315,0.612903
18316,0.290323
18317,0.612903
18318,0.322581
18319,0.741935
18320,0.322581
18321,0.612903
18322,0.387097
18323,0.612903
18324,0.387097
18325,0.612903
18326,0.387097
18327,0.774194
18328,0.419355
18329,0.806452
18330,0.580645
18331,0.774194
18332,0.580645
18333,0.806452
18334,0.516129
18335,0.806452
18336,0.580645
18337,0.806452
18338,0.580645
18339,0.774194
18340,0.516129
18341,0.806452
18342,0.580645
18343,0.806452
18344,0.580645
18345,0.806452
18346,0.451613
18347,0.806452
18348,0.580645
18349,0.806452
18350,0.580645
18351,0.806452
18352,0.516129
18353,0.806452
18354,0.580645
18355,0.806452
18356,0.580645
18357,0.806452
18358,0.580645
18359,0.806452
18360,0.548387
18361,0.806452
18362,0.580645
18363,0.806452
18364,0.580645
18365,0.806452
18366,0.580645
18367,0.709677
18368,0.580645
18369,0.806452
18370,0.580645
18371,0.806452
18372,0.580645
18373,0.806452
18374,0.580645
18375,0.806452
18376,0.580645
18377,0.806452
18378,0.580645
18379,0.806452
18380,0.580645
18381,0.806452
18382,0.580645
18383,0.806452
18384,0.580645
18385,0.806452
18386,0.580645
18387,0.774194
18388,0.548387
18389,0.774194
18390,0.548387
18391,0.774194
18392,0.548387
18393,0.774194
18394,0.548387
18395,0.774194
18396,0.548387
18397,0.774194
18398,0.548387
18399,0.774194
18400,0.548387
18401,0.709677
18402,0.516129
18403,0.677419
18404,0.516129
18405,0.741935
18406,0.548387
18407,0.774194
18408,0.935484
18409,0.709677
18410,0.580645
18411,0.612903
18412,0.612903
18413,0.612903
18414,0.612903
18415,0.612903
18416,0.612903
18417,0.612903
18418,0.612903
18419,0.612903
18420,0.612903
18421,0.612903
18422,0.612903
18423,0.612903
18424,0.612903
18425,0.612903
18426,0.612903
18427,0.612903
18428,0.612903
18429,0.612903
18430,0.612903
18431,0.612903
18432,1
18433,0.645161
18434,0.580645
18435,0.612903
18436,0.612903
18437,0.580645
18438,0.612903
18439,0.354839
18440,0.741935
18441,0.322581
18442,0.774194
18443,0.322581
18444,0.419355
18445,0.290323
18446,0.548387
18447,0.580645
18448,0.322581
18449,0.483871
18450,0.451613
18451,0.483871
18452,0.806452
18453,0.483871
18454,0.451613
18455,0.483871
18456,0.387097
18457,0.516129
18458,0.419355
18459,0.387097
18460,0.612903
18461,0.322581
18462,0.451613
18463,0.483871
18464,0.935484
18465,0.935484
18466,0.935484
18467,0.967742
18468,0.935484
18469,0.645161
18470,0.322581
18471,0.516129
18472,0.709677
18473,1
18474,0.645161
18475,0.709677
18476,1
18477,0.935484
18478,0.645161
18479,0.774194
18480,0.83871
18481,0.387097
18482,0.612903
18483,0.612903
18484,0.548387
18485,0.483871
18486,0.677419
18487,0.516129
18488,0.774194
18489,0.387097
18490,0.903226
18491,0.548387
18492,0.806452
18493,0.645161
18494,0.806452
18495,0.645161
18496,0.806452
18497,0.645161
18498,0.806452
18499,0.645161
18500,0.806452
18501,0.774194
18502,1
18503,1
18504,0.967742
18505,0.516129
18506,0.709677
18507,0.419355
18508,0.580645
18509,0.645161
18510,0.419355
18511,0.709677
18512,0.387097
18513,0.774194
18514,0.354839
18515,0.935484
18516,0.967742
18517,0.354839
18518,0.83871
18519,0.258065
18520,0.612903
18521,0.258065
18522,0.612903
18523,0.225806
18524,0.387097
18525,0.290323
18526,0.354839
18527,0.290323
18528,0.419355
18529,0.612903
18530,0.451613
18531,0.193548
18532,0.354839
18533,0.83871
18534,0.354839
18535,0.870968
18536,0.903226
18537,0.354839
18538,0.83871
18539,0.354839
18540,0.870968
18541,0.935484
18542,0.612903
18543,1
18544,0.354839
18545,0.83871
18546,0.354839
18547,0.83871
18548,0.354839
18549,0.83871
18550,0.354839
18551,0.83871
18552,0.354839
18553,0.83871
18554,0.354839
18555,0.83871
18556,0.354839
18557,0.83871
18558,0.354839
18559,0.83871
18560,0.354839
18561,0.83871
18562,0.354839
18563,0.870968
18564,0.903226
18565,0.354839
18566,0.83871
18567,0.322581
18568,0.709677
18569,0.612903
18570,0.741935
18571,0.903226
18572,0.354839
18573,0.83871
18574,0.580645
18575,1
18576,0.354839
18577,0.709677
18578,0.322581
18579,0.419355
18580,0.387097
18581,0.677419
18582,0.387097
18583,0.709677
18584,0.387097
18585,0.709677
18586,0.387097
18587,0.709677
18588,0.387097
18589,0.709677
18590,0.387097
18591,0.709677
18592,0.387097
18593,0.709677
18594,0.258065
18595,0.419355
18596,0.322581
18597,0.387097
18598,0.354839
18599,0.548387
18600,0.225806
18601,0.290323
18602,0.290323
18603,0.387097
18604,0.806452
18605,0.903226
18606,0.741935
18607,0.709677
18608,0.225806
18609,0.258065
18610,0.290323
18611,0.290323
18612,0.483871
18613,0.903226
18614,0.258065
18615,0.258065
18616,0.258065
18617,0.548387
18618,0.967742
18619,0.258065
18620,0.290323
18621,0.290323
18622,0.290323
18623,0.322581
18624,0.419355
18625,0.322581
18626,0.387097
18627,0.322581
18628,0.387097
18629,0.290323
18630,0.225806
18631,0.258065
18632,0.387097
18633,0.258065
18634,0.419355
18635,0.322581
18636,0.516129
18637,0.387097
18638,0.387097
18639,0.806452
18640,0.903226
18641,0.290323
18642,0.580645
18643,0.709677
18644,0.967742
18645,0.225806
18646,0.290323
18647,0.580645
18648,0.387097
18649,0.483871
18650,0.387097
18651,0.774194
18652,0.935484
18653,0.258065
18654,0.387097
18655,0.322581
18656,0.516129
18657,0.225806
18658,0.225806
18659,0.225806
18660,0.225806
18661,0.225806
18662,0.225806
18663,0.225806
18664,0.225806
18665,0.225806
18666,0.225806
18667,0.225806
18668,0.225806
18669,0.225806
18670,0.225806
18671,0.225806
18672,0.225806
18673,0.225806
18674,0.225806
18675,0.225806
18676,0.193548
18677,0.225806
18678,0.225806
18679,0.193548
18680,0.193548
18681,0.16129
18682,0.193548
18683,0.16129
18684,0.193548
18685,0.16129
18686,0.225806
18687,0.193548
18688,0.225806
18689,0.193548
18690,0.225806
18691,0.193548
18692,0.193548
18693,0.193548
18694,0.193548
18695,0.193548
18696,0.193548
18697,0.193548
18698,0.193548
18699,0.193548
18700,0.193548
18701,0.16129
18702,0.16129
18703,0.16129
18704,0.16129
18705,0.16129
18706,0.16129
18707,0.16129
18708,0.16129
18709,0.16129
18710,0.258065
18711,0.387097
18712,0.322581
18713,0.516129
18714,0.419355
18715,0.483871
18716,0.419355
18717,0.483871
18718,0.419355
18719,0.483871
18720,0.419355
18721,0.483871
18722,0.419355
18723,0.483871
18724,0.419355
18725,0.483871
18726,0.419355
18727,0.483871
18728,0.419355
18729,0.483871
18730,0.419355
18731,0.483871
18732,0.483871
18733,0.483871
18734,0.483871
18735,0.483871
18736,0.483871
18737,0.483871
18738,0.483871
18739,0.483871
18740,0.483871
18741,0.322581
18742,0.677419
18743,0.322581
18744,0.548387
18745,0.419355
18746,0.516129
18747,0.451613
18748,0.516129
18749,0.290323
18750,0.677419
18751,0.322581
18752,0.548387
18753,0.419355
18754,0.516129
18755,0.451613
18756,0.516129
18757,0.451613
18758,0.516129
18759,0.451613
18760,0.516129
18761,0.580645
18762,0.290323
18763,0.677419
18764,0.322581
18765,0.548387
18766,0.419355
18767,0.516129
18768,0.451613
18769,0.516129
18770,0.290323
18771,0.677419
18772,0.322581
18773,0.548387
18774,0.677419
18775,0.483871
18776,0.870968
18777,0.419355
18778,0.870968
18779,0.354839
18780,0.903226
18781,0.419355
18782,0.870968
18783,0.387097
18784,0.806452
18785,0.516129
18786,0.774194
18787,0.354839
18788,0.903226
18789,0.419355
18790,0.870968
18791,0.419355
18792,0.870968
18793,0.419355
18794,0.870968
18795,0.419355
18796,0.870968
18797,0.419355
18798,0.870968
18799,0.419355
18800,0.870968
18801,0.387097
18802,0.548387
18803,0.774194
18804,0.419355
18805,0.870968
18806,0.419355
18807,0.870968
18808,0.387097
18809,0.548387
18810,0.774194
18811,0.387097
18812,0.806452
18813,0.354839
18814,0.806452
18815,0.354839
18816,0.516129
18817,0.419355
18818,0.548387
18819,0.419355
18820,0.548387
18821,0.419355
18822,0.548387
18823,0.419355
18824,0.548387
18825,0.290323
18826,0.677419
18827,0.290323
18828,0.677419
18829,0.258065
18830,0.258065
18831,0.612903
18832,0.322581
18833,0.612903
18834,0.322581
18835,0.612903
18836,0.322581
18837,0.612903
18838,0.290323
18839,0.612903
18840,0.290323
18841,0.612903
18842,0.290323
18843,0.612903
18844,0.322581
18845,0.612903
18846,0.322581
18847,0.612903
18848,0.322581
18849,0.612903
18850,0.322581
18851,0.612903
18852,0.322581
18853,0.612903
18854,0.322581
18855,0.612903
18856,0.290323
18857,0.612903
18858,0.322581
18859,0.612903
18860,0.322581
18861,0.612903
18862,0.322581
18863,0.612903
18864,0.322581
18865,0.612903
18866,0.322581
18867,0.612903
18868,0.322581
18869,0.580645
18870,0.387097
18871,0.612903
18872,0.322581
18873,0.612903
18874,0.322581
18875,0.580645
18876,0.354839
18877,0.741935
18878,0.387097
18879,0.548387
18880,0.419355
18881,0.516129
18882,0.322581
18883,0.580645
18884,0.354839
18885,0.548387
18886,0.387097
18887,0.387097
18888,0.419355
18889,0.774194
18890,0.483871
18891,0.419355
18892,0.516129
18893,0.709677
18894,0.322581
18895,0.612903
18896,0.387097
18897,0.612903
18898,0.290323
18899,0.612903
18900,0.354839
18901,0.612903
18902,0.709677
18903,0.548387
18904,0.774194
18905,0.483871
18906,0.612903
18907,0.451613
18908,0.645161
18909,0.677419
18910,0.354839
18911,0.741935
18912,0.387097
18913,0.741935
18914,0.419355
18915,0.870968
18916,0.290323
18917,0.612903
18918,0.322581
18919,0.612903
18920,0.354839
18921,0.741935
18922,0.322581
18923,0.612903
18924,0.387097
18925,0.612903
18926,0.387097
18927,0.870968
18928,0.322581
18929,0.612903
18930,0.967742
18931,0.967742
18932,0.354839
18933,0.741935
18934,0.387097
18935,0.870968
18936,0.516129
18937,0.806452
18938,0.516129
18939,0.806452
18940,0.387097
18941,0.870968
18942,0.483871
18943,0.419355
18944,0.516129
18945,0.451613
18946,0.548387
18947,0.741935
18948,0.516129
18949,0.419355
18950,0.870968
18951,0.483871
18952,0.419355
18953,0.516129
18954,0.580645
18955,0.354839
18956,0.870968
18957,0.483871
18958,0.419355
18959,0.516129
18960,0.709677
18961,0.516129
18962,0.354839
18963,0.612903
18964,0.483871
18965,0.677419
18966,0.677419
18967,0.612903
18968,0.935484
18969,0.354839
18970,0.903226
18971,0.387097
18972,0.935484
18973,0.935484
18974,0.741935
18975,0.225806
18976,0.258065
18977,0.677419
18978,0.935484
18979,0.354839
18980,0.870968
18981,0.903226
18982,0.903226
18983,0.903226
18984,0.903226
18985,0.258065
18986,0.806452
18987,0.967742
18988,0.677419
18989,0.580645
18990,0.258065
18991,0.967742
18992,0.806452
18993,0.645161
18994,0.322581
18995,1
18996,0.774194
18997,0.290323
18998,0.967742
18999,1
19000,0.903226
19001,0.290323
19002,0.580645
19003,0.290323
19004,0.580645
19005,0.290323
19006,0.580645
19007,0.903226
19008,1
19009,1
19010,1
19011,1
19012,1
19013,1
19014,1
19015,0.677419
19016,0.387097
19017,0.967742
19018,1
19019,0.709677
19020,0.258065
19021,0.354839
19022,0.290323
19023,0.322581
19024,0.83871
19025,0.677419
19026,0.741935
19027,0.645161
19028,0.387097
19029,0.580645
19030,0.645161
19031,0.677419
19032,0.290323
19033,0.612903
19034,0.354839
19035,0.612903
19036,0.83871
19037,0.967742
19038,0.322581
19039,0.612903
19040,0.387097
19041,0.612903
19042,0.387097
19043,0.612903
19044,0.387097
19045,0.612903
19046,0.290323
19047,0.612903
19048,0.322581
19049,0.612903
19050,0.354839
19051,0.612903
19052,0.387097
19053,0.612903
19054,0.387097
19055,0.612903
19056,0.354839
19057,0.612903
19058,0.290323
19059,0.612903
19060,0.290323
19061,0.612903
19062,0.290323
19063,0.612903
19064,0.290323
19065,0.612903
19066,0.290323
19067,0.612903
19068,0.290323
19069,0.612903
19070,0.290323
19071,0.612903
19072,0.290323
19073,0.612903
19074,0.290323
19075,0.612903
19076,0.290323
19077,0.612903
19078,0.322581
19079,0.612903
19080,0.612903
19081,0.354839
19082,0.870968
19083,0.419355
19084,0.806452
19085,0.354839
19086,0.741935
19087,0.387097
19088,0.741935
19089,0.387097
19090,0.741935
19091,0.387097
19092,0.741935
19093,0.580645
19094,0.516129
19095,0.645161
19096,0.419355
19097,0.677419
19098,0.387097
19099,0.741935
19100,0.387097
19101,0.741935
19102,0.387097
19103,0.741935
19104,0.387097
19105,0.741935
19106,0.387097
19107,0.741935
19108,0.387097
19109,0.870968
19110,0.935484
19111,0.419355
19112,0.870968
19113,0.516129
19114,0.806452
19115,0.516129
19116,0.806452
19117,0.483871
19118,0.806452
19119,0.322581
19120,0.612903
19121,0.483871
19122,0.83871
19123,0.483871
19124,0.645161
19125,0.612903
19126,0.741935
19127,0.516129
19128,0.806452
19129,0.516129
19130,0.806452
19131,0.516129
19132,0.806452
19133,0.516129
19134,0.806452
19135,0.516129
19136,0.806452
19137,0.483871
19138,0.612903
19139,0.451613
19140,0.645161
19141,0.451613
19142,1
19143,0.645161
19144,0.709677
19145,0.967742
19146,1
19147,1
19148,0.645161
19149,0.709677
19150,0.387097
19151,0.870968
19152,0.483871
19153,0.645161
19154,0.612903
19155,0.741935
19156,0.354839
19157,0.741935
19158,0.387097
19159,0.741935
19160,0.387097
19161,0.741935
19162,0.387097
19163,1
19164,1
19165,0.677419
19166,0.483871
19167,0.83871
19168,0.483871
19169,0.612903
19170,0.451613
19171,0.645161
19172,0.451613
19173,0.645161
19174,0.451613
19175,0.677419
19176,0.387097
19177,0.451613
19178,0.258065
19179,0.612903
19180,0.483871
19181,0.677419
19182,0.967742
19183,0.645161
19184,0.967742
19185,0.967742
19186,0.83871
19187,0.612903
19188,0.580645
19189,0.290323
19190,0.548387
19191,0.548387
19192,0.548387
19193,0.645161
19194,0.451613
19195,0.677419
19196,0.387097
19197,1
19198,0.806452
19199,0.193548
19200,0.193548
19201,0.193548
19202,0.193548
19203,0.258065
19204,0.387097
19205,0.677419
19206,0.967742
19207,0.709677
19208,0.16129
19209,0.16129
19210,0.16129
19211,0.16129
19212,0.16129
19213,0.0967742
19214,0.967742
19215,0.709677
19216,0.16129
19217,0.16129
19218,0.16129
19219,0.16129
19220,0.16129
19221,0.16129
19222,0.16129
19223,0.16129
19224,0.16129
19225,0.16129
19226,0.16129
19227,0.16129
19228,0.16129
19229,0.16129
19230,0.16129
19231,0.16129
19232,0.16129
19233,0.16129
19234,0.16129
19235,0.16129
19236,0.16129
19237,0.16129
19238,0.16129
19239,0.16129
19240,0.16129
19241,0.16129
19242,0.16129
19243,0.16129
19244,0.16129
19245,0.16129
19246,0.16129
19247,0.16129
19248,0.16129
19249,0.16129
19250,0.225806
19251,0.258065
19252,1
19253,0.419355
19254,0.16129
19255,0.16129
19256,0.16129
19257,0.16129
19258,0.16129
19259,0.16129
19260,0.16129
19261,0.16129
19262,0.193548
19263,0.16129
19264,0.16129
19265,0.16129
19266,0.16129
19267,0.16129
19268,0.16129
19269,0.16129
19270,0.16129
19271,0.16129
19272,0.0645161
19273,0.709677
19274,0.193548
19275,0.16129
19276,0.16129
19277,0.193548
19278,0.193548
19279,0.193548
19280,0.193548
19281,0.193548
19282,0.193548
19283,0.193548
19284,0.193548
19285,0.193548
19286,0.0967742
19287,0.741935
19288,1
19289,0.709677
19290,1
19291,0.645161
19292,0.967742
19293,0.709677
19294,1
19295,0.677419
19296,1
19297,0.709677
19298,0.225806
19299,0.16129
19300,1
19301,0.935484
19302,1
19303,0.935484
19304,1
19305,0.935484
19306,0.709677
19307,0.612903
19308,0.258065
19309,0.225806
19310,0.225806
19311,0.225806
19312,0.0967742
19313,0.548387
19314,0.548387
19315,1
19316,0.709677
19317,0.774194
19318,0.580645
19319,1
19320,0.935484
19321,0.709677
19322,0.225806
19323,0.225806
19324,0.225806
19325,0.16129
19326,1
19327,0.806452
19328,0.16129
19329,0.677419
19330,0.225806
19331,0.612903
19332,0.870968
19333,0.870968
19334,0.870968
19335,0.870968
19336,0.870968
19337,0.806452
19338,0.709677
19339,0.83871
19340,0.967742
19341,0.806452
19342,0.935484
19343,0.967742
19344,0.967742
19345,1
19346,0.645161
19347,1
19348,1
19349,0.967742
19350,0.580645
19351,1
19352,0.967742
19353,0.935484
19354,1
19355,0.903226
19356,0.870968
19357,0.709677
19358,0.967742
19359,0.903226
19360,0.935484
19361,0.903226
19362,0.967742
19363,0.903226
19364,0.935484
19365,0.903226
19366,1
19367,0.903226
19368,0.967742
19369,0.903226
19370,0.967742
19371,0.903226
19372,0.967742
19373,0.870968
19374,0.806452
19375,0.83871
19376,0.806452
19377,0.870968
19378,0.806452
19379,0.516129
19380,0.935484
19381,0.806452
19382,0.806452
19383,0.774194
19384,0.774194
19385,0.774194
19386,0.774194
19387,0.677419
19388,0.612903
19389,0.83871
19390,0.806452
19391,0.806452
19392,0.806452
19393,0.83871
19394,0.870968
19395,0.870968
19396,0.83871
19397,0.83871
19398,0.83871
19399,0.83871
19400,0.83871
19401,0.806452
19402,0.870968
19403,0.774194
19404,0.83871
19405,0.83871
19406,0.870968
19407,0.870968
19408,0.870968
19409,0.870968
19410,0.967742
19411,0.935484
19412,0.967742
19413,0.870968
19414,0.870968
19415,0.967742
19416,0.935484
19417,0.967742
19418,0.903226
19419,0.935484
19420,0.903226
19421,0.935484
19422,0.903226
19423,0.935484
19424,0.870968
19425,0.967742
19426,0.935484
19427,0.967742
19428,0.935484
19429,0.903226
19430,0.903226
19431,0.903226
19432,0.903226
19433,0.903226
19434,0.935484
19435,0.903226
19436,0.967742
19437,0.967742
19438,0.967742
19439,0.967742
19440,0.967742
19441,0.967742
19442,0.903226
19443,0.967742
19444,0.903226
19445,0.967742
19446,0.903226
19447,0.967742
19448,0.903226
19449,0.967742
19450,0.903226
19451,1
19452,0.967742
19453,0.935484
19454,0.967742
19455,1
19456,0.870968
19457,0.741935
19458,0.741935
19459,1
19460,0.774194
19461,0.870968
19462,0.806452
19463,0.806452
19464,0.806452
19465,0.774194
19466,0.774194
19467,0.774194
19468,0.741935
19469,0.774194
19470,0.806452
19471,0.83871
19472,0.83871
19473,0.870968
19474,0.83871
19475,0.870968
19476,0.870968
19477,0.83871
19478,0.903226
19479,0.83871
19480,0.935484
19481,0.935484
19482,0.935484
19483,0.967742
19484,0.935484
19485,1
19486,0.967742
19487,0.967742
19488,1
19489,1
19490,0.967742
19491,0.967742
19492,0.967742
19493,0.967742
19494,0.967742
19495,0.967742
19496,0.967742
19497,0.967742
19498,1
19499,0.967742
19500,0.967742
19501,0.967742
19502,0.967742
19503,0.935484
19504,0.967742
19505,0.967742
19506,0.967742
19507,0.967742
19508,0.967742
19509,0.967742
19510,0.967742
19511,0.967742
19512,0.967742
19513,0.967742
19514,1
19515,0.935484
19516,0.967742
19517,0.967742
19518,0.935484
19519,0.935484
19520,0.935484
19521,0.935484
19522,0.935484
19523,0.935484
19524,0.935484
19525,0.935484
19526,0.935484
19527,0.935484
19528,0.935484
19529,0.935484
19530,0.935484
19531,0.903226
19532,0.903226
19533,0.903226
19534,0.903226
19535,0.903226
19536,0.903226
19537,0.903226
19538,0.903226
19539,0.903226
19540,0.903226
19541,0.83871
19542,0.870968
19543,0.83871
19544,0.870968
19545,0.83871
19546,0.870968
19547,0.870968
19548,0.83871
19549,0.870968
19550,0.83871
19551,0.870968
19552,0.83871
19553,0.741935
19554,0.903226
19555,0.903226
19556,0.83871
19557,0.870968
19558,0.935484
19559,0.935484
19560,0.935484
19561,0.806452
19562,0.83871
19563,0.83871
19564,0.354839
19565,0.645161
19566,0.387097
19567,0.645161
19568,0.903226
19569,0.935484
19570,0.935484
19571,0.935484
19572,1
19573,0.935484
19574,0.967742
19575,0.967742
19576,0.967742
19577,0.516129
19578,0.83871
19579,0.967742
19580,0.935484
19581,0.935484
19582,0.935484
19583,0.967742
19584,0.935484
19585,0.967742
19586,0.903226
19587,1
19588,0.903226
19589,0.967742
19590,0.903226
19591,0.967742
19592,0.935484
19593,0.967742
19594,0.903226
19595,1
19596,0.870968
19597,1
19598,0.903226
19599,0.967742
19600,0.935484
19601,0.516129
19602,0.709677
19603,0.83871
19604,0.129032
19605,0.83871
19606,0.83871
19607,0.967742
19608,0.83871
19609,1
19610,0.709677
19611,1
19612,0.935484
19613,0.967742
19614,0.935484
19615,0.935484
19616,0.935484
19617,0.935484
19618,0.935484
19619,0.935484
19620,1
19621,1
19622,0.967742
19623,0.935484
19624,0.935484
19625,0.967742
19626,0.967742
19627,0.935484
19628,0.967742
19629,0.903226
19630,0.935484
19631,0.967742
19632,0.967742
19633,0.967742
19634,1
19635,0.83871
19636,0.83871
19637,0.935484
19638,0.806452
19639,0.806452
19640,0.806452
19641,0.806452
19642,0.806452
19643,0.83871
19644,0.903226
19645,0.774194
19646,0.935484
19647,0.935484
19648,0.935484
19649,0.935484
19650,0.935484
19651,0.935484
19652,0.935484
19653,0.935484
19654,0.935484
19655,0.935484
19656,0.935484
19657,0.935484
19658,0.903226
19659,0.774194
19660,0.806452
19661,0.709677
19662,0.741935
19663,0.741935
19664,0.741935
19665,0.709677
19666,0.741935
19667,0.709677
19668,0.516129
19669,0.935484
19670,0.580645
19671,0.967742
19672,0.612903
19673,0.935484
19674,0.483871
19675,0.741935
19676,0.483871
19677,0.741935
19678,0.225806
19679,0.322581
19680,0.741935
19681,0.354839
19682,0.354839
19683,0.741935
19684,0.419355
19685,0.580645
19686,0.354839
19687,0.83871
19688,0.354839
19689,0.903226
19690,0.258065
19691,0.193548
19692,0.83871
19693,1
19694,0.83871
19695,0.806452
19696,1
19697,0.967742
19698,1
19699,0.83871
19700,0.741935
19701,1
19702,1
19703,1
19704,1
19705,0.83871
19706,0.516129
19707,0.677419
19708,0.741935
19709,1
19710,1
19711,1
19712,1
19713,0.83871
19714,0.258065
19715,0.806452
19716,1
19717,1
19718,1
19719,0.967742
19720,0.967742
19721,0.967742
19722,0.967742
19723,0.967742
19724,0.935484
19725,0.419355
19726,0.741935
19727,0.967742
19728,0.258065
19729,0.354839
19730,0.774194
19731,1
19732,0.967742
19733,0.967742
19734,1
19735,1
19736,1
19737,1
19738,1
19739,1
19740,0.83871
19741,0.258065
19742,0.870968
19743,1
19744,1
19745,1
19746,0.870968
19747,0.225806
19748,0.387097
19749,0.419355
19750,0.387097
19751,0.354839
19752,0.903226
19753,1
19754,1
19755,0.935484
19756,0.354839
19757,0.580645
19758,0.387097
19759,1
19760,1
19761,1
19762,1
19763,1
19764,1
19765,1
19766,1
19767,0.935484
19768,0.387097
19769,0.419355
19770,0.419355
19771,0.580645
19772,0.387097
19773,1
19774,1
19775,0.967742
19776,0.419355
19777,0.612903
19778,0.483871
19779,0.516129
19780,0.354839
19781,0.806452
19782,0.741935
19783,0.806452
19784,0.903226
19785,0.387097
19786,0.612903
19787,0.387097
19788,0.451613
19789,0.580645
19790,0.322581
19791,1
19792,1
19793,1
19794,0.354839
19795,0.419355
19796,0.419355
19797,0.419355
19798,0.612903
19799,0.387097
19800,0.419355
19801,1
19802,0.967742
19803,0.322581
19804,0.387097
19805,0.580645
19806,0.419355
19807,0.580645
19808,0.387097
19809,0.612903
19810,0.483871
19811,0.516129
19812,0.451613
19813,0.516129
19814,0.903226
19815,1
19816,0.387097
19817,0.451613
19818,0.580645
19819,0.483871
19820,0.451613
19821,0.225806
19822,0.258065
19823,0.322581
19824,0.516129
19825,0.548387
19826,0.548387
19827,0.354839
19828,0.419355
19829,0.83871
19830,1
19831,0.677419
19832,0.516129
19833,0.612903
19834,0.483871
19835,0.967742
19836,0.935484
19837,0.612903
19838,0.322581
19839,0.580645
19840,0.83871
19841,0.774194
19842,0.419355
19843,0.322581
19844,0.387097
19845,0.387097
19846,0.354839
19847,0.322581
19848,0.387097
19849,0.354839
19850,0.322581
19851,0.322581
19852,0.354839
19853,0.387097
19854,0.354839
19855,0.322581
19856,0.322581
19857,0.322581
19858,0.258065
19859,0.870968
19860,0.967742
19861,0.322581
19862,0.806452
19863,0.967742
19864,0.935484
19865,0.290323
19866,0.516129
19867,0.354839
19868,0.322581
19869,0.580645
19870,0.322581
19871,0.580645
19872,0.387097
19873,0.451613
19874,0.387097
19875,0.387097
19876,0.387097
19877,0.354839
19878,0.387097
19879,0.451613
19880,0.387097
19881,0.548387
19882,0.322581
19883,0.354839
19884,0.387097
19885,0.387097
19886,0.387097
19887,0.419355
19888,0.387097
19889,0.387097
19890,0.387097
19891,0.387097
19892,0.387097
19893,0.387097
19894,0.387097
19895,0.354839
19896,0.322581
19897,0.322581
19898,0.322581
19899,0.354839
19900,0.322581
19901,0.322581
19902,0.322581
19903,0.322581
19904,0.354839
19905,0.387097
19906,0.354839
19907,0.354839
19908,0.322581
19909,0.354839
19910,0.354839
19911,0.354839
19912,0.354839
19913,0.354839
19914,0.354839
19915,0.354839
19916,0.354839
19917,0.354839
19918,0.354839
19919,0.354839
19920,0.354839
19921,0.322581
19922,0.354839
19923,0.354839
19924,0.354839
19925,0.354839
19926,0.354839
19927,0.354839
19928,0.354839
19929,0.354839
19930,0.354839
19931,0.354839
19932,0.354839
19933,0.354839
19934,0.354839
19935,0.354839
19936,0.354839
19937,0.387097
19938,0.387097
19939,0.354839
19940,0.419355
19941,0.419355
19942,0.419355
19943,0.451613
19944,0.419355
19945,0.419355
19946,0.290323
19947,0.709677
19948,0.354839
19949,0.387097
19950,0.258065
19951,0.83871
19952,0.419355
19953,0.225806
19954,0.290323
19955,0.322581
19956,0.193548
19957,0.225806
19958,0.290323
19959,0.322581
19960,0.322581
19961,0.322581
19962,0.290323
19963,0.225806
19964,0.290323
19965,0.258065
19966,0.290323
19967,0.354839
19968,0.387097
19969,0.225806
19970,0.258065
19971,0.258065
19972,0.258065
19973,0.258065
19974,0.258065
19975,0.258065
19976,0.258065
19977,0.258065
19978,0.258065
19979,0.258065
19980,0.290323
19981,0.322581
19982,0.548387
19983,0.290323
19984,0.548387
19985,0.290323
19986,0.548387
19987,0.290323
19988,0.483871
19989,0.290323
19990,0.548387
19991,0.290323
19992,0.516129
19993,0.225806
19994,0.322581
19995,0.516129
19996,0.225806
19997,0.290323
19998,0.322581
19999,0.548387
20000,0.290323
20001,0.516129
20002,0.258065
20003,0.290323
20004,0.516129
20005,0.290323
20006,0.451613
20007,0.290323
20008,0.419355
20009,0.225806
20010,0.258065
20011,0.258065
20012,0.258065
20013,0.258065
20014,0.258065
20015,0.258065
20016,0.290323
20017,0.419355
20018,0.225806
20019,0.290323
20020,0.225806
20021,0.290323
20022,0.225806
20023,0.258065
20024,0.16129
20025,0.16129
20026,0.225806
20027,0.451613
20028,0.129032
20029,0.16129
20030,0.16129
20031,0.16129
20032,0.16129
20033,0.16129
20034,0.16129
20035,0.129032
20036,0.129032
20037,0.193548
20038,0.258065
20039,0.16129
20040,0.16129
20041,0.193548
20042,0.290323
20043,0.225806
20044,0.258065
20045,0.16129
20046,0.16129
20047,0.16129
20048,0.16129
20049,0.16129
20050,0.129032
20051,0.16129
20052,0.16129
20053,0.16129
20054,0.16129
20055,0.16129
20056,0.193548
20057,0.290323
20058,0.193548
20059,0.16129
20060,0.16129
20061,0.129032
20062,0.16129
20063,0.16129
20064,0.16129
20065,0.193548
20066,0.290323
20067,0.225806
20068,0.258065
20069,0.193548
20070,0.258065
20071,0.290323
20072,0.290323
20073,0.290323
20074,0.290323
20075,0.290323
20076,0.290323
20077,0.290323
20078,0.290323
20079,0.290323
20080,0.290323
20081,0.290323
20082,0.290323
20083,0.290323
20084,0.193548
20085,0.612903
20086,1
20087,0.225806
20088,0.225806
20089,0.290323
20090,0.290323
20091,0.290323
20092,0.290323
20093,0.290323
20094,0.225806
20095,0.548387
20096,0.967742
20097,0.258065
20098,0.354839
20099,0.290323
20100,0.225806
20101,0.225806
20102,0.225806
20103,0.225806
20104,0.225806
20105,0.225806
20106,0.225806
20107,0.225806
20108,0.193548
20109,0.225806
20110,0.225806
20111,0.225806
20112,0.225806
20113,0.225806
20114,0.225806
20115,0.225806
20116,0.225806
20117,0.225806
20118,0.225806
20119,0.225806
20120,0.225806
20121,0.225806
20122,0.225806
20123,0.225806
20124,0.225806
20125,0.225806
20126,0.225806
20127,0.225806
20128,0.0967742
20129,0.225806
20130,0.225806
20131,0.225806
20132,0.225806
20133,0.258065
20134,0.387097
20135,0.290323
20136,0.387097
20137,0.451613
20138,0.451613
20139,0.451613
20140,0.709677
20141,0.387097
20142,0.806452
20143,0.645161
20144,0.580645
20145,0.580645
20146,0.354839
20147,0.677419
20148,0.419355
20149,0.612903
20150,0.516129
20151,0.548387
20152,0.516129
20153,0.548387
20154,0.774194
20155,0.967742
20156,0.935484
20157,0.935484
20158,0.870968
20159,0.290323
20160,0.451613
20161,0.419355
20162,0.258065
20163,0.709677
20164,0.967742
20165,0.903226
20166,0.903226
20167,0.258065
20168,0.483871
20169,0.967742
20170,0.741935
20171,0.774194
20172,0.741935
20173,0.774194
20174,0.741935
20175,0.774194
20176,0.741935
20177,0.774194
20178,0.741935
20179,0.774194
20180,0.83871
20181,0.935484
20182,0.903226
20183,0.935484
20184,0.903226
20185,0.870968
20186,0.677419
20187,0.451613
20188,0.967742
20189,0.870968
20190,0.806452
20191,0.870968
20192,0.870968
20193,0.548387
20194,0.419355
20195,0.870968
20196,0.580645
20197,1
20198,0.741935
20199,0.903226
20200,0.806452
20201,0.870968
20202,0.612903
20203,0.580645
20204,1
20205,0.967742
20206,0.548387
20207,0.903226
20208,0.677419
20209,0.516129
20210,0.193548
20211,0.193548
20212,0.193548
20213,0.193548
20214,0.193548
20215,0.193548
20216,0.193548
20217,0.612903
20218,1
20219,0.870968
20220,0.935484
20221,0.870968
20222,0.935484
20223,0.870968
20224,0.935484
20225,0.580645
20226,0.193548
20227,0.193548
20228,0.645161
20229,0.967742
20230,0.967742
20231,0.612903
20232,0.193548
20233,0.193548
20234,0.193548
20235,0.677419
20236,1
20237,0.935484
20238,0.935484
20239,0.935484
20240,0.967742
20241,0.612903
20242,0.193548
20243,0.612903
20244,0.967742
20245,0.612903
20246,0.193548
20247,0.193548
20248,0.193548
20249,0.193548
20250,0.193548
20251,0.193548
20252,0.193548
20253,0.193548
20254,0.193548
20255,0.193548
20256,0.193548
20257,0.193548
20258,0.516129
20259,0.806452
20260,0.193548
20261,0.193548
20262,0.193548
20263,0.193548
20264,0.193548
20265,0.193548
20266,0.193548
20267,0.193548
20268,0.193548
20269,0.193548
20270,0.193548
20271,0.193548
20272,0.193548
20273,0.193548
20274,0.193548
20275,0.193548
20276,0.193548
20277,0.193548
20278,0.193548
20279,0.193548
20280,0.258065
20281,0.516129
20282,0.322581
20283,0.483871
20284,0.322581
20285,0.483871
20286,0.322581
20287,0.483871
20288,0.322581
20289,0.483871
20290,0.322581
20291,0.483871
20292,0.322581
20293,0.225806
20294,0.322581
20295,0.258065
20296,0.516129
20297,0.258065
20298,0.516129
20299,0.225806
20300,0.225806
20301,0.322581
20302,0.225806
20303,0.322581
20304,0.225806
20305,0.322581
20306,0.225806
20307,0.322581
20308,0.225806
20309,0.322581
20310,0.225806
20311,0.322581
20312,0.225806
20313,0.225806
20314,0.225806
20315,0.322581
20316,0.258065
20317,0.258065
20318,0.258065
20319,0.258065
20320,0.258065
20321,0.258065
20322,0.258065
20323,0.258065
20324,0.258065
20325,0.258065
20326,0.258065
20327,0.258065
20328,0.258065
20329,0.258065
20330,0.258065
20331,0.258065
20332,0.258065
20333,0.258065
20334,0.258065
20335,0.225806
20336,0.225806
20337,0.258065
20338,0.258065
20339,0.258065
20340,0.258065
20341,0.258065
20342,0.258065
20343,0.258065
20344,0.258065
20345,0.258065
20346,0.258065
20347,0.258065
20348,0.258065
20349,0.258065
20350,0.258065
20351,0.258065
20352,0.258065
20353,0.258065
20354,0.258065
20355,0.322581
20356,0.225806
20357,0.645161
20358,0.645161
20359,0.258065
20360,0.322581
20361,0.290323
20362,0.354839
20363,0.322581
20364,0.354839
20365,0.354839
20366,0.290323
20367,0.322581
20368,0.258065
20369,0.612903
20370,0.709677
20371,0.258065
20372,0.258065
20373,0.225806
20374,0.290323
20375,0.322581
20376,0.322581
20377,0.322581
20378,0.322581
20379,0.322581
20380,0.387097
20381,0.322581
20382,1
20383,0.903226
20384,0.290323
20385,0.419355
20386,0.387097
20387,0.387097
20388,0.387097
20389,0.322581
20390,0.290323
20391,0.967742
20392,1
20393,0.870968
20394,0.258065
20395,0.322581
20396,0.322581
20397,0.290323
20398,0.967742
20399,0.967742
20400,0.258065
20401,0.290323
20402,0.290323
20403,0.290323
20404,0.290323
20405,0.290323
20406,0.290323
20407,0.290323
20408,0.290323
20409,0.290323
20410,0.290323
20411,0.290323
20412,0.258065
20413,0.258065
20414,0.258065
20415,0.612903
20416,1
20417,0.935484
20418,0.774194
20419,0.967742
20420,0.258065
20421,0.193548
20422,0.193548
20423,0.193548
20424,0.193548
20425,0.193548
20426,0.193548
20427,0.193548
20428,0.193548
20429,0.193548
20430,0.419355
20431,1
20432,1
20433,0.612903
20434,1
20435,1
20436,0.806452
20437,1
20438,0.967742
20439,0.774194
20440,0.774194
20441,0.741935
20442,0.709677
20443,0.774194
20444,0.83871
20445,0.709677
20446,0.548387
20447,0.258065
20448,0.806452
20449,1
20450,1
20451,0.935484
20452,0.774194
20453,0.935484
20454,0.903226
20455,0.741935
20456,0.903226
20457,0.806452
20458,0.741935
20459,0.967742
20460,0.806452
20461,0.935484
20462,0.806452
20463,0.935484
20464,0.806452
20465,1
20466,0.806452
20467,0.967742
20468,0.870968
20469,0.967742
20470,0.935484
20471,1
20472,0.935484
20473,1
20474,0.967742
20475,0.903226
20476,0.548387
20477,0.741935
20478,0.870968
20479,0.870968
20480,0.806452
20481,0.741935
20482,0.774194
20483,0.806452
20484,0.806452
20485,0.451613
20486,0.774194
20487,0.83871
20488,0.806452
20489,0.677419
20490,0.83871
20491,0.774194
20492,0.516129
20493,1
20494,1
20495,1
20496,0.967742
20497,0.967742
20498,0.967742
20499,0.935484
20500,0.967742
20501,0.935484
20502,0.935484
20503,0.935484
20504,0.935484
20505,0.935484
20506,0.935484
20507,0.967742
20508,0.967742
20509,0.967742
20510,0.935484
20511,0.967742
20512,0.967742
20513,0.967742
20514,0.967742
20515,0.483871
20516,0.806452
20517,0.967742
20518,0.967742
20519,0.483871
20520,0.967742
20521,1
20522,1
20523,1
20524,1
20525,1
20526,1
20527,1
20528,1
20529,1
20530,1
20531,1
20532,1
20533,1
20534,1
20535,1
20536,0.903226
20537,1
20538,1
20539,1
20540,1
20541,1
20542,1
20543,1
20544,1
20545,0.967742
20546,0.903226
20547,1
20548,1
20549,1
20550,1
20551,0.967742
20552,0.193548
20553,0.903226
20554,1
20555,0.258065
20556,0.290323
20557,0.290323
20558,0.290323
20559,0.354839
20560,0.290323
20561,0.967742
20562,1
20563,1
20564,1
20565,0.967742
20566,0.903226
20567,1
20568,0.290323
20569,0.354839
20570,0.354839
20571,0.290323
20572,0.967742
20573,1
20574,1
20575,0.903226
20576,1
20577,0.290323
20578,0.387097
20579,0.322581
20580,0.225806
20581,0.258065
20582,0.258065
20583,0.225806
20584,0.193548
20585,0.193548
20586,0
20587,0.322581
20588,0.290323
20589,0.258065
20590,0.258065
20591,0.322581
20592,0.258065
20593,0.290323
20594,0.290323
20595,0.225806
20596,0.225806
20597,0.225806
20598,0.322581
20599,0.225806
20600,0.387097
20601,0.387097
20602,0.322581
20603,0.322581
20604,0.258065
20605,0.290323
20606,0.290323
20607,0.354839
20608,0.451613
20609,0.354839
20610,0.419355
20611,0.322581
20612,0.387097
20613,0.387097
20614,0.387097
20615,0.451613
20616,0.322581
20617,0.322581
20618,0.419355
20619,0.354839
20620,0.419355
20621,0.387097
20622,0.419355
20623,0.387097
20624,0.419355
20625,0.483871
20626,0.387097
20627,0.354839
20628,0.387097
20629,0.419355
20630,0.419355
20631,0.419355
20632,0.419355
20633,0.451613
20634,0.516129
20635,0.483871
20636,0.387097
20637,0.419355
20638,0.419355
20639,0.419355
20640,0.419355
20641,0.870968
20642,0.741935
20643,0.322581
20644,0.419355
20645,0.419355
20646,0.451613
20647,0.516129
20648,0.483871
20649,0.387097
20650,0.419355
20651,0.612903
20652,0.387097
20653,0.419355
20654,0.419355
20655,0.419355
20656,0.451613
20657,0.451613
20658,0.387097
20659,0.419355
20660,0.419355
20661,0.451613
20662,0.451613
20663,0.451613
20664,0.419355
20665,0.451613
20666,0.451613
20667,0.387097
20668,0.419355
20669,0.387097
20670,0.419355
20671,0.419355
20672,0.387097
20673,0.419355
20674,0.451613
20675,0.451613
20676,0.451613
20677,0.451613
20678,0.451613
20679,0.451613
20680,0.451613
20681,0.451613
20682,0.451613
20683,0.419355
20684,0.419355
20685,0.419355
20686,0.419355
20687,0.451613
20688,0.451613
20689,0.451613
20690,0.387097
20691,0.419355
20692,0.387097
20693,0.451613
20694,0.451613
20695,0.451613
20696,0.451613
20697,0.451613
20698,0.419355
20699,0.451613
20700,0.451613
20701,0.451613
20702,0.419355
20703,0.419355
20704,0.419355
20705,0.451613
20706,0.451613
20707,0.451613
20708,0.451613
20709,0.451613
20710,0.451613
20711,0.451613
20712,0.354839
20713,0.967742
20714,0.645161
20715,0.322581
20716,0.354839
20717,0.354839
20718,0.354839
20719,0.354839
20720,0.354839
20721,0.322581
20722,0.451613
20723,0.322581
20724,0.419355
20725,0.387097
20726,0.354839
20727,0.419355
20728,0.419355
20729,0.451613
20730,0.354839
20731,0.451613
20732,0.451613
20733,0.451613
20734,0.451613
20735,0.451613
20736,0.451613
20737,0.451613
20738,0.451613
20739,0.451613
20740,0.451613
20741,0.451613
20742,0.451613
20743,0.451613
20744,0.451613
20745,0.419355
20746,0.419355
20747,0.419355
20748,0.419355
20749,0.419355
20750,0.419355
20751,0.419355
20752,0.419355
20753,0.419355
20754,0.419355
20755,0.419355
20756,0.354839
20757,0.290323
20758,0.387097
20759,0.290323
20760,0.419355
20761,0.322581
20762,0.419355
20763,0.451613
20764,0.419355
20765,0.451613
20766,0.451613
20767,0.419355
20768,0.419355
20769,0.419355
20770,0.419355
20771,0.419355
20772,0.419355
20773,0.419355
20774,0.387097
20775,0.387097
20776,0.387097
20777,0.387097
20778,0.387097
20779,0.387097
20780,0.387097
20781,0.387097
20782,0.387097
20783,0.419355
20784,0.419355
20785,0.419355
20786,0.419355
20787,0.419355
20788,0.419355
20789,0.419355
20790,0.419355
20791,0.419355
20792,0.387097
20793,0.387097
20794,0.387097
20795,0.387097
20796,0.387097
20797,0.387097
20798,0.387097
20799,0.387097
20800,0.387097
20801,0.387097
20802,0.387097
20803,0.387097
20804,0.387097
20805,0.387097
20806,0.387097
20807,0.387097
20808,0.387097
20809,0.387097
20810,0.387097
20811,0.387097
20812,0.387097
20813,0.387097
20814,0.387097
20815,0.387097
20816,0.387097
20817,0.419355
20818,0.419355
20819,0.419355
20820,0.387097
20821,0.387097
20822,0.387097
20823,0.387097
20824,0.387097
20825,0.387097
20826,0.387097
20827,0.387097
20828,0.387097
20829,0.387097
20830,0.387097
20831,0.387097
20832,0.387097
20833,0.387097
20834,0.387097
20835,0.387097
20836,0.387097
20837,0.387097
20838,0.387097
20839,0.387097
20840,0.387097
20841,0.387097
20842,0.387097
20843,0.387097
20844,0.387097
20845,0.387097
20846,0.387097
20847,0.354839
20848,0.387097
20849,0.354839
20850,0.419355
20851,0.419355
20852,0.419355
20853,0.580645
20854,0.322581
20855,0.419355
20856,0.516129
20857,0.483871
20858,0.516129
20859,0.483871
20860,0.451613
20861,0.612903
20862,1
20863,0.322581
20864,0.709677
20865,0.387097
20866,0.645161
20867,0.419355
20868,0.548387
20869,0.354839
20870,0.548387
20871,0.387097
20872,0.548387
20873,0.258065
20874,0.612903
20875,0.225806
20876,0.193548
20877,0.290323
20878,0.419355
20879,0.387097
20880,0.322581
20881,0.290323
20882,0.387097
20883,0.419355
20884,0.387097
20885,0.290323
20886,0.290323
20887,0.290323
20888,0.290323
20889,0.387097
20890,0.322581
20891,0.322581
20892,0.387097
20893,0.387097
20894,0.387097
20895,0.387097
20896,0.709677
20897,0.322581
20898,0.709677
20899,0.354839
20900,0.709677
20901,0.387097
20902,0.870968
20903,0.354839
20904,0.870968
20905,0.354839
20906,0.870968
20907,0.354839
20908,0.870968
20909,0.354839
20910,0.870968
20911,0.354839
20912,0.870968
20913,0.354839
20914,0.709677
20915,0.387097
20916,0.870968
20917,0.354839
20918,0.709677
20919,0.516129
20920,0.677419
20921,0.387097
20922,0.806452
20923,0.354839
20924,0.870968
20925,0.354839
20926,0.870968
20927,0.354839
20928,0.870968
20929,0.354839
20930,0.870968
20931,0.354839
20932,0.870968
20933,0.354839
20934,0.870968
20935,0.354839
20936,0.870968
20937,0.354839
20938,0.870968
20939,0.354839
20940,0.612903
20941,0.387097
20942,0.612903
20943,0.387097
20944,0.612903
20945,0.387097
20946,0.612903
20947,0.387097
20948,0.612903
20949,0.387097
20950,0.612903
20951,0.387097
20952,0.290323
20953,0.709677
20954,0.290323
20955,0.709677
20956,0.258065
20957,0.451613
20958,0.290323
20959,0.709677
20960,0.290323
20961,0.709677
20962,0.322581
20963,0.612903
20964,0.516129
20965,0.935484
20966,0.935484
20967,0.741935
20968,0.290323
20969,0.451613
20970,0.419355
20971,0.451613
20972,0.419355
20973,0.354839
20974,0.516129
20975,0.419355
20976,0.516129
20977,0.419355
20978,0.451613
20979,0.354839
20980,0.451613
20981,0.354839
20982,0.774194
20983,0.83871
20984,0.548387
20985,0.419355
20986,0.548387
20987,0.451613
20988,0.548387
20989,0.451613
20990,0.548387
20991,0.451613
20992,0.548387
20993,0.451613
20994,0.548387
20995,0.451613
20996,0.548387
20997,0.451613
20998,0.548387
20999,0.451613
21000,0.548387
21001,0.451613
21002,0.548387
21003,0.354839
21004,0.967742
21005,0.903226
21006,0.645161
21007,0.419355
21008,0.741935
21009,0.677419
21010,0.806452
21011,0.290323
21012,0.709677
21013,0.354839
21014,0.774194
21015,0.354839
21016,0.774194
21017,0.354839
21018,0.774194
21019,0.354839
21020,0.774194
21021,0.580645
21022,0.806452
21023,0.290323
21024,0.709677
21025,0.290323
21026,0.709677
21027,0.290323
21028,0.709677
21029,0.290323
21030,0.709677
21031,0.290323
21032,0.709677
21033,0.290323
21034,0.516129
21035,0.451613
21036,0.483871
21037,0.451613
21038,0.483871
21039,0.419355
21040,0.483871
21041,0.419355
21042,0.548387
21043,0.451613
21044,0.483871
21045,0.419355
21046,0.483871
21047,0.483871
21048,0.580645
21049,0.419355
21050,0.645161
21051,0.354839
21052,0.709677
21053,0.354839
21054,0.709677
21055,0.354839
21056,0.709677
21057,0.354839
21058,0.709677
21059,0.354839
21060,0.709677
21061,0.354839
21062,0.709677
21063,0.354839
21064,0.709677
21065,0.354839
21066,0.83871
21067,0.354839
21068,0.83871
21069,0.354839
21070,0.83871
21071,0.354839
21072,0.83871
21073,0.354839
21074,0.83871
21075,0.354839
21076,0.83871
21077,0.354839
21078,0.83871
21079,0.354839
21080,0.83871
21081,0.354839
21082,0.83871
21083,0.322581
21084,0.677419
21085,0.483871
21086,0.580645
21087,0.419355
21088,0.548387
21089,0.387097
21090,0.83871
21091,0.322581
21092,0.677419
21093,0.290323
21094,0.709677
21095,0.290323
21096,0.709677
21097,0.290323
21098,0.709677
21099,0.290323
21100,0.709677
21101,0.290323
21102,0.258065
21103,0.322581
21104,0.354839
21105,0.322581
21106,0.322581
21107,0.322581
21108,0.322581
21109,0.322581
21110,0.322581
21111,0.322581
21112,0.322581
21113,0.322581
21114,0.322581
21115,0.322581
21116,0.322581
21117,0.322581
21118,0.322581
21119,0.322581
21120,0.322581
21121,0.322581
21122,0.322581
21123,0.322581
21124,0.322581
21125,0.322581
21126,0.322581
21127,0.322581
21128,0.322581
21129,0.322581
21130,0.322581
21131,0.322581
21132,0.322581
21133,0.322581
21134,0.322581
21135,0.322581
21136,0.322581
21137,0.322581
21138,0.322581
21139,0.322581
21140,0.322581
21141,0.290323
21142,0.354839
21143,0.322581
21144,0.322581
21145,0.322581
21146,0.322581
21147,0.354839
21148,0.322581
21149,0.290323
21150,0.290323
21151,0.322581
21152,0.387097
21153,0.322581
21154,0.387097
21155,0.419355
21156,0.419355
21157,0.322581
21158,0.387097
21159,0.419355
21160,0.419355
21161,0.419355
21162,0.419355
21163,0.419355
21164,0.419355
21165,0.419355
21166,0.419355
21167,0.419355
21168,0.419355
21169,0.419355
21170,0.419355
21171,0.419355
21172,0.967742
21173,1
21174,0.806452
21175,0.419355
21176,0.612903
21177,0.419355
21178,0.612903
21179,0.387097
21180,0.419355
21181,0.419355
21182,0.419355
21183,0.419355
21184,0.419355
21185,0.419355
21186,0.419355
21187,0.419355
21188,0.419355
21189,0.419355
21190,0.419355
21191,0.258065
21192,0.193548
21193,0.258065
21194,0.354839
21195,0.258065
21196,0.16129
21197,0.225806
21198,0.354839
21199,0.387097
21200,0.387097
21201,0.354839
21202,0.967742
21203,0.935484
21204,0.16129
21205,0.16129
21206,0.16129
21207,0.16129
21208,0.258065
21209,0.387097
21210,0.419355
21211,0.967742
21212,1
21213,0.225806
21214,1
21215,1
21216,0.354839
21217,0.419355
21218,0.419355
21219,0.258065
21220,0.16129
21221,0.16129
21222,0.16129
21223,0.16129
21224,0.16129
21225,0.16129
21226,0.16129
21227,0.16129
21228,0.16129
21229,0.16129
21230,0.16129
21231,0.16129
21232,0.16129
21233,0.16129
21234,0.16129
21235,0.774194
21236,0.935484
21237,0.967742
21238,0.967742
21239,0.645161
21240,0.16129
21241,0.16129
21242,0.16129
21243,0.16129
21244,0.451613
21245,0.870968
21246,0.83871
21247,0.870968
21248,0.709677
21249,1
21250,0.967742
21251,0.741935
21252,1
21253,0.806452
21254,0.967742
21255,1
21256,0.935484
21257,0.645161
21258,0.967742
21259,1
21260,0.967742
21261,1
21262,0.967742
21263,1
21264,0.967742
21265,0.612903
21266,0.903226
21267,0.903226
21268,0.16129
21269,0.16129
21270,0.16129
21271,0.16129
21272,0.16129
21273,0.0322581
21274,0.903226
21275,0.709677
21276,0.16129
21277,0.16129
21278,0.16129
21279,0.0645161
21280,0.903226
21281,0.903226
21282,0.16129
21283,0.16129
21284,0.16129
21285,0.16129
21286,0.16129
21287,0.16129
21288,0.16129
21289,0.16129
21290,0.193548
21291,0.193548
21292,0.193548
21293,0.193548
21294,0.193548
21295,0.193548
21296,0.0967742
21297,0.870968
21298,0.967742
21299,0.16129
21300,0.16129
21301,0.16129
21302,0.16129
21303,0.16129
21304,0.16129
21305,0.16129
21306,0.16129
21307,0.225806
21308,0.258065
21309,0.903226
21310,0.903226
21311,0.193548
21312,0.193548
21313,0.193548
21314,0.193548
21315,0.193548
21316,0.193548
21317,0.193548
21318,0.193548
21319,0.193548
21320,0.193548
21321,0.225806
21322,0.322581
21323,0.322581
21324,0.322581
21325,0.322581
21326,0.322581
21327,0.322581
21328,0.322581
21329,0.322581
21330,0.322581
21331,0.290323
21332,0.870968
21333,0.967742
21334,0.387097
21335,0.677419
21336,0.612903
21337,0.677419
21338,0.677419
21339,0.290323
21340,0.322581
21341,0.322581
21342,0.322581
21343,0.290323
21344,0.870968
21345,0.709677
21346,0.290323
21347,0.354839
21348,0.612903
21349,0.322581
21350,0.354839
21351,0.967742
21352,0.709677
21353,0.354839
21354,0.419355
21355,0.387097
21356,0.387097
21357,0.387097
21358,0.387097
21359,0.419355
21360,0.967742
21361,0.677419
21362,0.354839
21363,0.387097
21364,0.967742
21365,0.903226
21366,0.193548
21367,0.193548
21368,0.193548
21369,0.193548
21370,0.193548
21371,0.225806
21372,0.354839
21373,0.387097
21374,0.354839
21375,0.967742
21376,0.677419
21377,0.225806
21378,0.258065
21379,1
21380,0.903226
21381,0.16129
21382,0.16129
21383,0.16129
21384,0.16129
21385,0.16129
21386,0.16129
21387,0.16129
21388,0.16129
21389,0.16129
21390,0.16129
21391,0.16129
21392,0.16129
21393,0.16129
21394,0.16129
21395,0.16129
21396,0.16129
21397,0.16129
21398,0.16129
21399,0.16129
21400,0.16129
21401,0.16129
21402,0.16129
21403,0.16129
21404,0.16129
21405,0.16129
21406,0.16129
21407,0.16129
21408,0.16129
21409,0.16129
21410,0.16129
21411,0.16129
21412,0.16129
21413,0.0645161
21414,0.967742
21415,0.677419
21416,0.967742
21417,0.806452
21418,0.16129
21419,0.16129
21420,0.16129
21421,0.0645161
21422,0.967742
21423,0.677419
21424,0.129032
21425,0.967742
21426,1
21427,0.903226
21428,0.16129
21429,0.16129
21430,0.16129
21431,0.16129
21432,0.0645161
21433,0.967742
21434,1
21435,1
21436,0.83871
21437,0.0967742
21438,0.967742
21439,0.83871
21440,0.967742
21441,1
21442,1
21443,1
21444,1
21445,0.709677
21446,0.193548
21447,0.16129
21448,0.16129
21449,0.16129
21450,0.16129
21451,0.0645161
21452,0.967742
21453,1
21454,1
21455,1
21456,1
21457,1
21458,1
21459,1
21460,1
21461,1
21462,1
21463,1
21464,1
21465,1
21466,1
21467,1
21468,1
21469,1
21470,1
21471,1
21472,1
21473,1
21474,1
21475,1
21476,1
21477,1
21478,1
21479,1
21480,1
21481,1
21482,1
21483,1
21484,1
21485,1
21486,1
21487,0.870968
21488,1
21489,0.870968
21490,1
21491,0.870968
21492,0.225806
21493,0.870968
21494,1
21495,0.935484
21496,1
21497,0.935484
21498,1
21499,0.935484
21500,1
21501,0.935484
21502,0.935484
21503,1
21504,1
21505,1
21506,1
21507,0.935484
21508,1
21509,0.806452
21510,1
21511,0.83871
21512,1
21513,0.83871
21514,1
21515,0.967742
21516,0.16129
21517,0.709677
21518,1
21519,1
21520,0.967742
21521,1
21522,1
21523,1
21524,1
21525,1
21526,1
21527,1
21528,1
21529,0.741935
21530,0.83871
21531,0.516129
21532,0.83871
21533,0.516129
21534,0.83871
21535,0.516129
21536,0.548387
21537,1
21538,1
21539,1
21540,1
21541,1
21542,1
21543,1
21544,1
21545,1
21546,1
21547,1
21548,1
21549,1
21550,0.0967742
21551,0.451613
21552,1
21553,0.83871
21554,0.83871
21555,0.870968
21556,0.870968
21557,0.870968
21558,0.870968
21559,0.870968
21560,0.870968
21561,0.870968
21562,0.774194
21563,1
21564,0.548387
21565,1
21566,0.645161
21567,1
21568,0.741935
21569,1
21570,0.806452
21571,0.806452
21572,0.903226
21573,0.774194
21574,0.806452
21575,0.870968
21576,0.903226
21577,1
21578,1
21579,0.967742
21580,1
21581,0.870968
21582,0.935484
21583,1
21584,0.935484
21585,1
21586,0.935484
21587,1
21588,0.935484
21589,0.935484
21590,1
21591,0.935484
21592,0.967742
21593,0.903226
21594,0.967742
21595,0.903226
21596,0.935484
21597,0.903226
21598,0.935484
21599,0.903226
21600,0.935484
21601,0.83871
21602,0.83871
21603,0.806452
21604,0.83871
21605,0.83871
21606,0.83871
21607,0.806452
21608,0.774194
21609,0.741935
21610,0.83871
21611,0.83871
21612,0.83871
21613,0.774194
21614,0.806452
21615,0.83871
21616,0.83871
21617,0.83871
21618,0.83871
21619,0.83871
21620,0.870968
21621,0.83871
21622,0.870968
21623,0.83871
21624,0.83871
21625,0.83871
21626,0.870968
21627,0.903226
21628,0.903226
21629,0.83871
21630,0.83871
21631,0.83871
21632,0.83871
21633,0.870968
21634,0.83871
21635,0.83871
21636,0.83871
21637,0.83871
21638,0.83871
21639,0.83871
21640,0.83871
21641,0.774194
21642,0.806452
21643,0.870968
21644,0.806452
21645,0.83871
21646,0.83871
21647,0.83871
21648,0.806452
21649,0.83871
21650,0.870968
21651,0.83871
21652,0.870968
21653,0.870968
21654,0.870968
21655,0.83871
21656,0.870968
21657,0.83871
21658,0.83871
21659,0.870968
21660,0.83871
21661,0.83871
21662,0.83871
21663,0.935484
21664,0.83871
21665,0.935484
21666,0.774194
21667,0.774194
21668,0.870968
21669,0.870968
21670,0.903226
21671,0.83871
21672,0.83871
21673,0.903226
21674,0.83871
21675,0.870968
21676,0.83871
21677,0.870968
21678,0.967742
21679,0.677419
21680,0.709677
21681,0.870968
21682,0.709677
21683,0.645161
21684,0.774194
21685,0.516129
21686,0.741935
21687,0.612903
21688,1
21689,0.741935
21690,0.935484
21691,0.806452
21692,0.83871
21693,0.83871
21694,0.83871
21695,0.83871
21696,0.83871
21697,0.83871
21698,0.870968
21699,0.83871
21700,0.870968
21701,0.774194
21702,0.83871
21703,0.935484
21704,0.903226
21705,0.903226
21706,0.935484
21707,0.903226
21708,0.967742
21709,0.903226
21710,0.967742
21711,0.935484
21712,0.967742
21713,0.967742
21714,0.935484
21715,0.967742
21716,0.967742
21717,0.967742
21718,0.967742
21719,0.967742
21720,0.967742
21721,0.967742
21722,0.967742
21723,0.967742
21724,0.967742
21725,0.967742
21726,0.967742
21727,0.967742
21728,0.967742
21729,0.967742
21730,0.967742
21731,0.967742
21732,0.967742
21733,0.967742
21734,0.967742
21735,0.967742
21736,0.967742
21737,0.967742
21738,0.967742
21739,0.967742
21740,0.935484
21741,0.967742
21742,0.967742
21743,0.967742
21744,0.935484
21745,0.935484
21746,0.967742
21747,0.612903
21748,1
21749,0.935484
21750,0.967742
21751,0.967742
21752,0.967742
21753,0.967742
21754,0.967742
21755,0.967742
21756,0.967742
21757,0.967742
21758,0.967742
21759,0.967742
21760,0.967742
21761,0.967742
21762,0.967742
21763,0.935484
21764,0.935484
21765,0.903226
21766,0.0645161
21767,0.516129
21768,1
21769,0.935484
21770,0.677419
21771,0.451613
21772,0.967742
21773,0.935484
21774,0.870968
21775,0.709677
21776,0.935484
21777,0.806452
21778,0.870968
21779,0.83871
21780,0.935484
21781,0.967742
21782,0.935484
21783,0.741935
21784,0.935484
21785,0.870968
21786,0.935484
21787,0.870968
21788,0.870968
21789,0.903226
21790,0.967742
21791,0.870968
21792,0.935484
21793,0.967742
21794,1
21795,0.935484
21796,0.967742
21797,0.967742
21798,1
21799,1
21800,1
21801,1
21802,1
21803,1
21804,0.967742
21805,1
21806,0.645161
21807,0.806452
21808,0.870968
21809,0.16129
21810,0.16129
21811,0.16129
21812,0.16129
21813,0.16129
21814,0.16129
21815,0.16129
21816,0.16129
21817,0.16129
21818,0.129032
21819,0.709677
21820,0.806452
21821,0.16129
21822,0.16129
21823,0.16129
21824,0.16129
21825,0.16129
21826,0.16129
21827,0.16129
21828,0.16129
21829,0.16129
21830,0.16129
21831,0.16129
21832,0.16129
21833,0.16129
21834,0.16129
21835,0.16129
21836,0.16129
21837,0.16129
21838,0.16129
21839,0.16129
21840,0.16129
21841,0.16129
21842,0.16129
21843,0.16129
21844,0.16129
21845,0.16129
21846,0.16129
21847,0.16129
21848,0.16129
21849,0.16129
21850,0.16129
21851,0.16129
21852,0.16129
21853,0.16129
21854,0.16129
21855,0.16129
21856,0.16129
21857,0.193548
21858,0.193548
21859,0.16129
21860,0.225806
21861,0.451613
21862,0.483871
21863,0.483871
21864,0.483871
21865,0.483871
21866,0.225806
21867,0.193548
21868,0.193548
21869,0.193548
21870,0.193548
21871,0.193548
21872,0.193548
21873,0.193548
21874,0.322581
21875,0.870968
21876,0.903226
21877,0.354839
21878,0.709677
21879,0.419355
21880,0.709677
21881,0.419355
21882,0.709677
21883,0.419355
21884,0.516129
21885,0.483871
21886,0.483871
21887,0.483871
21888,0.483871
21889,0.483871
21890,0.483871
21891,0.483871
21892,0.483871
21893,0.612903
21894,0.483871
21895,0.612903
21896,0.483871
21897,0.612903
21898,0.483871
21899,0.483871
21900,0.387097
21901,0.645161
21902,0.387097
21903,0.419355
21904,0.483871
21905,0.419355
21906,0.451613
21907,0.419355
21908,0.483871
21909,0.419355
21910,0.483871
21911,0.419355
21912,0.258065
21913,0.322581
21914,0.354839
21915,0.322581
21916,0.548387
21917,0.322581
21918,0.548387
21919,0.322581
21920,0.548387
21921,0.322581
21922,0.548387
21923,0.322581
21924,0.548387
21925,0.322581
21926,0.548387
21927,0.322581
21928,0.548387
21929,0.322581
21930,0.548387
21931,0.322581
21932,0.548387
21933,0.322581
21934,0.322581
21935,0.548387
21936,0.322581
21937,0.548387
21938,0.322581
21939,0.322581
21940,0.322581
21941,0.548387
21942,0.322581
21943,0.548387
21944,0.322581
21945,0.548387
21946,0.322581
21947,0.548387
21948,0.322581
21949,0.548387
21950,0.322581
21951,0.548387
21952,0.322581
21953,0.548387
21954,0.322581
21955,0.548387
21956,0.322581
21957,0.516129
21958,0.290323
21959,0.548387
21960,0.322581
21961,0.516129
21962,0.258065
21963,0.322581
21964,0.290323
21965,0.322581
21966,0.548387
21967,0.290323
21968,0.516129
21969,0.322581
21970,0.483871
21971,0.258065
21972,0.387097
21973,0.387097
21974,0.419355
21975,0.387097
21976,0.419355
21977,0.354839
21978,0.419355
21979,0.290323
21980,0.548387
21981,0.322581
21982,0.322581
21983,0.290323
21984,0.548387
21985,0.354839
21986,0.419355
21987,0.419355
21988,0.387097
21989,0.451613
21990,0.354839
21991,0.419355
21992,0.387097
21993,0.419355
21994,0.387097
21995,0.419355
21996,0.387097
21997,0.419355
21998,0.387097
21999,0.354839
22000,0.483871
22001,0.354839
22002,0.419355
22003,0.387097
22004,0.419355
22005,0.387097
22006,0.419355
22007,0.354839
22008,0.387097
22009,0.387097
22010,0.387097
22011,0.387097
22012,0.290323
22013,0.322581
22014,0.387097
22015,0.354839
22016,0.354839
22017,0.354839
22018,0.354839
22019,0.354839
22020,0.354839
22021,0.387097
22022,0.419355
22023,0.451613
22024,0.516129
22025,0.354839
22026,0.451613
22027,0.258065
22028,0.322581
22029,0.290323
22030,0.354839
22031,0.516129
22032,0.354839
22033,0.387097
22034,0.387097
22035,0.290323
22036,0.354839
22037,0.322581
22038,0.516129
22039,0.290323
22040,0.580645
22041,0.258065
22042,0.580645
22043,0.645161
22044,0.580645
22045,0.419355
22046,0.483871
22047,0.290323
22048,0.193548
22049,0.709677
22050,0.935484
22051,0.354839
22052,0.709677
22053,0.387097
22054,0.709677
22055,0.387097
22056,0.677419
22057,0.387097
22058,0.612903
22059,0.451613
22060,0.83871
22061,0.645161
22062,0.387097
22063,0.419355
22064,0.419355
22065,0.419355
22066,0.387097
22067,0.967742
22068,0.967742
22069,0.354839
22070,0.354839
22071,0.354839
22072,0.354839
22073,0.354839
22074,0.354839
22075,0.354839
22076,0.354839
22077,0.387097
22078,0.354839
22079,0.387097
22080,0.354839
22081,0.354839
22082,0.290323
22083,0.354839
22084,0.354839
22085,0.387097
22086,0.354839
22087,0.387097
22088,0.322581
22089,0.580645
22090,0.354839
22091,0.451613
22092,0.516129
22093,0.548387
22094,0.741935
22095,0.580645
22096,0.741935
22097,0.580645
22098,0.741935
22099,0.612903
22100,0.677419
22101,0.580645
22102,0.645161
22103,0.516129
22104,0.677419
22105,0.387097
22106,0.354839
22107,0.387097
22108,0.354839
22109,0.387097
22110,0.354839
22111,0.387097
22112,0.354839
22113,0.387097
22114,0.354839
22115,0.387097
22116,0.516129
22117,0.387097
22118,0.516129
22119,0.354839
22120,0.354839
22121,0.354839
22122,0.354839
22123,0.354839
22124,0.354839
22125,0.354839
22126,0.354839
22127,0.354839
22128,0.354839
22129,0.354839
22130,0.354839
22131,0.354839
22132,0.354839
22133,0.354839
22134,0.354839
22135,0.354839
22136,0.354839
22137,0.354839
22138,0.354839
22139,0.354839
22140,0.354839
22141,0.354839
22142,0.354839
22143,0.354839
22144,0.354839
22145,0.354839
22146,0.387097
22147,0.387097
22148,0.387097
22149,0.387097
22150,0.354839
22151,0.354839
22152,0.354839
22153,0.354839
22154,0.354839
22155,0.354839
22156,0.354839
22157,0.354839
22158,0.387097
22159,0.387097
22160,0.387097
22161,0.387097
22162,0.419355
22163,0.387097
22164,0.387097
22165,0.580645
22166,0.419355
22167,0.419355
22168,0.419355
22169,0.516129
22170,0.483871
22171,0.516129
22172,0.483871
22173,0.516129
22174,0.354839
22175,0.387097
22176,0.419355
22177,0.419355
22178,0.419355
22179,0.419355
22180,0.419355
22181,0.419355
22182,0.387097
22183,0.354839
22184,0.387097
22185,0.419355
22186,0.419355
22187,0.483871
22188,0.419355
22189,0.483871
22190,0.387097
22191,0.387097
22192,0.419355
22193,0.419355
22194,0.419355
22195,0.419355
22196,0.419355
22197,0.419355
22198,0.419355
22199,0.419355
22200,0.419355
22201,0.419355
22202,0.419355
22203,0.419355
22204,0.419355
22205,0.419355
22206,0.516129
22207,0.419355
22208,0.419355
22209,0.419355
22210,0.419355
22211,0.419355
22212,0.419355
22213,0.419355
22214,0.419355
22215,0.419355
22216,0.419355
22217,0.419355
22218,0.419355
22219,0.451613
22220,0.451613
22221,0.451613
22222,0.451613
22223,0.451613
22224,0.451613
22225,0.451613
22226,0.419355
22227,0.451613
22228,0.451613
22229,0.419355
22230,0.387097
22231,0.387097
22232,0.387097
22233,0.387097
22234,0.387097
22235,0.387097
22236,0.387097
22237,0.387097
22238,0.387097
22239,0.387097
22240,0.387097
22241,0.387097
22242,0.387097
22243,0.387097
22244,0.387097
22245,0.387097
22246,0.387097
22247,0.419355
22248,0.387097
22249,0.419355
22250,0.419355
22251,0.419355
22252,0.419355
22253,0.419355
22254,0.419355
22255,0.419355
22256,0.419355
22257,0.419355
22258,0.419355
22259,0.419355
22260,0.419355
22261,0.419355
22262,0.419355
22263,0.419355
22264,0.419355
22265,0.419355
22266,0.419355
22267,0.419355
22268,0.419355
22269,0.419355
22270,0.419355
22271,0.387097
22272,0.387097
22273,0.387097
22274,0.387097
22275,0.387097
22276,0.387097
22277,0.387097
22278,0.387097
22279,0.354839
22280,0.354839
22281,0.419355
22282,0.387097
22283,0.387097
22284,0.387097
22285,0.387097
22286,0.387097
22287,0.354839
22288,0.387097
22289,0.387097
22290,0.387097
22291,0.387097
22292,0.387097
22293,0.387097
22294,0.387097
22295,0.387097
22296,0.387097
22297,0.387097
22298,0.258065
22299,1
22300,0.870968
22301,0.645161
22302,0.483871
22303,0.419355
22304,0.419355
22305,0.419355
22306,0.322581
22307,0.193548
22308,0.16129
22309,0.258065
22310,0.387097
22311,0.387097
22312,0.387097
22313,0.387097
22314,0.387097
22315,0.387097
22316,0.387097
22317,0.387097
22318,0.387097
22319,0.354839
22320,0.354839
22321,0.354839
22322,0.354839
22323,0.354839
22324,0.354839
22325,0.354839
22326,0.290323
22327,0.709677
22328,0.806452
22329,0.419355
22330,0.193548
22331,0.193548
22332,0.193548
22333,0.193548
22334,0.193548
22335,0.193548
22336,0.193548
22337,0.193548
22338,0.193548
22339,0.193548
22340,0.193548
22341,0.193548
22342,0.193548
22343,0.193548
22344,0.193548
22345,0.193548
22346,0.16129
22347,0.16129
22348,0.16129
22349,0.16129
22350,0.16129
22351,0.16129
22352,0.16129
22353,0.16129
22354,0.16129
22355,0.16129
22356,0.16129
22357,0.16129
22358,0.16129
22359,0.16129
22360,0.16129
22361,0.16129
22362,0.16129
22363,0.16129
22364,0.16129
22365,0.16129
22366,0.16129
22367,0.16129
22368,0.16129
22369,0.16129
22370,0.16129
22371,0.16129
22372,0.16129
22373,0.129032
22374,0.387097
22375,0.258065
22376,0.645161
22377,0.451613
22378,0.16129
22379,0.16129
22380,0.16129
22381,0.16129
22382,0.16129
22383,0.16129
22384,0.16129
22385,0.16129
22386,0.16129
22387,0.16129
22388,0.16129
22389,0.16129
22390,0.16129
22391,0.16129
22392,0.16129
22393,0.16129
22394,0.193548
22395,0.193548
22396,0.193548
22397,0.193548
22398,0.193548
22399,0.193548
22400,0.193548
22401,0.193548
22402,0.193548
22403,0.193548
22404,0.193548
22405,0.193548
22406,0.193548
22407,0.193548
22408,0.193548
22409,0.16129
22410,0.741935
22411,0.870968
22412,0.870968
22413,0.870968
22414,0.83871
22415,0.741935
22416,0.83871
22417,0.774194
22418,0.967742
22419,0.806452
22420,0.741935
22421,0.451613
22422,1
22423,0.741935
22424,0.83871
22425,0.967742
22426,1
22427,0.870968
22428,0.967742
22429,0.580645
22430,0.967742
22431,0.935484
22432,0.935484
22433,0.83871
22434,0.870968
22435,0.83871
22436,0.903226
22437,1
22438,0.709677
22439,0.967742
22440,0.548387
22441,1
22442,0.903226
22443,0.967742
22444,0.935484
22445,0.870968
22446,0.870968
22447,0.870968
22448,0.935484
22449,0.677419
22450,1
22451,0.645161
22452,0.935484
22453,0.870968
22454,0.870968
22455,0.870968
22456,0.870968
22457,0.774194
22458,0.83871
22459,0.806452
22460,0.741935
22461,0.741935
22462,0.774194
22463,0.709677
22464,0.774194
22465,0.806452
22466,0.741935
22467,0.806452
22468,0.806452
22469,0.774194
22470,0.83871
22471,0.83871
22472,0.806452
22473,0.806452
22474,0.806452
22475,0.806452
22476,0.83871
22477,0.741935
22478,0.548387
22479,0.870968
22480,0.774194
22481,0.806452
22482,0.806452
22483,0.806452
22484,0.774194
22485,0.806452
22486,0.806452
22487,0.806452
22488,0.806452
22489,0.806452
22490,0.806452
22491,0.806452
22492,0.806452
22493,0.806452
22494,0.774194
22495,0.806452
22496,0.806452
22497,0.741935
22498,0.548387
22499,0.870968
22500,0.774194
22501,0.774194
22502,0.709677
22503,0.774194
22504,0.709677
22505,0.774194
22506,0.741935
22507,0.354839
22508,0.903226
22509,0.83871
22510,0.709677
22511,0.774194
22512,0.741935
22513,0.806452
22514,0.83871
22515,0.806452
22516,0.806452
22517,0.870968
22518,0.870968
22519,0.83871
22520,0.741935
22521,0.580645
22522,0.935484
22523,0.322581
22524,0.516129
22525,0.967742
22526,0.645161
22527,0.612903
22528,1
22529,0.645161
22530,0.548387
22531,0.806452
22532,0.516129
22533,0.322581
22534,0.806452
22535,0.548387
22536,0.580645
22537,0.935484
22538,0.354839
22539,0.709677
22540,0.741935
22541,0.548387
22542,0.935484
22543,0.483871
22544,0.870968
22545,0.935484
22546,0.903226
22547,0.935484
22548,0.903226
22549,0.935484
22550,0.903226
22551,0.935484
22552,0.903226
22553,0.935484
22554,0.903226
22555,0.935484
22556,0.903226
22557,0.83871
22558,0.129032
22559,0.677419
22560,1
22561,0.903226
22562,0.935484
22563,0.870968
22564,0.935484
22565,0.903226
22566,0.967742
22567,0.83871
22568,0.16129
22569,0.677419
22570,1
22571,0.935484
22572,0.870968
22573,0.935484
22574,0.870968
22575,0.935484
22576,0.870968
22577,0.935484
22578,0.903226
22579,0.967742
22580,0.903226
22581,0.967742
22582,0.870968
22583,0.16129
22584,0.16129
22585,0.16129
22586,0.16129
22587,0.16129
22588,0.16129
22589,0.677419
22590,1
22591,0.903226
22592,0.967742
22593,0.967742
22594,0.967742
22595,0.967742
22596,0.83871
22597,0.645161
22598,0.967742
22599,0.903226
22600,0.967742
22601,0.903226
22602,0.935484
22603,0.935484
22604,0.612903
22605,0.967742
22606,0.83871
22607,0.612903
22608,0.967742
22609,0.612903
22610,0.967742
22611,0.903226
22612,0.967742
22613,0.903226
22614,0.967742
22615,0.903226
22616,0.967742
22617,0.903226
22618,0.967742
22619,0.870968
22620,0.967742
22621,0.935484
22622,0.967742
22623,0.935484
22624,0.935484
22625,0.967742
22626,0.870968
22627,0.967742
22628,0.870968
22629,0.967742
22630,0.870968
22631,0.83871
22632,0.870968
22633,0.903226
22634,0.935484
22635,0.903226
22636,0.967742
22637,0.741935
22638,0.774194
22639,0.935484
22640,0.903226
22641,0.903226
22642,0.935484
22643,0.903226
22644,0.870968
22645,0.870968
22646,0.870968
22647,1
22648,1
22649,0.967742
22650,0.967742
22651,1
22652,1
22653,0.967742
22654,0.967742
22655,0.967742
22656,0.967742
22657,0.967742
22658,1
22659,0.967742
22660,0.967742
22661,1
22662,0.967742
22663,1
22664,0.967742
22665,1
22666,0.967742
22667,1
22668,0.967742
22669,1
22670,0.967742
22671,1
22672,0.935484
22673,0.967742
22674,0.935484
22675,0.967742
22676,0.935484
22677,0.967742
22678,0.903226
22679,1
22680,0.741935
22681,0.967742
22682,0.806452
22683,1
22684,0.741935
22685,0.967742
22686,0.806452
22687,1
22688,0.741935
22689,1
22690,0.774194
22691,0.967742
22692,0.774194
22693,0.967742
22694,0.774194
22695,0.967742
22696,0.935484
22697,0.935484
22698,0.967742
22699,0.935484
22700,0.774194
22701,0.967742
22702,0.903226
22703,0.870968
22704,0.903226
22705,0.903226
22706,0.870968
22707,0.903226
22708,0.870968
22709,0.903226
22710,0.870968
22711,0.935484
22712,0.774194
22713,0.741935
22714,0.741935
22715,0.774194
22716,0.806452
22717,0.774194
22718,0.806452
22719,0.741935
22720,0.774194
22721,0.806452
22722,0.83871
22723,0.870968
22724,0.870968
22725,0.870968
22726,0.870968
22727,0.870968
22728,0.870968
22729,0.935484
22730,0.83871
22731,0.83871
22732,0.806452
22733,0.806452
22734,0.806452
22735,0.774194
22736,0.741935
22737,0.709677
22738,0.645161
22739,0.677419
22740,0.677419
22741,0.677419
22742,0.645161
22743,0.677419
22744,0.580645
22745,0.645161
22746,0.612903
22747,0.548387
22748,0.612903
22749,0.741935
22750,0.741935
22751,0.580645
22752,0.548387
22753,0.451613
22754,0.516129
22755,0.483871
22756,0.516129
22757,0.387097
22758,0.419355
22759,0.419355
22760,0.419355
22761,0.419355
22762,0.419355
22763,0.419355
22764,0.419355
22765,0.419355
22766,0.419355
22767,0.322581
22768,0.83871
22769,1
22770,1
22771,1
22772,1
22773,1
22774,1
22775,1
22776,1
22777,1
22778,1
22779,1
22780,1
22781,1
22782,1
22783,1
22784,1
22785,1
22786,1
22787,1
22788,1
22789,1
22790,1
22791,1
22792,1
22793,1
22794,1
22795,1
22796,1
22797,1
22798,0.741935
22799,0.741935
22800,1
22801,1
22802,1
22803,1
22804,1
22805,1
22806,1
22807,1
22808,1
22809,1
22810,1
22811,1
22812,1
22813,1
22814,0.967742
22815,1
22816,0.967742
22817,1
22818,0.741935
22819,0.193548
22820,0.193548
22821,0.193548
22822,0.16129
22823,0.16129
22824,0.16129
22825,0.16129
22826,0.16129
22827,0.16129
22828,0.16129
22829,0.16129
22830,0.193548
22831,0.193548
22832,0.193548
22833,0.193548
22834,0.225806
22835,0.258065
22836,0.225806
22837,0.193548
22838,0.193548
22839,0.193548
22840,0.193548
22841,0.193548
22842,0.193548
22843,0.225806
22844,0.258065
22845,0.225806
22846,0.193548
22847,0.225806
22848,0.258065
22849,0.258065
22850,0.322581
22851,0.870968
22852,0.870968
22853,0.225806
22854,0.322581
22855,0.548387
22856,0.322581
22857,0.483871
22858,0.354839
22859,0.483871
22860,0.354839
22861,0.483871
22862,0.354839
22863,0.483871
22864,0.354839
22865,0.483871
22866,0.387097
22867,0.387097
22868,0.419355
22869,0.387097
22870,0.387097
22871,0.387097
22872,0.419355
22873,0.387097
22874,0.387097
22875,0.387097
22876,0.290323
22877,0.354839
22878,0.516129
22879,0.354839
22880,0.419355
22881,0.419355
22882,0.419355
22883,0.419355
22884,0.451613
22885,0.451613
22886,0.483871
22887,0.419355
22888,0.451613
22889,0.387097
22890,0.419355
22891,0.354839
22892,0.451613
22893,0.354839
22894,0.483871
22895,0.354839
22896,0.483871
22897,0.354839
22898,0.483871
22899,0.387097
22900,0.419355
22901,0.451613
22902,0.645161
22903,0.258065
22904,0.290323
22905,0.290323
22906,0.451613
22907,0.258065
22908,0.290323
22909,0.290323
22910,0.354839
22911,0.483871
22912,0.387097
22913,0.709677
22914,0.935484
22915,0.354839
22916,0.677419
22917,0.419355
22918,0.709677
22919,0.483871
22920,0.677419
22921,0.451613
22922,0.677419
22923,0.548387
22924,0.612903
22925,0.419355
22926,0.451613
22927,0.548387
22928,0.451613
22929,0.548387
22930,0.451613
22931,0.548387
22932,0.451613
22933,0.516129
22934,0.483871
22935,0.516129
22936,0.483871
22937,0.516129
22938,0.483871
22939,0.516129
22940,0.483871
22941,0.516129
22942,0.483871
22943,0.516129
22944,0.483871
22945,0.516129
22946,0.483871
22947,0.516129
22948,0.483871
22949,0.516129
22950,0.483871
22951,0.516129
22952,0.483871
22953,0.516129
22954,0.387097
22955,0.548387
22956,0.548387
22957,0.709677
22958,0.483871
22959,0.709677
22960,0.483871
22961,0.709677
22962,0.483871
22963,0.709677
22964,0.483871
22965,0.709677
22966,0.483871
22967,0.709677
22968,0.483871
22969,0.709677
22970,0.483871
22971,0.709677
22972,0.483871
22973,0.806452
22974,0.935484
22975,0.935484
22976,0.935484
22977,0.935484
22978,0.935484
22979,0.935484
22980,0.935484
22981,0.935484
22982,0.935484
22983,0.935484
22984,0.935484
22985,0.935484
22986,0.935484
22987,0.935484
22988,0.935484
22989,0.935484
22990,0.935484
22991,0.935484
22992,0.935484
22993,0.935484
22994,0.935484
22995,0.935484
22996,0.935484
22997,0.935484
22998,0.935484
22999,0.935484
23000,0.935484
23001,0.935484
23002,0.935484
23003,0.935484
23004,0.935484
23005,0.935484
23006,0.935484
23007,0.935484
23008,0.935484
23009,0.967742
23010,0.870968
23011,0.83871
23012,1
23013,1
23014,1
23015,1
23016,1
23017,1
23018,1
23019,1
23020,1
23021,1
23022,1
23023,1
23024,1
23025,1
23026,1
23027,1
23028,1
23029,1
23030,1
23031,1
23032,1
23033,1
23034,1
23035,1
23036,1
23037,1
23038,1
23039,1
23040,1
23041,1
23042,1
23043,1
23044,1
23045,1
23046,1
23047,1
23048,1
23049,1
23050,1
23051,1
23052,1
23053,1
23054,1
23055,1
23056,1
23057,1
23058,1
23059,1
23060,1
23061,1
23062,1
23063,1
23064,1
23065,1
23066,1
23067,1
23068,1
23069,1
23070,1
23071,1
23072,1
23073,1
23074,1
23075,1
23076,1
23077,1
23078,1
23079,1
23080,1
23081,1
23082,1
23083,1
23084,1
23085,1
23086,1
23087,1
23088,1
23089,1
23090,1
23091,1
23092,1
23093,1
23094,1
23095,1
23096,1
23097,1
23098,1
23099,1
23100,1
23101,1
23102,1
23103,1
23104,1
23105,1
23106,1
23107,1
23108,1
23109,1
23110,1
23111,1
23112,1
23113,1
23114,1
23115,1
23116,1
23117,1
23118,1
23119,1
23120,1
23121,1
23122,1
23123,1
23124,1
23125,1
23126,1
23127,1
23128,1
23129,1
23130,1
23131,1
23132,1
23133,0.967742
23134,1
23135,0.967742
23136,1
23137,0.967742
23138,1
23139,0.967742
23140,1
23141,0.967742
23142,1
23143,0.935484
23144,0.741935
23145,0.935484
23146,1
23147,1
23148,0.967742
23149,0.83871
23150,0.935484
23151,0.83871
23152,0.935484
23153,0.83871
23154,0.935484
23155,0.83871
23156,0.935484
23157,0.83871
23158,0.935484
23159,0.83871
23160,0.967742
23161,0.83871
23162,0.967742
23163,0.83871
23164,0.967742
23165,0.83871
23166,1
23167,0.870968
23168,0.935484
23169,0.741935
23170,0.903226
23171,0.935484
23172,0.903226
23173,0.903226
23174,0.870968
23175,0.935484
23176,0.903226
23177,0.903226
23178,0.870968
23179,0.935484
23180,0.903226
23181,0.774194
23182,0.870968
23183,0.83871
23184,0.83871
23185,0.870968
23186,0.870968
23187,0.741935
23188,0.870968
23189,0.741935
23190,0.870968
23191,0.774194
23192,0.903226
23193,0.774194
23194,0.903226
23195,0.774194
23196,0.903226
23197,0.774194
23198,0.870968
23199,0.903226
23200,0.903226
23201,0.903226
23202,0.903226
23203,0.903226
23204,0.903226
23205,0.774194
23206,0.903226
23207,0.774194
23208,0.870968
23209,0.774194
23210,0.870968
23211,0.806452
23212,0.870968
23213,0.806452
23214,0.903226
23215,0.903226
23216,0.870968
23217,0.870968
23218,0.903226
23219,0.870968
23220,0.903226
23221,0.870968
23222,0.903226
23223,0.903226
23224,0.903226
23225,0.903226
23226,0.903226
23227,0.903226
23228,0.903226
23229,0.83871
23230,0.870968
23231,0.83871
23232,0.903226
23233,0.806452
23234,0.83871
23235,1
23236,0.806452
23237,1
23238,0.967742
23239,0.903226
23240,0.774194
23241,0.548387
23242,0.806452
23243,0.709677
23244,0.741935
23245,0.741935
23246,0.741935
23247,0.741935
23248,0.774194
23249,0.483871
23250,0.741935
23251,0.741935
23252,0.741935
23253,0.516129
23254,0.870968
23255,1
23256,0.903226
23257,1
23258,1
23259,1
23260,0.967742
23261,0.967742
23262,1
23263,1
23264,0.967742
23265,0.83871
23266,0.870968
23267,0.870968
23268,0.806452
23269,0.935484
23270,0.806452
23271,1
23272,0.903226
23273,0.387097
23274,0.935484
23275,0.83871
23276,0.967742
23277,0.935484
23278,0.935484
23279,0.935484
23280,1
23281,1
23282,0.967742
23283,0.741935
23284,1
23285,0.967742
23286,0.935484
23287,0.870968
23288,0.709677
23289,1
23290,0.774194
23291,0.967742
23292,0.967742
23293,0.967742
23294,0.967742
23295,0.967742
23296,0.967742
23297,0.967742
23298,0.967742
23299,0.967742
23300,1
23301,0.967742
23302,0.935484
23303,0.935484
23304,0.935484
23305,0.451613
23306,0.741935
23307,0.483871
23308,0.645161
23309,0.548387
23310,0.709677
23311,0.451613
23312,0.83871
23313,0.677419
23314,0.580645
23315,0.451613
23316,0.741935
23317,0.483871
23318,0.645161
23319,0.516129
23320,0.645161
23321,0.516129
23322,0.645161
23323,0.516129
23324,0.645161
23325,0.516129
23326,0.645161
23327,0.548387
23328,0.709677
23329,0.645161
23330,0.709677
23331,0.612903
23332,0.741935
23333,0.580645
23334,0.612903
23335,0.516129
23336,0.645161
23337,0.516129
23338,0.645161
23339,0.516129
23340,0.645161
23341,0.516129
23342,0.645161
23343,0.516129
23344,0.774194
23345,0.870968
23346,0.354839
23347,0.774194
23348,0.483871
23349,0.645161
23350,0.516129
23351,0.645161
23352,0.516129
23353,0.645161
23354,0.709677
23355,0.870968
23356,0.83871
23357,0.774194
23358,0.354839
23359,0.709677
23360,0.387097
23361,0.709677
23362,0.387097
23363,0.709677
23364,0.387097
23365,0.548387
23366,0.516129
23367,0.548387
23368,0.612903
23369,0.548387
23370,0.548387
23371,0.548387
23372,0.612903
23373,0.516129
23374,0.548387
23375,0.516129
23376,0.548387
23377,0.580645
23378,0.483871
23379,0.516129
23380,0.483871
23381,0.516129
23382,0.548387
23383,0.548387
23384,0.483871
23385,0.483871
23386,0.483871
23387,0.483871
23388,0.483871
23389,0.387097
23390,0.419355
23391,0.483871
23392,0.387097
23393,0.419355
23394,0.419355
23395,0.451613
23396,0.83871
23397,0.741935
23398,0.677419
23399,0.709677
23400,0.774194
23401,0.774194
23402,0.806452
23403,0.806452
23404,0.83871
23405,0.709677
23406,0.387097
23407,0.419355
23408,0.483871
23409,0.419355
23410,0.483871
23411,0.419355
23412,0.483871
23413,0.419355
23414,0.483871
23415,0.451613
23416,0.548387
23417,0.387097
23418,0.419355
23419,0.419355
23420,0.709677
23421,0.935484
23422,0.612903
23423,0.322581
23424,0.354839
23425,0.548387
23426,0.483871
23427,0.548387
23428,0.483871
23429,0.548387
23430,0.483871
23431,0.548387
23432,0.419355
23433,0.483871
23434,0.419355
23435,0.483871
23436,0.483871
23437,0.483871
23438,0.483871
23439,0.483871
23440,0.483871
23441,0.387097
23442,0.451613
23443,0.483871
23444,0.483871
23445,0.483871
23446,0.483871
23447,0.483871
23448,0.483871
23449,0.483871
23450,0.483871
23451,0.387097
23452,0.419355
23453,0.612903
23454,0.870968
23455,0.774194
23456,0.290323
23457,0.387097
23458,0.419355
23459,0.419355
23460,0.419355
23461,0.419355
23462,0.419355
23463,0.419355
23464,0.419355
23465,0.419355
23466,0.419355
23467,0.419355
23468,0.419355
23469,0.419355
23470,0.419355
23471,0.419355
23472,0.258065
23473,0.193548
23474,0.16129
23475,0.225806
23476,0.193548
23477,0.193548
23478,0.16129
23479,0.225806
23480,0.225806
23481,0.225806
23482,0.225806
23483,0.548387
23484,0.967742
23485,0.225806
23486,0.258065
23487,0.387097
23488,0.290323
23489,0.354839
23490,0.290323
23491,0.387097
23492,0.290323
23493,0.322581
23494,0.322581
23495,0.322581
23496,0.322581
23497,0.322581
23498,0.322581
23499,0.387097
23500,0.290323
23501,0.354839
23502,0.290323
23503,0.354839
23504,0.290323
23505,0.354839
23506,0.290323
23507,0.354839
23508,0.290323
23509,0.354839
23510,0.290323
23511,0.354839
23512,0.290323
23513,0.354839
23514,0.290323
23515,0.354839
23516,0.483871
23517,0.419355
23518,0.451613
23519,0.419355
23520,0.451613
23521,0.419355
23522,0.451613
23523,0.419355
23524,0.387097
23525,0.419355
23526,0.387097
23527,0.741935
23528,0.419355
23529,0.612903
23530,0.516129
23531,0.548387
23532,0.451613
23533,0.451613
23534,0.548387
23535,0.548387
23536,0.548387
23537,0.548387
23538,0.548387
23539,0.548387
23540,0.548387
23541,0.548387
23542,0.548387
23543,0.548387
23544,0.548387
23545,0.548387
23546,0.548387
23547,0.548387
23548,0.548387
23549,0.451613
23550,0.516129
23551,0.548387
23552,0.548387
23553,0.548387
23554,0.548387
23555,0.548387
23556,0.548387
23557,0.548387
23558,0.516129
23559,0.516129
23560,0.451613
23561,0.548387
23562,0.516129
23563,0.451613
23564,0.516129
23565,0.451613
23566,0.548387
23567,0.83871
23568,0.419355
23569,0.903226
23570,0.419355
23571,0.903226
23572,0.419355
23573,0.903226
23574,0.354839
23575,0.709677
23576,0.419355
23577,0.709677
23578,0.419355
23579,0.709677
23580,0.419355
23581,0.709677
23582,0.419355
23583,0.774194
23584,0.354839
23585,0.709677
23586,0.419355
23587,0.709677
23588,0.451613
23589,0.774194
23590,0.419355
23591,0.677419
23592,0.612903
23593,0.516129
23594,0.516129
23595,0.516129
23596,0.516129
23597,0.516129
23598,0.451613
23599,0.548387
23600,0.483871
23601,0.483871
23602,0.419355
23603,0.709677
23604,0.322581
23605,0.645161
23606,0.419355
23607,0.387097
23608,0.451613
23609,0.419355
23610,0.451613
23611,0.645161
23612,0.419355
23613,0.516129
23614,0.387097
23615,0.451613
23616,0.419355
23617,0.451613
23618,0.419355
23619,0.451613
23620,0.451613
23621,0.322581
23622,0.322581
23623,0.548387
23624,0.322581
23625,0.548387
23626,0.322581
23627,0.548387
23628,0.354839
23629,0.354839
23630,0.354839
23631,0.354839
23632,0.354839
23633,0.354839
23634,0.354839
23635,0.354839
23636,0.322581
23637,0.548387
23638,0.322581
23639,0.548387
23640,0.322581
23641,0.548387
23642,0.322581
23643,0.225806
23644,0.193548
23645,0.258065
23646,0.322581
23647,0.548387
23648,0.322581
23649,0.548387
23650,0.322581
23651,0.548387
23652,0.322581
23653,0.548387
23654,0.322581
23655,0.548387
23656,0.322581
23657,0.548387
23658,0.290323
23659,0.548387
23660,0.193548
23661,0.193548
23662,0.290323
23663,0.548387
23664,0.258065
23665,0.290323
23666,0.548387
23667,0.322581
23668,0.548387
23669,0.193548
23670,0.193548
23671,0.193548
23672,0.193548
23673,0.193548
23674,0.193548
23675,0.193548
23676,0.193548
23677,0.193548
23678,0.193548
23679,0.225806
23680,0.258065
23681,0.225806
23682,0.193548
23683,0.193548
23684,0.193548
23685,0.193548
23686,0.193548
23687,0.193548
23688,0.193548
23689,0.193548
23690,0.193548
23691,0.193548
23692,0.193548
23693,0.193548
23694,0.193548
23695,0.225806
23696,0.258065
23697,0.290323
23698,0.290323
23699,0.903226
23700,1
23701,0.225806
23702,0.258065
23703,0.258065
23704,0.258065
23705,0.258065
23706,0.258065
23707,0.258065
23708,0.258065
23709,0.258065
23710,0.258065
23711,0.258065
23712,0.258065
23713,0.258065
23714,0.258065
23715,0.258065
23716,0.258065
23717,0.258065
23718,0.193548
23719,0.903226
23720,1
23721,0.258065
23722,0.258065
23723,0.258065
23724,0.258065
23725,0.258065
23726,0.258065
23727,0.193548
23728,0.83871
23729,1
23730,0.935484
23731,0.258065
23732,0.258065
23733,0.258065
23734,0.258065
23735,0.258065
23736,0.258065
23737,0.258065
23738,0.258065
23739,0.193548
23740,0.83871
23741,0.870968
23742,0.258065
23743,0.258065
23744,0.258065
23745,0.258065
23746,0.258065
23747,0.258065
23748,0.258065
23749,0.258065
23750,0.258065
23751,0.258065
23752,0.258065
23753,0.258065
23754,0.258065
23755,0.612903
23756,0.967742
23757,0.870968
23758,0.903226
23759,0.903226
23760,0.903226
23761,0.903226
23762,0.967742
23763,0.903226
23764,0.612903
23765,0.645161
23766,0.967742
23767,0.774194
23768,0.774194
23769,0.967742
23770,0.967742
23771,0.935484
23772,1
23773,0.967742
23774,0.709677
23775,0.935484
23776,0.967742
23777,0.645161
23778,0.903226
23779,0.870968
23780,0.935484
23781,0.935484
23782,0.935484
23783,0.935484
23784,1
23785,1
23786,0.967742
23787,1
23788,1
23789,1
23790,0.967742
23791,1
23792,0.967742
23793,1
23794,0.967742
23795,1
23796,0.967742
23797,1
23798,0.967742
23799,1
23800,0.967742
23801,1
23802,0.967742
23803,1
23804,0.967742
23805,1
23806,0.967742
23807,1
23808,1
23809,0.741935
23810,0.548387
23811,0.193548
23812,0.0967742
23813,0.387097
23814,1
23815,1
23816,1
23817,1
23818,1
23819,1
23820,1
23821,1
23822,0.612903
23823,0.193548
23824,0.193548
23825,0.193548
23826,0.193548
23827,0.193548
23828,0.193548
23829,0.193548
23830,0.16129
23831,0.193548
23832,0.193548
23833,0.193548
23834,0.193548
23835,0.193548
23836,0.193548
23837,0.193548
23838,0.193548
23839,0.193548
23840,0.193548
23841,0.193548
23842,0.193548
23843,0.193548
23844,0.225806
23845,0.225806
23846,0.290323
23847,0.548387
23848,0.322581
23849,0.548387
23850,0.258065
23851,0.290323
23852,0.677419
23853,0.387097
23854,0.548387
23855,0.354839
23856,0.354839
23857,0.354839
23858,0.354839
23859,0.419355
23860,0.580645
23861,0.387097
23862,0.516129
23863,0.451613
23864,0.516129
23865,0.483871
23866,0.580645
23867,0.387097
23868,0.387097
23869,0.516129
23870,0.548387
23871,0.548387
23872,0.548387
23873,0.419355
23874,0.516129
23875,0.419355
23876,0.516129
23877,0.548387
23878,0.451613
23879,0.645161
23880,0.451613
23881,0.645161
23882,0.419355
23883,0.451613
23884,0.516129
23885,0.483871
23886,0.483871
23887,0.387097
23888,0.387097
23889,0.387097
23890,0.387097
23891,0.387097
23892,0.387097
23893,0.387097
23894,0.387097
23895,0.387097
23896,0.387097
23897,0.387097
23898,0.387097
23899,0.387097
23900,0.387097
23901,0.387097
23902,0.387097
23903,0.387097
23904,0.387097
23905,0.387097
23906,0.451613
23907,0.516129
23908,0.451613
23909,0.516129
23910,0.580645
23911,0.419355
23912,0.387097
23913,0.935484
23914,0.967742
23915,0.451613
23916,0.645161
23917,0.451613
23918,0.645161
23919,0.451613
23920,0.516129
23921,0.483871
23922,0.516129
23923,0.483871
23924,0.516129
23925,0.483871
23926,0.516129
23927,0.548387
23928,0.419355
23929,0.419355
23930,0.516129
23931,0.548387
23932,0.548387
23933,0.548387
23934,0.548387
23935,0.548387
23936,0.548387
23937,0.548387
23938,0.548387
23939,0.548387
23940,0.548387
23941,0.548387
23942,0.548387
23943,0.580645
23944,0.451613
23945,0.516129
23946,0.483871
23947,0.516129
23948,0.483871
23949,0.580645
23950,0.483871
23951,0.516129
23952,0.483871
23953,0.516129
23954,0.483871
23955,0.516129
23956,0.483871
23957,0.516129
23958,0.483871
23959,0.516129
23960,0.483871
23961,0.516129
23962,0.483871
23963,0.516129
23964,0.483871
23965,0.516129
23966,0.483871
23967,0.516129
23968,0.483871
23969,0.516129
23970,0.483871
23971,0.516129
23972,0.483871
23973,0.516129
23974,0.483871
23975,0.516129
23976,0.483871
23977,0.516129
23978,0.483871
23979,0.516129
23980,0.483871
23981,0.516129
23982,0.483871
23983,0.516129
23984,0.483871
23985,0.516129
23986,0.483871
23987,0.516129
23988,0.483871
23989,0.516129
23990,0.483871
23991,0.516129
23992,0.451613
23993,0.419355
23994,0.451613
23995,0.451613
23996,0.451613
23997,0.451613
23998,0.451613
23999,0.451613
24000,0.451613
24001,0.451613
24002,0.451613
24003,0.451613
24004,0.451613
24005,0.451613
24006,0.451613
24007,0.451613
24008,0.451613
24009,0.451613
24010,0.451613
24011,0.451613
24012,0.451613
24013,0.451613
24014,0.451613
24015,0.451613
24016,0.451613
24017,0.451613
24018,0.774194
24019,0.935484
24020,0.806452
24021,0.677419
24022,0.451613
24023,0.451613
24024,0.451613
24025,0.451613
24026,0.451613
24027,0.451613
24028,0.451613
24029,0.451613
24030,0.451613
24031,0.806452
24032,0.935484
24033,0.580645
24034,0.451613
24035,0.451613
24036,0.322581
24037,0.451613
24038,0.483871
24039,0.483871
24040,0.483871
24041,0.483871
24042,0.483871
24043,0.483871
24044,0.354839
24045,0.451613
24046,0.354839
24047,0.451613
24048,0.451613
24049,0.419355
24050,0.548387
24051,0.967742
24052,0.677419
24053,0.419355
24054,0.451613
24055,0.451613
24056,0.483871
24057,0.483871
24058,0.483871
24059,0.483871
24060,0.483871
24061,0.419355
24062,0.322581
24063,0.483871
24064,0.580645
24065,0.516129
24066,0.483871
24067,0.451613
24068,0.387097
24069,0.419355
24070,0.387097
24071,0.419355
24072,0.387097
24073,0.419355
24074,0.419355
24075,0.419355
24076,0.387097
24077,0.451613
24078,0.387097
24079,0.419355
24080,0.387097
24081,0.483871
24082,0.387097
24083,0.935484
24084,0.709677
24085,0.870968
24086,0.612903
24087,0.483871
24088,0.483871
24089,0.387097
24090,0.322581
24091,0.483871
24092,0.451613
24093,0.516129
24094,0.483871
24095,0.483871
24096,0.354839
24097,0.451613
24098,0.322581
24099,0.451613
24100,0.322581
24101,0.483871
24102,0.419355
24103,0.419355
24104,0.451613
24105,0.516129
24106,0.483871
24107,0.483871
24108,0.483871
24109,0.387097
24110,0.451613
24111,0.387097
24112,0.451613
24113,0.806452
24114,0.709677
24115,0.419355
24116,0.451613
24117,0.419355
24118,0.451613
24119,0.870968
24120,0.709677
24121,0.387097
24122,0.483871
24123,0.483871
24124,0.645161
24125,0.451613
24126,0.935484
24127,0.548387
24128,0.709677
24129,0.580645
24130,0.806452
24131,0.580645
24132,0.709677
24133,0.612903
24134,0.709677
24135,0.677419
24136,0.741935
24137,0.83871
24138,0.709677
24139,0.870968
24140,0.741935
24141,0.870968
24142,0.741935
24143,0.516129
24144,0.774194
24145,0.612903
24146,0.741935
24147,0.612903
24148,0.741935
24149,0.612903
24150,0.741935
24151,0.612903
24152,0.741935
24153,0.612903
24154,0.741935
24155,0.612903
24156,0.741935
24157,0.612903
24158,0.741935
24159,0.580645
24160,0.612903
24161,0.677419
24162,0.677419
24163,0.677419
24164,0.677419
24165,0.548387
24166,0.741935
24167,0.645161
24168,0.709677
24169,0.612903
24170,0.741935
24171,0.354839
24172,0.774194
24173,0.483871
24174,0.645161
24175,0.516129
24176,0.645161
24177,0.516129
24178,0.645161
24179,0.516129
24180,0.709677
24181,0.83871
24182,0.741935
24183,0.322581
24184,0.580645
24185,0.645161
24186,0.612903
24187,0.612903
24188,0.741935
24189,0.83871
24190,0.612903
24191,0.612903
24192,0.548387
24193,0.548387
24194,0.548387
24195,0.548387
24196,0.548387
24197,0.548387
24198,0.548387
24199,0.548387
24200,0.548387
24201,0.548387
24202,0.548387
24203,0.548387
24204,0.548387
24205,0.548387
24206,0.548387
24207,0.548387
24208,0.548387
24209,0.548387
24210,0.548387
24211,0.548387
24212,0.548387
24213,0.709677
24214,0.774194
24215,0.806452
24216,0.741935
24217,0.354839
24218,0.774194
24219,0.774194
24220,0.580645
24221,0.967742
24222,0.83871
24223,0.870968
24224,0.774194
24225,0.548387
24226,0.774194
24227,0.774194
24228,0.774194
24229,0.870968
24230,0.935484
24231,0.806452
24232,0.83871
24233,0.806452
24234,0.580645
24235,0.903226
24236,0.741935
24237,0.580645
24238,0.419355
24239,0.483871
24240,0.419355
24241,0.419355
24242,0.419355
24243,0.419355
24244,0.419355
24245,0.419355
24246,0.419355
24247,0.419355
24248,0.419355
24249,0.387097
24250,0.419355
24251,0.483871
24252,0.322581
24253,0.419355
24254,0.322581
24255,0.419355
24256,0.322581
24257,0.419355
24258,0.290323
24259,0.419355
24260,0.774194
24261,0.870968
24262,0.83871
24263,0.83871
24264,0.645161
24265,0.354839
24266,0.483871
24267,0.677419
24268,1
24269,0.83871
24270,0.83871
24271,0.83871
24272,0.870968
24273,0.645161
24274,0.612903
24275,0.903226
24276,0.83871
24277,0.806452
24278,0.806452
24279,0.806452
24280,0.83871
24281,0.806452
24282,0.806452
24283,0.806452
24284,0.83871
24285,0.806452
24286,0.83871
24287,0.83871
24288,0.83871
24289,0.83871
24290,0.806452
24291,0.83871
24292,0.83871
24293,0.83871
24294,0.83871
24295,0.83871
24296,0.870968
24297,0.83871
24298,0.870968
24299,0.83871
24300,0.612903
24301,0.741935
24302,0.967742
24303,0.870968
24304,0.83871
24305,0.870968
24306,0.870968
24307,0.870968
24308,0.870968
24309,0.83871
24310,0.580645
24311,0.290323
24312,0.645161
24313,0.967742
24314,0.741935
24315,0.83871
24316,0.774194
24317,0.774194
24318,0.580645
24319,0.290323
24320,0.483871
24321,0.419355
24322,0.677419
24323,0.967742
24324,0.806452
24325,0.870968
24326,0.83871
24327,0.83871
24328,0.806452
24329,0.806452
24330,0.806452
24331,0.83871
24332,0.645161
24333,0.516129
24334,0.903226
24335,0.903226
24336,0.806452
24337,0.870968
24338,0.548387
24339,0.483871
24340,0.935484
24341,0.903226
24342,0.870968
24343,0.548387
24344,0.258065
24345,0.354839
24346,0.612903
24347,0.935484
24348,0.580645
24349,0.935484
24350,0.258065
24351,0.290323
24352,0.322581
24353,0.387097
24354,0.258065
24355,0.322581
24356,0.322581
24357,0.322581
24358,0.322581
24359,0.354839
24360,0.290323
24361,0.354839
24362,0.290323
24363,0.354839
24364,0.290323
24365,0.354839
24366,0.290323
24367,0.774194
24368,1
24369,0.935484
24370,0.580645
24371,0.290323
24372,0.451613
24373,0.387097
24374,0.83871
24375,0.806452
24376,0.258065
24377,0.387097
24378,0.806452
24379,1
24380,0.741935
24381,0.354839
24382,0.548387
24383,0.483871
24384,0.516129
24385,0.516129
24386,0.870968
24387,1
24388,0.903226
24389,1
24390,0.580645
24391,0.516129
24392,0.322581
24393,0.645161
24394,0.354839
24395,0.645161
24396,0.354839
24397,0.645161
24398,0.677419
24399,0.709677
24400,0.322581
24401,0.741935
24402,0.354839
24403,0.709677
24404,0.419355
24405,0.612903
24406,0.516129
24407,0.516129
24408,0.516129
24409,0.516129
24410,0.516129
24411,0.516129
24412,0.516129
24413,0.516129
24414,0.516129
24415,0.516129
24416,0.516129
24417,0.548387
24418,0.516129
24419,0.516129
24420,0.516129
24421,0.516129
24422,0.516129
24423,0.516129
24424,0.451613
24425,0.451613
24426,0.580645
24427,0.516129
24428,0.677419
24429,0.387097
24430,0.741935
24431,0.387097
24432,0.741935
24433,0.612903
24434,0.903226
24435,0.354839
24436,0.709677
24437,0.419355
24438,0.709677
24439,0.419355
24440,0.709677
24441,0.419355
24442,0.709677
24443,0.774194
24444,0.870968
24445,0.354839
24446,0.709677
24447,0.419355
24448,0.709677
24449,0.774194
24450,0.870968
24451,0.354839
24452,0.903226
24453,0.387097
24454,0.709677
24455,0.580645
24456,0.322581
24457,0.645161
24458,0.612903
24459,0.419355
24460,0.677419
24461,0.419355
24462,0.709677
24463,0.419355
24464,0.709677
24465,0.419355
24466,0.516129
24467,0.387097
24468,0.451613
24469,0.419355
24470,0.451613
24471,0.419355
24472,0.451613
24473,0.419355
24474,0.451613
24475,0.419355
24476,0.451613
24477,0.419355
24478,0.451613
24479,0.419355
24480,0.451613
24481,0.419355
24482,0.483871
24483,0.322581
24484,0.322581
24485,0.548387
24486,0.322581
24487,0.548387
24488,0.322581
24489,0.548387
24490,0.322581
24491,0.548387
24492,0.322581
24493,0.548387
24494,0.322581
24495,0.548387
24496,0.322581
24497,0.548387
24498,0.322581
24499,0.548387
24500,0.322581
24501,0.548387
24502,0.322581
24503,0.548387
24504,0.322581
24505,0.548387
24506,0.322581
24507,0.548387
24508,0.322581
24509,0.548387
24510,0.322581
24511,0.548387
24512,0.322581
24513,0.548387
24514,0.322581
24515,0.548387
24516,0.322581
24517,0.548387
24518,0.290323
24519,0.354839
24520,0.290323
24521,0.322581
24522,0.516129
24523,0.258065
24524,0.354839
24525,0.387097
24526,0.419355
24527,0.387097
24528,0.483871
24529,0.354839
24530,0.516129
24531,0.322581
24532,0.354839
24533,0.290323
24534,0.290323
24535,0.322581
24536,0.580645
24537,0.322581
24538,0.516129
24539,0.354839
24540,0.516129
24541,0.419355
24542,0.419355
24543,0.387097
24544,0.419355
24545,0.290323
24546,0.225806
24547,0.258065
24548,0.290323
24549,0.580645
24550,0.354839
24551,0.258065
24552,0.258065
24553,0.258065
24554,0.225806
24555,0.193548
24556,0.225806
24557,0.258065
24558,0.258065
24559,0.258065
24560,0.258065
24561,0.258065
24562,0.290323
24563,0.354839
24564,0.516129
24565,0.322581
24566,0.580645
24567,0.258065
24568,0.258065
24569,0.290323
24570,0.322581
24571,0.290323
24572,0.322581
24573,0.290323
24574,0.322581
24575,0.290323
24576,0.322581
24577,0.258065
24578,0.258065
24579,0.258065
24580,0.258065
24581,0.225806
24582,0.225806
24583,0.258065
24584,0.258065
24585,0.258065
24586,0.225806
24587,0.225806
24588,0.258065
24589,0.225806
24590,0.225806
24591,0.225806
24592,0.193548
24593,0.193548
24594,0.193548
24595,0.193548
24596,0.225806
24597,0.258065
24598,0.258065
24599,0.258065
24600,0.290323
24601,0.290323
24602,0.129032
24603,0.870968
24604,0.967742
24605,0.193548
24606,0.193548
24607,0.193548
24608,0.193548
24609,0.193548
24610,0.193548
24611,0.193548
24612,0.193548
24613,0.193548
24614,0.225806
24615,0.258065
24616,0.258065
24617,0.258065
24618,0.225806
24619,0.225806
24620,0.709677
24621,0.903226
24622,0.258065
24623,0.258065
24624,0.645161
24625,0.967742
24626,0.580645
24627,0.258065
24628,0.16129
24629,0.741935
24630,0.935484
24631,0.580645
24632,0.967742
24633,1
24634,0.612903
24635,0.774194
24636,1
24637,0.967742
24638,1
24639,1
24640,0.612903
24641,0.612903
24642,1
24643,0.935484
24644,0.935484
24645,0.935484
24646,0.967742
24647,0.967742
24648,0.935484
24649,0.483871
24650,0.193548
24651,0.967742
24652,1
24653,0.967742
24654,1
24655,0.709677
24656,0.258065
24657,0.290323
24658,0.258065
24659,0.290323
24660,0.258065
24661,0.290323
24662,0.258065
24663,0.290323
24664,0.290323
24665,0.290323
24666,0.290323
24667,0.16129
24668,0.935484
24669,0.967742
24670,0.225806
24671,0.16129
24672,0.645161
24673,1
24674,1
24675,1
24676,1
24677,1
24678,1
24679,0.516129
24680,0.225806
24681,0.258065
24682,0.258065
24683,0.258065
24684,0.129032
24685,0.903226
24686,1
24687,0.225806
24688,0.258065
24689,0.258065
24690,0.258065
24691,0.258065
24692,0.258065
24693,0.258065
24694,0.322581
24695,0.580645
24696,0.322581
24697,0.290323
24698,0.548387
24699,0.290323
24700,0.258065
24701,0.258065
24702,0.258065
24703,0.225806
24704,0.225806
24705,0.322581
24706,0.548387
24707,0.290323
24708,0.322581
24709,0.548387
24710,0.322581
24711,0.225806
24712,0.258065
24713,0.354839
24714,0.322581
24715,0.258065
24716,0.322581
24717,0.548387
24718,0.322581
24719,0.548387
24720,0.322581
24721,0.548387
24722,0.290323
24723,0.580645
24724,0.419355
24725,0.322581
24726,0.354839
24727,0.322581
24728,0.548387
24729,0.322581
24730,0.548387
24731,0.322581
24732,0.548387
24733,0.322581
24734,0.548387
24735,0.322581
24736,0.548387
24737,0.322581
24738,0.548387
24739,0.387097
24740,0.387097
24741,0.387097
24742,0.387097
24743,0.387097
24744,0.387097
24745,0.387097
24746,0.387097
24747,0.387097
24748,0.387097
24749,0.387097
24750,0.516129
24751,0.354839
24752,0.516129
24753,0.354839
24754,0.548387
24755,0.451613
24756,0.483871
24757,0.193548
24758,0.225806
24759,0.322581
24760,0.548387
24761,0.354839
24762,0.451613
24763,0.483871
24764,0.322581
24765,0.548387
24766,0.322581
24767,0.548387
24768,0.322581
24769,0.548387
24770,0.322581
24771,0.548387
24772,0.322581
24773,0.548387
24774,0.322581
24775,0.548387
24776,0.322581
24777,0.548387
24778,0.322581
24779,0.548387
24780,0.322581
24781,0.548387
24782,0.322581
24783,0.548387
24784,0.322581
24785,0.548387
24786,0.322581
24787,0.548387
24788,0.322581
24789,0.548387
24790,0.322581
24791,0.548387
24792,0.322581
24793,0.548387
24794,0.322581
24795,0.548387
24796,0.387097
24797,0.387097
24798,0.387097
24799,0.387097
24800,0.258065
24801,0.322581
24802,0.548387
24803,0.322581
24804,0.548387
24805,0.322581
24806,0.548387
24807,0.322581
24808,0.258065
24809,0.322581
24810,0.548387
24811,0.322581
24812,0.548387
24813,0.322581
24814,0.290323
24815,0.419355
24816,0.387097
24817,0.387097
24818,0.225806
24819,0.193548
24820,0.193548
24821,0.193548
24822,0.225806
24823,0.322581
24824,0.548387
24825,0.322581
24826,0.548387
24827,0.322581
24828,0.548387
24829,0.322581
24830,0.548387
24831,0.322581
24832,0.548387
24833,0.225806
24834,0.322581
24835,0.548387
24836,0.322581
24837,0.548387
24838,0.322581
24839,0.548387
24840,0.322581
24841,0.548387
24842,0.322581
24843,0.548387
24844,0.322581
24845,0.548387
24846,0.322581
24847,0.548387
24848,0.322581
24849,0.322581
24850,0.322581
24851,0.322581
24852,0.322581
24853,0.322581
24854,0.354839
24855,0.354839
24856,0.322581
24857,0.322581
24858,0.322581
24859,0.290323
24860,0.290323
24861,0.387097
24862,0.322581
24863,0.290323
24864,0.258065
24865,0.322581
24866,0.322581
24867,0.322581
24868,0.322581
24869,0.322581
24870,0.322581
24871,0.322581
24872,0.322581
24873,0.322581
24874,0.322581
24875,0.322581
24876,0.322581
24877,0.322581
24878,0.322581
24879,0.322581
24880,0.322581
24881,0.322581
24882,0.322581
24883,0.322581
24884,0.322581
24885,0.193548
24886,0.709677
24887,0.451613
24888,0.225806
24889,0.290323
24890,0.225806
24891,0.225806
24892,0.290323
24893,0.225806
24894,0.193548
24895,0.225806
24896,0.322581
24897,0.322581
24898,0.290323
24899,0.225806
24900,0.193548
24901,0.193548
24902,0.193548
24903,0.193548
24904,0.193548
24905,0.193548
24906,0.225806
24907,0.322581
24908,0.322581
24909,0.290323
24910,0.225806
24911,0.193548
24912,0.193548
24913,0.16129
24914,0.225806
24915,0.322581
24916,0.322581
24917,0.354839
24918,0.387097
24919,0.354839
24920,0.225806
24921,0.225806
24922,0.290323
24923,0.225806
24924,0.193548
24925,0.193548
24926,0.193548
24927,0.193548
24928,0.193548
24929,0.193548
24930,0.193548
24931,0.0967742
24932,0.548387
24933,0.258065
24934,0.193548
24935,0.193548
24936,0.193548
24937,0.193548
24938,0.193548
24939,0.193548
24940,0.193548
24941,0.193548
24942,0.193548
24943,0.193548
24944,0.193548
24945,0.193548
24946,0.193548
24947,0.193548
24948,0.193548
24949,0.193548
24950,0.225806
24951,0.290323
24952,0.225806
24953,0.193548
24954,0.193548
24955,0.193548
24956,0.193548
24957,0.193548
24958,0.193548
24959,0.193548
24960,0.193548
24961,0.193548
24962,0.193548
24963,0.193548
24964,0.193548
24965,0.193548
24966,0.193548
24967,0.193548
24968,0.193548
24969,0.193548
24970,0.193548
24971,0.193548
24972,0.258065
24973,0.225806
24974,0.193548
24975,0.258065
24976,0.258065
24977,0.645161
24978,0.83871
24979,0.83871
24980,0.774194
24981,0.741935
24982,0.548387
24983,0.677419
24984,1
24985,0.709677
24986,0.354839
24987,0.83871
24988,0.741935
24989,0.870968
24990,0.870968
24991,0.935484
24992,0.774194
24993,1
24994,0.935484
24995,0.967742
24996,0.935484
24997,0.806452
24998,0.548387
24999,0.967742
25000,0.83871
25001,0.870968
25002,0.935484
25003,0.83871
25004,0.903226
25005,1
25006,0.709677
25007,0.967742
25008,0.580645
25009,1
25010,0.870968
25011,0.870968
25012,0.935484
25013,0.677419
25014,1
25015,0.83871
25016,0.516129
25017,0.935484
25018,0.83871
25019,0.870968
25020,0.870968
25021,0.83871
25022,0.83871
25023,0.806452
25024,0.774194
25025,0.741935
25026,0.774194
25027,0.806452
25028,0.806452
25029,0.419355
25030,0.903226
25031,0.419355
25032,0.903226
25033,0.806452
25034,0.806452
25035,0.774194
25036,0.774194
25037,0.806452
25038,0.741935
25039,0.774194
25040,0.774194
25041,0.806452
25042,0.83871
25043,0.774194
25044,0.83871
25045,0.83871
25046,0.83871
25047,0.387097
25048,0.903226
25049,0.806452
25050,0.806452
25051,0.806452
25052,0.645161
25053,0.870968
25054,0.709677
25055,0.516129
25056,0.967742
25057,0.741935
25058,0.774194
25059,0.774194
25060,0.806452
25061,0.387097
25062,0.870968
25063,0.709677
25064,0.774194
25065,0.645161
25066,0.870968
25067,0.612903
25068,0.83871
25069,0.419355
25070,0.870968
25071,0.548387
25072,0.548387
25073,1
25074,0.645161
25075,0.806452
25076,0.548387
25077,1
25078,0.645161
25079,0.612903
25080,1
25081,0.806452
25082,0.83871
25083,0.709677
25084,0.580645
25085,0.935484
25086,0.83871
25087,0.580645
25088,0.193548
25089,0.193548
25090,0.193548
25091,0.16129
25092,0.16129
25093,0.16129
25094,0.16129
25095,0.129032
25096,0.548387
25097,1
25098,0.741935
25099,0.548387
25100,0.419355
25101,0.903226
25102,0.645161
25103,0.677419
25104,0.741935
25105,0.612903
25106,0.516129
25107,0.903226
25108,0.774194
25109,0.774194
25110,0.774194
25111,0.741935
25112,0.548387
25113,0.16129
25114,0.16129
25115,0.193548
25116,0.16129
25117,0.16129
25118,0.16129
25119,0.16129
25120,0.16129
25121,0.16129
25122,0.129032
25123,0.677419
25124,1
25125,0.83871
25126,0.129032
25127,0.677419
25128,0.967742
25129,0.193548
25130,0.193548
25131,0.16129
25132,0.548387
25133,0.967742
25134,0.16129
25135,0.16129
25136,0.16129
25137,0.193548
25138,0.16129
25139,0.16129
25140,0.16129
25141,0.16129
25142,0.16129
25143,0.16129
25144,0.16129
25145,0.16129
25146,0.16129
25147,0.16129
25148,0.16129
25149,0.16129
25150,0.16129
25151,0.16129
25152,0.225806
25153,0.193548
25154,0.677419
25155,0.967742
25156,0.677419
25157,0.935484
25158,0.16129
25159,0.16129
25160,0.16129
25161,0.16129
25162,0.16129
25163,0.16129
25164,0.193548
25165,0.193548
25166,0.193548
25167,0.193548
25168,0.193548
25169,0.16129
25170,0.16129
25171,0.16129
25172,0.225806
25173,0.193548
25174,0.580645
25175,1
25176,0.806452
25177,0.870968
25178,0.870968
25179,0.870968
25180,0.806452
25181,0.580645
25182,1
25183,0.741935
25184,0.645161
25185,1
25186,0.806452
25187,0.935484
25188,0.83871
25189,0.83871
25190,0.129032
25191,0.580645
25192,1
25193,0.870968
25194,0.967742
25195,0.645161
25196,0.612903
25197,0.935484
25198,0.903226
25199,0.903226
25200,0.83871
25201,0.16129
25202,0.612903
25203,0.967742
25204,0.870968
25205,0.677419
25206,0.903226
25207,0.83871
25208,0.483871
25209,0.677419
25210,0.967742
25211,0.83871
25212,0.806452
25213,0.83871
25214,0.870968
25215,0.935484
25216,1
25217,1
25218,1
25219,0.516129
25220,0.774194
25221,1
25222,1
25223,1
25224,0.548387
25225,0.193548
25226,0.83871
25227,0.967742
25228,1
25229,0.935484
25230,0.967742
25231,0.935484
25232,0.967742
25233,0.580645
25234,0.193548
25235,0.83871
25236,1
25237,0.967742
25238,1
25239,0.83871
25240,0.935484
25241,0.935484
25242,1
25243,0.967742
25244,0.967742
25245,0.935484
25246,0.967742
25247,0.870968
25248,0.548387
25249,0.741935
25250,0.903226
25251,0.870968
25252,0.870968
25253,0.870968
25254,0.806452
25255,0.935484
25256,0.806452
25257,0.935484
25258,0.806452
25259,0.935484
25260,0.870968
25261,1
25262,0.903226
25263,0.935484
25264,0.903226
25265,0.903226
25266,0.903226
25267,0.967742
25268,0.935484
25269,1
25270,0.935484
25271,0.967742
25272,0.903226
25273,0.903226
25274,0.903226
25275,0.903226
25276,0.935484
25277,0.903226
25278,0.935484
25279,0.774194
25280,0.741935
25281,0.709677
25282,0.741935
25283,0.709677
25284,0.709677
25285,0.741935
25286,0.774194
25287,0.741935
25288,0.741935
25289,0.806452
25290,0.83871
25291,0.83871
25292,0.83871
25293,0.83871
25294,0.870968
25295,0.870968
25296,0.83871
25297,0.83871
25298,0.83871
25299,0.83871
25300,0.83871
25301,0.83871
25302,0.83871
25303,0.806452
25304,0.709677
25305,0.645161
25306,0.677419
25307,0.677419
25308,0.677419
25309,0.677419
25310,0.645161
25311,0.612903
25312,0.645161
25313,0.612903
25314,0.580645
25315,0.83871
25316,0.645161
25317,0.870968
25318,0.612903
25319,0.548387
25320,0.580645
25321,0.580645
25322,0.548387
25323,0.516129
25324,0.516129
25325,0.354839
25326,0.419355
25327,0.935484
25328,0.419355
25329,0.870968
25330,0.483871
25331,0.83871
25332,0.483871
25333,0.83871
25334,0.516129
25335,0.290323
25336,0.806452
25337,1
25338,1
25339,1
25340,1
25341,1
25342,1
25343,1
25344,1
25345,1
25346,1
25347,1
25348,1
25349,1
25350,1
25351,1
25352,0.709677
25353,0.741935
25354,0.935484
25355,0.16129
25356,0.16129
25357,0.16129
25358,0.193548
25359,0.193548
25360,0.16129
25361,0.193548
25362,0.193548
25363,0.193548
25364,0.193548
25365,0.193548
25366,0.193548
25367,0.193548
25368,0.193548
25369,0.193548
25370,0.193548
25371,0.225806
25372,0.258065
25373,0.258065
25374,0.258065
25375,0.258065
25376,0.258065
25377,0.290323
25378,0.290323
25379,0.290323
25380,0.225806
25381,0.193548
25382,0.225806
25383,0.290323
25384,0.290323
25385,0.258065
25386,0.225806
25387,0.193548
25388,0.193548
25389,0.225806
25390,0.258065
25391,0.258065
25392,0.225806
25393,0.193548
25394,0.193548
25395,0.193548
25396,0.225806
25397,0.354839
25398,0.419355
25399,0.387097
25400,0.419355
25401,0.387097
25402,0.419355
25403,0.354839
25404,0.387097
25405,0.258065
25406,0.354839
25407,0.483871
25408,0.354839
25409,0.419355
25410,0.354839
25411,0.451613
25412,0.354839
25413,0.483871
25414,0.354839
25415,0.483871
25416,0.354839
25417,0.483871
25418,0.354839
25419,0.483871
25420,0.322581
25421,0.290323
25422,0.322581
25423,0.290323
25424,0.322581
25425,0.322581
25426,0.580645
25427,0.322581
25428,0.548387
25429,0.322581
25430,0.419355
25431,0.387097
25432,0.387097
25433,0.419355
25434,0.387097
25435,0.419355
25436,0.354839
25437,0.354839
25438,0.387097
25439,0.387097
25440,0.419355
25441,0.387097
25442,0.419355
25443,0.387097
25444,0.419355
25445,0.419355
25446,0.419355
25447,0.354839
25448,0.419355
25449,0.419355
25450,0.419355
25451,0.419355
25452,0.419355
25453,0.419355
25454,0.419355
25455,0.419355
25456,0.419355
25457,0.419355
25458,0.419355
25459,0.419355
25460,0.419355
25461,0.419355
25462,0.451613
25463,0.870968
25464,1
25465,1
25466,1
25467,0.903226
25468,0.354839
25469,0.419355
25470,0.935484
25471,0.741935
25472,0.258065
25473,0.548387
25474,0.451613
25475,0.354839
25476,0.709677
25477,0.967742
25478,0.677419
25479,0.258065
25480,0.419355
25481,0.645161
25482,0.967742
25483,0.612903
25484,0.354839
25485,0.774194
25486,0.451613
25487,0.612903
25488,0.451613
25489,0.709677
25490,0.451613
25491,0.580645
25492,0.612903
25493,0.612903
25494,0.967742
25495,0.903226
25496,0.967742
25497,0.903226
25498,0.935484
25499,0.967742
25500,0.935484
25501,0.903226
25502,0.935484
25503,0.774194
25504,0.774194
25505,0.967742
25506,0.935484
25507,0.935484
25508,0.967742
25509,0.806452
25510,0.870968
25511,0.967742
25512,0.967742
25513,0.935484
25514,0.967742
25515,0.935484
25516,0.967742
25517,0.903226
25518,0.903226
25519,0.419355
25520,0.516129
25521,0.419355
25522,0.516129
25523,0.419355
25524,0.516129
25525,0.516129
25526,0.516129
25527,0.516129
25528,0.516129
25529,0.516129
25530,0.516129
25531,0.516129
25532,0.516129
25533,0.516129
25534,0.516129
25535,0.741935
25536,0.709677
25537,0.709677
25538,0.741935
25539,0.516129
25540,0.483871
25541,0.741935
25542,0.709677
25543,0.806452
25544,0.83871
25545,0.870968
25546,0.83871
25547,0.903226
25548,0.83871
25549,0.903226
25550,0.83871
25551,0.903226
25552,0.83871
25553,0.903226
25554,0.83871
25555,0.903226
25556,0.83871
25557,0.903226
25558,0.806452
25559,0.774194
25560,0.870968
25561,0.870968
25562,0.83871
25563,0.903226
25564,0.83871
25565,0.935484
25566,0.903226
25567,0.935484
25568,0.903226
25569,0.935484
25570,0.83871
25571,0.935484
25572,0.83871
25573,0.870968
25574,0.870968
25575,0.806452
25576,1
25577,0.935484
25578,0.967742
25579,0.935484
25580,0.967742
25581,0.935484
25582,0.967742
25583,0.935484
25584,0.935484
25585,0.935484
25586,0.935484
25587,1
25588,1
25589,0.935484
25590,0.935484
25591,0.935484
25592,0.935484
25593,0.967742
25594,0.967742
25595,0.935484
25596,0.967742
25597,0.935484
25598,0.935484
25599,0.935484
25600,0.935484
25601,0.935484
25602,0.935484
25603,0.935484
25604,0.935484
25605,0.935484
25606,0.935484
25607,0.935484
25608,0.935484
25609,0.935484
25610,0.935484
25611,0.935484
25612,0.935484
25613,0.967742
25614,0.935484
25615,0.935484
25616,0.935484
25617,0.935484
25618,0.935484
25619,0.935484
25620,0.935484
25621,0.935484
25622,0.935484
25623,0.935484
25624,0.935484
25625,0.935484
25626,0.935484
25627,0.935484
25628,0.935484
25629,0.935484
25630,0.935484
25631,0.935484
25632,0.935484
25633,0.935484
25634,0.935484
25635,0.967742
25636,0.935484
25637,0.935484
25638,0.967742
25639,0.935484
25640,0.935484
25641,0.935484
25642,0.935484
25643,0.935484
25644,0.935484
25645,0.935484
25646,0.935484
25647,0.935484
25648,0.935484
25649,0.935484
25650,0.935484
25651,0.935484
25652,0.967742
25653,0.935484
25654,0.935484
25655,0.935484
25656,0.935484
25657,0.935484
25658,0.935484
25659,0.935484
25660,0.935484
25661,0.935484
25662,0.935484
25663,0.967742
25664,0.967742
25665,0.935484
25666,0.935484
25667,0.967742
25668,0.935484
25669,1
25670,1
25671,0.935484
25672,0.967742
25673,0.935484
25674,0.967742
25675,0.935484
25676,1
25677,1
25678,1
25679,0.935484
25680,1
25681,1
25682,1
25683,1
25684,1
25685,1
25686,1
25687,1
25688,1
25689,1
25690,1
25691,1
25692,1
25693,1
25694,1
25695,1
25696,1
25697,1
25698,1
25699,1
25700,1
25701,1
25702,0.935484
25703,0.935484
25704,0.935484
25705,0.903226
25706,0.935484
25707,0.935484
25708,0.935484
25709,0.935484
25710,0.935484
25711,0.935484
25712,0.935484
25713,0.806452
25714,0.903226
25715,0.935484
25716,0.935484
25717,0.935484
25718,0.935484
25719,0.935484
25720,0.935484
25721,0.935484
25722,0.806452
25723,0.806452
25724,0.774194
25725,0.806452
25726,0.774194
25727,0.806452
25728,0.774194
25729,0.806452
25730,0.774194
25731,0.806452
25732,0.774194
25733,0.806452
25734,0.774194
25735,0.83871
25736,0.709677
25737,0.870968
25738,0.903226
25739,0.83871
25740,0.83871
25741,0.870968
25742,0.83871
25743,0.870968
25744,0.774194
25745,0.870968
25746,0.774194
25747,0.903226
25748,0.741935
25749,0.870968
25750,0.774194
25751,0.870968
25752,0.645161
25753,0.870968
25754,0.612903
25755,0.870968
25756,0.516129
25757,0.83871
25758,0.612903
25759,0.870968
25760,0.677419
25761,0.870968
25762,0.677419
25763,0.870968
25764,0.677419
25765,0.870968
25766,0.677419
25767,0.870968
25768,0.677419
25769,0.870968
25770,0.677419
25771,0.870968
25772,0.677419
25773,0.870968
25774,0.741935
25775,0.870968
25776,0.612903
25777,0.870968
25778,0.645161
25779,0.870968
25780,0.645161
25781,0.870968
25782,0.645161
25783,0.870968
25784,0.645161
25785,0.870968
25786,0.516129
25787,0.83871
25788,0.709677
25789,0.83871
25790,0.645161
25791,0.870968
25792,0.709677
25793,0.870968
25794,0.677419
25795,0.870968
25796,0.677419
25797,0.870968
25798,0.677419
25799,0.83871
25800,0.935484
25801,0.935484
25802,0.806452
25803,0.903226
25804,0.580645
25805,0.419355
25806,0.419355
25807,0.387097
25808,0.387097
25809,0.387097
25810,0.419355
25811,0.419355
25812,0.677419
25813,0.419355
25814,0.354839
25815,0.83871
25816,0.935484
25817,0.870968
25818,0.935484
25819,0.870968
25820,0.935484
25821,0.870968
25822,0.935484
25823,0.870968
25824,0.935484
25825,0.516129
25826,0.806452
25827,0.903226
25828,0.870968
25829,0.903226
25830,0.806452
25831,0.870968
25832,0.870968
25833,0.870968
25834,0.774194
25835,0.967742
25836,0.967742
25837,0.645161
25838,0.935484
25839,0.741935
25840,0.967742
25841,0.83871
25842,0.806452
25843,0.483871
25844,0.870968
25845,0.935484
25846,0.354839
25847,0.806452
25848,0.741935
25849,0.935484
25850,0.774194
25851,0.258065
25852,0.741935
25853,0.322581
25854,0.677419
25855,0.516129
25856,0.645161
25857,0.516129
25858,0.645161
25859,0.516129
25860,0.645161
25861,0.516129
25862,0.645161
25863,0.516129
25864,0.645161
25865,0.516129
25866,0.645161
25867,0.516129
25868,0.645161
25869,0.516129
25870,0.645161
25871,0.580645
25872,0.83871
25873,0.806452
25874,0.741935
25875,0.548387
25876,0.806452
25877,0.354839
25878,0.580645
25879,0.548387
25880,0.548387
25881,0.548387
25882,0.677419
25883,0.741935
25884,0.741935
25885,0.741935
25886,0.741935
25887,0.741935
25888,0.741935
25889,0.677419
25890,0.580645
25891,0.806452
25892,0.741935
25893,0.741935
25894,0.741935
25895,0.741935
25896,0.774194
25897,0.774194
25898,0.774194
25899,0.774194
25900,0.774194
25901,0.806452
25902,0.806452
25903,0.806452
25904,0.806452
25905,0.806452
25906,0.806452
25907,0.806452
25908,0.806452
25909,0.806452
25910,0.806452
25911,0.806452
25912,0.774194
25913,0.806452
25914,0.806452
25915,0.806452
25916,0.806452
25917,0.83871
25918,0.806452
25919,0.806452
25920,0.806452
25921,0.806452
25922,0.83871
25923,0.83871
25924,0.741935
25925,0.580645
25926,0.870968
25927,0.354839
25928,0.548387
25929,0.516129
25930,0.516129
25931,0.516129
25932,0.516129
25933,0.516129
25934,0.516129
25935,0.516129
25936,0.483871
25937,0.516129
25938,0.451613
25939,0.677419
25940,0.903226
25941,0.677419
25942,0.645161
25943,0.677419
25944,0.645161
25945,0.677419
25946,0.645161
25947,0.677419
25948,0.677419
25949,0.677419
25950,0.645161
25951,0.645161
25952,0.645161
25953,0.483871
25954,0.322581
25955,0.419355
25956,0.419355
25957,0.774194
25958,0.580645
25959,0.451613
25960,0.354839
25961,0.354839
25962,0.354839
25963,0.354839
25964,0.451613
25965,0.645161
25966,0.645161
25967,0.645161
25968,0.645161
25969,0.645161
25970,0.677419
25971,0.612903
25972,0.612903
25973,0.612903
25974,0.612903
25975,0.612903
25976,0.612903
25977,0.612903
25978,0.612903
25979,0.612903
25980,0.612903
25981,0.612903
25982,0.612903
25983,0.612903
25984,0.483871
25985,0.354839
25986,0.387097
25987,0.419355
25988,0.419355
25989,0.419355
25990,0.419355
25991,0.419355
25992,0.516129
25993,0.612903
25994,0.612903
25995,0.612903
25996,0.612903
25997,0.612903
25998,0.612903
25999,0.612903
26000,0.612903
26001,0.612903
26002,0.612903
26003,0.612903
26004,0.612903
26005,0.612903
26006,0.612903
26007,0.612903
26008,0.612903
26009,0.612903
26010,0.612903
26011,0.612903
26012,0.612903
26013,0.612903
26014,0.612903
26015,0.612903
26016,0.612903
26017,0.612903
26018,0.612903
26019,0.612903
26020,0.612903
26021,0.612903
26022,0.612903
26023,0.612903
26024,0.612903
26025,0.612903
26026,0.612903
26027,0.612903
26028,0.612903
26029,0.612903
26030,0.612903
26031,0.612903
26032,0.612903
26033,0.612903
26034,0.612903
26035,0.612903
26036,0.612903
26037,0.612903
26038,0.612903
26039,0.612903
26040,0.612903
26041,0.612903
26042,0.612903
26043,0.612903
26044,0.612903
26045,0.612903
26046,0.612903
26047,0.612903
26048,0.612903
26049,0.612903
26050,0.483871
26051,0.419355
26052,0.419355
26053,0.419355
26054,0.419355
26055,0.419355
26056,0.419355
26057,0.419355
26058,0.419355
26059,0.419355
26060,0.419355
26061,0.451613
26062,0.419355
26063,0.451613
26064,0.451613
26065,0.290323
26066,0.354839
26067,0.290323
26068,0.354839
26069,0.290323
26070,0.354839
26071,0.290323
26072,0.322581
26073,0.258065
26074,0.258065
26075,0.193548
26076,0.225806
26077,0.290323
26078,0.290323
26079,0.516129
26080,0.709677
26081,0.741935
26082,0.709677
26083,0.548387
26084,0.612903
26085,0.483871
26086,0.774194
26087,0.709677
26088,0.677419
26089,0.612903
26090,0.483871
26091,0.290323
26092,0.354839
26093,0.290323
26094,0.354839
26095,0.290323
26096,0.354839
26097,0.290323
26098,0.354839
26099,0.290323
26100,0.354839
26101,0.290323
26102,0.354839
26103,0.290323
26104,0.354839
26105,0.516129
26106,0.806452
26107,0.774194
26108,0.774194
26109,0.774194
26110,0.774194
26111,0.774194
26112,0.774194
26113,0.774194
26114,0.774194
26115,0.774194
26116,0.774194
26117,0.774194
26118,0.774194
26119,0.774194
26120,0.774194
26121,0.774194
26122,0.774194
26123,0.774194
26124,0.516129
26125,0.322581
26126,0.451613
26127,0.322581
26128,0.419355
26129,0.290323
26130,0.354839
26131,0.387097
26132,0.451613
26133,0.322581
26134,0.548387
26135,0.354839
26136,0.419355
26137,0.516129
26138,0.612903
26139,0.580645
26140,0.612903
26141,0.580645
26142,0.516129
26143,0.516129
26144,0.612903
26145,0.709677
26146,0.709677
26147,0.709677
26148,0.677419
26149,0.258065
26150,0.387097
26151,0.580645
26152,0.935484
26153,0.419355
26154,0.806452
26155,0.645161
26156,0.419355
26157,0.774194
26158,0.709677
26159,0.741935
26160,0.645161
26161,0.419355
26162,0.354839
26163,0.741935
26164,0.903226
26165,0.548387
26166,0.548387
26167,0.774194
26168,0.774194
26169,0.870968
26170,0.580645
26171,0.258065
26172,0.354839
26173,0.290323
26174,0.354839
26175,0.290323
26176,0.645161
26177,0.516129
26178,0.322581
26179,0.419355
26180,0.419355
26181,0.419355
26182,0.419355
26183,0.419355
26184,0.419355
26185,0.419355
26186,0.322581
26187,0.387097
26188,0.322581
26189,0.387097
26190,0.322581
26191,0.387097
26192,0.322581
26193,0.387097
26194,0.322581
26195,0.387097
26196,0.322581
26197,0.451613
26198,0.322581
26199,0.419355
26200,0.290323
26201,0.483871
26202,0.322581
26203,0.741935
26204,0.290323
26205,0.483871
26206,0.290323
26207,0.483871
26208,0.290323
26209,0.483871
26210,0.290323
26211,0.483871
26212,0.290323
26213,0.483871
26214,0.322581
26215,0.645161
26216,0.258065
26217,0.516129
26218,0.483871
26219,0.258065
26220,0.258065
26221,0.258065
26222,0.258065
26223,0.322581
26224,0.645161
26225,0.354839
26226,0.258065
26227,0.258065
26228,0.258065
26229,0.225806
26230,0.258065
26231,0.225806
26232,0.225806
26233,0.225806
26234,0.225806
26235,0.225806
26236,0.225806
26237,0.225806
26238,0.225806
26239,0.225806
26240,0.290323
26241,0.516129
26242,0.483871
26243,0.483871
26244,0.387097
26245,0.451613
26246,0.419355
26247,0.451613
26248,0.419355
26249,0.451613
26250,0.419355
26251,0.322581
26252,0.322581
26253,0.322581
26254,0.322581
26255,0.322581
26256,0.322581
26257,0.322581
26258,0.322581
26259,0.290323
26260,0.322581
26261,0.322581
26262,0.322581
26263,0.322581
26264,0.322581
26265,0.322581
26266,0.322581
26267,0.322581
26268,0.322581
26269,0.322581
26270,0.322581
26271,0.322581
26272,0.322581
26273,0.322581
26274,0.322581
26275,0.322581
26276,0.322581
26277,0.322581
26278,0.322581
26279,0.322581
26280,0.322581
26281,0.322581
26282,0.322581
26283,0.322581
26284,0.322581
26285,0.322581
26286,0.322581
26287,0.322581
26288,0.322581
26289,0.322581
26290,0.322581
26291,0.322581
26292,0.322581
26293,0.322581
26294,0.322581
26295,0.193548
26296,0.290323
26297,0.290323
26298,0.290323
26299,0.290323
26300,0.290323
26301,0.290323
26302,0.258065
26303,0.709677
26304,0.483871
26305,0.290323
26306,0.290323
26307,0.290323
26308,0.258065
26309,0.709677
26310,0.483871
26311,0.290323
26312,0.290323
26313,0.290323
26314,0.290323
26315,0.290323
26316,0.290323
26317,0.290323
26318,0.290323
26319,0.290323
26320,0.290323
26321,0.290323
26322,0.290323
26323,0.290323
26324,0.322581
26325,0.290323
26326,0.322581
26327,0.290323
26328,0.290323
26329,0.290323
26330,0.290323
26331,0.290323
26332,0.290323
26333,0.290323
26334,0.193548
26335,0.193548
26336,0.193548
26337,0.193548
26338,0.193548
26339,0.16129
26340,0.193548
26341,0.193548
26342,0.193548
26343,0.193548
26344,0.193548
26345,0.193548
26346,0.193548
26347,0.193548
26348,0.193548
26349,0.0967742
26350,0.806452
26351,0.806452
26352,0.193548
26353,0.16129
26354,0.16129
26355,0.16129
26356,0.16129
26357,0.16129
26358,0.16129
26359,0.16129
26360,0.16129
26361,0.129032
26362,0.16129
26363,0.16129
26364,0.16129
26365,0.16129
26366,0.129032
26367,0.16129
26368,0.16129
26369,0.129032
26370,0.129032
26371,0.129032
26372,0.129032
26373,0.129032
26374,0.16129
26375,0.193548
26376,0.193548
26377,0.16129
26378,0.16129
26379,0.225806
26380,0.290323
26381,0.258065
26382,0.225806
26383,0.322581
26384,0.322581
26385,0.290323
26386,0.290323
26387,0.258065
26388,0.258065
26389,0.258065
26390,0.258065
26391,0.258065
26392,0.258065
26393,0.258065
26394,0.258065
26395,0.290323
26396,0.290323
26397,0.258065
26398,0.258065
26399,0.258065
26400,0.258065
26401,0.258065
26402,0.258065
26403,0.258065
26404,0.354839
26405,0.290323
26406,0.290323
26407,0.290323
26408,0.290323
26409,0.290323
26410,0.290323
26411,0.290323
26412,0.290323
26413,0.290323
26414,0.290323
26415,0.290323
26416,0.290323
26417,0.290323
26418,0.290323
26419,0.290323
26420,0.290323
26421,0.290323
26422,0.290323
26423,0.290323
26424,0.290323
26425,0.258065
26426,0.322581
26427,0.225806
26428,0.258065
26429,0.290323
26430,0.322581
26431,0.322581
26432,0.516129
26433,0.225806
26434,0.322581
26435,0.483871
26436,0.290323
26437,0.516129
26438,0.419355
26439,0.516129
26440,0.16129
26441,0.677419
26442,0.903226
26443,0.290323
26444,0.516129
26445,0.354839
26446,0.516129
26447,0.354839
26448,0.548387
26449,0.290323
26450,0.580645
26451,0.258065
26452,0.774194
26453,0.516129
26454,0.322581
26455,0.354839
26456,0.354839
26457,0.258065
26458,0.322581
26459,0.322581
26460,0.322581
26461,0.354839
26462,0.903226
26463,0.967742
26464,0.709677
26465,0.258065
26466,0.258065
26467,0.322581
26468,0.258065
26469,0.322581
26470,0.258065
26471,0.83871
26472,0.903226
26473,0.935484
26474,0.903226
26475,0.903226
26476,0.967742
26477,0.870968
26478,0.967742
26479,0.967742
26480,0.967742
26481,0.903226
26482,0.967742
26483,0.967742
26484,0.870968
26485,0.935484
26486,0.935484
26487,0.967742
26488,0.935484
26489,0.935484
26490,0.709677
26491,0.451613
26492,0.806452
26493,0.967742
26494,0.709677
26495,0.419355
26496,0.483871
26497,0.419355
26498,0.806452
26499,0.903226
26500,0.903226
26501,0.903226
26502,0.903226
26503,0.903226
26504,0.903226
26505,0.903226
26506,0.903226
26507,0.903226
26508,0.903226
26509,0.903226
26510,0.903226
26511,0.903226
26512,0.903226
26513,0.903226
26514,0.903226
26515,0.903226
26516,0.903226
26517,0.903226
26518,0.903226
26519,0.903226
26520,0.903226
26521,0.903226
26522,0.903226
26523,0.903226
26524,0.903226
26525,0.903226
26526,0.903226
26527,0.903226
26528,0.903226
26529,0.903226
26530,0.903226
26531,0.903226
26532,0.903226
26533,0.516129
26534,0.870968
26535,0.903226
26536,0.903226
26537,0.870968
26538,0.741935
26539,0.83871
26540,0.709677
26541,0.935484
26542,0.709677
26543,0.935484
26544,0.709677
26545,0.935484
26546,0.774194
26547,0.967742
26548,0.870968
26549,0.935484
26550,0.806452
26551,0.935484
26552,0.83871
26553,0.935484
26554,0.83871
26555,0.935484
26556,0.83871
26557,0.935484
26558,0.83871
26559,0.935484
26560,0.83871
26561,0.935484
26562,0.83871
26563,0.935484
26564,0.83871
26565,0.935484
26566,0.83871
26567,0.935484
26568,0.83871
26569,0.935484
26570,0.806452
26571,0.935484
26572,0.83871
26573,0.935484
26574,0.83871
26575,0.935484
26576,0.83871
26577,0.935484
26578,0.83871
26579,0.935484
26580,0.83871
26581,0.935484
26582,0.83871
26583,0.935484
26584,0.83871
26585,0.935484
26586,0.870968
26587,0.935484
26588,0.903226
26589,0.903226
26590,0.903226
26591,0.935484
26592,0.935484
26593,0.741935
26594,0.83871
26595,0.741935
26596,0.870968
26597,0.741935
26598,0.870968
26599,0.741935
26600,0.870968
26601,0.741935
26602,0.870968
26603,0.741935
26604,0.870968
26605,0.741935
26606,0.870968
26607,0.741935
26608,0.870968
26609,0.741935
26610,0.967742
26611,0.935484
26612,0.935484
26613,0.774194
26614,0.709677
26615,0.806452
26616,0.709677
26617,0.870968
26618,0.83871
26619,0.935484
26620,0.83871
26621,0.935484
26622,0.83871
26623,0.935484
26624,0.83871
26625,0.935484
26626,0.903226
26627,0.935484
26628,0.903226
26629,0.935484
26630,0.903226
26631,0.935484
26632,0.903226
26633,0.935484
26634,0.903226
26635,0.935484
26636,0.903226
26637,0.903226
26638,0.935484
26639,0.903226
26640,0.935484
26641,0.903226
26642,0.967742
26643,0.903226
26644,0.967742
26645,0.903226
26646,0.967742
26647,0.870968
26648,0.967742
26649,0.903226
26650,0.967742
26651,0.903226
26652,0.935484
26653,0.935484
26654,0.935484
26655,0.935484
26656,0.935484
26657,0.935484
26658,0.903226
26659,0.935484
26660,0.935484
26661,0.935484
26662,0.935484
26663,0.935484
26664,0.935484
26665,0.935484
26666,0.935484
26667,0.935484
26668,0.935484
26669,0.903226
26670,0.935484
26671,0.935484
26672,0.741935
26673,0.903226
26674,0.774194
26675,0.903226
26676,0.774194
26677,0.870968
26678,0.774194
26679,0.870968
26680,0.774194
26681,0.870968
26682,0.774194
26683,0.903226
26684,0.774194
26685,0.903226
26686,0.774194
26687,0.870968
26688,0.774194
26689,0.870968
26690,0.83871
26691,0.870968
26692,0.83871
26693,0.903226
26694,0.677419
26695,0.83871
26696,0.677419
26697,0.806452
26698,0.870968
26699,0.870968
26700,0.967742
26701,0.903226
26702,0.967742
26703,0.83871
26704,0.903226
26705,0.774194
26706,0.870968
26707,0.870968
26708,0.870968
26709,0.903226
26710,0.870968
26711,0.903226
26712,0.903226
26713,0.774194
26714,0.83871
26715,0.774194
26716,0.870968
26717,0.774194
26718,0.83871
26719,0.806452
26720,0.806452
26721,0.741935
26722,0.806452
26723,0.709677
26724,0.83871
26725,0.741935
26726,0.806452
26727,0.741935
26728,0.806452
26729,0.741935
26730,0.806452
26731,0.645161
26732,0.741935
26733,0.774194
26734,0.806452
26735,0.741935
26736,0.83871
26737,0.645161
26738,0.870968
26739,0.677419
26740,0.870968
26741,0.709677
26742,0.870968
26743,0.709677
26744,0.870968
26745,0.709677
26746,0.870968
26747,0.709677
26748,0.870968
26749,0.709677
26750,0.870968
26751,0.709677
26752,0.870968
26753,0.709677
26754,0.903226
26755,0.83871
26756,0.870968
26757,0.83871
26758,0.870968
26759,0.83871
26760,0.870968
26761,0.83871
26762,0.83871
26763,0.903226
26764,0.83871
26765,0.903226
26766,0.83871
26767,0.903226
26768,0.83871
26769,0.903226
26770,0.83871
26771,0.741935
26772,0.83871
26773,0.83871
26774,0.83871
26775,0.741935
26776,0.806452
26777,0.677419
26778,0.806452
26779,0.677419
26780,0.806452
26781,0.677419
26782,0.387097
26783,0.387097
26784,0.83871
26785,0.645161
26786,0.806452
26787,0.677419
26788,0.806452
26789,0.677419
26790,0.806452
26791,0.677419
26792,0.806452
26793,0.677419
26794,0.806452
26795,0.677419
26796,0.806452
26797,0.677419
26798,0.806452
26799,0.677419
26800,0.806452
26801,0.677419
26802,0.806452
26803,0.612903
26804,0.354839
26805,0.387097
26806,0.806452
26807,0.83871
26808,0.870968
26809,0.290323
26810,0.387097
26811,0.387097
26812,0.741935
26813,0.870968
26814,0.83871
26815,0.741935
26816,0.290323
26817,0.83871
26818,0.967742
26819,0.741935
26820,0.258065
26821,0.322581
26822,0.677419
26823,0.774194
26824,0.129032
26825,0.645161
26826,0.967742
26827,0.83871
26828,0.709677
26829,0.290323
26830,0.516129
26831,0.354839
26832,0.516129
26833,0.612903
26834,0.903226
26835,0.741935
26836,0.709677
26837,0.290323
26838,0.322581
26839,0.225806
26840,0.516129
26841,0.935484
26842,0.548387
26843,0.548387
26844,0.870968
26845,0.870968
26846,0.870968
26847,0.870968
26848,0.870968
26849,0.774194
26850,0.709677
26851,0.774194
26852,0.774194
26853,0.83871
26854,0.741935
26855,0.806452
26856,0.483871
26857,0.903226
26858,0.806452
26859,0.83871
26860,0.83871
26861,0.83871
26862,0.870968
26863,0.870968
26864,0.870968
26865,0.870968
26866,0.903226
26867,0.903226
26868,0.903226
26869,0.903226
26870,0.83871
26871,0.83871
26872,0.83871
26873,0.83871
26874,0.870968
26875,0.83871
26876,0.774194
26877,0.870968
26878,0.83871
26879,0.870968
26880,0.83871
26881,0.903226
26882,0.709677
26883,0.290323
26884,0.741935
26885,0.483871
26886,0.903226
26887,0.193548
26888,0.193548
26889,0.225806
26890,0.258065
26891,0.451613
26892,0.258065
26893,0.225806
26894,0.258065
26895,0.451613
26896,0.903226
26897,0.548387
26898,0.967742
26899,0.83871
26900,0.612903
26901,0.548387
26902,0.967742
26903,0.83871
26904,0.806452
26905,0.83871
26906,0.935484
26907,0.806452
26908,0.903226
26909,0.83871
26910,0.903226
26911,0.83871
26912,0.903226
26913,0.83871
26914,0.903226
26915,0.677419
26916,0.774194
26917,0.774194
26918,0.870968
26919,0.741935
26920,0.516129
26921,0.903226
26922,0.774194
26923,0.774194
26924,0.870968
26925,0.870968
26926,0.935484
26927,0.935484
26928,0.645161
26929,0.903226
26930,0.774194
26931,0.806452
26932,0.806452
26933,0.806452
26934,0.806452
26935,0.870968
26936,0.870968
26937,0.870968
26938,0.870968
26939,0.870968
26940,0.903226
26941,0.903226
26942,0.870968
26943,0.870968
26944,0.870968
26945,0.870968
26946,0.870968
26947,0.870968
26948,0.870968
26949,0.870968
26950,0.870968
26951,0.903226
26952,0.870968
26953,0.903226
26954,0.870968
26955,0.903226
26956,0.83871
26957,0.935484
26958,0.83871
26959,0.903226
26960,0.83871
26961,0.935484
26962,0.83871
26963,0.903226
26964,0.83871
26965,0.870968
26966,0.83871
26967,0.870968
26968,0.83871
26969,0.870968
26970,0.83871
26971,0.870968
26972,0.806452
26973,0.903226
26974,0.709677
26975,0.903226
26976,0.709677
26977,0.903226
26978,0.83871
26979,0.774194
26980,0.903226
26981,0.741935
26982,0.903226
26983,0.612903
26984,0.258065
26985,0.483871
26986,0.322581
26987,0.483871
26988,0.322581
26989,0.483871
26990,0.322581
26991,0.483871
26992,0.322581
26993,0.483871
26994,0.322581
26995,0.483871
26996,0.322581
26997,0.483871
26998,0.322581
26999,0.548387
27000,0.451613
27001,0.483871
27002,0.516129
27003,0.516129
27004,0.516129
27005,0.677419
27006,0.903226
27007,0.83871
27008,0.774194
27009,0.806452
27010,0.806452
27011,0.774194
27012,0.806452
27013,0.870968
27014,0.83871
27015,0.903226
27016,0.83871
27017,0.870968
27018,0.870968
27019,0.806452
27020,0.870968
27021,0.806452
27022,0.870968
27023,0.83871
27024,0.741935
27025,0.741935
27026,0.322581
27027,0.709677
27028,0.806452
27029,0.580645
27030,0.387097
27031,0.548387
27032,0.580645
27033,0.709677
27034,0.419355
27035,0.741935
27036,0.419355
27037,0.83871
27038,0.419355
27039,0.612903
27040,0.580645
27041,0.709677
27042,0.354839
27043,0.677419
27044,0.451613
27045,0.774194
27046,0.354839
27047,0.741935
27048,0.322581
27049,0.741935
27050,0.322581
27051,0.580645
27052,0.451613
27053,0.741935
27054,0.419355
27055,0.741935
27056,0.354839
27057,0.322581
27058,0.322581
27059,0.387097
27060,0.774194
27061,0.967742
27062,0.677419
27063,0.290323
27064,0.322581
27065,0.322581
27066,0.741935
27067,0.903226
27068,0.290323
27069,0.322581
27070,0.322581
27071,0.322581
27072,0.322581
27073,0.322581
27074,0.322581
27075,0.322581
27076,0.354839
27077,0.419355
27078,0.387097
27079,0.419355
27080,0.387097
27081,0.419355
27082,0.387097
27083,0.419355
27084,0.322581
27085,0.354839
27086,0.354839
27087,0.354839
27088,0.354839
27089,0.354839
27090,0.354839
27091,0.354839
27092,0.322581
27093,0.322581
27094,0.354839
27095,0.354839
27096,0.354839
27097,0.322581
27098,0.322581
27099,0.322581
27100,0.322581
27101,0.322581
27102,0.322581
27103,0.322581
27104,0.290323
27105,0.290323
27106,0.322581
27107,0.322581
27108,0.322581
27109,0.322581
27110,0.322581
27111,0.322581
27112,0.322581
27113,0.387097
27114,0.290323
27115,0.258065
27116,0.322581
27117,0.451613
27118,0.387097
27119,0.387097
27120,0.387097
27121,0.387097
27122,0.387097
27123,0.387097
27124,0.387097
27125,0.354839
27126,0.290323
27127,0.419355
27128,0.387097
27129,0.387097
27130,0.387097
27131,0.387097
27132,0.387097
27133,0.387097
27134,0.387097
27135,0.387097
27136,0.387097
27137,0.387097
27138,0.387097
27139,0.387097
27140,0.387097
27141,0.387097
27142,0.387097
27143,0.322581
27144,0.387097
27145,0.354839
27146,0.290323
27147,0.419355
27148,0.387097
27149,0.387097
27150,0.387097
27151,0.387097
27152,0.354839
27153,0.387097
27154,0.387097
27155,0.387097
27156,0.322581
27157,0.354839
27158,0.387097
27159,0.419355
27160,0.387097
27161,0.354839
27162,0.290323
27163,0.419355
27164,0.322581
27165,0.451613
27166,0.387097
27167,0.419355
27168,0.354839
27169,0.354839
27170,0.387097
27171,0.387097
27172,0.387097
27173,0.387097
27174,0.387097
27175,0.387097
27176,0.387097
27177,0.322581
27178,0.354839
27179,0.354839
27180,0.290323
27181,0.290323
27182,0.258065
27183,0.258065
27184,0.290323
27185,0.419355
27186,0.354839
27187,0.354839
27188,0.387097
27189,0.387097
27190,0.322581
27191,0.354839
27192,0.290323
27193,0.290323
27194,0.419355
27195,0.451613
27196,0.322581
27197,0.419355
27198,0.451613
27199,0.516129
27200,0.419355
27201,0.354839
27202,0.612903
27203,0.322581
27204,0.451613
27205,0.322581
27206,0.451613
27207,0.290323
27208,0.322581
27209,0.387097
27210,0.612903
27211,0.548387
27212,0.548387
27213,0.645161
27214,0.903226
27215,0.83871
27216,0.903226
27217,0.935484
27218,0.612903
27219,0.258065
27220,0.322581
27221,0.354839
27222,0.935484
27223,0.935484
27224,0.322581
27225,0.354839
27226,0.354839
27227,0.354839
27228,0.387097
27229,0.419355
27230,0.387097
27231,0.354839
27232,0.354839
27233,0.354839
27234,0.387097
27235,0.387097
27236,0.387097
27237,0.387097
27238,0.387097
27239,0.387097
27240,0.387097
27241,0.354839
27242,0.354839
27243,0.322581
27244,0.354839
27245,0.322581
27246,0.354839
27247,0.322581
27248,0.354839
27249,0.322581
27250,0.322581
27251,0.322581
27252,0.322581
27253,0.322581
27254,0.387097
27255,0.387097
27256,0.354839
27257,0.354839
27258,0.354839
27259,0.354839
27260,0.322581
27261,0.322581
27262,0.354839
27263,0.419355
27264,0.387097
27265,0.419355
27266,0.387097
27267,0.419355
27268,0.677419
27269,0.709677
27270,0.516129
27271,0.387097
27272,0.387097
27273,0.354839
27274,0.709677
27275,0.709677
27276,0.774194
27277,0.709677
27278,0.774194
27279,0.709677
27280,0.516129
27281,0.387097
27282,0.419355
27283,0.387097
27284,0.419355
27285,0.580645
27286,0.645161
27287,0.322581
27288,0.709677
27289,0.645161
27290,0.580645
27291,0.741935
27292,0.741935
27293,0.677419
27294,0.741935
27295,0.677419
27296,0.741935
27297,0.677419
27298,0.741935
27299,0.677419
27300,0.741935
27301,0.677419
27302,0.741935
27303,0.677419
27304,0.516129
27305,0.419355
27306,0.741935
27307,0.903226
27308,0.806452
27309,0.806452
27310,1
27311,0.967742
27312,0.967742
27313,0.935484
27314,0.967742
27315,0.967742
27316,0.967742
27317,0.967742
27318,0.967742
27319,0.967742
27320,0.967742
27321,0.967742
27322,0.967742
27323,0.967742
27324,0.967742
27325,0.967742
27326,0.967742
27327,0.967742
27328,0.935484
27329,0.967742
27330,0.967742
27331,0.967742
27332,0.967742
27333,0.967742
27334,0.967742
27335,0.967742
27336,0.967742
27337,0.967742
27338,0.967742
27339,0.967742
27340,0.967742
27341,0.967742
27342,0.967742
27343,0.967742
27344,0.967742
27345,0.967742
27346,0.967742
27347,0.967742
27348,0.967742
27349,0.935484
27350,0.967742
27351,0.935484
27352,0.967742
27353,0.935484
27354,0.967742
27355,0.935484
27356,0.967742
27357,0.935484
27358,0.967742
27359,0.935484
27360,0.967742
27361,0.935484
27362,0.967742
27363,0.935484
27364,0.967742
27365,0.935484
27366,0.967742
27367,0.935484
27368,0.967742
27369,0.935484
27370,0.967742
27371,0.935484
27372,0.967742
27373,0.967742
27374,0.967742
27375,0.935484
27376,0.967742
27377,0.935484
27378,0.967742
27379,0.935484
27380,0.967742
27381,0.935484
27382,0.967742
27383,0.967742
27384,0.967742
27385,0.935484
27386,0.967742
27387,0.935484
27388,0.967742
27389,0.967742
27390,0.967742
27391,0.967742
27392,0.967742
27393,0.967742
27394,0.967742
27395,0.967742
27396,0.967742
27397,0.967742
27398,0.967742
27399,0.967742
27400,0.967742
27401,0.967742
27402,0.967742
27403,0.967742
27404,0.967742
27405,0.967742
27406,0.967742
27407,0.967742
27408,0.967742
27409,0.967742
27410,0.967742
27411,0.967742
27412,0.967742
27413,0.967742
27414,0.967742
27415,0.967742
27416,0.967742
27417,0.967742
27418,0.967742
27419,0.967742
27420,0.967742
27421,0.967742
27422,0.967742
27423,0.967742
27424,0.967742
27425,0.967742
27426,0.967742
27427,0.967742
27428,0.967742
27429,0.967742
27430,0.935484
27431,0.935484
27432,0.935484
27433,0.935484
27434,0.935484
27435,0.903226
27436,0.935484
27437,0.935484
27438,0.935484
27439,0.903226
27440,0.967742
27441,0.935484
27442,0.967742
27443,0.83871
27444,0.935484
27445,0.870968
27446,0.935484
27447,0.967742
27448,0.967742
27449,0.967742
27450,0.83871
27451,0.935484
27452,0.870968
27453,0.903226
27454,0.806452
27455,0.903226
27456,0.967742
27457,0.870968
27458,0.903226
27459,0.935484
27460,0.935484
27461,0.967742
27462,0.967742
27463,0.967742
27464,0.967742
27465,0.967742
27466,0.967742
27467,0.967742
27468,0.967742
27469,0.967742
27470,0.967742
27471,0.967742
27472,0.967742
27473,0.967742
27474,0.967742
27475,0.967742
27476,0.935484
27477,0.967742
27478,0.967742
27479,0.967742
27480,0.935484
27481,0.935484
27482,0.935484
27483,0.967742
27484,0.935484
27485,0.967742
27486,0.935484
27487,0.967742
27488,0.967742
27489,0.935484
27490,0.967742
27491,0.935484
27492,0.967742
27493,0.935484
27494,0.967742
27495,0.935484
27496,0.967742
27497,0.935484
27498,0.967742
27499,0.967742
27500,0.967742
27501,0.967742
27502,0.935484
27503,0.967742
27504,0.935484
27505,0.967742
27506,0.903226
27507,0.935484
27508,0.935484
27509,0.967742
27510,0.935484
27511,0.967742
27512,0.935484
27513,0.967742
27514,0.677419
27515,0.967742
27516,0.548387
27517,0.967742
27518,0.580645
27519,0.967742
27520,0.580645
27521,0.967742
27522,0.935484
27523,0.967742
27524,0.935484
27525,0.967742
27526,0.580645
27527,0.967742
27528,0.548387
27529,0.967742
27530,0.935484
27531,0.967742
27532,0.935484
27533,0.967742
27534,0.870968
27535,0.806452
27536,0.903226
27537,0.903226
27538,0.516129
27539,0.83871
27540,0.870968
27541,0.903226
27542,0.548387
27543,0.870968
27544,0.548387
27545,0.806452
27546,0.548387
27547,0.806452
27548,0.548387
27549,0.806452
27550,0.548387
27551,0.806452
27552,0.580645
27553,0.774194
27554,0.580645
27555,0.677419
27556,0.870968
27557,0.870968
27558,0.870968
27559,0.83871
27560,0.870968
27561,0.83871
27562,0.870968
27563,0.83871
27564,0.967742
27565,0.806452
27566,0.903226
27567,0.870968
27568,0.870968
27569,0.806452
27570,0.935484
27571,0.580645
27572,0.83871
27573,0.935484
27574,0.677419
27575,0.83871
27576,0.806452
27577,0.967742
27578,0.83871
27579,0.83871
27580,0.935484
27581,0.935484
27582,0.935484
27583,0.741935
27584,0.83871
27585,0.774194
27586,0.870968
27587,0.806452
27588,0.870968
27589,0.83871
27590,0.806452
27591,0.83871
27592,0.806452
27593,0.806452
27594,0.806452
27595,0.806452
27596,0.806452
27597,0.806452
27598,0.774194
27599,0.741935
27600,0.741935
27601,0.774194
27602,0.806452
27603,0.806452
27604,0.774194
27605,0.806452
27606,0.83871
27607,0.677419
27608,0.806452
27609,0.806452
27610,0.806452
27611,0.83871
27612,0.774194
27613,0.483871
27614,0.806452
27615,0.645161
27616,0.677419
27617,0.741935
27618,0.741935
27619,0.741935
27620,0.806452
27621,0.806452
27622,0.774194
27623,0.580645
27624,0.677419
27625,0.709677
27626,0.774194
27627,0.870968
27628,0.741935
27629,0.903226
27630,0.774194
27631,0.774194
27632,0.774194
27633,0.774194
27634,0.741935
27635,0.741935
27636,0.741935
27637,0.741935
27638,0.741935
27639,0.741935
27640,0.677419
27641,0.741935
27642,0.741935
27643,0.741935
27644,0.741935
27645,0.741935
27646,0.774194
27647,0.774194
27648,0.774194
27649,0.774194
27650,0.774194
27651,0.774194
27652,0.774194
27653,0.774194
27654,0.774194
27655,0.741935
27656,0.741935
27657,0.741935
27658,0.741935
27659,0.709677
27660,0.741935
27661,0.741935
27662,0.709677
27663,0.709677
27664,0.709677
27665,0.709677
27666,0.709677
27667,0.709677
27668,0.709677
27669,0.709677
27670,0.580645
27671,0.903226
27672,0.709677
27673,0.709677
27674,0.709677
27675,0.709677
27676,0.612903
27677,0.612903
27678,0.548387
27679,0.645161
27680,0.548387
27681,0.645161
27682,0.677419
27683,0.709677
27684,0.548387
27685,0.677419
27686,0.645161
27687,0.677419
27688,0.645161
27689,0.580645
27690,0.322581
27691,0.612903
27692,0.645161
27693,0.516129
27694,0.741935
27695,0.580645
27696,0.548387
27697,0.870968
27698,0.516129
27699,0.806452
27700,0.774194
27701,0.741935
27702,0.774194
27703,0.741935
27704,0.774194
27705,0.741935
27706,0.774194
27707,0.774194
27708,0.741935
27709,0.774194
27710,0.774194
27711,0.806452
27712,0.806452
27713,0.612903
27714,0.516129
27715,0.903226
27716,0.741935
27717,0.645161
27718,0.483871
27719,0.83871
27720,0.774194
27721,0.709677
27722,0.677419
27723,0.709677
27724,0.677419
27725,0.645161
27726,0.709677
27727,0.709677
27728,0.677419
27729,0.645161
27730,0.741935
27731,0.741935
27732,0.741935
27733,0.774194
27734,0.741935
27735,0.741935
27736,0.774194
27737,0.741935
27738,0.774194
27739,0.741935
27740,0.774194
27741,0.741935
27742,0.774194
27743,0.741935
27744,0.774194
27745,0.774194
27746,0.806452
27747,0.774194
27748,0.741935
27749,0.741935
27750,0.741935
27751,0.677419
27752,0.709677
27753,0.741935
27754,0.709677
27755,0.677419
27756,0.677419
27757,0.677419
27758,0.709677
27759,0.741935
27760,0.709677
27761,0.645161
27762,0.677419
27763,0.709677
27764,0.709677
27765,0.709677
27766,0.741935
27767,0.709677
27768,0.709677
27769,0.709677
27770,0.741935
27771,0.774194
27772,0.774194
27773,0.645161
27774,0.741935
27775,0.645161
27776,0.741935
27777,0.645161
27778,0.774194
27779,0.774194
27780,0.709677
27781,0.741935
27782,0.741935
27783,0.741935
27784,0.741935
27785,0.677419
27786,0.774194
27787,0.741935
27788,0.806452
27789,0.774194
27790,0.806452
27791,0.806452
27792,0.612903
27793,0.580645
27794,0.774194
27795,0.806452
27796,0.741935
27797,0.677419
27798,0.677419
27799,0.709677
27800,0.709677
27801,0.709677
27802,0.774194
27803,0.806452
27804,0.903226
27805,0.870968
27806,0.870968
27807,0.870968
27808,0.870968
27809,0.806452
27810,0.806452
27811,0.806452
27812,0.870968
27813,0.870968
27814,0.870968
27815,0.870968
27816,0.903226
27817,0.967742
27818,0.935484
27819,0.935484
27820,0.870968
27821,0.935484
27822,0.870968
27823,0.935484
27824,0.935484
27825,0.967742
27826,0.935484
27827,0.935484
27828,0.83871
27829,0.935484
27830,0.83871
27831,0.935484
27832,0.83871
27833,0.935484
27834,0.935484
27835,0.935484
27836,0.935484
27837,0.935484
27838,0.935484
27839,0.935484
27840,0.806452
27841,0.806452
27842,0.806452
27843,0.806452
27844,0.806452
27845,0.806452
27846,0.774194
27847,0.806452
27848,0.903226
27849,0.612903
27850,0.903226
27851,0.548387
27852,0.870968
27853,0.709677
27854,0.935484
27855,0.774194
27856,0.935484
27857,0.806452
27858,0.903226
27859,0.806452
27860,0.774194
27861,0.83871
27862,0.774194
27863,0.806452
27864,0.774194
27865,0.935484
27866,0.645161
27867,0.903226
27868,0.774194
27869,0.741935
27870,0.774194
27871,0.741935
27872,0.83871
27873,0.774194
27874,0.806452
27875,0.903226
27876,0.774194
27877,0.935484
27878,0.774194
27879,0.83871
27880,0.806452
27881,0.806452
27882,0.806452
27883,0.935484
27884,0.806452
27885,0.774194
27886,0.774194
27887,0.935484
27888,0.709677
27889,0.935484
27890,0.677419
27891,0.903226
27892,0.870968
27893,0.612903
27894,0.870968
27895,0.548387
27896,0.870968
27897,0.612903
27898,0.870968
27899,0.451613
27900,0.774194
27901,0.580645
27902,0.774194
27903,0.645161
27904,0.774194
27905,0.83871
27906,0.483871
27907,0.83871
27908,0.419355
27909,0.806452
27910,0.419355
27911,0.806452
27912,0.387097
27913,0.741935
27914,0.419355
27915,0.741935
27916,0.419355
27917,0.870968
27918,0.354839
27919,0.903226
27920,0.322581
27921,0.806452
27922,0.419355
27923,0.612903
27924,0.677419
27925,0.967742
27926,0.741935
27927,0.935484
27928,0.741935
27929,0.935484
27930,0.741935
27931,0.870968
27932,0.774194
27933,0.774194
27934,0.83871
27935,0.806452
27936,0.83871
27937,0.806452
27938,0.83871
27939,0.806452
27940,0.83871
27941,0.806452
27942,0.83871
27943,0.806452
27944,0.83871
27945,0.806452
27946,0.83871
27947,0.806452
27948,0.83871
27949,0.806452
27950,0.83871
27951,0.806452
27952,0.83871
27953,0.806452
27954,0.83871
27955,0.806452
27956,0.83871
27957,0.806452
27958,0.83871
27959,0.806452
27960,0.83871
27961,0.806452
27962,0.83871
27963,0.806452
27964,0.83871
27965,0.806452
27966,0.83871
27967,0.806452
27968,0.83871
27969,0.83871
27970,0.935484
27971,0.83871
27972,0.967742
27973,0.903226
27974,0.83871
27975,0.83871
27976,0.967742
27977,0.903226
27978,0.870968
27979,0.741935
27980,0.935484
27981,0.935484
27982,0.903226
27983,0.903226
27984,0.903226
27985,0.903226
27986,0.903226
27987,0.903226
27988,0.903226
27989,0.903226
27990,0.903226
27991,0.903226
27992,0.870968
27993,0.612903
27994,0.322581
27995,0.354839
27996,0.322581
27997,0.677419
27998,0.967742
27999,0.870968
28000,0.903226
28001,0.903226
28002,0.935484
28003,0.870968
28004,0.903226
28005,0.903226
28006,0.903226
28007,0.903226
28008,0.903226
28009,0.935484
28010,0.870968
28011,0.935484
28012,0.903226
28013,0.870968
28014,0.612903
28015,0.322581
28016,0.709677
28017,0.903226
28018,0.903226
28019,0.903226
28020,0.903226
28021,0.935484
28022,0.612903
28023,0.322581
28024,0.322581
28025,0.322581
28026,0.322581
28027,0.677419
28028,0.935484
28029,0.870968
28030,0.935484
28031,0.612903
28032,0.322581
28033,0.322581
28034,0.322581
28035,0.322581
28036,0.322581
28037,0.322581
28038,0.322581
28039,0.322581
28040,0.322581
28041,0.322581
28042,0.322581
28043,0.322581
28044,0.322581
28045,0.322581
28046,0.709677
28047,0.935484
28048,0.935484
28049,0.612903
28050,0.387097
28051,0.419355
28052,0.774194
28053,0.806452
28054,0.903226
28055,0.870968
28056,0.83871
28057,0.870968
28058,0.870968
28059,0.741935
28060,0.903226
28061,0.516129
28062,0.774194
28063,0.548387
28064,0.387097
28065,0.451613
28066,0.451613
28067,0.419355
28068,0.451613
28069,0.451613
28070,0.806452
28071,0.903226
28072,0.903226
28073,0.806452
28074,0.967742
28075,0.645161
28076,0.806452
28077,0.774194
28078,0.806452
28079,0.806452
28080,0.774194
28081,0.774194
28082,0.451613
28083,0.322581
28084,0.322581
28085,0.322581
28086,0.322581
28087,0.677419
28088,0.806452
28089,0.806452
28090,0.774194
28091,0.806452
28092,0.806452
28093,0.83871
28094,0.419355
28095,0.387097
28096,0.741935
28097,0.806452
28098,0.806452
28099,0.806452
28100,0.806452
28101,0.806452
28102,0.806452
28103,0.774194
28104,0.774194
28105,0.580645
28106,0.354839
28107,0.451613
28108,0.483871
28109,0.741935
28110,0.806452
28111,0.806452
28112,0.806452
28113,0.806452
28114,0.806452
28115,0.806452
28116,0.806452
28117,0.774194
28118,0.870968
28119,0.612903
28120,0.548387
28121,0.290323
28122,0.322581
28123,0.322581
28124,0.903226
28125,0.677419
28126,0.677419
28127,0.612903
28128,0.741935
28129,0.677419
28130,0.741935
28131,0.612903
28132,0.741935
28133,0.580645
28134,0.483871
28135,0.483871
28136,0.741935
28137,0.580645
28138,0.741935
28139,0.548387
28140,0.741935
28141,0.677419
28142,0.741935
28143,0.677419
28144,0.741935
28145,0.677419
28146,0.741935
28147,0.612903
28148,0.741935
28149,0.612903
28150,0.741935
28151,0.612903
28152,0.741935
28153,0.580645
28154,0.741935
28155,0.580645
28156,0.741935
28157,0.612903
28158,0.709677
28159,0.612903
28160,0.741935
28161,0.612903
28162,0.741935
28163,0.612903
28164,0.741935
28165,0.612903
28166,0.741935
28167,0.612903
28168,0.741935
28169,0.612903
28170,0.741935
28171,0.580645
28172,0.774194
28173,0.580645
28174,0.741935
28175,0.612903
28176,0.935484
28177,0.516129
28178,0.806452
28179,0.935484
28180,0.935484
28181,0.935484
28182,0.935484
28183,0.935484
28184,0.935484
28185,0.935484
28186,0.967742
28187,0.967742
28188,0.967742
28189,0.967742
28190,0.967742
28191,0.967742
28192,0.967742
28193,0.967742
28194,0.967742
28195,0.967742
28196,0.967742
28197,0.967742
28198,0.967742
28199,0.967742
28200,0.967742
28201,0.967742
28202,0.967742
28203,0.967742
28204,0.967742
28205,0.967742
28206,0.967742
28207,0.967742
28208,0.967742
28209,0.967742
28210,0.967742
28211,0.967742
28212,0.967742
28213,0.967742
28214,0.967742
28215,0.967742
28216,0.967742
28217,0.935484
28218,0.967742
28219,0.967742
28220,0.967742
28221,0.967742
28222,0.967742
28223,0.967742
28224,0.967742
28225,0.967742
28226,0.967742
28227,0.967742
28228,0.967742
28229,0.967742
28230,0.967742
28231,0.967742
28232,0.967742
28233,0.967742
28234,0.967742
28235,0.967742
28236,0.967742
28237,0.967742
28238,0.967742
28239,0.967742
28240,0.967742
28241,0.967742
28242,0.967742
28243,0.967742
28244,0.967742
28245,0.967742
28246,0.967742
28247,0.967742
28248,0.967742
28249,0.967742
28250,0.967742
28251,0.967742
28252,0.967742
28253,0.967742
28254,0.967742
28255,0.967742
28256,0.967742
28257,0.967742
28258,0.967742
28259,0.967742
28260,0.967742
28261,0.967742
28262,0.967742
28263,0.967742
28264,0.967742
28265,0.967742
28266,0.967742
28267,0.967742
28268,0.967742
28269,0.967742
28270,0.967742
28271,0.967742
28272,0.967742
28273,0.967742
28274,0.967742
28275,0.967742
28276,0.967742
28277,0.967742
28278,0.967742
28279,0.967742
28280,0.967742
28281,0.967742
28282,0.967742
28283,0.967742
28284,0.935484
28285,0.967742
28286,0.935484
28287,0.967742
28288,0.935484
28289,0.967742
28290,0.935484
28291,0.967742
28292,0.935484
28293,0.967742
28294,0.935484
28295,0.935484
28296,0.935484
28297,0.903226
28298,0.935484
28299,0.967742
28300,0.935484
28301,0.967742
28302,0.935484
28303,0.935484
28304,0.903226
28305,0.935484
28306,0.903226
28307,0.806452
28308,0.935484
28309,0.967742
28310,0.967742
28311,0.967742
28312,0.967742
28313,0.967742
28314,0.967742
28315,0.967742
28316,0.967742
28317,0.967742
28318,0.967742
28319,0.967742
28320,0.967742
28321,0.83871
28322,0.903226
28323,0.967742
28324,0.967742
28325,0.967742
28326,0.967742
28327,0.967742
28328,0.967742
28329,0.967742
28330,0.967742
28331,0.967742
28332,0.903226
28333,0.903226
28334,0.903226
28335,0.967742
28336,0.967742
28337,0.967742
28338,0.967742
28339,0.967742
28340,0.967742
28341,0.967742
28342,0.967742
28343,0.967742
28344,0.967742
28345,0.967742
28346,0.967742
28347,0.967742
28348,0.967742
28349,0.967742
28350,0.967742
28351,0.967742
28352,0.967742
28353,0.967742
28354,0.967742
28355,0.967742
28356,0.935484
28357,0.903226
28358,0.935484
28359,0.903226
28360,0.935484
28361,0.903226
28362,0.935484
28363,0.903226
28364,0.935484
28365,0.903226
28366,0.935484
28367,0.903226
28368,0.935484
28369,0.903226
28370,0.935484
28371,0.903226
28372,0.935484
28373,0.903226
28374,0.935484
28375,0.903226
28376,0.709677
28377,0.903226
28378,0.741935
28379,0.903226
28380,0.741935
28381,0.903226
28382,0.645161
28383,0.903226
28384,0.580645
28385,0.935484
28386,0.645161
28387,0.935484
28388,0.483871
28389,0.935484
28390,0.903226
28391,0.935484
28392,0.903226
28393,0.935484
28394,0.903226
28395,0.935484
28396,0.903226
28397,0.935484
28398,0.806452
28399,0.774194
28400,0.83871
28401,0.774194
28402,0.83871
28403,0.774194
28404,0.83871
28405,0.774194
28406,0.806452
28407,0.806452
28408,0.83871
28409,0.774194
28410,0.806452
28411,0.774194
28412,0.806452
28413,0.870968
28414,0.548387
28415,0.870968
28416,0.548387
28417,0.806452
28418,0.548387
28419,0.870968
28420,0.516129
28421,0.83871
28422,0.903226
28423,0.806452
28424,0.870968
28425,0.806452
28426,0.870968
28427,0.806452
28428,0.870968
28429,0.806452
28430,0.870968
28431,0.806452
28432,0.870968
28433,0.806452
28434,0.935484
28435,0.83871
28436,0.870968
28437,0.83871
28438,0.83871
28439,0.870968
28440,0.935484
28441,0.935484
28442,0.741935
28443,0.741935
28444,0.741935
28445,0.709677
28446,0.548387
28447,0.935484
28448,0.935484
28449,0.870968
28450,0.967742
28451,0.967742
28452,0.967742
28453,0.903226
28454,0.806452
28455,0.870968
28456,0.870968
28457,0.709677
28458,0.709677
28459,0.83871
28460,0.870968
28461,0.870968
28462,0.870968
28463,0.903226
28464,0.870968
28465,0.903226
28466,0.870968
28467,0.322581
28468,0.774194
28469,0.903226
28470,0.774194
28471,0.806452
28472,0.83871
28473,0.677419
28474,0.645161
28475,0.677419
28476,0.612903
28477,0.645161
28478,0.870968
28479,0.870968
28480,0.903226
28481,0.870968
28482,0.83871
28483,0.870968
28484,0.387097
28485,0.83871
28486,0.612903
28487,0.419355
28488,0.83871
28489,0.387097
28490,0.83871
28491,0.387097
28492,0.83871
28493,0.419355
28494,0.83871
28495,0.419355
28496,0.83871
28497,0.387097
28498,0.83871
28499,0.451613
28500,0.870968
28501,0.806452
28502,0.645161
28503,0.870968
28504,0.774194
28505,0.774194
28506,0.774194
28507,0.774194
28508,0.774194
28509,0.774194
28510,0.774194
28511,0.774194
28512,0.774194
28513,0.83871
28514,0.677419
28515,0.709677
28516,0.709677
28517,0.677419
28518,0.709677
28519,0.83871
28520,0.806452
28521,0.903226
28522,0.774194
28523,0.806452
28524,0.806452
28525,0.83871
28526,0.709677
28527,0.774194
28528,0.870968
28529,0.870968
28530,0.806452
28531,0.774194
28532,0.83871
28533,0.774194
28534,0.806452
28535,0.903226
28536,0.774194
28537,0.83871
28538,0.903226
28539,0.806452
28540,0.870968
28541,0.580645
28542,0.935484
28543,0.83871
28544,0.741935
28545,0.709677
28546,0.741935
28547,0.774194
28548,0.709677
28549,0.612903
28550,0.903226
28551,0.870968
28552,0.870968
28553,0.83871
28554,0.83871
28555,0.870968
28556,0.870968
28557,0.709677
28558,0.870968
28559,0.870968
28560,0.870968
28561,0.870968
28562,0.903226
28563,0.870968
28564,0.774194
28565,0.935484
28566,0.967742
28567,0.903226
28568,0.870968
28569,0.967742
28570,0.967742
28571,0.903226
28572,0.806452
28573,0.741935
28574,0.870968
28575,0.870968
28576,0.83871
28577,0.806452
28578,0.677419
28579,0.645161
28580,0.645161
28581,0.677419
28582,0.677419
28583,0.677419
28584,0.709677
28585,0.677419
28586,0.645161
28587,0.516129
28588,0.645161
28589,0.83871
28590,0.870968
28591,0.935484
28592,0.709677
28593,0.677419
28594,0.483871
28595,0.709677
28596,0.935484
28597,0.935484
28598,0.903226
28599,0.935484
28600,0.935484
28601,0.935484
28602,0.935484
28603,0.935484
28604,0.935484
28605,0.935484
28606,0.903226
28607,0.967742
28608,0.967742
28609,0.935484
28610,0.935484
28611,0.967742
28612,0.935484
28613,0.967742
28614,0.903226
28615,0.935484
28616,0.935484
28617,0.935484
28618,0.903226
28619,0.935484
28620,0.870968
28621,0.935484
28622,0.935484
28623,0.967742
28624,0.935484
28625,0.935484
28626,0.935484
28627,0.935484
28628,0.935484
28629,0.935484
28630,0.903226
28631,0.903226
28632,0.903226
28633,0.903226
28634,0.870968
28635,0.806452
28636,0.870968
28637,0.806452
28638,0.83871
28639,0.774194
28640,0.83871
28641,0.83871
28642,0.83871
28643,0.741935
28644,0.612903
28645,0.774194
28646,0.774194
28647,0.774194
28648,0.774194
28649,0.741935
28650,0.741935
28651,0.741935
28652,0.741935
28653,0.677419
28654,0.741935
28655,0.677419
28656,0.451613
28657,0.774194
28658,0.548387
28659,0.709677
28660,0.645161
28661,0.741935
28662,0.612903
28663,0.709677
28664,0.645161
28665,0.580645
28666,0.677419
28667,0.516129
28668,0.645161
28669,0.612903
28670,0.645161
28671,0.580645
28672,0.580645
28673,0.612903
28674,0.580645
28675,0.580645
28676,0.580645
28677,0.806452
28678,0.548387
28679,0.774194
28680,0.677419
28681,0.709677
28682,0.83871
28683,0.903226
28684,0.870968
28685,0.870968
28686,0.870968
28687,0.870968
28688,0.870968
28689,0.870968
28690,0.83871
28691,0.935484
28692,0.774194
28693,0.870968
28694,0.83871
28695,0.903226
28696,0.903226
28697,0.870968
28698,0.870968
28699,0.870968
28700,0.870968
28701,0.870968
28702,0.709677
28703,0.870968
28704,0.806452
28705,0.677419
28706,0.903226
28707,0.709677
28708,0.870968
28709,0.645161
28710,0.774194
28711,0.903226
28712,0.580645
28713,0.774194
28714,0.741935
28715,0.709677
28716,0.677419
28717,0.741935
28718,0.741935
28719,0.741935
28720,0.741935
28721,0.677419
28722,0.548387
28723,0.774194
28724,0.774194
28725,0.548387
28726,0.709677
28727,0.677419
28728,0.806452
28729,0.774194
28730,0.741935
28731,0.806452
28732,0.870968
28733,0.806452
28734,0.870968
28735,0.806452
28736,0.870968
28737,0.806452
28738,0.83871
28739,0.806452
28740,0.806452
28741,0.83871
28742,0.870968
28743,0.83871
28744,0.870968
28745,0.806452
28746,0.83871
28747,0.870968
28748,0.709677
28749,0.83871
28750,0.83871
28751,0.83871
28752,0.612903
28753,0.580645
28754,0.903226
28755,0.580645
28756,0.870968
28757,0.612903
28758,0.903226
28759,0.580645
28760,0.870968
28761,0.580645
28762,0.870968
28763,0.612903
28764,0.903226
28765,0.580645
28766,0.870968
28767,0.612903
28768,0.903226
28769,0.806452
28770,0.870968
28771,0.83871
28772,0.870968
28773,0.83871
28774,0.870968
28775,0.83871
28776,0.870968
28777,0.83871
28778,0.903226
28779,0.903226
28780,0.903226
28781,0.903226
28782,0.870968
28783,0.870968
28784,0.870968
28785,0.870968
28786,0.870968
28787,0.83871
28788,0.870968
28789,0.806452
28790,0.870968
28791,0.806452
28792,0.870968
28793,0.806452
28794,0.870968
28795,0.806452
28796,0.870968
28797,0.806452
28798,0.870968
28799,0.806452
28800,0.870968
28801,0.83871
28802,0.903226
28803,0.83871
28804,0.870968
28805,0.741935
28806,0.870968
28807,0.741935
28808,0.870968
28809,0.774194
28810,0.870968
28811,0.903226
28812,0.741935
28813,0.903226
28814,0.806452
28815,0.806452
28816,0.83871
28817,0.870968
28818,0.806452
28819,0.903226
28820,0.83871
28821,0.903226
28822,0.870968
28823,0.83871
28824,0.451613
28825,0.935484
28826,0.548387
28827,0.580645
28828,0.741935
28829,0.903226
28830,0.870968
28831,0.870968
28832,0.806452
28833,0.806452
28834,0.741935
28835,0.806452
28836,0.83871
28837,0.806452
28838,0.83871
28839,0.83871
28840,0.83871
28841,0.83871
28842,0.870968
28843,0.870968
28844,0.935484
28845,0.935484
28846,0.935484
28847,0.935484
28848,0.935484
28849,0.935484
28850,0.935484
28851,0.903226
28852,0.935484
28853,0.935484
28854,0.903226
28855,0.903226
28856,0.870968
28857,0.903226
28858,0.903226
28859,0.935484
28860,0.903226
28861,0.935484
28862,0.903226
28863,0.935484
28864,0.935484
28865,0.935484
28866,0.870968
28867,0.935484
28868,0.870968
28869,0.935484
28870,0.870968
28871,0.935484
28872,0.870968
28873,0.935484
28874,0.870968
28875,0.935484
28876,0.774194
28877,0.935484
28878,0.709677
28879,0.935484
28880,0.83871
28881,0.903226
28882,0.83871
28883,0.903226
28884,0.83871
28885,0.903226
28886,0.83871
28887,0.935484
28888,0.806452
28889,0.903226
28890,0.870968
28891,0.935484
28892,0.870968
28893,0.935484
28894,0.870968
28895,0.935484
28896,0.870968
28897,0.935484
28898,0.870968
28899,0.935484
28900,0.935484
28901,0.903226
28902,0.967742
28903,0.935484
28904,0.903226
28905,0.935484
28906,0.967742
28907,0.935484
28908,0.903226
28909,0.903226
28910,0.903226
28911,0.903226
28912,0.903226
28913,0.935484
28914,0.967742
28915,0.935484
28916,0.903226
28917,0.903226
28918,0.903226
28919,0.903226
28920,0.903226
28921,0.870968
28922,0.870968
28923,0.83871
28924,0.870968
28925,0.870968
28926,0.870968
28927,0.870968
28928,0.870968
28929,0.870968
28930,0.870968
28931,0.870968
28932,0.870968
28933,0.83871
28934,0.774194
28935,0.903226
28936,0.806452
28937,0.774194
28938,0.870968
28939,0.870968
28940,0.741935
28941,0.83871
28942,0.709677
28943,0.806452
28944,0.774194
28945,0.774194
28946,0.774194
28947,0.83871
28948,0.774194
28949,0.83871
28950,0.741935
28951,0.741935
28952,0.741935
28953,0.774194
28954,0.774194
28955,0.774194
28956,0.774194
28957,0.774194
28958,0.774194
28959,0.774194
28960,0.774194
28961,0.774194
28962,0.774194
28963,0.774194
28964,0.774194
28965,0.774194
28966,0.741935
28967,0.709677
28968,0.741935
28969,0.709677
28970,0.741935
28971,0.709677
28972,0.741935
28973,0.709677
28974,0.677419
28975,0.774194
28976,0.741935
28977,0.709677
28978,0.677419
28979,0.774194
28980,0.677419
28981,0.774194
28982,0.677419
28983,0.774194
28984,0.677419
28985,0.774194
28986,0.677419
28987,0.774194
28988,0.677419
28989,0.774194
28990,0.677419
28991,0.774194
28992,0.677419
28993,0.774194
28994,0.677419
28995,0.774194
28996,0.677419
28997,0.774194
28998,0.677419
28999,0.774194
29000,0.645161
29001,0.741935
29002,0.677419
29003,0.774194
29004,0.83871
29005,0.806452
29006,0.741935
29007,0.903226
29008,0.709677
29009,0.83871
29010,0.709677
29011,0.741935
29012,0.709677
29013,0.870968
29014,0.870968
29015,0.83871
29016,0.83871
29017,0.83871
29018,0.83871
29019,0.83871
29020,0.83871
29021,0.83871
29022,0.83871
29023,0.83871
29024,0.83871
29025,0.83871
29026,0.83871
29027,0.903226
29028,0.870968
29029,0.870968
29030,0.870968
29031,0.870968
29032,0.870968
29033,0.870968
29034,0.870968
29035,0.870968
29036,0.870968
29037,0.870968
29038,0.870968
29039,0.870968
29040,0.870968
29041,0.870968
29042,0.870968
29043,0.870968
29044,0.903226
29045,0.903226
29046,0.903226
29047,0.903226
29048,0.903226
29049,0.903226
29050,0.903226
29051,0.903226
29052,0.903226
29053,0.903226
29054,0.903226
29055,0.903226
29056,0.903226
29057,0.903226
29058,0.903226
29059,0.903226
29060,0.903226
29061,0.903226
29062,0.903226
29063,0.903226
29064,0.903226
29065,0.903226
29066,0.903226
29067,0.903226
29068,0.903226
29069,0.903226
29070,0.903226
29071,0.903226
29072,0.903226
29073,0.903226
29074,0.903226
29075,0.903226
29076,0.903226
29077,0.935484
29078,0.870968
29079,0.903226
29080,0.903226
29081,0.903226
29082,0.903226
29083,0.903226
29084,0.903226
29085,0.83871
29086,0.870968
29087,0.870968
29088,0.903226
29089,0.870968
29090,0.903226
29091,0.903226
29092,0.903226
29093,0.741935
29094,0.774194
29095,0.935484
29096,0.903226
29097,0.903226
29098,0.870968
29099,0.774194
29100,0.903226
29101,0.83871
29102,0.870968
29103,0.83871
29104,0.83871
29105,0.741935
29106,0.83871
29107,0.774194
29108,0.774194
29109,0.774194
29110,0.806452
29111,0.806452
29112,0.83871
29113,0.83871
29114,0.83871
29115,0.83871
29116,0.83871
29117,0.83871
29118,0.83871
29119,0.83871
29120,0.806452
29121,0.806452
29122,0.806452
29123,0.806452
29124,0.806452
29125,0.806452
29126,0.741935
29127,0.935484
29128,0.806452
29129,0.806452
29130,0.83871
29131,0.774194
29132,0.806452
29133,0.903226
29134,0.806452
29135,0.774194
29136,0.806452
29137,0.774194
29138,0.806452
29139,0.774194
29140,0.806452
29141,0.774194
29142,0.806452
29143,0.774194
29144,0.806452
29145,0.741935
29146,0.870968
29147,0.741935
29148,0.870968
29149,0.741935
29150,0.83871
29151,0.774194
29152,0.870968
29153,0.83871
29154,0.677419
29155,0.774194
29156,0.741935
29157,0.645161
29158,0.774194
29159,0.645161
29160,0.806452
29161,0.580645
29162,0.83871
29163,0.580645
29164,0.741935
29165,0.645161
29166,0.774194
29167,0.645161
29168,0.774194
29169,0.645161
29170,0.774194
29171,0.677419
29172,0.741935
29173,0.677419
29174,0.741935
29175,0.677419
29176,0.580645
29177,0.709677
29178,0.741935
29179,0.677419
29180,0.774194
29181,0.677419
29182,0.774194
29183,0.354839
29184,0.580645
29185,0.387097
29186,0.580645
29187,0.387097
29188,0.580645
29189,0.387097
29190,0.580645
29191,0.419355
29192,0.548387
29193,0.741935
29194,0.580645
29195,0.709677
29196,0.580645
29197,0.709677
29198,0.709677
29199,0.677419
29200,0.774194
29201,0.677419
29202,0.741935
29203,0.580645
29204,0.774194
29205,0.677419
29206,0.580645
29207,0.870968
29208,0.645161
29209,0.806452
29210,0.967742
29211,0.903226
29212,0.903226
29213,0.903226
29214,0.870968
29215,0.903226
29216,0.903226
29217,0.903226
29218,0.677419
29219,0.870968
29220,0.903226
29221,0.903226
29222,0.903226
29223,0.903226
29224,0.903226
29225,0.903226
29226,0.903226
29227,0.903226
29228,0.903226
29229,0.903226
29230,0.903226
29231,0.903226
29232,0.903226
29233,0.903226
29234,0.677419
29235,0.451613
29236,0.903226
29237,0.903226
29238,0.903226
29239,0.677419
29240,0.419355
29241,0.451613
29242,0.903226
29243,0.903226
29244,0.903226
29245,0.903226
29246,0.903226
29247,0.903226
29248,0.903226
29249,0.903226
29250,0.903226
29251,0.677419
29252,0.451613
29253,0.516129
29254,0.483871
29255,0.516129
29256,0.483871
29257,0.516129
29258,0.483871
29259,0.516129
29260,0.483871
29261,0.516129
29262,0.483871
29263,0.516129
29264,0.483871
29265,0.516129
29266,0.483871
29267,0.516129
29268,0.483871
29269,0.516129
29270,0.483871
29271,0.516129
29272,0.483871
29273,0.516129
29274,0.903226
29275,0.903226
29276,0.612903
29277,0.322581
29278,0.548387
29279,0.387097
29280,0.483871
29281,0.419355
29282,0.516129
29283,0.322581
29284,0.580645
29285,0.451613
29286,0.516129
29287,0.483871
29288,0.354839
29289,0.419355
29290,0.935484
29291,0.677419
29292,0.806452
29293,0.935484
29294,0.677419
29295,0.354839
29296,0.451613
29297,0.516129
29298,0.451613
29299,0.774194
29300,0.967742
29301,0.903226
29302,0.903226
29303,0.870968
29304,0.903226
29305,0.645161
29306,0.322581
29307,0.548387
29308,0.419355
29309,0.903226
29310,0.677419
29311,0.322581
29312,0.516129
29313,0.387097
29314,0.387097
29315,0.516129
29316,0.354839
29317,0.870968
29318,0.870968
29319,0.903226
29320,0.903226
29321,0.903226
29322,0.903226
29323,0.903226
29324,0.677419
29325,0.741935
29326,0.903226
29327,0.903226
29328,0.870968
29329,0.903226
29330,0.903226
29331,0.903226
29332,0.677419
29333,0.451613
29334,0.516129
29335,0.483871
29336,0.516129
29337,0.483871
29338,0.516129
29339,0.483871
29340,0.516129
29341,0.483871
29342,0.516129
29343,0.483871
29344,0.516129
29345,0.483871
29346,0.870968
29347,0.612903
29348,0.451613
29349,0.870968
29350,0.806452
29351,0.516129
29352,0.419355
29353,0.451613
29354,0.451613
29355,0.741935
29356,0.806452
29357,0.774194
29358,0.774194
29359,0.83871
29360,0.870968
29361,0.870968
29362,0.645161
29363,0.322581
29364,0.516129
29365,0.322581
29366,0.806452
29367,0.483871
29368,0.322581
29369,0.290323
29370,0.322581
29371,0.290323
29372,0.322581
29373,0.322581
29374,0.419355
29375,0.451613
29376,0.451613
29377,0.322581
29378,0.451613
29379,0.451613
29380,0.451613
29381,0.451613
29382,0.580645
29383,0.483871
29384,0.612903
29385,0.870968
29386,0.516129
29387,0.451613
29388,0.451613
29389,0.451613
29390,0.451613
29391,0.419355
29392,0.451613
29393,0.451613
29394,0.451613
29395,0.870968
29396,0.903226
29397,0.516129
29398,0.451613
29399,0.483871
29400,0.451613
29401,0.580645
29402,0.870968
29403,0.612903
29404,0.419355
29405,0.903226
29406,0.870968
29407,0.516129
29408,0.516129
29409,0.516129
29410,0.903226
29411,0.903226
29412,0.903226
29413,0.870968
29414,0.903226
29415,0.935484
29416,0.870968
29417,0.903226
29418,0.903226
29419,0.935484
29420,0.935484
29421,0.935484
29422,0.548387
29423,0.451613
29424,0.967742
29425,0.903226
29426,0.935484
29427,0.645161
29428,0.516129
29429,0.483871
29430,0.516129
29431,0.903226
29432,0.612903
29433,0.419355
29434,0.935484
29435,0.774194
29436,0.548387
29437,0.774194
29438,0.935484
29439,0.677419
29440,0.935484
29441,0.709677
29442,0.935484
29443,0.83871
29444,0.870968
29445,0.806452
29446,0.870968
29447,0.806452
29448,0.870968
29449,0.935484
29450,0.806452
29451,0.870968
29452,0.870968
29453,0.774194
29454,0.870968
29455,0.83871
29456,0.903226
29457,0.83871
29458,0.870968
29459,0.774194
29460,0.83871
29461,0.806452
29462,0.870968
29463,0.806452
29464,0.870968
29465,0.806452
29466,0.935484
29467,0.806452
29468,0.870968
29469,0.806452
29470,0.580645
29471,0.677419
29472,0.935484
29473,0.612903
29474,0.935484
29475,0.935484
29476,0.83871
29477,0.806452
29478,0.709677
29479,1
29480,0.870968
29481,0.935484
29482,0.870968
29483,0.935484
29484,0.870968
29485,0.935484
29486,0.806452
29487,0.806452
29488,0.870968
29489,0.580645
29490,0.774194
29491,0.870968
29492,0.741935
29493,0.548387
29494,0.935484
29495,0.870968
29496,0.870968
29497,0.870968
29498,0.935484
29499,0.870968
29500,0.903226
29501,0.322581
29502,0.806452
29503,0.935484
29504,0.870968
29505,0.903226
29506,0.870968
29507,0.612903
29508,0.967742
29509,0.870968
29510,0.903226
29511,0.83871
29512,0.870968
29513,0.83871
29514,0.870968
29515,0.83871
29516,0.903226
29517,0.83871
29518,0.903226
29519,0.709677
29520,0.935484
29521,0.83871
29522,0.935484
29523,0.677419
29524,0.516129
29525,0.645161
29526,0.516129
29527,0.645161
29528,0.322581
29529,0.419355
29530,0.387097
29531,0.83871
29532,0.548387
29533,0.741935
29534,0.741935
29535,0.709677
29536,0.677419
29537,0.645161
29538,0.516129
29539,0.387097
29540,0.806452
29541,0.419355
29542,0.806452
29543,0.419355
29544,0.83871
29545,0.548387
29546,0.258065
29547,0.645161
29548,0.774194
29549,0.83871
29550,0.741935
29551,0.806452
29552,0.741935
29553,0.774194
29554,0.387097
29555,0.225806
29556,0.258065
29557,0.258065
29558,0.258065
29559,0.258065
29560,0.548387
29561,0.935484
29562,0.741935
29563,0.677419
29564,0.677419
29565,0.967742
29566,0.612903
29567,0.870968
29568,0.774194
29569,0.612903
29570,0.258065
29571,0.225806
29572,0.258065
29573,0.225806
29574,0.258065
29575,0.225806
29576,0.322581
29577,0.387097
29578,0.580645
29579,0.870968
29580,0.290323
29581,0.387097
29582,0.419355
29583,0.290323
29584,0.354839
29585,0.387097
29586,0.419355
29587,0.290323
29588,0.322581
29589,0.612903
29590,0.322581
29591,0.419355
29592,0.387097
29593,0.419355
29594,0.387097
29595,0.419355
29596,0.354839
29597,0.419355
29598,0.354839
29599,0.419355
29600,0.677419
29601,0.935484
29602,0.870968
29603,0.935484
29604,0.903226
29605,0.903226
29606,0.903226
29607,0.903226
29608,0.903226
29609,0.903226
29610,0.774194
29611,0.387097
29612,0.870968
29613,0.935484
29614,0.935484
29615,0.935484
29616,0.935484
29617,0.935484
29618,0.935484
29619,0.935484
29620,0.935484
29621,0.935484
29622,0.903226
29623,0.903226
29624,0.903226
29625,0.903226
29626,0.774194
29627,0.774194
29628,0.806452
29629,0.774194
29630,0.806452
29631,0.774194
29632,0.741935
29633,0.548387
29634,0.709677
29635,0.935484
29636,0.516129
29637,0.935484
29638,0.580645
29639,0.83871
29640,0.645161
29641,0.677419
29642,0.580645
29643,0.870968
29644,0.580645
29645,0.83871
29646,0.516129
29647,0.548387
29648,0.580645
29649,0.83871
29650,0.419355
29651,0.774194
29652,0.709677
29653,0.709677
29654,0.709677
29655,0.548387
29656,0.548387
29657,0.483871
29658,0.548387
29659,0.483871
29660,0.774194
29661,0.935484
29662,0.806452
29663,0.83871
29664,0.806452
29665,0.677419
29666,0.709677
29667,0.709677
29668,0.709677
29669,0.709677
29670,0.709677
29671,0.83871
29672,0.741935
29673,0.935484
29674,0.677419
29675,0.548387
29676,0.483871
29677,0.709677
29678,0.548387
29679,0.612903
29680,0.612903
29681,0.645161
29682,0.935484
29683,0.774194
29684,0.83871
29685,0.83871
29686,0.83871
29687,0.774194
29688,0.612903
29689,0.677419
29690,0.645161
29691,0.677419
29692,0.677419
29693,0.935484
29694,0.612903
29695,0.677419
29696,0.645161
29697,0.903226
29698,0.548387
29699,0.741935
29700,0.612903
29701,0.903226
29702,0.774194
29703,0.516129
29704,0.83871
29705,0.83871
29706,0.645161
29707,0.645161
29708,0.612903
29709,0.645161
29710,0.419355
29711,0.548387
29712,0.516129
29713,0.516129
29714,0.451613
29715,0.548387
29716,0.451613
29717,0.580645
29718,0.516129
29719,0.516129
29720,0.516129
29721,0.516129
29722,0.741935
29723,0.903226
29724,0.903226
29725,0.903226
29726,0.935484
29727,0.903226
29728,0.903226
29729,0.709677
29730,0.903226
29731,0.903226
29732,0.903226
29733,0.806452
29734,0.83871
29735,0.870968
29736,0.83871
29737,0.83871
29738,0.83871
29739,0.870968
29740,0.903226
29741,0.903226
29742,0.935484
29743,0.806452
29744,0.935484
29745,0.419355
29746,0.516129
29747,0.580645
29748,0.548387
29749,0.580645
29750,0.580645
29751,0.580645
29752,0.612903
29753,0.741935
29754,0.483871
29755,0.741935
29756,0.483871
29757,0.774194
29758,0.548387
29759,0.83871
29760,0.548387
29761,0.774194
29762,0.451613
29763,0.83871
29764,0.516129
29765,0.774194
29766,0.677419
29767,0.774194
29768,0.774194
29769,0.83871
29770,0.806452
29771,0.83871
29772,0.580645
29773,0.741935
29774,0.83871
29775,0.806452
29776,0.741935
29777,0.741935
29778,0.741935
29779,0.741935
29780,0.741935
29781,0.774194
29782,0.774194
29783,0.774194
29784,0.774194
29785,0.774194
29786,0.83871
29787,0.741935
29788,0.483871
29789,0.870968
29790,0.677419
29791,0.677419
29792,0.83871
29793,0.741935
29794,0.580645
29795,0.612903
29796,0.806452
29797,0.645161
29798,0.741935
29799,0.741935
29800,0.709677
29801,0.774194
29802,0.709677
29803,0.709677
29804,0.741935
29805,0.677419
29806,0.516129
29807,0.870968
29808,0.806452
29809,0.741935
29810,0.516129
29811,0.806452
29812,0.548387
29813,0.709677
29814,0.741935
29815,0.741935
29816,0.645161
29817,0.741935
29818,0.806452
29819,0.83871
29820,0.83871
29821,0.83871
29822,0.806452
29823,0.806452
29824,0.709677
29825,0.709677
29826,0.709677
29827,0.709677
29828,0.709677
29829,0.709677
29830,0.709677
29831,0.709677
29832,0.709677
29833,0.709677
29834,0.709677
29835,0.709677
29836,0.709677
29837,0.709677
29838,0.709677
29839,0.741935
29840,0.774194
29841,0.709677
29842,0.709677
29843,0.709677
29844,0.709677
29845,0.677419
29846,0.709677
29847,0.709677
29848,0.741935
29849,0.709677
29850,0.677419
29851,0.709677
29852,0.709677
29853,0.709677
29854,0.548387
29855,0.516129
29856,0.83871
29857,0.580645
29858,0.677419
29859,0.677419
29860,0.709677
29861,0.741935
29862,0.709677
29863,0.677419
29864,0.677419
29865,0.677419
29866,0.677419
29867,0.677419
29868,0.709677
29869,0.612903
29870,0.677419
29871,0.774194
29872,0.677419
29873,0.774194
29874,0.645161
29875,0.774194
29876,0.774194
29877,0.774194
29878,0.741935
29879,0.612903
29880,0.774194
29881,0.774194
29882,0.612903
29883,0.774194
29884,0.806452
29885,0.774194
29886,0.806452
29887,0.870968
29888,0.677419
29889,0.580645
29890,0.903226
29891,0.741935
29892,0.612903
29893,0.548387
29894,0.516129
29895,0.548387
29896,0.677419
29897,0.548387
29898,0.677419
29899,0.548387
29900,0.677419
29901,0.516129
29902,0.612903
29903,0.548387
29904,0.677419
29905,0.580645
29906,0.870968
29907,0.548387
29908,0.870968
29909,0.774194
29910,0.83871
29911,0.774194
29912,0.83871
29913,0.774194
29914,0.83871
29915,0.83871
29916,0.806452
29917,0.83871
29918,0.806452
29919,0.83871
29920,0.806452
29921,0.870968
29922,0.870968
29923,0.903226
29924,0.870968
29925,0.83871
29926,0.870968
29927,0.903226
29928,0.870968
29929,0.83871
29930,0.806452
29931,0.903226
29932,0.806452
29933,0.903226
29934,0.903226
29935,0.741935
29936,0.870968
29937,0.709677
29938,0.903226
29939,0.870968
29940,0.774194
29941,0.903226
29942,0.645161
29943,0.83871
29944,0.935484
29945,0.677419
29946,0.870968
29947,0.774194
29948,0.741935
29949,0.741935
29950,0.83871
29951,0.709677
29952,0.774194
29953,0.709677
29954,0.741935
29955,0.83871
29956,0.741935
29957,0.83871
29958,0.709677
29959,0.774194
29960,0.774194
29961,0.774194
29962,0.774194
29963,0.580645
29964,0.870968
29965,0.548387
29966,0.774194
29967,0.580645
29968,0.741935
29969,0.677419
29970,0.677419
29971,0.612903
29972,0.612903
29973,0.709677
29974,0.709677
29975,0.709677
29976,0.741935
29977,0.645161
29978,0.677419
29979,0.741935
29980,0.709677
29981,0.709677
29982,0.709677
29983,0.774194
29984,0.806452
29985,0.774194
29986,0.677419
29987,0.709677
29988,0.774194
29989,0.677419
29990,0.677419
29991,0.483871
29992,0.612903
29993,0.516129
29994,0.548387
29995,0.419355
29996,0.548387
29997,0.612903
29998,0.516129
29999,0.612903
30000,0.741935
30001,0.516129
30002,0.903226
30003,0.483871
30004,0.612903
30005,0.483871
30006,0.483871
30007,0.483871
30008,0.548387
30009,0.580645
30010,0.483871
30011,0.806452
30012,0.354839
30013,0.806452
30014,0.387097
30015,0.741935
30016,0.387097
30017,0.741935
30018,0.387097
30019,0.806452
30020,0.677419
30021,0.967742
30022,0.774194
30023,0.935484
30024,0.870968
30025,0.806452
30026,0.83871
30027,0.806452
30028,0.83871
30029,0.806452
30030,0.903226
30031,0.806452
30032,0.806452
30033,0.741935
30034,0.806452
30035,0.774194
30036,0.806452
30037,0.83871
30038,0.870968
30039,0.806452
30040,0.83871
30041,0.83871
30042,0.806452
30043,0.806452
30044,0.806452
30045,0.709677
30046,0.806452
30047,0.741935
30048,0.741935
30049,0.774194
30050,0.806452
30051,0.741935
30052,0.806452
30053,0.806452
30054,0.806452
30055,0.806452
30056,0.806452
30057,0.806452
30058,0.806452
30059,0.806452
30060,0.806452
30061,0.774194
30062,0.774194
30063,0.741935
30064,0.774194
30065,0.83871
30066,0.806452
30067,0.870968
30068,0.903226
30069,0.83871
30070,0.967742
30071,0.83871
30072,0.967742
30073,0.83871
30074,0.967742
30075,0.83871
30076,0.935484
30077,0.741935
30078,0.83871
30079,0.806452
30080,0.741935
30081,0.83871
30082,0.774194
30083,0.806452
30084,0.870968
30085,0.83871
30086,0.870968
30087,0.870968
30088,0.870968
30089,0.870968
30090,0.870968
30091,0.870968
30092,0.870968
30093,0.870968
30094,0.870968
30095,0.870968
30096,0.870968
30097,0.870968
30098,0.870968
30099,0.870968
30100,0.806452
30101,0.870968
30102,0.870968
30103,0.870968
30104,0.870968
30105,0.870968
30106,0.870968
30107,0.870968
30108,0.870968
30109,0.870968
30110,0.83871
30111,0.870968
30112,0.870968
30113,0.83871
30114,0.83871
30115,0.83871
30116,0.806452
30117,0.806452
30118,0.83871
30119,0.806452
30120,0.870968
30121,0.806452
30122,0.83871
30123,0.806452
30124,0.645161
30125,0.322581
30126,0.483871
30127,0.354839
30128,0.483871
30129,0.354839
30130,0.483871
30131,0.645161
30132,0.903226
30133,0.774194
30134,0.806452
30135,0.741935
30136,0.83871
30137,0.741935
30138,0.774194
30139,0.83871
30140,0.806452
30141,0.83871
30142,0.548387
30143,0.645161
30144,0.903226
30145,0.806452
30146,0.83871
30147,0.83871
30148,0.83871
30149,0.774194
30150,0.83871
30151,0.806452
30152,0.870968
30153,0.806452
30154,0.806452
30155,0.870968
30156,0.806452
30157,0.83871
30158,0.870968
30159,0.870968
30160,0.870968
30161,0.709677
30162,0.483871
30163,0.935484
30164,0.806452
30165,0.774194
30166,0.83871
30167,0.870968
30168,0.83871
30169,0.645161
30170,0.419355
30171,0.677419
30172,0.774194
30173,0.774194
30174,0.935484
30175,0.645161
30176,0.741935
30177,0.741935
30178,0.741935
30179,0.774194
30180,0.677419
30181,0.935484
30182,0.645161
30183,0.935484
30184,0.516129
30185,0.516129
30186,0.548387
30187,0.774194
30188,0.774194
30189,0.774194
30190,0.806452
30191,0.83871
30192,0.548387
30193,0.806452
30194,0.806452
30195,0.83871
30196,0.806452
30197,0.83871
30198,0.806452
30199,0.741935
30200,0.483871
30201,0.580645
30202,0.580645
30203,0.548387
30204,0.806452
30205,0.774194
30206,0.83871
30207,0.709677
30208,0.645161
30209,0.774194
30210,0.677419
30211,0.741935
30212,0.677419
30213,0.774194
30214,0.677419
30215,0.774194
30216,0.709677
30217,0.903226
30218,0.741935
30219,0.677419
30220,0.580645
30221,0.774194
30222,0.612903
30223,0.677419
30224,0.709677
30225,0.612903
30226,0.709677
30227,0.580645
30228,0.580645
30229,0.774194
30230,0.612903
30231,0.677419
30232,0.709677
30233,0.612903
30234,0.677419
30235,0.709677
30236,0.741935
30237,0.548387
30238,0.645161
30239,0.709677
30240,0.612903
30241,0.741935
30242,0.645161
30243,0.806452
30244,0.483871
30245,0.903226
30246,0.580645
30247,0.741935
30248,0.645161
30249,0.806452
30250,0.612903
30251,0.741935
30252,0.612903
30253,0.741935
30254,0.645161
30255,0.645161
30256,0.580645
30257,0.709677
30258,0.645161
30259,0.677419
30260,0.645161
30261,0.677419
30262,0.645161
30263,0.806452
30264,0.612903
30265,0.806452
30266,0.612903
30267,0.774194
30268,0.645161
30269,0.935484
30270,0.774194
30271,0.774194
30272,0.967742
30273,0.903226
30274,0.903226
30275,0.870968
30276,0.903226
30277,0.903226
30278,0.903226
30279,0.83871
30280,0.935484
30281,0.967742
30282,0.967742
30283,0.903226
30284,0.870968
30285,0.870968
30286,0.870968
30287,0.870968
30288,0.870968
30289,0.870968
30290,0.870968
30291,0.870968
30292,0.903226
30293,0.935484
30294,0.903226
30295,0.903226
30296,0.903226
30297,0.903226
30298,0.903226
30299,0.903226
30300,0.903226
30301,0.870968
30302,0.870968
30303,0.903226
30304,0.935484
30305,0.903226
30306,0.903226
30307,0.903226
30308,0.903226
30309,0.870968
30310,0.870968
30311,0.870968
30312,0.870968
30313,0.870968
30314,0.870968
30315,0.83871
30316,0.935484
30317,0.903226
30318,0.870968
30319,0.903226
30320,0.903226
30321,0.903226
30322,0.903226
30323,0.903226
30324,0.903226
30325,0.903226
30326,0.903226
30327,0.903226
30328,0.903226
30329,0.935484
30330,0.870968
30331,0.903226
30332,0.903226
30333,0.870968
30334,0.903226
30335,0.903226
30336,0.935484
30337,0.903226
30338,0.935484
30339,0.903226
30340,0.935484
30341,0.903226
30342,0.903226
30343,0.903226
30344,0.903226
30345,0.903226
30346,0.903226
30347,0.903226
30348,0.903226
30349,0.935484
30350,0.903226
30351,0.903226
30352,0.903226
30353,0.935484
30354,0.935484
30355,0.903226
30356,0.935484
30357,0.903226
30358,0.935484
30359,0.870968
30360,0.903226
30361,0.870968
30362,0.935484
30363,0.870968
30364,0.903226
30365,0.870968
30366,0.903226
30367,0.870968
30368,0.903226
30369,0.903226
30370,0.870968
30371,0.870968
30372,0.870968
30373,0.870968
30374,0.903226
30375,0.870968
30376,0.903226
30377,0.903226
30378,0.903226
30379,0.903226
30380,0.903226
30381,0.903226
30382,0.903226
30383,0.903226
30384,0.903226
30385,0.870968
30386,0.903226
30387,0.83871
30388,0.903226
30389,0.83871
30390,0.870968
30391,0.870968
30392,0.645161
30393,0.709677
30394,0.967742
30395,0.935484
30396,0.935484
30397,0.935484
30398,0.935484
30399,0.903226
30400,0.903226
30401,0.903226
30402,0.903226
30403,0.903226
30404,0.903226
30405,0.870968
30406,0.903226
30407,0.870968
30408,0.903226
30409,0.677419
30410,0.451613
30411,0.935484
30412,0.677419
30413,0.451613
30414,0.516129
30415,0.774194
30416,0.806452
30417,0.806452
30418,0.806452
30419,0.580645
30420,0.451613
30421,0.516129
30422,0.483871
30423,0.806452
30424,0.612903
30425,0.419355
30426,0.387097
30427,0.741935
30428,0.645161
30429,0.258065
30430,0.580645
30431,0.935484
30432,0.870968
30433,0.451613
30434,0.387097
30435,0.709677
30436,0.645161
30437,0.677419
30438,0.903226
30439,0.83871
30440,0.451613
30441,0.483871
30442,0.419355
30443,0.483871
30444,0.419355
30445,0.483871
30446,0.387097
30447,0.451613
30448,0.516129
30449,0.870968
30450,0.580645
30451,0.419355
30452,0.870968
30453,0.903226
30454,0.903226
30455,0.903226
30456,0.903226
30457,0.903226
30458,0.903226
30459,0.903226
30460,0.903226
30461,0.903226
30462,0.903226
30463,0.903226
30464,0.548387
30465,0.451613
30466,0.903226
30467,0.903226
30468,0.903226
30469,0.903226
30470,0.903226
30471,0.903226
30472,0.903226
30473,0.903226
30474,0.870968
30475,0.903226
30476,0.870968
30477,0.903226
30478,0.870968
30479,0.903226
30480,0.548387
30481,0.870968
30482,0.903226
30483,0.870968
30484,0.903226
30485,0.870968
30486,0.903226
30487,0.870968
30488,0.903226
30489,0.483871
30490,0.516129
30491,0.483871
30492,0.516129
30493,0.870968
30494,0.903226
30495,0.870968
30496,0.516129
30497,0.483871
30498,0.516129
30499,0.483871
30500,0.516129
30501,0.870968
30502,0.903226
30503,0.548387
30504,0.903226
30505,0.548387
30506,0.935484
30507,0.580645
30508,0.548387
30509,0.451613
30510,0.516129
30511,0.741935
30512,0.903226
30513,0.741935
30514,0.870968
30515,0.677419
30516,0.903226
30517,0.677419
30518,0.903226
30519,0.870968
30520,0.935484
30521,0.935484
30522,0.903226
30523,0.870968
30524,0.83871
30525,0.83871
30526,0.806452
30527,0.83871
30528,0.83871
30529,0.83871
30530,0.548387
30531,0.741935
30532,0.935484
30533,0.483871
30534,0.903226
30535,0.741935
30536,0.806452
30537,0.83871
30538,0.806452
30539,0.709677
30540,0.419355
30541,0.774194
30542,0.935484
30543,0.967742
30544,0.935484
30545,0.870968
30546,0.483871
30547,0.935484
30548,0.903226
30549,0.967742
30550,0.903226
30551,0.935484
30552,0.870968
30553,0.83871
30554,0.870968
30555,0.83871
30556,0.806452
30557,0.354839
30558,0.870968
30559,0.870968
30560,0.774194
30561,0.548387
30562,0.83871
30563,0.516129
30564,0.870968
30565,0.774194
30566,0.516129
30567,0.677419
30568,0.83871
30569,0.83871
30570,0.83871
30571,0.83871
30572,0.83871
30573,0.83871
30574,0.83871
30575,0.870968
30576,0.903226
30577,0.903226
30578,0.870968
30579,0.774194
30580,0.903226
30581,0.870968
30582,0.870968
30583,0.903226
30584,0.903226
30585,0.903226
30586,0.903226
30587,0.709677
30588,0.903226
30589,0.903226
30590,0.903226
30591,0.903226
30592,0.903226
30593,0.903226
30594,0.903226
30595,0.903226
30596,0.903226
30597,0.870968
30598,0.483871
30599,0.870968
30600,0.516129
30601,0.903226
30602,0.354839
30603,0.870968
30604,0.354839
30605,0.870968
30606,0.354839
30607,0.870968
30608,0.354839
30609,0.870968
30610,0.387097
30611,0.935484
30612,0.709677
30613,0.774194
30614,0.774194
30615,0.677419
30616,0.580645
30617,0.677419
30618,0.677419
30619,0.580645
30620,0.258065
30621,0.709677
30622,0.483871
30623,0.870968
30624,0.258065
30625,0.322581
30626,0.354839
30627,0.387097
30628,0.354839
30629,0.387097
30630,0.354839
30631,0.387097
30632,0.354839
30633,0.387097
30634,0.354839
30635,0.387097
30636,0.354839
30637,0.290323
30638,0.193548
30639,0.16129
30640,0.16129
30641,0.16129
30642,0.193548
30643,0.193548
30644,0.225806
30645,0.225806
30646,0.225806
30647,0.290323
30648,0.677419
30649,0.903226
30650,0.870968
30651,0.903226
30652,0.870968
30653,0.870968
30654,0.870968
30655,0.903226
30656,0.83871
30657,0.580645
30658,0.709677
30659,0.870968
30660,0.83871
30661,0.83871
30662,0.83871
30663,0.83871
30664,0.870968
30665,0.903226
30666,0.903226
30667,0.903226
30668,0.967742
30669,0.967742
30670,0.967742
30671,0.935484
30672,0.935484
30673,0.935484
30674,0.870968
30675,0.967742
30676,0.903226
30677,0.967742
30678,0.903226
30679,0.967742
30680,0.935484
30681,0.935484
30682,0.935484
30683,0.935484
30684,0.935484
30685,0.967742
30686,0.967742
30687,0.967742
30688,0.967742
30689,0.967742
30690,0.967742
30691,0.967742
30692,0.967742
30693,0.967742
30694,0.935484
30695,0.967742
30696,0.967742
30697,0.967742
30698,0.83871
30699,0.709677
30700,0.870968
30701,0.870968
30702,0.870968
30703,0.870968
30704,0.870968
30705,0.870968
30706,0.870968
30707,0.870968
30708,0.870968
30709,0.935484
30710,0.677419
30711,0.741935
30712,0.741935
30713,0.677419
30714,0.709677
30715,0.612903
30716,0.83871
30717,0.516129
30718,0.774194
30719,0.645161
30720,0.612903
30721,0.612903
30722,0.774194
30723,0.419355
30724,0.709677
30725,0.870968
30726,0.774194
30727,0.774194
30728,0.83871
30729,0.709677
30730,0.709677
30731,0.935484
30732,0.83871
30733,0.806452
30734,0.83871
30735,0.741935
30736,0.83871
30737,0.741935
30738,0.83871
30739,0.709677
30740,0.741935
30741,0.870968
30742,0.741935
30743,0.870968
30744,0.806452
30745,0.83871
30746,0.870968
30747,0.967742
30748,0.935484
30749,0.903226
30750,0.806452
30751,0.935484
30752,0.83871
30753,0.870968
30754,0.83871
30755,0.870968
30756,0.83871
30757,0.83871
30758,0.806452
30759,0.83871
30760,0.806452
30761,0.83871
30762,0.806452
30763,0.83871
30764,0.806452
30765,0.83871
30766,0.774194
30767,0.741935
30768,0.580645
30769,0.903226
30770,0.645161
30771,0.903226
30772,0.548387
30773,0.870968
30774,0.741935
30775,0.774194
30776,0.645161
30777,0.806452
30778,0.419355
30779,0.645161
30780,0.774194
30781,0.387097
30782,0.903226
30783,0.516129
30784,0.870968
30785,0.516129
30786,0.903226
30787,0.451613
30788,0.903226
30789,0.516129
30790,0.806452
30791,0.774194
30792,0.741935
30793,0.83871
30794,0.774194
30795,0.806452
30796,0.83871
30797,0.870968
30798,0.83871
30799,0.83871
30800,0.83871
30801,0.83871
30802,0.83871
30803,0.903226
30804,0.774194
30805,0.967742
30806,0.741935
30807,0.806452
30808,0.806452
30809,0.806452
30810,0.83871
30811,0.806452
30812,0.806452
30813,0.83871
30814,0.903226
30815,0.935484
30816,0.870968
30817,0.419355
30818,0.806452
30819,0.483871
30820,0.806452
30821,0.483871
30822,0.806452
30823,0.483871
30824,0.806452
30825,0.580645
30826,0.774194
30827,0.612903
30828,0.870968
30829,0.580645
30830,0.870968
30831,0.612903
30832,1
30833,0.741935
30834,0.870968
30835,0.806452
30836,0.903226
30837,0.741935
30838,0.677419
30839,0.806452
30840,0.903226
30841,0.903226
30842,0.903226
30843,0.806452
30844,0.806452
30845,0.709677
30846,0.83871
30847,0.645161
30848,0.677419
30849,0.709677
30850,0.709677
30851,0.709677
30852,0.709677
30853,0.709677
30854,0.709677
30855,0.709677
30856,0.677419
30857,0.419355
30858,0.83871
30859,0.774194
30860,0.774194
30861,0.677419
30862,0.483871
30863,0.83871
30864,0.612903
30865,0.806452
30866,0.580645
30867,0.83871
30868,0.774194
30869,0.806452
30870,0.83871
30871,0.870968
30872,0.741935
30873,0.774194
30874,0.709677
30875,0.709677
30876,0.709677
30877,0.709677
30878,0.677419
30879,0.709677
30880,0.709677
30881,0.709677
30882,0.709677
30883,0.516129
30884,0.870968
30885,0.741935
30886,0.709677
30887,0.516129
30888,0.903226
30889,0.548387
30890,0.935484
30891,0.451613
30892,0.806452
30893,0.483871
30894,0.903226
30895,0.483871
30896,0.903226
30897,0.451613
30898,0.806452
30899,0.451613
30900,0.806452
30901,0.451613
30902,0.83871
30903,0.612903
30904,0.83871
30905,0.612903
30906,0.741935
30907,0.709677
30908,0.677419
30909,0.709677
30910,0.677419
30911,0.741935
30912,0.806452
30913,0.806452
30914,0.774194
30915,0.709677
30916,0.677419
30917,0.709677
30918,0.677419
30919,0.709677
30920,0.709677
30921,0.677419
30922,0.741935
30923,0.83871
30924,0.806452
30925,0.741935
30926,0.709677
30927,0.806452
30928,0.741935
30929,0.806452
30930,0.774194
30931,0.741935
30932,0.806452
30933,0.806452
30934,0.741935
30935,0.741935
30936,0.774194
30937,0.741935
30938,0.774194
30939,0.870968
30940,0.806452
30941,0.806452
30942,0.774194
30943,0.774194
30944,0.83871
30945,0.774194
30946,0.774194
30947,0.774194
30948,0.806452
30949,0.806452
30950,0.774194
30951,0.806452
30952,0.741935
30953,0.806452
30954,0.83871
30955,0.83871
30956,0.870968
30957,0.870968
30958,0.967742
30959,0.967742
30960,0.935484
30961,0.516129
30962,0.741935
30963,0.677419
30964,0.741935
30965,0.677419
30966,0.741935
30967,0.806452
30968,0.709677
30969,0.677419
30970,0.806452
30971,0.870968
30972,0.83871
30973,0.774194
30974,0.83871
30975,0.967742
30976,0.967742
30977,0.967742
30978,0.967742
30979,0.967742
30980,0.967742
30981,0.903226
30982,0.903226
30983,0.903226
30984,0.903226
30985,0.967742
30986,0.935484
30987,0.967742
30988,0.967742
30989,0.935484
30990,0.967742
30991,0.967742
30992,0.967742
30993,0.935484
30994,0.967742
30995,0.935484
30996,0.967742
30997,0.903226
30998,0.967742
30999,0.935484
31000,0.903226
31001,0.967742
31002,0.967742
31003,0.935484
31004,0.967742
31005,0.870968
31006,0.967742
31007,0.83871
31008,0.967742
31009,0.83871
31010,0.967742
31011,0.83871
31012,0.967742
31013,0.903226
31014,0.935484
31015,0.935484
31016,0.935484
31017,0.83871
31018,0.903226
31019,0.903226
31020,0.903226
31021,0.903226
31022,0.903226
31023,0.903226
31024,0.903226
31025,0.903226
31026,0.903226
31027,0.903226
31028,0.903226
31029,0.903226
31030,0.903226
31031,0.903226
31032,0.903226
31033,0.935484
31034,0.935484
31035,0.935484
31036,0.935484
31037,0.935484
31038,0.935484
31039,0.935484
31040,0.935484
31041,0.935484
31042,0.935484
31043,0.935484
31044,0.935484
31045,0.935484
31046,0.935484
31047,0.935484
31048,0.935484
31049,0.935484
31050,0.935484
31051,0.935484
31052,0.935484
31053,0.935484
31054,0.935484
31055,0.935484
31056,0.83871
31057,0.806452
31058,0.903226
31059,0.903226
31060,0.903226
31061,0.903226
31062,0.903226
31063,0.935484
31064,0.935484
31065,0.903226
31066,0.903226
31067,0.935484
31068,0.935484
31069,0.935484
31070,0.935484
31071,0.935484
31072,0.935484
31073,0.935484
31074,0.935484
31075,0.935484
31076,0.903226
31077,0.83871
31078,0.419355
31079,0.548387
31080,0.580645
31081,0.580645
31082,0.580645
31083,0.580645
31084,0.580645
31085,0.83871
31086,0.903226
31087,0.903226
31088,0.903226
31089,0.935484
31090,0.870968
31091,0.870968
31092,0.903226
31093,0.903226
31094,0.903226
31095,0.870968
31096,0.903226
31097,0.903226
31098,0.903226
31099,0.903226
31100,0.903226
31101,0.903226
31102,0.870968
31103,0.870968
31104,0.903226
31105,0.903226
31106,0.903226
31107,0.903226
31108,0.903226
31109,0.903226
31110,0.903226
31111,0.870968
31112,0.903226
31113,0.903226
31114,0.903226
31115,0.903226
31116,0.903226
31117,0.903226
31118,0.903226
31119,0.903226
31120,0.903226
31121,0.903226
31122,0.903226
31123,0.870968
31124,0.903226
31125,0.903226
31126,0.903226
31127,0.903226
31128,0.903226
31129,0.903226
31130,0.903226
31131,0.903226
31132,0.903226
31133,0.903226
31134,0.903226
31135,0.903226
31136,0.903226
31137,0.903226
31138,0.903226
31139,0.903226
31140,0.870968
31141,0.419355
31142,0.741935
31143,0.806452
31144,0.903226
31145,0.903226
31146,0.903226
31147,0.903226
31148,0.903226
31149,0.903226
31150,0.903226
31151,0.903226
31152,0.870968
31153,0.387097
31154,0.741935
31155,0.548387
31156,0.645161
31157,0.83871
31158,0.903226
31159,0.935484
31160,0.903226
31161,0.935484
31162,0.903226
31163,0.935484
31164,0.903226
31165,0.935484
31166,0.903226
31167,0.935484
31168,0.903226
31169,0.935484
31170,0.903226
31171,0.935484
31172,0.903226
31173,0.935484
31174,0.870968
31175,0.451613
31176,0.870968
31177,0.903226
31178,0.935484
31179,0.903226
31180,0.935484
31181,0.903226
31182,0.935484
31183,0.903226
31184,0.935484
31185,0.903226
31186,0.935484
31187,0.903226
31188,0.935484
31189,0.903226
31190,0.935484
31191,0.903226
31192,0.935484
31193,0.903226
31194,0.935484
31195,0.903226
31196,0.935484
31197,0.903226
31198,0.935484
31199,0.903226
31200,0.935484
31201,0.903226
31202,0.935484
31203,0.903226
31204,0.935484
31205,0.903226
31206,0.935484
31207,0.903226
31208,0.935484
31209,0.903226
31210,0.935484
31211,0.903226
31212,0.935484
31213,0.903226
31214,0.935484
31215,0.903226
31216,0.935484
31217,0.903226
31218,0.935484
31219,0.903226
31220,0.870968
31221,0.83871
31222,0.83871
31223,0.870968
31224,0.709677
31225,0.806452
31226,0.806452
31227,0.870968
31228,0.83871
31229,0.870968
31230,0.483871
31231,0.83871
31232,0.903226
31233,0.903226
31234,0.903226
31235,0.903226
31236,0.870968
31237,0.870968
31238,0.83871
31239,0.870968
31240,0.83871
31241,0.870968
31242,0.806452
31243,0.903226
31244,0.903226
31245,0.903226
31246,0.903226
31247,0.903226
31248,0.903226
31249,0.903226
31250,0.903226
31251,0.903226
31252,0.903226
31253,0.903226
31254,0.903226
31255,0.903226
31256,0.903226
31257,0.903226
31258,0.903226
31259,0.903226
31260,0.903226
31261,0.903226
31262,0.903226
31263,0.903226
31264,0.903226
31265,0.903226
31266,0.903226
31267,0.903226
31268,0.935484
31269,0.903226
31270,0.903226
31271,0.903226
31272,0.903226
31273,0.903226
31274,0.903226
31275,0.935484
31276,0.903226
31277,0.935484
31278,0.903226
31279,0.903226
31280,0.903226
31281,0.903226
31282,0.903226
31283,0.935484
31284,0.903226
31285,0.903226
31286,0.935484
31287,0.903226
31288,0.935484
31289,0.903226
31290,0.935484
31291,0.903226
31292,0.935484
31293,0.903226
31294,0.935484
31295,0.870968
31296,0.870968
31297,0.903226
31298,0.935484
31299,0.903226
31300,0.967742
31301,0.935484
31302,0.870968
31303,0.322581
31304,0.548387
31305,0.548387
31306,0.612903
31307,0.548387
31308,0.580645
31309,0.580645
31310,0.483871
31311,0.741935
31312,0.580645
31313,0.612903
31314,0.483871
31315,0.451613
31316,0.774194
31317,0.870968
31318,0.387097
31319,0.709677
31320,0.774194
31321,0.419355
31322,0.83871
31323,0.709677
31324,0.870968
31325,0.774194
31326,0.774194
31327,0.741935
31328,0.580645
31329,0.612903
31330,0.774194
31331,0.580645
31332,0.870968
31333,0.580645
31334,0.870968
31335,0.548387
31336,0.870968
31337,0.677419
31338,0.903226
31339,0.903226
31340,0.870968
31341,0.774194
31342,0.935484
31343,0.870968
31344,0.935484
31345,0.903226
31346,0.935484
31347,0.935484
31348,0.935484
31349,0.935484
31350,0.870968
31351,0.387097
31352,0.806452
31353,0.580645
31354,0.741935
31355,0.677419
31356,0.709677
31357,0.741935
31358,0.935484
31359,0.935484
31360,0.935484
31361,0.935484
31362,0.935484
31363,0.935484
31364,0.935484
31365,0.935484
31366,0.935484
31367,0.935484
31368,0.935484
31369,0.935484
31370,0.935484
31371,0.935484
31372,0.935484
31373,0.935484
31374,0.935484
31375,0.870968
31376,0.967742
31377,0.870968
31378,0.935484
31379,0.903226
31380,0.935484
31381,0.903226
31382,0.935484
31383,0.903226
31384,0.935484
31385,0.870968
31386,0.935484
31387,0.806452
31388,0.935484
31389,0.709677
31390,0.903226
31391,0.709677
31392,0.935484
31393,0.83871
31394,0.806452
31395,0.903226
31396,0.83871
31397,0.774194
31398,0.419355
31399,0.935484
31400,0.935484
31401,0.741935
31402,0.903226
31403,0.870968
31404,0.903226
31405,0.870968
31406,0.645161
31407,0.903226
31408,0.774194
31409,0.870968
31410,0.967742
31411,0.967742
31412,0.83871
31413,1
31414,0.806452
31415,0.935484
31416,0.83871
31417,0.935484
31418,0.83871
31419,0.935484
31420,0.774194
31421,0.935484
31422,0.774194
31423,0.903226
31424,0.741935
31425,0.870968
31426,0.83871
31427,0.83871
31428,0.903226
31429,0.806452
31430,0.83871
31431,0.935484
31432,0.677419
31433,0.935484
31434,0.741935
31435,0.967742
31436,0.741935
31437,0.967742
31438,0.774194
31439,0.967742
31440,0.741935
31441,0.935484
31442,0.806452
31443,0.83871
31444,0.83871
31445,0.83871
31446,0.903226
31447,0.774194
31448,0.935484
31449,0.774194
31450,0.83871
31451,0.903226
31452,0.774194
31453,0.870968
31454,0.903226
31455,0.774194
31456,0.806452
31457,0.806452
31458,0.903226
31459,0.677419
31460,0.870968
31461,0.806452
31462,0.741935
31463,0.83871
31464,0.774194
31465,0.83871
31466,0.677419
31467,0.935484
31468,0.83871
31469,0.870968
31470,0.806452
31471,0.741935
31472,0.806452
31473,0.741935
31474,0.806452
31475,0.806452
31476,0.870968
31477,0.83871
31478,0.870968
31479,0.806452
31480,0.870968
31481,0.903226
31482,0.903226
31483,0.903226
31484,0.741935
31485,0.870968
31486,0.903226
31487,0.870968
31488,0.83871
31489,0.83871
31490,0.83871
31491,0.870968
31492,0.935484
31493,0.903226
31494,0.903226
31495,0.903226
31496,0.903226
31497,0.903226
31498,0.903226
31499,0.870968
31500,0.83871
31501,0.870968
31502,0.741935
31503,0.83871
31504,0.806452
31505,0.870968
31506,0.83871
31507,0.677419
31508,0.774194
31509,0.741935
31510,0.806452
31511,0.903226
31512,0.677419
31513,0.870968
31514,0.806452
31515,0.870968
31516,0.83871
31517,0.83871
31518,0.83871
31519,0.83871
31520,0.870968
31521,0.903226
31522,0.774194
31523,0.806452
31524,0.967742
31525,0.967742
31526,0.967742
31527,0.967742
31528,0.935484
31529,0.806452
31530,0.903226
31531,0.870968
31532,0.870968
31533,0.870968
31534,0.870968
31535,0.870968
31536,0.870968
31537,0.967742
31538,0.870968
31539,0.935484
31540,0.806452
31541,0.83871
31542,0.967742
31543,0.967742
31544,0.967742
31545,0.83871
31546,0.935484
31547,0.967742
31548,0.967742
31549,0.967742
31550,0.935484
31551,0.903226
31552,0.903226
31553,0.903226
31554,0.903226
31555,0.903226
31556,0.903226
31557,0.903226
31558,0.903226
31559,0.709677
31560,0.967742
31561,0.967742
31562,0.967742
31563,0.967742
31564,0.967742
31565,0.967742
31566,0.967742
31567,0.967742
31568,0.967742
31569,0.967742
31570,0.83871
31571,0.935484
31572,0.967742
31573,0.935484
31574,0.903226
31575,0.903226
31576,0.709677
31577,0.967742
31578,0.967742
31579,0.83871
31580,0.806452
31581,0.903226
31582,0.806452
31583,0.903226
31584,0.83871
31585,0.83871
31586,0.83871
31587,1
31588,0.83871
31589,0.870968
31590,0.935484
31591,0.870968
31592,0.935484
31593,0.870968
31594,0.870968
31595,0.806452
31596,0.903226
31597,0.967742
31598,0.967742
31599,0.903226
31600,0.935484
31601,0.806452
31602,0.903226
31603,1
31604,0.870968
31605,0.870968
31606,0.967742
31607,0.967742
31608,0.935484
31609,0.935484
31610,0.967742
31611,0.967742
31612,0.935484
31613,0.806452
31614,0.806452
31615,0.903226
31616,0.903226
31617,0.870968
31618,0.870968
31619,0.870968
31620,0.870968
31621,0.870968
31622,0.870968
31623,0.83871
31624,0.903226
31625,0.83871
31626,0.741935
31627,0.903226
31628,0.903226
31629,0.935484
31630,0.967742
31631,0.967742
31632,0.967742
31633,0.967742
31634,0.967742
31635,0.967742
31636,0.967742
31637,0.967742
31638,0.967742
31639,0.967742
31640,0.967742
31641,0.967742
31642,0.967742
31643,0.967742
31644,0.967742
31645,0.967742
31646,0.967742
31647,0.967742
31648,0.967742
31649,0.935484
31650,0.967742
31651,0.967742
31652,0.967742
31653,0.935484
31654,0.935484
31655,0.677419
31656,0.580645
31657,0.967742
31658,0.774194
31659,0.83871
31660,0.870968
31661,0.870968
31662,0.870968
31663,0.870968
31664,0.774194
31665,0.806452
31666,0.806452
31667,0.774194
31668,0.806452
31669,0.774194
31670,0.806452
31671,0.774194
31672,0.806452
31673,0.806452
31674,0.806452
31675,0.774194
31676,0.806452
31677,0.774194
31678,0.806452
31679,0.774194
31680,0.548387
31681,0.193548
31682,0.193548
31683,0.193548
31684,0.193548
31685,0.193548
31686,0.193548
31687,0.483871
31688,0.870968
31689,0.774194
31690,0.806452
31691,0.483871
31692,0.193548
31693,0.193548
31694,0.483871
31695,0.709677
31696,0.83871
31697,0.935484
31698,0.935484
31699,0.612903
31700,0.903226
31701,0.935484
31702,0.935484
31703,0.935484
31704,0.935484
31705,0.935484
31706,0.935484
31707,0.935484
31708,0.935484
31709,0.935484
31710,0.935484
31711,0.935484
31712,0.935484
31713,0.935484
31714,0.935484
31715,0.935484
31716,0.935484
31717,0.935484
31718,0.935484
31719,0.935484
31720,0.903226
31721,0.935484
31722,0.612903
31723,0.451613
31724,0.516129
31725,0.483871
31726,0.516129
31727,0.483871
31728,0.870968
31729,0.935484
31730,0.935484
31731,0.612903
31732,0.451613
31733,0.935484
31734,0.935484
31735,0.612903
31736,0.451613
31737,0.516129
31738,0.483871
31739,0.903226
31740,0.903226
31741,0.935484
31742,0.612903
31743,0.419355
31744,0.419355
31745,0.387097
31746,0.387097
31747,0.387097
31748,0.774194
31749,0.774194
31750,0.516129
31751,0.387097
31752,0.387097
31753,0.387097
31754,0.387097
31755,0.387097
31756,0.387097
31757,0.451613
31758,0.516129
31759,0.419355
31760,0.419355
31761,0.967742
31762,0.612903
31763,0.451613
31764,0.516129
31765,0.483871
31766,0.516129
31767,0.483871
31768,0.516129
31769,0.612903
31770,0.516129
31771,0.387097
31772,0.516129
31773,0.387097
31774,0.903226
31775,0.645161
31776,0.774194
31777,0.677419
31778,0.354839
31779,0.387097
31780,0.548387
31781,0.354839
31782,0.354839
31783,0.354839
31784,0.354839
31785,0.419355
31786,0.419355
31787,0.419355
31788,0.516129
31789,0.677419
31790,0.645161
31791,0.419355
31792,0.451613
31793,0.451613
31794,0.451613
31795,0.451613
31796,0.451613
31797,0.451613
31798,0.451613
31799,0.451613
31800,0.451613
31801,0.451613
31802,0.419355
31803,0.548387
31804,0.387097
31805,0.548387
31806,0.387097
31807,0.354839
31808,0.387097
31809,0.419355
31810,0.387097
31811,0.419355
31812,0.387097
31813,0.419355
31814,0.387097
31815,0.354839
31816,0.741935
31817,0.709677
31818,0.387097
31819,0.741935
31820,0.387097
31821,0.741935
31822,0.451613
31823,0.645161
31824,0.451613
31825,0.580645
31826,0.483871
31827,0.677419
31828,0.451613
31829,0.645161
31830,0.451613
31831,0.645161
31832,0.83871
31833,0.516129
31834,0.612903
31835,0.548387
31836,0.741935
31837,0.354839
31838,0.677419
31839,0.322581
31840,0.516129
31841,0.322581
31842,0.548387
31843,0.612903
31844,0.903226
31845,0.612903
31846,0.645161
31847,0.741935
31848,0.709677
31849,0.322581
31850,0.483871
31851,0.451613
31852,0.483871
31853,0.451613
31854,0.483871
31855,0.451613
31856,0.774194
31857,0.419355
31858,0.709677
31859,0.870968
31860,0.516129
31861,0.903226
31862,0.645161
31863,0.741935
31864,0.709677
31865,0.709677
31866,0.516129
31867,0.419355
31868,0.83871
31869,0.774194
31870,0.709677
31871,0.677419
31872,0.677419
31873,0.677419
31874,0.612903
31875,0.322581
31876,0.580645
31877,0.645161
31878,0.290323
31879,0.322581
31880,0.322581
31881,0.322581
31882,0.322581
31883,0.322581
31884,0.354839
31885,0.580645
31886,0.709677
31887,0.612903
31888,0.322581
31889,0.451613
31890,0.290323
31891,0.322581
31892,0.322581
31893,0.451613
31894,0.806452
31895,0.645161
31896,0.290323
31897,0.322581
31898,0.354839
31899,0.451613
31900,0.387097
31901,0.387097
31902,0.387097
31903,0.290323
31904,0.322581
31905,0.322581
31906,0.516129
31907,0.290323
31908,0.483871
31909,0.903226
31910,0.677419
31911,0.741935
31912,0.709677
31913,0.709677
31914,0.709677
31915,0.709677
31916,0.709677
31917,0.709677
31918,0.709677
31919,0.709677
31920,0.645161
31921,0.741935
31922,0.870968
31923,0.806452
31924,0.806452
31925,0.741935
31926,0.580645
31927,0.806452
31928,0.677419
31929,0.774194
31930,0.741935
31931,0.645161
31932,0.419355
31933,0.774194
31934,0.741935
31935,0.580645
31936,0.548387
31937,0.83871
31938,0.580645
31939,0.935484
31940,0.548387
31941,0.806452
31942,0.580645
31943,0.741935
31944,0.354839
31945,0.483871
31946,0.387097
31947,0.483871
31948,0.548387
31949,0.967742
31950,0.83871
31951,0.806452
31952,0.806452
31953,0.83871
31954,0.83871
31955,0.806452
31956,0.870968
31957,0.83871
31958,0.677419
31959,0.580645
31960,0.935484
31961,0.741935
31962,0.774194
31963,0.741935
31964,0.741935
31965,0.548387
31966,0.290323
31967,0.483871
31968,0.83871
31969,0.83871
31970,0.806452
31971,0.83871
31972,0.83871
31973,0.806452
31974,0.709677
31975,0.806452
31976,0.935484
31977,0.903226
31978,0.903226
31979,0.870968
31980,0.83871
31981,0.870968
31982,0.83871
31983,0.870968
31984,0.870968
31985,0.870968
31986,0.83871
31987,0.870968
31988,0.870968
31989,0.870968
31990,0.870968
31991,0.870968
31992,0.83871
31993,0.870968
31994,0.870968
31995,0.806452
31996,0.806452
31997,0.870968
31998,0.741935
31999,0.580645
