index,score
0,1
1,1
2,1
3,1
4,1
5,1
6,1
7,1
8,1
9,1
10,1
11,1
12,1
13,1
14,1
15,1
16,1
17,1
18,1
19,1
20,1
21,1
22,0.903226
23,1
24,0.967742
25,0.548387
26,0.419355
27,0.516129
28,0.645161
29,0.516129
30,0.709677
31,0.290323
32,0.677419
33,0.580645
34,0.548387
35,0.612903
36,0.516129
37,0.451613
38,0.0322581
39,0.0322581
40,0.129032
41,0.0645161
42,0.225806
43,0.741935
44,0.903226
45,0.903226
46,0.0967742
47,0.16129
48,0.129032
49,0.129032
50,0.0967742
51,0.258065
52,1
53,1
54,0.483871
55,1
56,1
57,1
58,1
59,1
60,1
61,0.645161
62,0.387097
63,0.451613
64,0.483871
65,0.580645
66,0.0322581
67,0
68,0.129032
69,0.16129
70,0.322581
71,1
72,1
73,1
74,1
75,0.870968
76,1
77,1
78,1
79,1
80,0.806452
81,1
82,1
83,1
84,0.548387
85,0.193548
86,0.419355
87,1
88,0.774194
89,1
90,1
91,0.645161
92,1
93,0.290323
94,0.709677
95,0.451613
96,0.354839
97,0.580645
98,0.709677
99,1
100,1
101,1
102,0.870968
103,1
104,1
105,0.83871
106,1
107,1
108,1
109,0.967742
110,0.967742
111,0.741935
112,1
113,1
114,0.741935
115,1
116,0.774194
117,1
118,0.483871
119,1
120,0.322581
121,0.258065
122,0.290323
123,0.0645161
124,0.193548
125,0.225806
126,0.129032
127,0.0967742
128,0.225806
129,1
130,1
131,1
132,0.903226
133,1
134,0.16129
135,0.16129
136,0.0645161
137,0.0322581
138,0.0322581
139,0.0322581
140,0
141,0
142,0
143,0
144,0
145,0
146,0
147,0
148,0
149,0
150,0
151,0
152,0.0322581
153,0.0645161
154,0
155,0.0645161
156,0
157,0.0645161
158,0.0967742
159,0.16129
160,0.225806
161,0.935484
162,0.483871
163,1
164,0.935484
165,0.612903
166,1
167,0.903226
168,1
169,0.967742
170,0.258065
171,1
172,1
173,1
174,1
175,1
176,1
177,0.967742
178,1
179,1
180,0.806452
181,0.322581
182,1
183,1
184,1
185,1
186,1
187,1
188,1
189,1
190,1
191,0.580645
192,0.677419
193,1
194,1
195,1
196,1
197,1
198,1
199,1
200,1
201,1
202,0.967742
203,0.967742
204,1
205,0.0322581
206,0.0322581
207,0.0322581
208,0.0967742
209,0.0967742
210,0.0967742
211,0.0967742
212,0.0967742
213,0.0645161
214,0.129032
215,0.322581
216,0.967742
217,1
218,0.709677
219,1
220,0.0645161
221,0.129032
222,0
223,0
224,0
225,0
226,0
227,0
228,0
229,0
230,0
231,0
232,0
233,0
234,0
235,0
236,0
237,0
238,0
239,0
240,0
241,0.0322581
242,0
243,0.0967742
244,0.0967742
245,0.0967742
246,0.16129
247,0.0967742
248,0.129032
249,0.0967742
250,0.16129
251,0.451613
252,1
253,0.741935
254,0.967742
255,1
256,0.935484
257,0.677419
258,1
259,1
260,1
261,1
262,1
263,1
264,1
265,1
266,0.870968
267,0.354839
268,0.419355
269,0.967742
270,0.354839
271,0.741935
272,0.870968
273,0.967742
274,1
275,0.387097
276,1
277,1
278,0.709677
279,1
280,0.741935
281,0.967742
282,0.870968
283,0.870968
284,0.806452
285,0.967742
286,0.967742
287,0.83871
288,0.741935
289,0.903226
290,0.870968
291,0.129032
292,0.0645161
293,0.0322581
294,0.0967742
295,0.0967742
296,0.0322581
297,0
298,0
299,0
300,0
301,0
302,0.677419
303,0.935484
304,0.903226
305,1
306,0.0967742
307,0.0967742
308,0
309,0
310,0
311,0
312,0
313,0.0645161
314,0
315,0
316,0.0645161
317,0
318,0.0645161
319,0.0645161
320,0
321,0.0645161
322,0.0645161
323,0
324,0.0645161
325,0
326,0
327,0
328,0
329,0
330,0.0322581
331,0.0322581
332,0.0322581
333,0.0322581
334,0.0645161
335,0.16129
336,0.193548
337,0.354839
338,0.645161
339,0.774194
340,0.903226
341,1
342,0.580645
343,0.677419
344,0.967742
345,0.741935
346,0.870968
347,1
348,0.83871
349,1
350,1
351,0.967742
352,1
353,0.580645
354,0.419355
355,0.774194
356,0.129032
357,0.0967742
358,0.258065
359,0.677419
360,0.709677
361,0.193548
362,0.677419
363,1
364,0.645161
365,0.483871
366,1
367,0.741935
368,0.774194
369,0.580645
370,0.516129
371,0.741935
372,0.677419
373,0.709677
374,0.483871
375,0.548387
376,0.645161
377,0.612903
378,0.225806
379,0.0645161
380,0.0322581
381,0.0645161
382,0.0645161
383,0
384,0
385,0.0645161
386,0
387,0
388,0.387097
389,0.935484
390,0.935484
391,0.741935
392,0.483871
393,0
394,0
395,0.0322581
396,0.0645161
397,0.0645161
398,0.0645161
399,0.0645161
400,0.0645161
401,0.0645161
402,0.0645161
403,0
404,0
405,0
406,0
407,0.0645161
408,0
409,0.0645161
410,0.0645161
411,0.0645161
412,0.0645161
413,0.0645161
414,0.0967742
415,0
416,0
417,0
418,0
419,0.0967742
420,0
421,0.129032
422,0.193548
423,0.193548
424,0.193548
425,0.258065
426,0.387097
427,0.806452
428,1
429,1
430,0.387097
431,0.774194
432,0.677419
433,0.709677
434,0.709677
435,0.774194
436,0.870968
437,0.967742
438,0.83871
439,1
440,0.612903
441,0.322581
442,0.0645161
443,0.129032
444,0.0322581
445,0.225806
446,0.258065
447,0.16129
448,0.16129
449,0.935484
450,0.870968
451,0.483871
452,0.451613
453,0.612903
454,0.483871
455,0.677419
456,0.419355
457,0.451613
458,0.548387
459,0.290323
460,0.322581
461,0.483871
462,0.612903
463,0.806452
464,0.451613
465,0.0322581
466,0
467,0
468,0
469,0
470,0.0645161
471,0
472,0
473,0
474,0
475,0
476,0.580645
477,0.83871
478,0.580645
479,0.709677
480,0
481,0.0645161
482,0.0967742
483,0.0322581
484,0
485,0
486,0
487,0
488,0
489,0
490,0
491,0
492,0
493,0
494,0
495,0
496,0
497,0
498,0
499,0
500,0
501,0
502,0
503,0
504,0.0322581
505,0.0322581
506,0.0322581
507,0.0967742
508,0.0967742
509,0.129032
510,0.258065
511,0.387097
512,0.322581
513,0.451613
514,1
515,0.806452
516,0.193548
517,0.516129
518,0.516129
519,0.419355
520,0.419355
521,0.354839
522,0.516129
523,0.741935
524,0.806452
525,0.870968
526,0.935484
527,0.806452
528,0.451613
529,0.16129
530,0.0967742
531,0.0322581
532,0.258065
533,0.258065
534,0.16129
535,0.16129
536,1
537,0.806452
538,0.483871
539,1
540,0.935484
541,0.419355
542,0.419355
543,0.419355
544,0.193548
545,0.258065
546,0.193548
547,0.129032
548,0.612903
549,0.580645
550,0.612903
551,0.258065
552,0.129032
553,0
554,0
555,0
556,0
557,0
558,0
559,0
560,0
561,0
562,0.290323
563,0.741935
564,0.870968
565,0.193548
566,0
567,0.0645161
568,0.0967742
569,0.0322581
570,0
571,0
572,0
573,0
574,0
575,0
576,0
577,0
578,0
579,0.0645161
580,0
581,0
582,0
583,0
584,0
585,0
586,0
587,0
588,0
589,0
590,0.0322581
591,0.0967742
592,0.129032
593,0.0967742
594,0.16129
595,0.16129
596,0.193548
597,0.290323
598,0.258065
599,0.225806
600,0.451613
601,1
602,1
603,0.354839
604,0.451613
605,0.483871
606,0.354839
607,0.451613
608,0.419355
609,0.451613
610,0.548387
611,0.709677
612,0.677419
613,0.83871
614,0.903226
615,0.16129
616,0.0645161
617,0.0322581
618,0.0322581
619,0.0967742
620,0.0967742
621,0.0645161
622,0.0967742
623,1
624,1
625,0.193548
626,0.483871
627,0.516129
628,0.322581
629,0.354839
630,0.322581
631,0.193548
632,0.225806
633,0.16129
634,0
635,0.483871
636,0.645161
637,0.548387
638,0.225806
639,0
640,0
641,0
642,0.0322581
643,0
644,0
645,0.0967742
646,0
647,0
648,0
649,0
650,0.645161
651,0.677419
652,0.322581
653,0.16129
654,0
655,0.0967742
656,0
657,0
658,0
659,0
660,0
661,0
662,0
663,0
664,0
665,0
666,0
667,0
668,0
669,0
670,0
671,0
672,0
673,0
674,0
675,0
676,0
677,0
678,0
679,0.0967742
680,0.0322581
681,0.0322581
682,0.0967742
683,0.0967742
684,0.129032
685,0.129032
686,0.387097
687,0.806452
688,0.967742
689,0.83871
690,0.354839
691,0.516129
692,0.451613
693,0.0967742
694,0.258065
695,0.451613
696,0.709677
697,0.580645
698,0.612903
699,0.870968
700,0.741935
701,0.290323
702,0.0322581
703,0.0322581
704,0.0322581
705,0.0967742
706,0.0967742
707,0.0322581
708,0.0645161
709,1
710,0.645161
711,0.419355
712,0.483871
713,0.322581
714,0.193548
715,0.290323
716,0.193548
717,0.0967742
718,0.193548
719,0.0967742
720,0.387097
721,0.290323
722,0.774194
723,0.548387
724,0.16129
725,0
726,0
727,0
728,0
729,0.0645161
730,0.0967742
731,0
732,0.0322581
733,0.0322581
734,0.0322581
735,0.580645
736,0.612903
737,0.387097
738,0.129032
739,0.0645161
740,0.0967742
741,0
742,0
743,0
744,0
745,0
746,0
747,0
748,0
749,0
750,0
751,0
752,0
753,0
754,0
755,0.0322581
756,0
757,0
758,0
759,0
760,0
761,0
762,0
763,0.0322581
764,0.0322581
765,0.0322581
766,0.0322581
767,0.0967742
768,0.0967742
769,0.16129
770,0.258065
771,0.290323
772,0.354839
773,0.806452
774,1
775,0.741935
776,0.258065
777,0.419355
778,0.193548
779,0.16129
780,0.258065
781,0.193548
782,0.225806
783,0.612903
784,0.548387
785,1
786,0.741935
787,0.225806
788,0.193548
789,0.16129
790,0.129032
791,0.225806
792,0.16129
793,0.0322581
794,0.0645161
795,0.870968
796,0.903226
797,0.225806
798,0.16129
799,0.354839
800,0.387097
801,0.290323
802,0.193548
803,0.0967742
804,0.129032
805,0.0645161
806,0
807,0.451613
808,0.548387
809,0.612903
810,0.0967742
811,0.0322581
812,0
813,0
814,0
815,0
816,0.0645161
817,0
818,0
819,0.0645161
820,0
821,0.290323
822,0.741935
823,1
824,0.0322581
825,0
826,0.0322581
827,0.129032
828,0
829,0
830,0
831,0
832,0
833,0
834,0
835,0
836,0
837,0
838,0
839,0
840,0
841,0
842,0
843,0
844,0
845,0
846,0
847,0
848,0
849,0
850,0
851,0
852,0.0322581
853,0
854,0.0322581
855,0.0322581
856,0.16129
857,0.0967742
858,0.677419
859,0.967742
860,0.83871
861,0.516129
862,0.225806
863,0.483871
864,0.322581
865,0.129032
866,0.16129
867,0.225806
868,0.387097
869,0.580645
870,0.548387
871,0.612903
872,0.419355
873,0.225806
874,0.129032
875,0.129032
876,0.129032
877,0.193548
878,0.129032
879,0.0322581
880,0.0967742
881,1
882,0.548387
883,0.129032
884,0.354839
885,0.451613
886,0.193548
887,0.16129
888,0.0967742
889,0.0967742
890,0.129032
891,0
892,0.322581
893,0.451613
894,0.516129
895,0.258065
896,0.0322581
897,0
898,0
899,0
900,0
901,0
902,0
903,0
904,0.0967742
905,0
906,0
907,0.741935
908,1
909,0
910,0
911,0
912,0
913,0
914,0
915,0.0322581
916,0
917,0
918,0
919,0
920,0
921,0
922,0
923,0
924,0
925,0
926,0
927,0
928,0
929,0
930,0
931,0
932,0
933,0
934,0.0645161
935,0.0645161
936,0.0322581
937,0.0322581
938,0.0322581
939,0.0645161
940,0.0967742
941,0.0967742
942,0.0967742
943,0.387097
944,0.83871
945,1
946,0.870968
947,0.129032
948,0.612903
949,0.193548
950,0.129032
951,0.0967742
952,0.193548
953,0.322581
954,0.612903
955,0.548387
956,0.451613
957,0.354839
958,0.16129
959,0.0967742
960,0.0967742
961,0.0645161
962,0.0967742
963,0.0322581
964,0.0322581
965,0.0322581
966,1
967,0.741935
968,0.387097
969,0.387097
970,0.225806
971,0.193548
972,0.16129
973,0.16129
974,0.129032
975,0.16129
976,0.0645161
977,0
978,0.451613
979,0.580645
980,0.516129
981,0.0322581
982,0
983,0.0967742
984,0
985,0.0645161
986,0
987,0
988,0
989,0.0645161
990,0.0645161
991,0.0967742
992,0.677419
993,0.516129
994,0.516129
995,0.580645
996,0
997,0.0322581
998,0.0322581
999,0
1000,0
1001,0
1002,0.0645161
1003,0.0645161
1004,0.0645161
1005,0.0645161
1006,0.0645161
1007,0.0645161
1008,0.0645161
1009,0
1010,0
1011,0
1012,0
1013,0
1014,0
1015,0
1016,0.322581
1017,0.967742
1018,1
1019,1
1020,1
1021,0.967742
1022,0.935484
1023,0.935484
1024,0.903226
1025,0.16129
1026,0.258065
1027,0.225806
1028,0.290323
1029,0.225806
1030,1
1031,0.967742
1032,0.612903
1033,0.129032
1034,0.483871
1035,0.16129
1036,0.193548
1037,0.0967742
1038,0.225806
1039,0.193548
1040,0.16129
1041,0.290323
1042,0.806452
1043,0.806452
1044,0.354839
1045,0.225806
1046,0.193548
1047,0.225806
1048,0.225806
1049,0.193548
1050,0.419355
1051,0.612903
1052,1
1053,0.935484
1054,0.645161
1055,1
1056,0.645161
1057,1
1058,0.580645
1059,0.935484
1060,0.516129
1061,0.774194
1062,0.129032
1063,0.129032
1064,0.129032
1065,0.129032
1066,0.129032
1067,0.129032
1068,0.129032
1069,0.387097
1070,0.645161
1071,0.580645
1072,0.387097
1073,0.225806
1074,0.193548
1075,0.290323
1076,0.129032
1077,0.806452
1078,1
1079,0.83871
1080,0.870968
1081,0.903226
1082,0.774194
1083,0.774194
1084,0.83871
1085,0.709677
1086,0.516129
1087,0.129032
1088,0.0645161
1089,0.129032
1090,0.0645161
1091,0
1092,0.0645161
1093,0.0322581
1094,0.0645161
1095,0.0322581
1096,0.0322581
1097,0.0967742
1098,0.129032
1099,0.129032
1100,0.0967742
1101,0.16129
1102,0.0322581
1103,0.0967742
1104,0.0322581
1105,0.0322581
1106,0.129032
1107,0.0645161
1108,0.129032
1109,0.967742
1110,0.967742
1111,0.806452
1112,0.322581
1113,0.354839
1114,0.322581
1115,0.677419
1116,0.967742
1117,0.580645
1118,0.483871
1119,0.774194
1120,0.612903
1121,1
1122,0.806452
1123,0.612903
1124,0.354839
1125,0.483871
1126,0.354839
1127,0.419355
1128,0.451613
1129,0.225806
1130,0.225806
1131,0.483871
1132,1
1133,0.806452
1134,0.451613
1135,0.322581
1136,0.709677
1137,0.483871
1138,0.258065
1139,0.16129
1140,0.419355
1141,0.387097
1142,0.774194
1143,0.193548
1144,0.193548
1145,0.0645161
1146,0.0967742
1147,0
1148,0
1149,0
1150,0
1151,0
1152,0
1153,0.0645161
1154,0.0645161
1155,0
1156,0
1157,0
1158,0
1159,0.0645161
1160,0.322581
1161,0.903226
1162,0.935484
1163,0.903226
1164,0.870968
1165,1
1166,0.354839
1167,0.0645161
1168,0.0645161
1169,1
1170,0.903226
1171,0.580645
1172,0.741935
1173,0.806452
1174,0.935484
1175,0.774194
1176,0.967742
1177,0.0967742
1178,0.935484
1179,0.967742
1180,0.677419
1181,0.935484
1182,0.870968
1183,1
1184,0.774194
1185,0.83871
1186,0.580645
1187,0.290323
1188,0.0645161
1189,0.0645161
1190,0.0645161
1191,0.0322581
1192,0.129032
1193,0.129032
1194,0.0967742
1195,0.0322581
1196,0.0645161
1197,0.0645161
1198,0.129032
1199,0.0967742
1200,0.16129
1201,0.0322581
1202,0.709677
1203,0.483871
1204,0.258065
1205,0.258065
1206,0.451613
1207,0.354839
1208,0.419355
1209,0.516129
1210,0.516129
1211,1
1212,0.387097
1213,0.677419
1214,0.387097
1215,0.193548
1216,0.0967742
1217,0.0322581
1218,0.0322581
1219,0.0322581
1220,0
1221,0.0645161
1222,0.0645161
1223,0.0967742
1224,0.935484
1225,0.935484
1226,0.225806
1227,0.0645161
1228,0.0967742
1229,0.129032
1230,0.16129
1231,0.0967742
1232,0.16129
1233,0.16129
1234,0.129032
1235,0.0322581
1236,0.548387
1237,0.645161
1238,0.129032
1239,0.16129
1240,0.129032
1241,0.0967742
1242,0.0967742
1243,0.354839
1244,0.935484
1245,1
1246,0.903226
1247,0.967742
1248,1
1249,0.903226
1250,0.903226
1251,0.935484
1252,0.290323
1253,0.16129
1254,1
1255,0.0645161
1256,0.0322581
1257,1
1258,0.967742
1259,0.0967742
1260,0.870968
1261,0.967742
1262,0.709677
1263,0.806452
1264,0.258065
1265,0.806452
1266,0.870968
1267,0.83871
1268,0.387097
1269,0.612903
1270,0.193548
1271,0.129032
1272,0.451613
1273,0.677419
1274,0.677419
1275,0.741935
1276,0.677419
1277,0.483871
1278,0.419355
1279,0.290323
1280,0.225806
1281,0.645161
1282,0.709677
1283,0.290323
1284,0.741935
1285,0.225806
1286,0.258065
1287,0.322581
1288,0.129032
1289,0.16129
1290,0.0967742
1291,0.129032
1292,0.129032
1293,0.129032
1294,0.0967742
1295,0.0967742
1296,0.0967742
1297,0.129032
1298,0.709677
1299,0.645161
1300,0.354839
1301,0.516129
1302,0.16129
1303,0.0322581
1304,0
1305,0.0645161
1306,0.0322581
1307,0.0322581
1308,0
1309,0.0322581
1310,0.0322581
1311,0.0322581
1312,0.0322581
1313,0.0645161
1314,0.0322581
1315,0.0322581
1316,0.0645161
1317,0.0645161
1318,0.0322581
1319,0
1320,0
1321,0
1322,0.0322581
1323,0.0967742
1324,0.129032
1325,0.258065
1326,1
1327,0.774194
1328,0.806452
1329,0.645161
1330,0.870968
1331,0.451613
1332,0.580645
1333,0.677419
1334,0.741935
1335,0.83871
1336,0.870968
1337,0.774194
1338,0.258065
1339,0.193548
1340,0.806452
1341,0.709677
1342,0.741935
1343,0.0645161
1344,0.193548
1345,0.258065
1346,0.16129
1347,0.129032
1348,1
1349,0.741935
1350,0.322581
1351,0.16129
1352,0.193548
1353,0.16129
1354,0.0322581
1355,0.0322581
1356,0.0967742
1357,0.16129
1358,0.16129
1359,0.0645161
1360,0.354839
1361,0.354839
1362,0.516129
1363,0.0322581
1364,0.516129
1365,0
1366,0.0645161
1367,0.129032
1368,0.129032
1369,0.129032
1370,0.129032
1371,0.129032
1372,0.0967742
1373,0.0322581
1374,0.0322581
1375,0.645161
1376,0.322581
1377,0.290323
1378,0.16129
1379,0.0322581
1380,0.193548
1381,0.0322581
1382,0.0322581
1383,0
1384,0.0322581
1385,0
1386,0
1387,0.0322581
1388,0.0322581
1389,0.0322581
1390,0
1391,0.0645161
1392,0.129032
1393,0.0645161
1394,0.0322581
1395,0.0645161
1396,0.0967742
1397,0.0967742
1398,0.0645161
1399,0.0645161
1400,0.0967742
1401,0.16129
1402,0.16129
1403,0.225806
1404,0.16129
1405,0.225806
1406,0.193548
1407,0.483871
1408,0.709677
1409,1
1410,0.483871
1411,0.322581
1412,0.258065
1413,0.612903
1414,0.322581
1415,0.129032
1416,0.419355
1417,0.225806
1418,0.16129
1419,0.225806
1420,0.806452
1421,0.258065
1422,0.0645161
1423,0.16129
1424,0
1425,0.0645161
1426,0.0322581
1427,0.0322581
1428,0
1429,0.0967742
1430,0.967742
1431,0.612903
1432,0.516129
1433,0.290323
1434,0.419355
1435,0.16129
1436,0.16129
1437,0.16129
1438,0.129032
1439,0.16129
1440,0.0322581
1441,0
1442,0.483871
1443,0.387097
1444,0.129032
1445,0.0322581
1446,0
1447,0.0322581
1448,0
1449,0
1450,0.0322581
1451,0
1452,0
1453,0
1454,0.0322581
1455,0.0322581
1456,0.290323
1457,0.645161
1458,0.290323
1459,0.0645161
1460,0
1461,0.193548
1462,0.16129
1463,0.0967742
1464,0
1465,0
1466,0
1467,0
1468,0
1469,0
1470,0
1471,0
1472,0
1473,0
1474,0
1475,0.0322581
1476,0
1477,0.0322581
1478,0
1479,0
1480,0
1481,0.0322581
1482,0
1483,0
1484,0
1485,0.0645161
1486,0.0645161
1487,0.0322581
1488,0.129032
1489,0.0322581
1490,0.225806
1491,0.290323
1492,0.258065
1493,0.290323
1494,0.193548
1495,0.870968
1496,1
1497,0.451613
1498,0.322581
1499,0.548387
1500,0.0967742
1501,0.322581
1502,0.0967742
1503,0.193548
1504,0.225806
1505,0.16129
1506,0.0967742
1507,1
1508,0.419355
1509,0.322581
1510,0.354839
1511,0.193548
1512,0.129032
1513,0.645161
1514,0.258065
1515,0.16129
1516,0.225806
1517,0.451613
1518,0.645161
1519,0.483871
1520,0.709677
1521,1
1522,0.741935
1523,0.967742
1524,0.322581
1525,0.129032
1526,0.258065
1527,0.258065
1528,0.16129
1529,0.0322581
1530,0.225806
1531,0.225806
1532,0.129032
1533,0.16129
1534,0.612903
1535,0.806452
1536,0.709677
1537,0.354839
1538,0.16129
1539,0.16129
1540,0.129032
1541,0.0967742
1542,0.0645161
1543,0.0645161
1544,0.0645161
1545,0.0645161
1546,0
1547,0.419355
1548,0.129032
1549,0.419355
1550,0.0322581
1551,0.516129
1552,0
1553,0.0322581
1554,0
1555,0.0322581
1556,0.0645161
1557,0.0322581
1558,0.0322581
1559,0.0322581
1560,0.0322581
1561,0
1562,0.580645
1563,0.129032
1564,0.16129
1565,0.129032
1566,0
1567,0
1568,0.0322581
1569,0
1570,0
1571,0
1572,0
1573,0
1574,0
1575,0
1576,0.0322581
1577,0
1578,0.0322581
1579,0.0322581
1580,0.0322581
1581,0.0322581
1582,0.0322581
1583,0
1584,0
1585,0
1586,0
1587,0
1588,0
1589,0
1590,0.0322581
1591,0
1592,0
1593,0.0322581
1594,0.0322581
1595,0.16129
1596,0.0967742
1597,0.0967742
1598,0.16129
1599,0.193548
1600,0.322581
1601,1
1602,0.612903
1603,0.419355
1604,0.129032
1605,0.290323
1606,0.0967742
1607,0.129032
1608,0.16129
1609,0.322581
1610,0.129032
1611,0.225806
1612,1
1613,0.870968
1614,0.258065
1615,0.290323
1616,0.16129
1617,0.129032
1618,0.580645
1619,0.16129
1620,0.0967742
1621,0.129032
1622,0.451613
1623,0.0967742
1624,0.677419
1625,0.483871
1626,0.967742
1627,0.580645
1628,0.806452
1629,0.516129
1630,0.903226
1631,0.290323
1632,0.225806
1633,0.258065
1634,0.0645161
1635,0.129032
1636,0.193548
1637,0.0967742
1638,0.0967742
1639,0.709677
1640,0.774194
1641,0.709677
1642,0.225806
1643,0.16129
1644,0.0967742
1645,0.0645161
1646,0.0322581
1647,0.0645161
1648,0.0322581
1649,0.0967742
1650,0.0322581
1651,0
1652,0.451613
1653,0.0322581
1654,0.354839
1655,0.0645161
1656,0.0967742
1657,0.258065
1658,0.0645161
1659,0.0967742
1660,0.0322581
1661,0
1662,0
1663,0
1664,0
1665,0
1666,0.451613
1667,0.16129
1668,0.16129
1669,0.0967742
1670,0.0322581
1671,0
1672,0
1673,0.0645161
1674,0
1675,0.0645161
1676,0.0322581
1677,0.0322581
1678,0.0322581
1679,0.0322581
1680,0
1681,0.0645161
1682,0.0967742
1683,0.0645161
1684,0
1685,0.0322581
1686,0.0645161
1687,0.0645161
1688,0.0322581
1689,0.0322581
1690,0
1691,0
1692,0
1693,0
1694,0.0322581
1695,0.0967742
1696,0.0967742
1697,0.0967742
1698,0.0967742
1699,0.193548
1700,0.129032
1701,0.225806
1702,0.322581
1703,0.16129
1704,0.225806
1705,1
1706,1
1707,0.322581
1708,0.774194
1709,0.129032
1710,0.16129
1711,0.16129
1712,0.0322581
1713,0.0645161
1714,0.16129
1715,0.0645161
1716,0.0645161
1717,1
1718,0.129032
1719,0.193548
1720,0.193548
1721,0.193548
1722,0.0967742
1723,0.645161
1724,0.193548
1725,0.0967742
1726,0.225806
1727,0.451613
1728,0.516129
1729,0.419355
1730,0.483871
1731,1
1732,0.483871
1733,0.419355
1734,0.451613
1735,0.322581
1736,1
1737,0.16129
1738,0.258065
1739,0.0645161
1740,0.0645161
1741,0.193548
1742,0.0967742
1743,0.0967742
1744,0.709677
1745,0.419355
1746,0.935484
1747,0.290323
1748,0.129032
1749,0.16129
1750,0.0645161
1751,0.0645161
1752,0.0645161
1753,0.0322581
1754,0.0645161
1755,0.0322581
1756,0.0322581
1757,0.387097
1758,0.16129
1759,0.258065
1760,0.0645161
1761,0.0645161
1762,0.0322581
1763,0
1764,0
1765,0.0322581
1766,0
1767,0
1768,0.0645161
1769,0.0645161
1770,0.0645161
1771,0
1772,0.645161
1773,0.16129
1774,0.129032
1775,0.129032
1776,0.0645161
1777,0.0967742
1778,0
1779,0
1780,0
1781,0
1782,0
1783,0
1784,0
1785,0
1786,0
1787,0
1788,0
1789,0
1790,0
1791,0
1792,0
1793,0
1794,0
1795,0
1796,0
1797,0
1798,0.0322581
1799,0.0322581
1800,0.0645161
1801,0.0645161
1802,0.0322581
1803,0.129032
1804,0.0967742
1805,0.0645161
1806,0.0322581
1807,0.0967742
1808,0.258065
1809,0.16129
1810,0.322581
1811,0.967742
1812,0.516129
1813,0.290323
1814,0.516129
1815,0.709677
1816,0.0322581
1817,0.129032
1818,0
1819,0.258065
1820,0.258065
1821,0.0322581
1822,0.741935
1823,0.903226
1824,0.16129
1825,0.16129
1826,0.129032
1827,0.0967742
1828,0.612903
1829,0.290323
1830,0.225806
1831,0.225806
1832,0.451613
1833,0.193548
1834,0.645161
1835,0.16129
1836,0.967742
1837,0.225806
1838,0.16129
1839,0.290323
1840,0.258065
1841,0.516129
1842,0.677419
1843,0.0967742
1844,0.193548
1845,0.16129
1846,0.129032
1847,0.0645161
1848,0.0967742
1849,0.645161
1850,0.709677
1851,0.387097
1852,0.290323
1853,0.0967742
1854,0.129032
1855,0.0967742
1856,0.225806
1857,0.0967742
1858,0.0322581
1859,0.0645161
1860,0
1861,0.0645161
1862,0.516129
1863,0.0967742
1864,0.322581
1865,0.0322581
1866,0.0322581
1867,0
1868,0.0967742
1869,0
1870,0
1871,0
1872,0
1873,0
1874,0
1875,0
1876,0.290323
1877,0.612903
1878,0.225806
1879,0.0645161
1880,0.16129
1881,0.0967742
1882,0.129032
1883,0
1884,0
1885,0
1886,0
1887,0
1888,0.0322581
1889,0
1890,0
1891,0.0322581
1892,0.0322581
1893,0.0322581
1894,0.0322581
1895,0.0645161
1896,0.0322581
1897,0.0322581
1898,0
1899,0
1900,0
1901,0
1902,0.0322581
1903,0.0645161
1904,0.0645161
1905,0.0322581
1906,0.0322581
1907,0.225806
1908,0.0322581
1909,0.0645161
1910,0.0322581
1911,0.0322581
1912,0.0645161
1913,0.0645161
1914,0.0645161
1915,1
1916,0.903226
1917,0.258065
1918,0.354839
1919,0.677419
1920,0.129032
1921,0.0967742
1922,0.0967742
1923,0.129032
1924,0.0967742
1925,0.0322581
1926,0.129032
1927,0.580645
1928,0.322581
1929,0.258065
1930,0.16129
1931,0.129032
1932,0.0967742
1933,0.0967742
1934,0.0645161
1935,0.0645161
1936,0
1937,0.483871
1938,0.935484
1939,0.258065
1940,0.258065
1941,0.16129
1942,0.129032
1943,0.129032
1944,0.129032
1945,0.0645161
1946,0.129032
1947,0.0967742
1948,0
1949,0.419355
1950,0.0322581
1951,0.354839
1952,0.129032
1953,0.0645161
1954,0.0645161
1955,0.0645161
1956,0.0322581
1957,0.0645161
1958,0.0645161
1959,0.0322581
1960,0.0322581
1961,0
1962,0
1963,0.0322581
1964,0.677419
1965,0.129032
1966,0.258065
1967,0.129032
1968,0.0322581
1969,0
1970,0
1971,0
1972,0
1973,0
1974,0
1975,0
1976,0
1977,0
1978,0
1979,0
1980,0
1981,0
1982,0
1983,0
1984,0
1985,0
1986,0
1987,0
1988,0
1989,0
1990,0
1991,0.0645161
1992,0.0322581
1993,0.0322581
1994,0
1995,0.0645161
1996,0.0645161
1997,0
1998,0.0967742
1999,0.0967742
2000,0.0645161
2001,0.0967742
2002,0.483871
2003,0.967742
2004,0.258065
2005,0.225806
2006,0.290323
2007,0.774194
2008,0
2009,0.129032
2010,0.0322581
2011,0.258065
2012,0.0967742
2013,0.0645161
2014,0.677419
2015,0.580645
2016,0.225806
2017,0.16129
2018,0.0645161
2019,0.0645161
2020,0.0322581
2021,0.0322581
2022,0.0967742
2023,0.0322581
2024,0.0967742
2025,1
2026,0.354839
2027,0.0967742
2028,0.225806
2029,0.0967742
2030,0.0967742
2031,0.0967742
2032,0.0645161
2033,0.0322581
2034,0.0322581
2035,0
2036,0.354839
2037,0.290323
2038,0.258065
2039,0.0967742
2040,0.0322581
2041,0.0322581
2042,0.0967742
2043,0.0645161
2044,0.0322581
2045,0.0322581
2046,0
2047,0
2048,0.0967742
2049,0.0967742
2050,0.258065
2051,0.612903
2052,0.225806
2053,0.0645161
2054,0
2055,0
2056,0.0322581
2057,0
2058,0.0322581
2059,0
2060,0
2061,0
2062,0
2063,0
2064,0
2065,0
2066,0
2067,0
2068,0
2069,0
2070,0
2071,0
2072,0
2073,0
2074,0
2075,0
2076,0
2077,0.0322581
2078,0.0645161
2079,0.0322581
2080,0.0322581
2081,0.129032
2082,0.129032
2083,0.0645161
2084,0
2085,0.0967742
2086,0.0645161
2087,0.0967742
2088,0.0645161
2089,1
2090,0.83871
2091,0.354839
2092,0.354839
2093,0.387097
2094,0.612903
2095,0.0322581
2096,0
2097,0.16129
2098,0.129032
2099,0.0322581
2100,0.225806
2101,0.580645
2102,0.193548
2103,0.0645161
2104,0.0645161
2105,0.0322581
2106,0.0322581
2107,0.0645161
2108,0.0322581
2109,0.0322581
2110,0.0322581
2111,0.774194
2112,0.709677
2113,0.193548
2114,0.225806
2115,0.16129
2116,0.0967742
2117,0.16129
2118,0.0645161
2119,0.0322581
2120,0.0645161
2121,0
2122,0
2123,0.419355
2124,0.0967742
2125,0.387097
2126,0
2127,0.0322581
2128,0.0322581
2129,0
2130,0
2131,0.0645161
2132,0.0645161
2133,0
2134,0
2135,0.0645161
2136,0
2137,0
2138,0.580645
2139,0.0967742
2140,0.193548
2141,0.0645161
2142,0
2143,0
2144,0.0322581
2145,0.0645161
2146,0
2147,0
2148,0
2149,0
2150,0
2151,0
2152,0
2153,0
2154,0
2155,0
2156,0
2157,0.0645161
2158,0
2159,0
2160,0
2161,0
2162,0
2163,0
2164,0.0322581
2165,0.0645161
2166,0.0645161
2167,0.0322581
2168,0.0967742
2169,0.0967742
2170,0.0322581
2171,0.0322581
2172,0.129032
2173,0.0645161
2174,0.0967742
2175,0.0645161
2176,0.290323
2177,1
2178,0.0967742
2179,0.16129
2180,0.258065
2181,0.387097
2182,0.677419
2183,0
2184,0.0322581
2185,0.193548
2186,0.0967742
2187,0.0322581
2188,0.677419
2189,0.0645161
2190,0.0967742
2191,0.0645161
2192,0.0322581
2193,0.0322581
2194,0.0322581
2195,0.0645161
2196,0
2197,0.0322581
2198,0
2199,1
2200,0.225806
2201,0.258065
2202,0.225806
2203,0.129032
2204,0.258065
2205,0.0967742
2206,0.0967742
2207,0.0645161
2208,0.0645161
2209,0
2210,0.419355
2211,0.419355
2212,0.193548
2213,0.0322581
2214,0
2215,0.0645161
2216,0
2217,0
2218,0
2219,0
2220,0
2221,0
2222,0
2223,0
2224,0
2225,0
2226,0.645161
2227,0.16129
2228,0.129032
2229,0
2230,0.0322581
2231,0.0322581
2232,0
2233,0.0322581
2234,0
2235,0
2236,0
2237,0.0322581
2238,0
2239,0
2240,0
2241,0
2242,0
2243,0
2244,0.0645161
2245,0.0645161
2246,0.0322581
2247,0.0322581
2248,0
2249,0.0645161
2250,0.0645161
2251,0.0967742
2252,0.0322581
2253,0.0322581
2254,0.0967742
2255,0.0322581
2256,0.16129
2257,0.0967742
2258,0
2259,0.0967742
2260,0.0322581
2261,0.0645161
2262,0.0645161
2263,0.290323
2264,1
2265,0.322581
2266,0.225806
2267,0.258065
2268,0.290323
2269,0.645161
2270,0
2271,0.0322581
2272,0.193548
2273,0.0967742
2274,0.0322581
2275,0.483871
2276,0.548387
2277,0.0967742
2278,0.0645161
2279,0.0645161
2280,0.0322581
2281,0.0322581
2282,0.0322581
2283,0
2284,0.0322581
2285,0
2286,1
2287,0.322581
2288,0.129032
2289,0.354839
2290,0.258065
2291,0.225806
2292,0.225806
2293,0.0967742
2294,0.0967742
2295,0.0645161
2296,0.0322581
2297,0.387097
2298,0.16129
2299,0.258065
2300,0.0645161
2301,0
2302,0
2303,0
2304,0
2305,0
2306,0
2307,0.0967742
2308,0
2309,0
2310,0
2311,0
2312,0.516129
2313,0.0967742
2314,0.258065
2315,0.0967742
2316,0.0322581
2317,0.0322581
2318,0.0322581
2319,0
2320,0.0322581
2321,0.0322581
2322,0
2323,0
2324,0
2325,0
2326,0
2327,0
2328,0
2329,0
2330,0.0322581
2331,0
2332,0
2333,0
2334,0
2335,0
2336,0.0645161
2337,0.0322581
2338,0
2339,0.0322581
2340,0.0322581
2341,0.0322581
2342,0.16129
2343,0.0322581
2344,0
2345,0
2346,0.0645161
2347,0.0322581
2348,0.0645161
2349,0.0645161
2350,0.322581
2351,0.967742
2352,0.16129
2353,0.225806
2354,0.16129
2355,0.451613
2356,0.548387
2357,0.0645161
2358,0.0322581
2359,0.16129
2360,0.0967742
2361,0
2362,0.451613
2363,0.548387
2364,0.0645161
2365,0.129032
2366,0.0322581
2367,0.0322581
2368,0.0322581
2369,0.0645161
2370,0
2371,0.0322581
2372,0
2373,1
2374,0.129032
2375,0.193548
2376,0.322581
2377,0.258065
2378,0.258065
2379,0.322581
2380,0.16129
2381,0.0645161
2382,0.16129
2383,0
2384,0.387097
2385,0.0645161
2386,0.225806
2387,0
2388,0.0322581
2389,0.0322581
2390,0.0322581
2391,0
2392,0
2393,0
2394,0
2395,0
2396,0
2397,0.0967742
2398,0.0322581
2399,0.0967742
2400,0.612903
2401,0.193548
2402,0.193548
2403,0.0645161
2404,0
2405,0.0645161
2406,0
2407,0
2408,0
2409,0
2410,0
2411,0
2412,0
2413,0
2414,0.0322581
2415,0
2416,0
2417,0.0645161
2418,0
2419,0.0645161
2420,0.129032
2421,0.0322581
2422,0.0967742
2423,0.129032
2424,0.0322581
2425,0.129032
2426,0
2427,0.0967742
2428,0.0967742
2429,0.0322581
2430,0
2431,0
2432,0.0645161
2433,0.129032
2434,0.0645161
2435,0.129032
2436,0.16129
2437,0.580645
2438,0.967742
2439,0.129032
2440,0.0967742
2441,0.290323
2442,0.419355
2443,0.806452
2444,0
2445,0.0967742
2446,0.193548
2447,0.0322581
2448,0
2449,0.612903
2450,0.258065
2451,0.16129
2452,0.129032
2453,0.129032
2454,0.0967742
2455,0.0322581
2456,0.0967742
2457,0.0645161
2458,0
2459,0.322581
2460,1
2461,0.225806
2462,0.129032
2463,0.193548
2464,0.16129
2465,0.225806
2466,0.193548
2467,0.0967742
2468,0.0322581
2469,0.0645161
2470,0.0322581
2471,0.419355
2472,0.225806
2473,0.322581
2474,0.0322581
2475,0.0322581
2476,0
2477,0.0322581
2478,0.0322581
2479,0.0967742
2480,0.0322581
2481,0.0322581
2482,0.0322581
2483,0
2484,0.0645161
2485,0.0322581
2486,0.548387
2487,0.0645161
2488,0.290323
2489,0.0967742
2490,0
2491,0.0322581
2492,0.0322581
2493,0
2494,0
2495,0
2496,0.0322581
2497,0
2498,0
2499,0
2500,0.193548
2501,0
2502,0.0967742
2503,0
2504,0.129032
2505,0
2506,0.0645161
2507,0.16129
2508,0
2509,0.0967742
2510,0.193548
2511,0.0967742
2512,0.0322581
2513,0.129032
2514,0.0322581
2515,0.16129
2516,0.0322581
2517,0.0322581
2518,0
2519,0.0645161
2520,0.0645161
2521,0.0645161
2522,0.580645
2523,0.967742
2524,0.16129
2525,0.0967742
2526,0.129032
2527,0.322581
2528,0.387097
2529,0.645161
2530,0.0322581
2531,0.129032
2532,0
2533,0
2534,0.483871
2535,0.129032
2536,0.0967742
2537,0.0645161
2538,0.0322581
2539,0.0322581
2540,0.0322581
2541,0
2542,0.0322581
2543,0.0322581
2544,0.903226
2545,0.709677
2546,0.258065
2547,0.322581
2548,0.225806
2549,0.0967742
2550,0.193548
2551,0.193548
2552,0.0967742
2553,0.0645161
2554,0.0645161
2555,0.0322581
2556,0.483871
2557,0
2558,0.387097
2559,0.0645161
2560,0.0322581
2561,0.0322581
2562,0.0322581
2563,0
2564,0
2565,0
2566,0
2567,0
2568,0
2569,0
2570,0
2571,0.290323
2572,0.548387
2573,0.225806
2574,0.0967742
2575,0.0322581
2576,0.0322581
2577,0.0322581
2578,0.0322581
2579,0
2580,0
2581,0
2582,0
2583,0.0322581
2584,0.0322581
2585,0.0645161
2586,0.225806
2587,0.967742
2588,0.129032
2589,0.0645161
2590,0.0645161
2591,0.0645161
2592,0.0645161
2593,0.0645161
2594,0.225806
2595,0.0967742
2596,0.16129
2597,0.129032
2598,0.0645161
2599,0.193548
2600,0.0322581
2601,0.0645161
2602,0.193548
2603,0.0645161
2604,0.129032
2605,0.193548
2606,0.483871
2607,0.967742
2608,0.322581
2609,0.258065
2610,0.354839
2611,0.387097
2612,0.322581
2613,0.645161
2614,0.0322581
2615,0.0967742
2616,0.0967742
2617,0
2618,0.419355
2619,0.483871
2620,0.0967742
2621,0.0645161
2622,0.0645161
2623,0.0645161
2624,0.0645161
2625,0.0322581
2626,0
2627,0.0322581
2628,0
2629,0.741935
2630,0.645161
2631,0.193548
2632,0.322581
2633,0.225806
2634,0.0967742
2635,0.193548
2636,0.193548
2637,0.193548
2638,0.0322581
2639,0.0645161
2640,0.0322581
2641,0.451613
2642,0.0322581
2643,0.387097
2644,0
2645,0
2646,0
2647,0
2648,0
2649,0.0322581
2650,0
2651,0
2652,0
2653,0
2654,0
2655,0.225806
2656,0.548387
2657,0.129032
2658,0.0645161
2659,0
2660,0
2661,0
2662,0
2663,0
2664,0
2665,0
2666,0
2667,0
2668,0
2669,0
2670,0
2671,0
2672,0.16129
2673,0
2674,0
2675,0
2676,0.0967742
2677,0.0967742
2678,0
2679,0.0322581
2680,0.0322581
2681,0
2682,0.0322581
2683,0.129032
2684,0.0645161
2685,0.0322581
2686,0
2687,0.0322581
2688,0.0322581
2689,0.0967742
2690,0.0645161
2691,0.290323
2692,0.967742
2693,0.16129
2694,0.0967742
2695,0.16129
2696,0.258065
2697,0.322581
2698,0.741935
2699,0.0645161
2700,0.129032
2701,0.129032
2702,0.0967742
2703,0.483871
2704,0.419355
2705,0.129032
2706,0.129032
2707,0.0967742
2708,0.0645161
2709,0.0645161
2710,0
2711,0
2712,0.0322581
2713,0
2714,1
2715,0.225806
2716,0.193548
2717,0.290323
2718,0.193548
2719,0.0967742
2720,0.225806
2721,0.193548
2722,0.0967742
2723,0.0645161
2724,0
2725,0.322581
2726,0.129032
2727,0.451613
2728,0.0322581
2729,0.0322581
2730,0
2731,0.0322581
2732,0
2733,0
2734,0
2735,0.0322581
2736,0.0322581
2737,0.0322581
2738,0.0645161
2739,0.0322581
2740,0.225806
2741,0.548387
2742,0.16129
2743,0.0645161
2744,0
2745,0
2746,0
2747,0.0322581
2748,0
2749,0.193548
2750,0.193548
2751,0.16129
2752,0.16129
2753,0.193548
2754,0.193548
2755,0.0967742
2756,0.0967742
2757,0
2758,0
2759,0.0322581
2760,0
2761,0.0645161
2762,0
2763,0
2764,0.0322581
2765,0.0322581
2766,0.0322581
2767,0.0322581
2768,0
2769,0.0967742
2770,0.0322581
2771,0
2772,0
2773,0.0645161
2774,0.0967742
2775,0.0967742
2776,0.0645161
2777,1
2778,0.258065
2779,0.258065
2780,0.225806
2781,0.258065
2782,0.322581
2783,0.516129
2784,0.677419
2785,0.129032
2786,0.16129
2787,0.0645161
2788,0.290323
2789,0.516129
2790,0.0967742
2791,0.0645161
2792,0.0322581
2793,0.0645161
2794,0.0322581
2795,0.0322581
2796,0.0645161
2797,0.0322581
2798,0
2799,0.741935
2800,0.612903
2801,0.290323
2802,0.258065
2803,0.225806
2804,0.0967742
2805,0.16129
2806,0.129032
2807,0.0645161
2808,0.129032
2809,0.0322581
2810,0
2811,0.451613
2812,0.322581
2813,0.290323
2814,0.0322581
2815,0
2816,0
2817,0.0322581
2818,0
2819,0.0322581
2820,0
2821,0.0322581
2822,0
2823,0.0322581
2824,0
2825,0
2826,0.806452
2827,0.129032
2828,0.0967742
2829,0
2830,0
2831,0.0645161
2832,0
2833,0
2834,0.0645161
2835,0.0645161
2836,0.129032
2837,0.0645161
2838,0.0645161
2839,0.0967742
2840,0.129032
2841,0
2842,0.0322581
2843,0
2844,0
2845,0
2846,0
2847,0
2848,0
2849,0
2850,0.0322581
2851,0
2852,0.0322581
2853,0.0322581
2854,0.0645161
2855,0.0322581
2856,0
2857,0.0322581
2858,0.0322581
2859,0.0322581
2860,0.0645161
2861,0.129032
2862,0.0967742
2863,0.419355
2864,0.967742
2865,0.0322581
2866,0.225806
2867,0.193548
2868,0.290323
2869,0.451613
2870,0.580645
2871,0.0645161
2872,0.193548
2873,0.0645161
2874,0.0322581
2875,0.483871
2876,0.322581
2877,0.0967742
2878,0.0645161
2879,0.0322581
2880,0.0322581
2881,0.0322581
2882,0.0322581
2883,0
2884,0.0322581
2885,0.870968
2886,0.419355
2887,0.967742
2888,0.83871
2889,0.709677
2890,0.741935
2891,0.387097
2892,0.129032
2893,0.0645161
2894,0.0967742
2895,0
2896,0
2897,0.451613
2898,0.387097
2899,0.225806
2900,0
2901,0.0322581
2902,0.0322581
2903,0.0645161
2904,0.0645161
2905,0
2906,0
2907,0
2908,0
2909,0
2910,0
2911,0
2912,0.451613
2913,0.258065
2914,0
2915,0.129032
2916,0
2917,0
2918,0
2919,0
2920,0
2921,0
2922,0
2923,0
2924,0.0645161
2925,0
2926,0
2927,0.0322581
2928,0.0322581
2929,0.0322581
2930,0.0322581
2931,0.0322581
2932,0.0322581
2933,0.0967742
2934,0.0645161
2935,0
2936,0
2937,0
2938,0.0322581
2939,0
2940,0
2941,0.0645161
2942,0.0645161
2943,0.0967742
2944,0.967742
2945,0.193548
2946,0.129032
2947,0.258065
2948,0.322581
2949,0.83871
2950,0.774194
2951,0.193548
2952,0.258065
2953,0.225806
2954,0.16129
2955,0.483871
2956,0.290323
2957,0
2958,0.0322581
2959,0.0322581
2960,0
2961,0.0322581
2962,0.129032
2963,0.0645161
2964,0.0645161
2965,0.0967742
2966,0.967742
2967,0.419355
2968,0.451613
2969,0.483871
2970,0.290323
2971,0.225806
2972,0.193548
2973,0.129032
2974,0.16129
2975,0.0645161
2976,0
2977,0.0645161
2978,0.516129
2979,0.419355
2980,0.225806
2981,0
2982,0.0322581
2983,0
2984,0
2985,0
2986,0
2987,0
2988,0
2989,0
2990,0
2991,0.0645161
2992,0.0645161
2993,0
2994,0.0645161
2995,0
2996,0
2997,0
2998,0.290323
2999,0.612903
3000,0.258065
3001,0.0645161
3002,0
3003,0
3004,0.0322581
3005,0
3006,0
3007,0.0322581
3008,0
3009,0.0645161
3010,0.0322581
3011,0
3012,0
3013,0
3014,0
3015,0
3016,0
3017,0.0322581
3018,0.0322581
3019,0.0322581
3020,0.0322581
3021,0.0322581
3022,0.0967742
3023,0.0322581
3024,0.0645161
3025,0.0322581
3026,0.0322581
3027,0.0322581
3028,0.0322581
3029,0.0322581
3030,0.0322581
3031,0.16129
3032,0.258065
3033,0.935484
3034,0.967742
3035,0.193548
3036,0.354839
3037,0.322581
3038,0.290323
3039,0.645161
3040,0.193548
3041,0.225806
3042,0.258065
3043,0.225806
3044,0.193548
3045,0.580645
3046,0.0967742
3047,0.129032
3048,0.129032
3049,0.0645161
3050,0.0322581
3051,0.0322581
3052,0.16129
3053,0.0322581
3054,0.0322581
3055,0
3056,1
3057,0.16129
3058,0.290323
3059,0.387097
3060,0.258065
3061,0.193548
3062,0.258065
3063,0.129032
3064,0.129032
3065,0.0967742
3066,0.0322581
3067,0.322581
3068,0.419355
3069,0.419355
3070,0.0322581
3071,0.0322581
3072,0.0322581
3073,0
3074,0
3075,0
3076,0
3077,0
3078,0
3079,0
3080,0
3081,0
3082,0.258065
3083,0.354839
3084,0.16129
3085,0.0322581
3086,0.0645161
3087,0.193548
3088,0.193548
3089,0.967742
3090,0.354839
3091,0.516129
3092,0.709677
3093,0.451613
3094,0.451613
3095,0.741935
3096,0.193548
3097,0.225806
3098,0.322581
3099,0.290323
3100,0.258065
3101,0.612903
3102,0.16129
3103,0.903226
3104,0.451613
3105,0.516129
3106,0.612903
3107,0.516129
3108,0.387097
3109,0.419355
3110,0.290323
3111,0.225806
3112,0.225806
3113,0.16129
3114,0.193548
3115,0.548387
3116,0.451613
3117,0.387097
3118,0.225806
3119,0.193548
3120,0.225806
3121,0.258065
3122,0.193548
3123,0.225806
3124,0.258065
3125,0.225806
3126,0.193548
3127,0.193548
3128,0.193548
3129,0.193548
3130,0.451613
3131,0.967742
3132,0.451613
3133,0.258065
3134,0.258065
3135,0.258065
3136,0.258065
3137,0.258065
3138,0.225806
3139,0.258065
3140,0.387097
3141,0.354839
3142,0.419355
3143,0.387097
3144,0.354839
3145,0.451613
3146,0.193548
3147,0.419355
3148,0.387097
3149,0.387097
3150,0.387097
3151,0.387097
3152,0.451613
3153,0.451613
3154,0.451613
3155,0.419355
3156,0.483871
3157,0.451613
3158,0.483871
3159,0.516129
3160,0.516129
3161,0.483871
3162,0.419355
3163,0.354839
3164,0.451613
3165,0.451613
3166,0.387097
3167,0.387097
3168,0.483871
3169,1
3170,0.677419
3171,0.451613
3172,0.387097
3173,0.258065
3174,0.354839
3175,0.258065
3176,0.290323
3177,0.387097
3178,0.419355
3179,0.322581
3180,0.677419
3181,0.967742
3182,0.709677
3183,0.548387
3184,0.612903
3185,0.483871
3186,0.612903
3187,0.258065
3188,0.16129
3189,0.354839
3190,0.451613
3191,0.451613
3192,0.129032
3193,0.322581
3194,0.741935
3195,0.387097
3196,0.483871
3197,0.709677
3198,0.709677
3199,0.483871
3200,0.612903
3201,0.451613
3202,0.387097
3203,0.451613
3204,0.612903
3205,0.354839
3206,0.548387
3207,0.193548
3208,0.483871
3209,0.516129
3210,0.580645
3211,0.354839
3212,0.83871
3213,0.193548
3214,0.419355
3215,0.354839
3216,0.387097
3217,0.322581
3218,0.677419
3219,0.258065
3220,1
3221,0.483871
3222,0.548387
3223,0.677419
3224,0.516129
3225,0.451613
3226,0.483871
3227,0.419355
3228,0.419355
3229,0.387097
3230,0.290323
3231,0.580645
3232,0.322581
3233,0.967742
3234,0.322581
3235,0.387097
3236,0.387097
3237,0.419355
3238,0.419355
3239,0.387097
3240,0.387097
3241,0.354839
3242,0.354839
3243,0.451613
3244,0.483871
3245,0.451613
3246,0.451613
3247,0.967742
3248,0.612903
3249,0.677419
3250,0.516129
3251,0.387097
3252,0.387097
3253,0.419355
3254,0.419355
3255,0.451613
3256,0.548387
3257,0.419355
3258,0.548387
3259,0.322581
3260,0.903226
3261,0.387097
3262,0.322581
3263,0.903226
3264,0.354839
3265,0.903226
3266,0.935484
3267,0.935484
3268,0.935484
3269,0.967742
3270,0.935484
3271,0.935484
3272,0.935484
3273,0.935484
3274,0.935484
3275,0.935484
3276,0.935484
3277,0.935484
3278,0.935484
3279,0.935484
3280,0.935484
3281,0.935484
3282,0.935484
3283,0.935484
3284,0.935484
3285,0.870968
3286,0.903226
3287,0.903226
3288,1
3289,1
3290,1
3291,1
3292,0.903226
3293,1
3294,1
3295,0.967742
3296,0.967742
3297,0.741935
3298,0.935484
3299,1
3300,1
3301,1
3302,1
3303,1
3304,1
3305,1
3306,1
3307,1
3308,0.935484
3309,0.935484
3310,1
3311,0.935484
3312,0.935484
3313,0.935484
3314,0.935484
3315,0.935484
3316,0.967742
3317,0.903226
3318,0.935484
3319,0.935484
3320,0.967742
3321,0.903226
3322,0.967742
3323,0.967742
3324,0.967742
3325,0.967742
3326,0.967742
3327,0.967742
3328,0.967742
3329,0.967742
3330,0.967742
3331,0.967742
3332,0.967742
3333,1
3334,0.548387
3335,0.967742
3336,0.806452
3337,0.903226
3338,0.580645
3339,0.709677
3340,0.935484
3341,1
3342,1
3343,1
3344,1
3345,1
3346,1
3347,0.516129
3348,0.903226
3349,1
3350,0.967742
3351,0.967742
3352,0.967742
3353,0.967742
3354,1
3355,0.967742
3356,1
3357,1
3358,0.935484
3359,0.935484
3360,1
3361,0.967742
3362,0.967742
3363,0.967742
3364,1
3365,1
3366,1
3367,1
3368,1
3369,1
3370,0.967742
3371,0.83871
3372,0.967742
3373,0.870968
3374,1
3375,0.967742
3376,1
3377,1
3378,0.935484
3379,0.967742
3380,0.935484
3381,0.935484
3382,0.935484
3383,0.935484
3384,0.935484
3385,0.806452
3386,1
3387,1
3388,0.935484
3389,0.935484
3390,0.935484
3391,0.935484
3392,0.935484
3393,0.967742
3394,0.935484
3395,0.645161
3396,0.935484
3397,0.741935
3398,0.83871
3399,1
3400,1
3401,0.903226
3402,0.967742
3403,0.935484
3404,0.935484
3405,0.935484
3406,0.290323
3407,0.645161
3408,0.290323
3409,0.645161
3410,0.612903
3411,0.903226
3412,1
3413,0.903226
3414,0.354839
3415,0.193548
3416,0.935484
3417,0.967742
3418,0.258065
3419,0.354839
3420,0.967742
3421,0.419355
3422,0.483871
3423,0.903226
3424,0.935484
3425,0.967742
3426,0.387097
3427,0.774194
3428,1
3429,0.967742
3430,0.903226
3431,1
3432,1
3433,1
3434,1
3435,1
3436,1
3437,0.870968
3438,0.483871
3439,0.483871
3440,0.483871
3441,0.709677
3442,0.387097
3443,0.612903
3444,0.580645
3445,0.580645
3446,0.580645
3447,0.419355
3448,0.419355
3449,0.83871
3450,1
3451,0.967742
3452,0.967742
3453,0.967742
3454,0.967742
3455,0.967742
3456,0.967742
3457,0.967742
3458,0.967742
3459,0.967742
3460,0.967742
3461,0.83871
3462,0.83871
3463,1
3464,0.967742
3465,0.967742
3466,0.967742
3467,0.83871
3468,0.83871
3469,1
3470,0.967742
3471,0.967742
3472,0.870968
3473,0.387097
3474,0.419355
3475,0.548387
3476,0.548387
3477,0.354839
3478,0.451613
3479,0.419355
3480,0.387097
3481,0.451613
3482,0.451613
3483,0.548387
3484,0.387097
3485,0.451613
3486,0.419355
3487,0.580645
3488,0.387097
3489,0.258065
3490,0.322581
3491,0.258065
3492,0.290323
3493,0.322581
3494,0.548387
3495,0.451613
3496,0.451613
3497,0.451613
3498,0.580645
3499,0.354839
3500,0.290323
3501,0.290323
3502,0.387097
3503,0.451613
3504,0.290323
3505,0.354839
3506,0.322581
3507,0.322581
3508,0.322581
3509,0.322581
3510,0.548387
3511,0.354839
3512,0.419355
3513,0.612903
3514,0.935484
3515,0.967742
3516,0.419355
3517,0.612903
3518,0.935484
3519,0.967742
3520,0.903226
3521,0.967742
3522,0.451613
3523,0.935484
3524,1
3525,1
3526,0.967742
3527,1
3528,1
3529,1
3530,1
3531,1
3532,1
3533,1
3534,1
3535,1
3536,1
3537,1
3538,1
3539,1
3540,0.967742
3541,0.612903
3542,0.935484
3543,1
3544,1
3545,1
3546,1
3547,1
3548,1
3549,1
3550,1
3551,1
3552,1
3553,1
3554,1
3555,1
3556,1
3557,1
3558,1
3559,1
3560,0.967742
3561,0.935484
3562,1
3563,1
3564,0.903226
3565,0.806452
3566,1
3567,0.967742
3568,0.967742
3569,0.451613
3570,0.612903
3571,0.483871
3572,0.451613
3573,0.83871
3574,1
3575,0.548387
3576,0.258065
3577,0.354839
3578,0.870968
3579,0.548387
3580,0.612903
3581,0.580645
3582,0.483871
3583,0.322581
3584,0.548387
3585,0.483871
3586,0.483871
3587,0.483871
3588,0.483871
3589,0.451613
3590,0.419355
3591,0.548387
3592,0.774194
3593,0.677419
3594,0.516129
3595,0.935484
3596,1
3597,1
3598,1
3599,0.935484
3600,0.806452
3601,0.967742
3602,1
3603,1
3604,1
3605,1
3606,1
3607,1
3608,1
3609,1
3610,1
3611,0.806452
3612,0.645161
3613,0.741935
3614,0.645161
3615,0.516129
3616,0.806452
3617,0.645161
3618,0.612903
3619,0.419355
3620,0.580645
3621,0.709677
3622,0.709677
3623,0.935484
3624,1
3625,1
3626,0.645161
3627,0.483871
3628,0.935484
3629,0.935484
3630,1
3631,1
3632,1
3633,1
3634,0.516129
3635,0.967742
3636,0.483871
3637,0.967742
3638,1
3639,0.645161
3640,0.967742
3641,1
3642,0.645161
3643,0.870968
3644,0.709677
3645,0.612903
3646,0.677419
3647,1
3648,0.677419
3649,0.612903
3650,0.483871
3651,0.967742
3652,0.451613
3653,0.290323
3654,0.451613
3655,0.806452
3656,0.516129
3657,0.806452
3658,0.451613
3659,0.806452
3660,0.419355
3661,0.645161
3662,0.580645
3663,0.354839
3664,0.322581
3665,0.322581
3666,0.354839
3667,0.322581
3668,0.354839
3669,0.354839
3670,0.903226
3671,1
3672,0.612903
3673,0.774194
3674,0.806452
3675,0.677419
3676,0.774194
3677,0.709677
3678,1
3679,0.612903
3680,0.580645
3681,0.935484
3682,0.967742
3683,0.677419
3684,0.516129
3685,0.903226
3686,1
3687,0.870968
3688,0.548387
3689,0.935484
3690,1
3691,0.483871
3692,0.645161
3693,0.387097
3694,0.483871
3695,0.83871
3696,0.903226
3697,0.516129
3698,0.935484
3699,1
3700,1
3701,1
3702,0.967742
3703,1
3704,1
3705,1
3706,1
3707,1
3708,1
3709,1
3710,1
3711,0.290323
3712,0.322581
3713,0.83871
3714,1
3715,0.516129
3716,0.903226
3717,1
3718,1
3719,0.612903
3720,0.741935
3721,0.935484
3722,1
3723,1
3724,0.483871
3725,0.645161
3726,0.612903
3727,0.83871
3728,0.935484
3729,0.612903
3730,0.354839
3731,0.387097
3732,0.83871
3733,1
3734,0.903226
3735,0.419355
3736,0.451613
3737,0.870968
3738,1
3739,0.483871
3740,0.806452
3741,0.612903
3742,1
3743,0.967742
3744,0.83871
3745,1
3746,0.548387
3747,0.451613
3748,0.290323
3749,0.290323
3750,0.322581
3751,0.322581
3752,0.451613
3753,0.290323
3754,0.354839
3755,0.935484
3756,1
3757,0.935484
3758,0.967742
3759,0.935484
3760,1
3761,1
3762,0.935484
3763,0.967742
3764,1
3765,0.483871
3766,0.967742
3767,0.83871
3768,0.741935
3769,0.645161
3770,0.741935
3771,0.645161
3772,0.741935
3773,1
3774,1
3775,0.806452
3776,0.677419
3777,0.903226
3778,1
3779,1
3780,0.612903
3781,0.903226
3782,0.935484
3783,1
3784,1
3785,1
3786,0.645161
3787,0.741935
3788,0.741935
3789,0.741935
3790,0.741935
3791,0.741935
3792,0.967742
3793,1
3794,0.806452
3795,0.903226
3796,0.806452
3797,0.903226
3798,0.806452
3799,0.903226
3800,0.935484
3801,1
3802,1
3803,1
3804,1
3805,1
3806,1
3807,1
3808,1
3809,1
3810,1
3811,1
3812,1
3813,1
3814,0.806452
3815,1
3816,1
3817,1
3818,0.967742
3819,0.967742
3820,0.935484
3821,1
3822,1
3823,1
3824,1
3825,1
3826,0.967742
3827,1
3828,1
3829,1
3830,1
3831,1
3832,1
3833,1
3834,1
3835,1
3836,0.870968
3837,0.903226
3838,1
3839,1
3840,1
3841,1
3842,1
3843,1
3844,1
3845,1
3846,1
3847,1
3848,0.935484
3849,1
3850,0.870968
3851,1
3852,1
3853,1
3854,1
3855,0.709677
3856,0.83871
3857,0.677419
3858,1
3859,1
3860,0.612903
3861,0.83871
3862,0.483871
3863,0.83871
3864,1
3865,1
3866,1
3867,0.516129
3868,0.387097
3869,0.645161
3870,0.419355
3871,0.645161
3872,0.967742
3873,1
3874,0.677419
3875,0.870968
3876,0.967742
3877,0.741935
3878,0.290323
3879,0.354839
3880,0.193548
3881,0.354839
3882,0.354839
3883,0.354839
3884,0.870968
3885,0.870968
3886,0.387097
3887,0.322581
3888,0.354839
3889,0.83871
3890,0.83871
3891,0.83871
3892,0.612903
3893,0.806452
3894,0.419355
3895,0.387097
3896,0.741935
3897,1
3898,1
3899,1
3900,1
3901,0.806452
3902,1
3903,1
3904,0.967742
3905,0.967742
3906,0.451613
3907,1
3908,0.967742
3909,0.741935
3910,0.935484
3911,0.903226
3912,0.741935
3913,0.870968
3914,0.451613
3915,0.612903
3916,0.548387
3917,0.451613
3918,0.612903
3919,0.548387
3920,0.903226
3921,1
3922,1
3923,1
3924,0.935484
3925,1
3926,1
3927,0.935484
3928,0.935484
3929,0.935484
3930,0.935484
3931,0.774194
3932,0.967742
3933,1
3934,1
3935,1
3936,1
3937,0.967742
3938,0.903226
3939,0.935484
3940,0.903226
3941,0.935484
3942,0.516129
3943,0.483871
3944,0.612903
3945,0.516129
3946,0.483871
3947,0.903226
3948,0.935484
3949,0.903226
3950,1
3951,0.548387
3952,0.645161
3953,0.548387
3954,0.645161
3955,0.548387
3956,0.483871
3957,0.741935
3958,0.580645
3959,0.645161
3960,0.580645
3961,0.580645
3962,0.645161
3963,0.580645
3964,0.580645
3965,0.806452
3966,0.322581
3967,0.774194
3968,1
3969,1
3970,0.451613
3971,0.451613
3972,0.451613
3973,0.612903
3974,0.451613
3975,0.612903
3976,0.612903
3977,0.870968
3978,0.451613
3979,0.645161
3980,0.483871
3981,0.903226
3982,1
3983,0.967742
3984,0.935484
3985,0.483871
3986,0.483871
3987,0.935484
3988,1
3989,0.419355
3990,0.451613
3991,0.451613
3992,0.483871
3993,0.580645
3994,0.451613
3995,0.645161
3996,0.580645
3997,0.580645
3998,0.580645
3999,0.580645
4000,0.967742
4001,1
4002,1
4003,1
4004,1
4005,1
4006,1
4007,1
4008,1
4009,1
4010,1
4011,1
4012,1
4013,1
4014,1
4015,0.935484
4016,1
4017,1
4018,1
4019,1
4020,1
4021,1
4022,1
4023,1
4024,1
4025,1
4026,1
4027,1
4028,1
4029,0.967742
4030,1
4031,0.580645
4032,0.967742
4033,0.967742
4034,0.741935
4035,0.741935
4036,0.516129
4037,0.290323
4038,0.354839
4039,0.322581
4040,0.451613
4041,0.483871
4042,0.387097
4043,0.870968
4044,0.774194
4045,0.516129
4046,0.967742
4047,0.967742
4048,0.387097
4049,0.354839
4050,0.322581
4051,0.290323
4052,0.516129
4053,0.580645
4054,0.322581
4055,0.935484
4056,1
4057,1
4058,1
4059,0.870968
4060,1
4061,1
4062,1
4063,1
4064,1
4065,1
4066,1
4067,0.967742
4068,0.83871
4069,0.83871
4070,0.451613
4071,0.322581
4072,0.322581
4073,0.290323
4074,0.290323
4075,0.806452
4076,0.774194
4077,0.83871
4078,0.870968
4079,0.290323
4080,0.83871
4081,0.870968
4082,0.290323
4083,0.290323
4084,0.483871
4085,0.870968
4086,1
4087,0.580645
4088,0.354839
4089,0.419355
4090,0.419355
4091,0.322581
4092,0.322581
4093,0.322581
4094,0.322581
4095,0.83871
4096,1
4097,0.967742
4098,1
4099,0.870968
4100,0.354839
4101,0.354839
4102,0.354839
4103,0.387097
4104,0.387097
4105,0.419355
4106,0.451613
4107,0.419355
4108,0.903226
4109,0.774194
4110,0.903226
4111,0.774194
4112,0.83871
4113,1
4114,1
4115,1
4116,1
4117,1
4118,1
4119,0.967742
4120,1
4121,0.903226
4122,0.806452
4123,0.935484
4124,0.935484
4125,0.935484
4126,0.870968
4127,0.903226
4128,0.903226
4129,1
4130,0.548387
4131,0.870968
4132,0.967742
4133,0.870968
4134,0.870968
4135,1
4136,0.967742
4137,0.903226
4138,0.967742
4139,1
4140,1
4141,0.741935
4142,0.83871
4143,1
4144,0.419355
4145,0.451613
4146,0.354839
4147,0.387097
4148,0.387097
4149,0.387097
4150,0.290323
4151,1
4152,0.387097
4153,0.451613
4154,0.645161
4155,0.774194
4156,0.290323
4157,0.709677
4158,0.935484
4159,1
4160,1
4161,1
4162,1
4163,1
4164,1
4165,1
4166,0.83871
4167,0.322581
4168,0.322581
4169,0.322581
4170,0.322581
4171,0.935484
4172,1
4173,0.774194
4174,0.322581
4175,0.322581
4176,0.354839
4177,0.354839
4178,0.83871
4179,0.935484
4180,0.903226
4181,0.967742
4182,0.935484
4183,0.967742
4184,0.967742
4185,0.935484
4186,0.548387
4187,0.806452
4188,0.967742
4189,0.903226
4190,0.935484
4191,0.967742
4192,0.935484
4193,0.935484
4194,0.903226
4195,0.935484
4196,0.903226
4197,0.903226
4198,0.903226
4199,0.903226
4200,0.935484
4201,0.903226
4202,0.516129
4203,0.83871
4204,0.967742
4205,0.935484
4206,0.870968
4207,0.354839
4208,0.225806
4209,0.580645
4210,0.903226
4211,0.806452
4212,0.419355
4213,0.870968
4214,0.709677
4215,0.290323
4216,0.83871
4217,0.516129
4218,0.83871
4219,0.83871
4220,0.967742
4221,0.451613
4222,0.870968
4223,0.451613
4224,0.322581
4225,0.322581
4226,0.290323
4227,0.258065
4228,0.806452
4229,0.548387
4230,0.322581
4231,0.290323
4232,0.290323
4233,0.290323
4234,0.806452
4235,0.774194
4236,0.290323
4237,0.322581
4238,0.290323
4239,0.322581
4240,0.322581
4241,0.322581
4242,0.83871
4243,1
4244,0.870968
4245,0.870968
4246,1
4247,1
4248,1
4249,1
4250,1
4251,1
4252,0.967742
4253,0.967742
4254,0.967742
4255,1
4256,0.967742
4257,1
4258,1
4259,1
4260,0.967742
4261,0.967742
4262,1
4263,0.967742
4264,1
4265,0.967742
4266,0.645161
4267,0.290323
4268,0.806452
4269,0.774194
4270,0.322581
4271,0.322581
4272,0.322581
4273,0.83871
4274,1
4275,0.935484
4276,0.774194
4277,0.83871
4278,0.806452
4279,0.322581
4280,0.387097
4281,0.354839
4282,0.83871
4283,0.967742
4284,0.774194
4285,0.83871
4286,0.806452
4287,0.290323
4288,0.806452
4289,1
4290,0.645161
4291,0.322581
4292,0.322581
4293,0.322581
4294,0.354839
4295,0.129032
4296,0.354839
4297,0.290323
4298,0.387097
4299,0.903226
4300,0.419355
4301,0.322581
4302,0.354839
4303,0.354839
4304,0.483871
4305,0.419355
4306,0.387097
4307,0.419355
4308,0.419355
4309,0.516129
4310,0.387097
4311,0.322581
4312,0.387097
4313,0.322581
4314,0.322581
4315,0.290323
4316,0.322581
4317,0.354839
4318,0.290323
4319,0.290323
4320,0.258065
4321,0.967742
4322,1
4323,1
4324,1
4325,0.83871
4326,0.967742
4327,0.258065
4328,0.258065
4329,0.322581
4330,0.290323
4331,0.290323
4332,0.322581
4333,0.322581
4334,0.322581
4335,0.354839
4336,0.83871
4337,1
4338,1
4339,1
4340,1
4341,1
4342,1
4343,0.967742
4344,0.935484
4345,1
4346,0.935484
4347,1
4348,1
4349,1
4350,1
4351,0.935484
4352,0.774194
4353,0.967742
4354,0.354839
4355,0.774194
4356,0.967742
4357,0.290323
4358,0.290323
4359,0.354839
4360,0.774194
4361,0.967742
4362,0.774194
4363,0.967742
4364,0.83871
4365,1
4366,1
4367,1
4368,1
4369,1
4370,1
4371,1
4372,1
4373,1
4374,1
4375,1
4376,1
4377,1
4378,0.935484
4379,0.806452
4380,0.967742
4381,0.83871
4382,0.935484
4383,0.83871
4384,0.935484
4385,0.935484
4386,0.903226
4387,0.903226
4388,0.903226
4389,0.935484
4390,0.774194
4391,0.870968
4392,0.935484
4393,0.935484
4394,0.935484
4395,0.935484
4396,0.935484
4397,0.935484
4398,0.935484
4399,0.83871
4400,0.935484
4401,0.903226
4402,0.967742
4403,0.967742
4404,1
4405,0.967742
4406,0.870968
4407,0.419355
4408,0.387097
4409,0.387097
4410,0.903226
4411,0.967742
4412,0.870968
4413,0.903226
4414,1
4415,1
4416,1
4417,1
4418,1
4419,1
4420,1
4421,0.935484
4422,0.709677
4423,0.290323
4424,0.290323
4425,0.322581
4426,0.354839
4427,0.322581
4428,0.935484
4429,0.774194
4430,0.290323
4431,0.290323
4432,0.322581
4433,0.290323
4434,0.322581
4435,0.806452
4436,0.935484
4437,0.903226
4438,0.806452
4439,0.903226
4440,0.903226
4441,0.903226
4442,0.903226
4443,0.903226
4444,0.870968
4445,0.903226
4446,0.903226
4447,0.903226
4448,0.903226
4449,0.935484
4450,0.903226
4451,0.83871
4452,0.83871
4453,0.903226
4454,0.774194
4455,0.774194
4456,0.774194
4457,0.774194
4458,0.774194
4459,0.774194
4460,0.870968
4461,0.612903
4462,0.709677
4463,0.290323
4464,0.677419
4465,0.387097
4466,0.903226
4467,0.935484
4468,0.451613
4469,0.322581
4470,0.322581
4471,0.322581
4472,0.290323
4473,0.322581
4474,0.322581
4475,0.354839
4476,0.354839
4477,0.387097
4478,0.516129
4479,0.483871
4480,0.645161
4481,0.516129
4482,0.516129
4483,0.516129
4484,0.516129
4485,0.516129
4486,0.483871
4487,0.451613
4488,0.258065
4489,0.258065
4490,0.225806
4491,0.258065
4492,0.290323
4493,0.258065
4494,0.258065
4495,0.322581
4496,0.322581
4497,0.354839
4498,0.258065
4499,0.225806
4500,0.225806
4501,0.258065
4502,0.225806
4503,0.225806
4504,0.225806
4505,0.225806
4506,0.225806
4507,0.354839
4508,0.419355
4509,0.903226
4510,0.903226
4511,0.967742
4512,0.967742
4513,0.83871
4514,0.83871
4515,0.806452
4516,0.774194
4517,0.741935
4518,1
4519,0.967742
4520,0.83871
4521,0.290323
4522,0.322581
4523,0.258065
4524,0.935484
4525,0.967742
4526,0.935484
4527,0.225806
4528,0.258065
4529,0.258065
4530,0.258065
4531,0.709677
4532,0.935484
4533,0.741935
4534,0.967742
4535,0.935484
4536,0.806452
4537,0.354839
4538,0.806452
4539,0.806452
4540,0.354839
4541,0.322581
4542,0.806452
4543,0.354839
4544,0.322581
4545,0.806452
4546,0.806452
4547,0.806452
4548,0.806452
4549,0.774194
4550,0.83871
4551,0.774194
4552,0.870968
4553,0.83871
4554,0.903226
4555,0.83871
4556,0.903226
4557,0.83871
4558,0.903226
4559,0.83871
4560,0.903226
4561,0.193548
4562,0.903226
4563,0.645161
4564,0.774194
4565,0.322581
4566,0.322581
4567,0.354839
4568,0.290323
4569,0.258065
4570,0.258065
4571,0.741935
4572,0.741935
4573,0.612903
4574,0.806452
4575,0.741935
4576,1
4577,0.83871
4578,0.903226
4579,0.516129
4580,0.290323
4581,0.290323
4582,0.290323
4583,0.290323
4584,0.322581
4585,0.290323
4586,0.322581
4587,0.16129
4588,0.290323
4589,0.967742
4590,0.967742
4591,0.451613
4592,0.903226
4593,0.451613
4594,0.387097
4595,0.354839
4596,0.354839
4597,0.354839
4598,0.354839
4599,0.354839
4600,0.290323
4601,0.935484
4602,0.83871
4603,0.290323
4604,0.258065
4605,0.935484
4606,0.709677
4607,0.935484
4608,0.516129
4609,0.774194
4610,0.870968
4611,0.709677
4612,0.774194
4613,0.870968
4614,0.870968
4615,0.903226
4616,0.903226
4617,0.903226
4618,0.516129
4619,0.806452
4620,0.967742
4621,0.741935
4622,0.322581
4623,0.290323
4624,0.322581
4625,0.258065
4626,0.322581
4627,0.83871
4628,0.709677
4629,0.935484
4630,0.709677
4631,0.935484
4632,0.677419
4633,0.290323
4634,0.935484
4635,1
4636,0.645161
4637,0.774194
4638,0.225806
4639,0.129032
4640,0.354839
4641,0.354839
4642,0.322581
4643,0.483871
4644,0.806452
4645,0.451613
4646,0.451613
4647,0.870968
4648,0.645161
4649,0.290323
4650,0.645161
4651,0.903226
4652,0.806452
4653,0.419355
4654,0.419355
4655,0.419355
4656,0.774194
4657,0.645161
4658,0.741935
4659,0.419355
4660,0.935484
4661,0.806452
4662,0.806452
4663,0.935484
4664,0.645161
4665,0.806452
4666,0.870968
4667,0.935484
4668,0.903226
4669,0.903226
4670,0.903226
4671,0.83871
4672,0.967742
4673,0.83871
4674,0.83871
4675,0.806452
4676,0.870968
4677,0.967742
4678,0.870968
4679,1
4680,0.580645
4681,0.387097
4682,0.387097
4683,0.387097
4684,0.451613
4685,0.483871
4686,0.354839
4687,0.419355
4688,0.419355
4689,0.451613
4690,0.451613
4691,0.419355
4692,0.387097
4693,0.806452
4694,0.870968
4695,0.870968
4696,0.903226
4697,0.903226
4698,0.645161
4699,0.83871
4700,0.645161
4701,0.419355
4702,0.83871
4703,0.774194
4704,0.935484
4705,0.967742
4706,0.774194
4707,0.580645
4708,0.935484
4709,0.83871
4710,0.870968
4711,0.967742
4712,0.870968
4713,0.870968
4714,0.967742
4715,0.967742
4716,0.709677
4717,0.709677
4718,0.935484
4719,0.774194
4720,0.83871
4721,0.935484
4722,0.677419
4723,0.741935
4724,0.870968
4725,0.258065
4726,0.193548
4727,0.387097
4728,0.806452
4729,0.903226
4730,0.935484
4731,0.516129
4732,0.483871
4733,0.387097
4734,0.774194
4735,0.548387
4736,0.580645
4737,0.516129
4738,0.387097
4739,0.677419
4740,0.451613
4741,0.419355
4742,0.419355
4743,0.483871
4744,0.548387
4745,0.516129
4746,0.580645
4747,0.580645
4748,0.548387
4749,0.451613
4750,0.83871
4751,0.516129
4752,0.419355
4753,0.483871
4754,0.451613
4755,0.451613
4756,0.16129
4757,0.451613
4758,0.451613
4759,0.806452
4760,0.83871
4761,0.806452
4762,0.83871
4763,0.419355
4764,0.741935
4765,0.935484
4766,0.677419
4767,0.354839
4768,0.354839
4769,0.354839
4770,0.354839
4771,0.354839
4772,0.387097
4773,0.354839
4774,0.806452
4775,0.83871
4776,0.903226
4777,0.580645
4778,0.451613
4779,0.806452
4780,0.806452
4781,0.870968
4782,0.870968
4783,0.870968
4784,0.774194
4785,0.935484
4786,0.612903
4787,0.354839
4788,0.387097
4789,0.774194
4790,0.870968
4791,0.258065
4792,0.741935
4793,1
4794,0.870968
4795,0.774194
4796,0.741935
4797,0.548387
4798,0.387097
4799,0.419355
4800,0.451613
4801,0.774194
4802,0.967742
4803,0.741935
4804,0.516129
4805,0.806452
4806,0.741935
4807,0.387097
4808,0.774194
4809,0.903226
4810,0.935484
4811,0.741935
4812,0.806452
4813,0.741935
4814,0.516129
4815,0.483871
4816,0.806452
4817,0.741935
4818,0.483871
4819,0.806452
4820,0.967742
4821,0.612903
4822,0.451613
4823,0.83871
4824,1
4825,0.677419
4826,0.806452
4827,0.548387
4828,0.967742
4829,0.774194
4830,0.548387
4831,0.806452
4832,0.870968
4833,0.935484
4834,0.903226
4835,0.870968
4836,0.806452
4837,0.935484
4838,0.870968
4839,0.483871
4840,0.806452
4841,1
4842,0.870968
4843,0.548387
4844,0.580645
4845,0.870968
4846,1
4847,0.741935
4848,0.322581
4849,0.451613
4850,0.870968
4851,1
4852,0.645161
4853,0.903226
4854,0.741935
4855,0.548387
4856,0.645161
4857,0.709677
4858,0.16129
4859,0.709677
4860,0.612903
4861,0.774194
4862,0.516129
4863,0.774194
4864,0.612903
4865,0.580645
4866,0.225806
4867,0.548387
4868,0.516129
4869,0.548387
4870,0.645161
4871,0.903226
4872,1
4873,0.935484
4874,1
4875,0.774194
4876,0.548387
4877,0.548387
4878,0.483871
4879,0.419355
4880,0.451613
4881,0.451613
4882,0.419355
4883,0.193548
4884,0.806452
4885,0.548387
4886,0.451613
4887,0.774194
4888,0.903226
4889,0.548387
4890,0.419355
4891,0.387097
4892,0.451613
4893,0.387097
4894,0.451613
4895,0.774194
4896,0.580645
4897,0.83871
4898,0.612903
4899,0.806452
4900,0.967742
4901,0.806452
4902,1
4903,0.870968
4904,0.83871
4905,0.870968
4906,0.83871
4907,0.741935
4908,0.806452
4909,0.774194
4910,0.741935
4911,0.741935
4912,0.774194
4913,0.774194
4914,0.774194
4915,0.774194
4916,0.774194
4917,0.774194
4918,0.806452
4919,0.83871
4920,0.83871
4921,0.806452
4922,0.83871
4923,0.83871
4924,0.806452
4925,0.548387
4926,0.451613
4927,0.806452
4928,0.83871
4929,0.806452
4930,0.83871
4931,0.806452
4932,0.548387
4933,0.709677
4934,0.419355
4935,0.16129
4936,0.0645161
4937,0.483871
4938,0.774194
4939,0.580645
4940,0.419355
4941,0.806452
4942,0.806452
4943,0.419355
4944,0.387097
4945,0.451613
4946,0.354839
4947,0.419355
4948,0.806452
4949,0.870968
4950,0.83871
4951,0.548387
4952,0.516129
4953,0.483871
4954,0.483871
4955,0.258065
4956,0.870968
4957,0.451613
4958,0.387097
4959,0.451613
4960,0.290323
4961,0.83871
4962,0.774194
4963,0.967742
4964,0.83871
4965,0.677419
4966,0.548387
4967,0.741935
4968,1
4969,0.483871
4970,0.548387
4971,0.774194
4972,1
4973,0.935484
4974,0.935484
4975,0.870968
4976,0.870968
4977,0.709677
4978,0.774194
4979,0.967742
4980,0.548387
4981,0.483871
4982,0.419355
4983,0.419355
4984,0.419355
4985,0.387097
4986,0.709677
4987,0.83871
4988,0.709677
4989,0.806452
4990,0.935484
4991,0.806452
4992,0.774194
4993,0.548387
4994,0.516129
4995,0.806452
4996,0.612903
4997,0.741935
4998,0.806452
4999,0.709677
5000,0.419355
5001,0.387097
5002,0.419355
5003,0.709677
5004,0.806452
5005,0.709677
5006,0.516129
5007,0.870968
5008,0.741935
5009,0.548387
5010,0.419355
5011,0.677419
5012,0.483871
5013,0.419355
5014,0.451613
5015,0.870968
5016,0.935484
5017,0.870968
5018,0.903226
5019,0.483871
5020,0.483871
5021,0.516129
5022,0.548387
5023,0.903226
5024,0.677419
5025,0.870968
5026,0.903226
5027,0.645161
5028,0.870968
5029,0.903226
5030,0.935484
5031,0.677419
5032,0.451613
5033,0.419355
5034,0.419355
5035,0.83871
5036,0.612903
5037,0.419355
5038,0.870968
5039,0.612903
5040,0.870968
5041,0.903226
5042,0.612903
5043,0.741935
5044,0.806452
5045,0.83871
5046,0.870968
5047,0.774194
5048,0.483871
5049,0.83871
5050,0.774194
5051,0.580645
5052,0.580645
5053,0.83871
5054,0.967742
5055,0.709677
5056,0.83871
5057,0.709677
5058,0.483871
5059,0.83871
5060,0.774194
5061,0.387097
5062,0.419355
5063,0.387097
5064,0.419355
5065,0.645161
5066,0.645161
5067,0.548387
5068,0.290323
5069,0.806452
5070,0.677419
5071,0.483871
5072,0.483871
5073,0.516129
5074,0.548387
5075,0.548387
5076,0.548387
5077,0.806452
5078,0.935484
5079,0.806452
5080,0.483871
5081,0.83871
5082,0.903226
5083,0.806452
5084,0.580645
5085,0.548387
5086,0.83871
5087,0.870968
5088,0.935484
5089,0.612903
5090,0.870968
5091,0.806452
5092,0.516129
5093,0.548387
5094,0.548387
5095,0.451613
5096,0.451613
5097,0.903226
5098,0.935484
5099,0.935484
5100,1
5101,0.935484
5102,1
5103,0.967742
5104,0.903226
5105,0.612903
5106,0.612903
5107,0.612903
5108,0.870968
5109,0.580645
5110,0.419355
5111,0.419355
5112,0.387097
5113,0.83871
5114,0.903226
5115,0.645161
5116,0.870968
5117,0.935484
5118,0.870968
5119,0.451613
5120,0.83871
5121,0.903226
5122,0.967742
5123,0.935484
5124,0.741935
5125,0.83871
5126,0.903226
5127,0.612903
5128,0.83871
5129,0.870968
5130,0.83871
5131,0.83871
5132,0.516129
5133,0.83871
5134,0.580645
5135,0.483871
5136,0.83871
5137,0.612903
5138,0.83871
5139,0.580645
5140,0.451613
5141,0.83871
5142,0.870968
5143,0.387097
5144,0.451613
5145,0.580645
5146,0.580645
5147,0.83871
5148,0.83871
5149,0.83871
5150,0.741935
5151,0.612903
5152,0.387097
5153,0.806452
5154,0.83871
5155,0.903226
5156,0.612903
5157,0.83871
5158,0.677419
5159,0.451613
5160,0.83871
5161,0.290323
5162,0.83871
5163,0.870968
5164,0.677419
5165,0.451613
5166,0.83871
5167,0.935484
5168,0.387097
5169,0.419355
5170,0.483871
5171,0.483871
5172,0.483871
5173,0.483871
5174,0.451613
5175,0.483871
5176,0.451613
5177,0.548387
5178,0.290323
5179,0.483871
5180,0.516129
5181,0.516129
5182,0.451613
5183,0.548387
5184,0.806452
5185,0.645161
5186,0.483871
5187,0.451613
5188,0.903226
5189,0.870968
5190,0.903226
5191,0.741935
5192,0.548387
5193,0.483871
5194,0.870968
5195,0.935484
5196,0.516129
5197,0.83871
5198,0.83871
5199,0.580645
5200,0.451613
5201,0.451613
5202,0.870968
5203,0.387097
5204,0.83871
5205,0.677419
5206,0.387097
5207,0.387097
5208,0.387097
5209,0.419355
5210,0.483871
5211,0.870968
5212,0.967742
5213,0.870968
5214,0.483871
5215,0.483871
5216,0.645161
5217,0.806452
5218,0.806452
5219,0.741935
5220,0.83871
5221,0.83871
5222,0.677419
5223,0.83871
5224,0.612903
5225,0.83871
5226,0.612903
5227,0.83871
5228,0.83871
5229,0.83871
5230,0.83871
5231,0.870968
5232,0.83871
5233,0.870968
5234,0.806452
5235,0.870968
5236,0.580645
5237,0.387097
5238,0.387097
5239,0.83871
5240,0.903226
5241,0.774194
5242,0.548387
5243,0.419355
5244,0.83871
5245,0.903226
5246,0.870968
5247,0.83871
5248,0.709677
5249,0.677419
5250,0.451613
5251,0.451613
5252,0.387097
5253,0.741935
5254,0.774194
5255,0.935484
5256,0.83871
5257,0.774194
5258,0.645161
5259,0.387097
5260,0.387097
5261,0.83871
5262,0.935484
5263,0.709677
5264,0.83871
5265,0.903226
5266,0.129032
5267,0.903226
5268,1
5269,0.741935
5270,0.354839
5271,0.354839
5272,0.354839
5273,0.354839
5274,0.83871
5275,0.419355
5276,0.419355
5277,0.387097
5278,0.419355
5279,0.870968
5280,0.419355
5281,0.387097
5282,0.83871
5283,0.870968
5284,0.83871
5285,0.935484
5286,0.806452
5287,0.580645
5288,0.774194
5289,0.580645
5290,0.774194
5291,0.806452
5292,0.806452
5293,0.83871
5294,0.83871
5295,0.870968
5296,0.419355
5297,0.83871
5298,0.806452
5299,0.806452
5300,0.903226
5301,0.83871
5302,0.387097
5303,0.354839
5304,0.387097
5305,0.419355
5306,0.419355
5307,0.451613
5308,0.419355
5309,0.419355
5310,0.193548
5311,0.806452
5312,0.580645
5313,0.419355
5314,0.419355
5315,0.387097
5316,0.387097
5317,0.419355
5318,0.387097
5319,0.83871
5320,0.774194
5321,0.451613
5322,0.806452
5323,0.83871
5324,0.677419
5325,0.806452
5326,0.806452
5327,0.806452
5328,0.935484
5329,0.935484
5330,0.935484
5331,0.806452
5332,0.354839
5333,0.387097
5334,0.451613
5335,0.451613
5336,0.870968
5337,0.967742
5338,0.967742
5339,0.774194
5340,0.741935
5341,0.709677
5342,0.516129
5343,0.483871
5344,0.483871
5345,0.774194
5346,0.709677
5347,0.419355
5348,0.709677
5349,0.741935
5350,0.677419
5351,0.677419
5352,0.580645
5353,0.451613
5354,0.83871
5355,0.903226
5356,0.741935
5357,0.741935
5358,0.741935
5359,0.935484
5360,0.709677
5361,0.354839
5362,0.709677
5363,0.580645
5364,0.451613
5365,0.806452
5366,0.806452
5367,0.451613
5368,0.419355
5369,0.451613
5370,0.806452
5371,0.516129
5372,0.903226
5373,0.645161
5374,0.483871
5375,0.806452
5376,0.935484
5377,0.903226
5378,0.870968
5379,0.677419
5380,0.419355
5381,0.419355
5382,0.419355
5383,0.387097
5384,0.451613
5385,0.451613
5386,0.419355
5387,0.387097
5388,0.419355
5389,0.451613
5390,0.451613
5391,0.483871
5392,0.451613
5393,0.483871
5394,0.483871
5395,0.483871
5396,0.870968
5397,0.83871
5398,0.935484
5399,0.967742
5400,0.903226
5401,0.967742
5402,0.967742
5403,0.967742
5404,0.967742
5405,0.967742
5406,0.935484
5407,0.806452
5408,1
5409,0.935484
5410,0.419355
5411,0.451613
5412,0.451613
5413,0.419355
5414,0.419355
5415,0.483871
5416,0.483871
5417,0.870968
5418,0.83871
5419,0.451613
5420,0.483871
5421,0.516129
5422,0.580645
5423,0.580645
5424,0.612903
5425,0.451613
5426,0.580645
5427,0.612903
5428,0.903226
5429,0.83871
5430,0.387097
5431,0.935484
5432,0.709677
5433,0.870968
5434,0.935484
5435,0.483871
5436,0.548387
5437,0.870968
5438,0.967742
5439,0.967742
5440,0.967742
5441,0.903226
5442,0.354839
5443,0.419355
5444,0.548387
5445,0.516129
5446,0.451613
5447,0.516129
5448,0.387097
5449,0.354839
5450,0.290323
5451,0.741935
5452,0.516129
5453,0.451613
5454,0.419355
5455,0.451613
5456,0.483871
5457,0.741935
5458,0.870968
5459,0.774194
5460,0.83871
5461,0.870968
5462,0.774194
5463,0.741935
5464,0.774194
5465,0.741935
5466,0.935484
5467,0.419355
5468,0.741935
5469,1
5470,0.903226
5471,0.903226
5472,0.870968
5473,0.903226
5474,0.903226
5475,0.935484
5476,0.935484
5477,1
5478,0.741935
5479,0.903226
5480,0.935484
5481,1
5482,0.612903
5483,0.483871
5484,0.870968
5485,1
5486,0.451613
5487,0.516129
5488,0.806452
5489,0.967742
5490,0.903226
5491,0.935484
5492,0.935484
5493,0.935484
5494,0.935484
5495,0.935484
5496,0.83871
5497,0.935484
5498,0.806452
5499,0.709677
5500,0.774194
5501,0.903226
5502,0.935484
5503,0.903226
5504,0.774194
5505,0.580645
5506,0.451613
5507,0.580645
5508,0.83871
5509,0.709677
5510,0.709677
5511,0.709677
5512,0.580645
5513,0.870968
5514,0.935484
5515,0.677419
5516,0.83871
5517,0.677419
5518,0.419355
5519,0.419355
5520,0.419355
5521,0.83871
5522,0.677419
5523,0.451613
5524,0.483871
5525,0.419355
5526,0.870968
5527,0.83871
5528,0.741935
5529,0.903226
5530,0.935484
5531,0.741935
5532,0.806452
5533,0.870968
5534,0.451613
5535,0.870968
5536,0.612903
5537,0.354839
5538,0.193548
5539,0.419355
5540,0.419355
5541,0.516129
5542,0.548387
5543,0.451613
5544,0.419355
5545,0.516129
5546,0.548387
5547,0.612903
5548,0.387097
5549,0.935484
5550,0.870968
5551,0.483871
5552,0.870968
5553,0.451613
5554,0.451613
5555,0.419355
5556,0.548387
5557,0.387097
5558,0.483871
5559,0.580645
5560,0.483871
5561,0.870968
5562,1
5563,0.967742
5564,0.83871
5565,0.935484
5566,0.870968
5567,0.870968
5568,0.935484
5569,0.935484
5570,0.870968
5571,0.83871
5572,0.83871
5573,0.967742
5574,0.709677
5575,0.741935
5576,0.387097
5577,0.322581
5578,0.612903
5579,0.548387
5580,0.354839
5581,0.290323
5582,0.290323
5583,0.225806
5584,0.0967742
5585,0.774194
5586,0.83871
5587,0.806452
5588,0.903226
5589,0.806452
5590,0.903226
5591,0.354839
5592,0.806452
5593,0.903226
5594,0.451613
5595,0.548387
5596,0.806452
5597,0.967742
5598,0.806452
5599,0.451613
5600,0.806452
5601,0.903226
5602,0.83871
5603,0.903226
5604,0.354839
5605,0.322581
5606,0.354839
5607,0.225806
5608,0.870968
5609,0.935484
5610,0.483871
5611,0.387097
5612,0.451613
5613,0.354839
5614,0.419355
5615,0.548387
5616,0.580645
5617,0.580645
5618,0.548387
5619,0.83871
5620,0.612903
5621,0.580645
5622,0.451613
5623,0.419355
5624,0.419355
5625,0.548387
5626,0.516129
5627,0.354839
5628,0.419355
5629,0.451613
5630,0.451613
5631,0.322581
5632,0.322581
5633,0.387097
5634,0.516129
5635,0.290323
5636,0.290323
5637,0.290323
5638,0.290323
5639,0.290323
5640,0.354839
5641,0.967742
5642,0.419355
5643,0.612903
5644,0.83871
5645,0.354839
5646,0.645161
5647,0.709677
5648,0.451613
5649,0.612903
5650,0.612903
5651,0.709677
5652,0.741935
5653,0.645161
5654,0.709677
5655,0.645161
5656,0.516129
5657,1
5658,0.483871
5659,0.483871
5660,0.483871
5661,0.548387
5662,0.483871
5663,0.516129
5664,0.580645
5665,0.516129
5666,0.548387
5667,0.612903
5668,0.516129
5669,0.548387
5670,0.548387
5671,0.612903
5672,0.580645
5673,0.548387
5674,0.612903
5675,0.645161
5676,0.612903
5677,0.612903
5678,0.677419
5679,0.612903
5680,0.677419
5681,0.677419
5682,0.806452
5683,0.548387
5684,0.677419
5685,0.677419
5686,0.451613
5687,0.516129
5688,0.548387
5689,0.709677
5690,0.580645
5691,0.83871
5692,0.612903
5693,0.548387
5694,0.83871
5695,0.774194
5696,0.677419
5697,0.612903
5698,0.612903
5699,0.612903
5700,0.645161
5701,0.612903
5702,0.645161
5703,0.612903
5704,0.645161
5705,0.580645
5706,0.580645
5707,0.677419
5708,0.645161
5709,0.612903
5710,0.709677
5711,0.709677
5712,0.645161
5713,0.580645
5714,0.580645
5715,0.677419
5716,0.645161
5717,0.645161
5718,0.612903
5719,0.612903
5720,0.580645
5721,0.580645
5722,0.612903
5723,0.580645
5724,0.612903
5725,0.580645
5726,0.612903
5727,0.580645
5728,0.580645
5729,0.580645
5730,0.612903
5731,0.580645
5732,0.580645
5733,0.580645
5734,0.580645
5735,0.741935
5736,0.612903
5737,0.580645
5738,0.580645
5739,0.580645
5740,0.580645
5741,0.580645
5742,0.612903
5743,0.580645
5744,0.612903
5745,0.645161
5746,0.645161
5747,0.645161
5748,0.645161
5749,0.612903
5750,0.677419
5751,0.645161
5752,0.612903
5753,0.645161
5754,0.967742
5755,0.709677
5756,0.709677
5757,0.645161
5758,0.774194
5759,0.709677
5760,0.806452
5761,0.709677
5762,0.806452
5763,0.709677
5764,0.806452
5765,0.741935
5766,0.741935
5767,0.580645
5768,0.645161
5769,0.580645
5770,0.709677
5771,0.580645
5772,0.709677
5773,0.612903
5774,0.741935
5775,0.645161
5776,0.548387
5777,0.580645
5778,0.548387
5779,0.580645
5780,0.548387
5781,0.612903
5782,0.612903
5783,0.612903
5784,0.612903
5785,0.612903
5786,0.612903
5787,0.612903
5788,0.612903
5789,0.612903
5790,0.612903
5791,0.677419
5792,0.645161
5793,0.677419
5794,0.645161
5795,0.677419
5796,0.645161
5797,0.677419
5798,0.645161
5799,0.612903
5800,0.612903
5801,0.548387
5802,0.645161
5803,0.677419
5804,0.612903
5805,0.677419
5806,0.612903
5807,0.677419
5808,0.612903
5809,0.677419
5810,0.612903
5811,0.677419
5812,0.612903
5813,0.677419
5814,0.612903
5815,0.677419
5816,0.612903
5817,0.677419
5818,0.612903
5819,0.677419
5820,0.612903
5821,0.677419
5822,0.612903
5823,0.677419
5824,0.612903
5825,0.677419
5826,0.612903
5827,0.677419
5828,0.612903
5829,0.677419
5830,0.612903
5831,0.677419
5832,0.612903
5833,0.677419
5834,0.612903
5835,0.677419
5836,0.612903
5837,0.677419
5838,0.612903
5839,0.677419
5840,0.612903
5841,0.677419
5842,0.612903
5843,0.677419
5844,0.612903
5845,0.677419
5846,0.612903
5847,0.677419
5848,0.612903
5849,0.677419
5850,0.612903
5851,0.677419
5852,0.612903
5853,0.677419
5854,0.612903
5855,0.677419
5856,0.612903
5857,0.677419
5858,0.612903
5859,0.677419
5860,0.677419
5861,0.612903
5862,0.580645
5863,0.612903
5864,0.645161
5865,0.741935
5866,0.645161
5867,0.741935
5868,0.645161
5869,0.741935
5870,0.612903
5871,0.580645
5872,0.806452
5873,0.580645
5874,0.806452
5875,0.580645
5876,0.806452
5877,0.612903
5878,0.645161
5879,0.741935
5880,0.645161
5881,0.741935
5882,0.645161
5883,0.612903
5884,0.741935
5885,0.612903
5886,0.580645
5887,0.677419
5888,0.580645
5889,0.677419
5890,0.580645
5891,0.677419
5892,0.580645
5893,0.677419
5894,0.580645
5895,0.677419
5896,0.580645
5897,0.677419
5898,0.580645
5899,0.709677
5900,0.709677
5901,0.645161
5902,0.709677
5903,0.612903
5904,0.580645
5905,0.709677
5906,0.709677
5907,0.645161
5908,0.709677
5909,0.645161
5910,0.709677
5911,0.645161
5912,0.709677
5913,0.645161
5914,0.709677
5915,0.645161
5916,0.709677
5917,0.645161
5918,0.709677
5919,0.645161
5920,0.709677
5921,0.645161
5922,0.580645
5923,0.709677
5924,0.709677
5925,0.645161
5926,0.709677
5927,0.645161
5928,0.709677
5929,0.645161
5930,0.709677
5931,0.645161
5932,0.709677
5933,0.645161
5934,0.709677
5935,0.645161
5936,0.709677
5937,0.645161
5938,0.709677
5939,0.645161
5940,0.677419
5941,0.645161
5942,0.677419
5943,0.645161
5944,0.677419
5945,0.645161
5946,0.645161
5947,0.709677
5948,0.677419
5949,0.645161
5950,0.677419
5951,0.645161
5952,0.677419
5953,0.645161
5954,0.677419
5955,0.645161
5956,0.677419
5957,0.645161
5958,0.741935
5959,0.645161
5960,0.677419
5961,0.645161
5962,0.677419
5963,0.645161
5964,0.677419
5965,0.645161
5966,0.677419
5967,0.645161
5968,0.645161
5969,0.645161
5970,0.677419
5971,0.645161
5972,0.677419
5973,0.645161
5974,0.645161
5975,0.645161
5976,0.677419
5977,0.645161
5978,0.645161
5979,0.645161
5980,0.612903
5981,0.612903
5982,0.612903
5983,0.612903
5984,0.612903
5985,0.612903
5986,0.612903
5987,0.612903
5988,0.612903
5989,0.612903
5990,0.612903
5991,0.612903
5992,0.612903
5993,0.612903
5994,0.580645
5995,0.612903
5996,0.612903
5997,0.612903
5998,0.612903
5999,0.612903
6000,0.612903
6001,0.612903
6002,0.612903
6003,0.612903
6004,0.580645
6005,0.612903
6006,0.612903
6007,0.612903
6008,0.612903
6009,0.612903
6010,0.612903
6011,0.612903
6012,0.612903
6013,0.612903
6014,0.612903
6015,0.612903
6016,0.612903
6017,0.612903
6018,0.612903
6019,0.612903
6020,0.612903
6021,0.612903
6022,0.612903
6023,0.612903
6024,0.645161
6025,0.645161
6026,0.645161
6027,0.645161
6028,0.677419
6029,0.645161
6030,0.677419
6031,0.645161
6032,0.677419
6033,0.645161
6034,0.645161
6035,0.645161
6036,0.612903
6037,0.645161
6038,0.645161
6039,0.645161
6040,0.677419
6041,0.645161
6042,0.677419
6043,0.645161
6044,0.677419
6045,0.741935
6046,0.709677
6047,0.741935
6048,0.677419
6049,0.741935
6050,0.677419
6051,0.741935
6052,0.612903
6053,0.741935
6054,0.612903
6055,0.645161
6056,0.612903
6057,0.645161
6058,0.612903
6059,0.645161
6060,0.612903
6061,0.645161
6062,0.612903
6063,0.645161
6064,0.580645
6065,0.677419
6066,0.612903
6067,0.677419
6068,0.612903
6069,0.677419
6070,0.612903
6071,0.645161
6072,0.580645
6073,0.612903
6074,0.612903
6075,0.612903
6076,0.580645
6077,0.612903
6078,0.580645
6079,0.612903
6080,0.580645
6081,0.612903
6082,0.580645
6083,0.612903
6084,0.580645
6085,0.612903
6086,0.612903
6087,0.612903
6088,0.612903
6089,0.645161
6090,0.612903
6091,0.645161
6092,0.612903
6093,0.645161
6094,0.612903
6095,0.677419
6096,0.612903
6097,0.677419
6098,0.612903
6099,0.677419
6100,0.612903
6101,0.677419
6102,0.612903
6103,0.677419
6104,0.612903
6105,0.645161
6106,0.612903
6107,0.645161
6108,0.612903
6109,0.645161
6110,0.580645
6111,0.645161
6112,0.612903
6113,0.645161
6114,0.612903
6115,0.645161
6116,0.612903
6117,0.645161
6118,0.612903
6119,0.645161
6120,0.612903
6121,0.741935
6122,0.677419
6123,0.741935
6124,0.677419
6125,0.741935
6126,0.677419
6127,0.741935
6128,0.677419
6129,0.741935
6130,0.677419
6131,0.741935
6132,0.677419
6133,0.741935
6134,0.677419
6135,0.741935
6136,0.677419
6137,0.741935
6138,0.677419
6139,0.741935
6140,0.677419
6141,0.741935
6142,0.677419
6143,0.741935
6144,0.677419
6145,0.741935
6146,0.677419
6147,0.741935
6148,0.677419
6149,0.741935
6150,0.677419
6151,0.741935
6152,0.677419
6153,0.741935
6154,0.677419
6155,0.741935
6156,0.677419
6157,0.741935
6158,0.677419
6159,0.741935
6160,0.677419
6161,0.741935
6162,0.677419
6163,0.741935
6164,0.677419
6165,0.741935
6166,0.677419
6167,0.741935
6168,0.677419
6169,0.741935
6170,0.677419
6171,0.741935
6172,0.677419
6173,0.741935
6174,0.677419
6175,0.741935
6176,0.677419
6177,0.741935
6178,0.677419
6179,0.741935
6180,0.645161
6181,0.741935
6182,0.645161
6183,0.741935
6184,0.645161
6185,0.741935
6186,0.645161
6187,0.741935
6188,0.645161
6189,0.741935
6190,0.645161
6191,0.741935
6192,0.677419
6193,0.677419
6194,0.677419
6195,0.677419
6196,0.677419
6197,0.677419
6198,0.677419
6199,0.677419
6200,0.677419
6201,0.677419
6202,0.677419
6203,0.645161
6204,0.709677
6205,0.677419
6206,0.677419
6207,0.677419
6208,0.677419
6209,0.677419
6210,0.677419
6211,0.677419
6212,0.709677
6213,0.709677
6214,0.741935
6215,0.677419
6216,0.741935
6217,0.677419
6218,0.709677
6219,0.677419
6220,0.741935
6221,0.677419
6222,0.741935
6223,0.677419
6224,0.741935
6225,0.677419
6226,0.709677
6227,0.709677
6228,0.645161
6229,0.677419
6230,0.709677
6231,0.645161
6232,0.645161
6233,0.645161
6234,0.645161
6235,0.645161
6236,0.645161
6237,0.645161
6238,0.645161
6239,0.645161
6240,0.612903
6241,0.612903
6242,0.612903
6243,0.612903
6244,0.580645
6245,0.709677
6246,0.612903
6247,0.612903
6248,0.612903
6249,0.612903
6250,0.612903
6251,0.612903
6252,0.612903
6253,0.612903
6254,0.612903
6255,0.612903
6256,0.612903
6257,0.612903
6258,0.612903
6259,0.612903
6260,0.612903
6261,0.612903
6262,0.612903
6263,0.612903
6264,0.612903
6265,0.612903
6266,0.612903
6267,0.612903
6268,0.612903
6269,0.612903
6270,0.612903
6271,0.612903
6272,0.612903
6273,0.612903
6274,0.612903
6275,0.612903
6276,0.612903
6277,0.612903
6278,0.612903
6279,0.612903
6280,0.645161
6281,0.612903
6282,0.645161
6283,0.612903
6284,0.645161
6285,0.645161
6286,0.645161
6287,0.645161
6288,0.645161
6289,0.645161
6290,0.645161
6291,0.645161
6292,0.612903
6293,0.129032
6294,0.580645
6295,1
6296,0.806452
6297,0.354839
6298,0.387097
6299,0.354839
6300,0.322581
6301,0.83871
6302,0.903226
6303,0.83871
6304,0.774194
6305,0.774194
6306,0.774194
6307,0.419355
6308,0.741935
6309,0.516129
6310,0.774194
6311,0.483871
6312,0.645161
6313,0.516129
6314,0.612903
6315,0.419355
6316,0.483871
6317,0.451613
6318,0.483871
6319,0.387097
6320,0.709677
6321,0.322581
6322,0.516129
6323,0.387097
6324,0.516129
6325,0.354839
6326,0.516129
6327,0.612903
6328,0.806452
6329,0.83871
6330,0.451613
6331,0.354839
6332,0.290323
6333,0.967742
6334,0.612903
6335,0.580645
6336,0.483871
6337,0.677419
6338,0.354839
6339,0.774194
6340,0.451613
6341,0.935484
6342,0.516129
6343,0.419355
6344,0.354839
6345,0.580645
6346,0.419355
6347,0.709677
6348,0.774194
6349,0.741935
6350,0.83871
6351,0.806452
6352,0.806452
6353,0.548387
6354,0.483871
6355,0.903226
6356,0.806452
6357,0.709677
6358,0.83871
6359,0.645161
6360,0.806452
6361,0.709677
6362,0.709677
6363,0.709677
6364,0.483871
6365,0.741935
6366,0.709677
6367,0.774194
6368,0.516129
6369,0.677419
6370,0.645161
6371,0.741935
6372,0.548387
6373,0.612903
6374,0.322581
6375,0.387097
6376,0.387097
6377,0.225806
6378,0.387097
6379,0.83871
6380,0.774194
6381,0.903226
6382,0.709677
6383,0.774194
6384,0.741935
6385,0.612903
6386,0.419355
6387,0.741935
6388,0.709677
6389,0.774194
6390,0.774194
6391,0.612903
6392,0.419355
6393,0.645161
6394,0.387097
6395,0.483871
6396,0.387097
6397,0.451613
6398,0.451613
6399,0.419355
6400,0.83871
6401,0.516129
6402,0.580645
6403,0.612903
6404,0.741935
6405,0.870968
6406,0.774194
6407,0.645161
6408,0.806452
6409,0.677419
6410,0.612903
6411,0.580645
6412,0.387097
6413,0.451613
6414,0.645161
6415,0.774194
6416,0.612903
6417,0.709677
6418,0.870968
6419,0.903226
6420,0.483871
6421,0.516129
6422,0.548387
6423,0.483871
6424,0.516129
6425,0.516129
6426,0.580645
6427,0.83871
6428,1
6429,1
6430,0.806452
6431,0.967742
6432,0.903226
6433,0.935484
6434,0.193548
6435,0.193548
6436,0.193548
6437,0.193548
6438,0.322581
6439,0.387097
6440,0.451613
6441,0.645161
6442,0.516129
6443,0.709677
6444,0.548387
6445,0.709677
6446,0.870968
6447,0.967742
6448,0.83871
6449,0.903226
6450,0.387097
6451,0.516129
6452,0.83871
6453,0.451613
6454,0.387097
6455,0.935484
6456,1
6457,0.83871
6458,0.419355
6459,0.419355
6460,0.612903
6461,0.548387
6462,0.709677
6463,0.967742
6464,1
6465,0.451613
6466,0.741935
6467,0.709677
6468,1
6469,0.516129
6470,0.741935
6471,0.709677
6472,1
6473,0.870968
6474,0.354839
6475,0.903226
6476,0.774194
6477,0.774194
6478,0.774194
6479,0.870968
6480,1
6481,0.451613
6482,0.806452
6483,0.83871
6484,1
6485,0.870968
6486,0.387097
6487,0.451613
6488,0.322581
6489,0.419355
6490,0.387097
6491,0.516129
6492,0.419355
6493,0.387097
6494,0.967742
6495,0.83871
6496,0.354839
6497,0.709677
6498,0.903226
6499,0.806452
6500,0.451613
6501,0.709677
6502,0.967742
6503,1
6504,0.967742
6505,1
6506,1
6507,0.483871
6508,0.709677
6509,0.806452
6510,0.548387
6511,0.451613
6512,0.451613
6513,0.548387
6514,0.483871
6515,0.548387
6516,0.516129
6517,0.516129
6518,0.451613
6519,0.83871
6520,0.677419
6521,0.83871
6522,0.806452
6523,0.903226
6524,0.806452
6525,0.774194
6526,0.806452
6527,0.612903
6528,0.483871
6529,0.451613
6530,0.451613
6531,0.258065
6532,0.419355
6533,0.83871
6534,0.967742
6535,0.935484
6536,0.548387
6537,0.903226
6538,0.967742
6539,0.967742
6540,0.967742
6541,0.967742
6542,0.83871
6543,0.516129
6544,0.870968
6545,0.935484
6546,0.741935
6547,0.483871
6548,0.774194
6549,0.935484
6550,0.774194
6551,0.483871
6552,0.903226
6553,0.870968
6554,0.806452
6555,0.870968
6556,0.354839
6557,0.612903
6558,0.419355
6559,0.419355
6560,0.387097
6561,0.419355
6562,0.322581
6563,0.580645
6564,0.806452
6565,0.935484
6566,0.483871
6567,0.870968
6568,0.83871
6569,0.935484
6570,0.935484
6571,0.451613
6572,0.870968
6573,0.645161
6574,0.645161
6575,1
6576,0.83871
6577,0.419355
6578,0.967742
6579,0.580645
6580,1
6581,0.83871
6582,0.387097
6583,0.548387
6584,0.419355
6585,0.806452
6586,0.354839
6587,0.83871
6588,0.451613
6589,0.419355
6590,0.83871
6591,0.870968
6592,0.870968
6593,0.870968
6594,0.870968
6595,0.806452
6596,0.774194
6597,0.806452
6598,0.806452
6599,0.83871
6600,0.451613
6601,0.903226
6602,0.387097
6603,0.677419
6604,0.451613
6605,0.677419
6606,0.677419
6607,0.580645
6608,0.548387
6609,0.612903
6610,0.483871
6611,0.645161
6612,0.451613
6613,0.612903
6614,0.580645
6615,0.580645
6616,0.612903
6617,0.612903
6618,0.741935
6619,0.774194
6620,0.580645
6621,0.451613
6622,0.580645
6623,0.516129
6624,0.419355
6625,0.387097
6626,0.548387
6627,0.354839
6628,0.387097
6629,0.516129
6630,0.483871
6631,0.516129
6632,0.516129
6633,0.354839
6634,0.387097
6635,0.516129
6636,0.354839
6637,0.322581
6638,0.483871
6639,0.419355
6640,0.322581
6641,0.677419
6642,0.935484
6643,0.387097
6644,0.548387
6645,0.903226
6646,0.548387
6647,0.387097
6648,0.580645
6649,1
6650,0.870968
6651,0.741935
6652,0.645161
6653,0.870968
6654,0.419355
6655,0.967742
6656,0.290323
6657,0.322581
6658,0.548387
6659,0.645161
6660,0.774194
6661,0.83871
6662,0.354839
6663,0.903226
6664,0.419355
6665,0.870968
6666,0.322581
6667,0.322581
6668,0.322581
6669,0.451613
6670,0.451613
6671,1
6672,0.483871
6673,0.967742
6674,0.225806
6675,0.322581
6676,0.354839
6677,0.645161
6678,0.83871
6679,0.451613
6680,0.774194
6681,0.645161
6682,0.806452
6683,0.580645
6684,0.354839
6685,0.645161
6686,0.548387
6687,0.741935
6688,0.483871
6689,0.967742
6690,0.677419
6691,0.806452
6692,1
6693,0.322581
6694,0.677419
6695,0.903226
6696,0.967742
6697,0.83871
6698,0.709677
6699,0.612903
6700,0.387097
6701,0.774194
6702,0.83871
6703,0.354839
6704,0.354839
6705,0.903226
6706,0.709677
6707,0.774194
6708,0.290323
6709,0.741935
6710,0.548387
6711,0.83871
6712,0.483871
6713,0.806452
6714,0.548387
6715,0.548387
6716,0.483871
6717,0.419355
6718,0.451613
6719,0.677419
6720,0.483871
6721,0.806452
6722,0.516129
6723,0.967742
6724,0.806452
6725,0.935484
6726,0.903226
6727,0.903226
6728,0.83871
6729,0.935484
6730,0.870968
6731,0.645161
6732,0.83871
6733,0.870968
6734,0.83871
6735,0.935484
6736,0.83871
6737,0.83871
6738,0.806452
6739,0.903226
6740,0.935484
6741,0.967742
6742,0.967742
6743,0.709677
6744,0.935484
6745,0.709677
6746,0.483871
6747,0.387097
6748,0.806452
6749,0.83871
6750,0.903226
6751,0.935484
6752,0.709677
6753,0.935484
6754,0.709677
6755,0.741935
6756,0.774194
6757,0.741935
6758,0.580645
6759,0.548387
6760,0.580645
6761,0.870968
6762,0.451613
6763,0.870968
6764,0.483871
6765,0.870968
6766,0.548387
6767,0.935484
6768,0.709677
6769,0.741935
6770,0.548387
6771,0.451613
6772,0.870968
6773,0.741935
6774,0.903226
6775,0.806452
6776,0.935484
6777,0.935484
6778,0.935484
6779,0.806452
6780,0.419355
6781,0.709677
6782,0.612903
6783,0.580645
6784,0.774194
6785,0.774194
6786,0.870968
6787,0.806452
6788,1
6789,0.741935
6790,0.870968
6791,0.83871
6792,0.83871
6793,0.806452
6794,0.935484
6795,0.354839
6796,0.806452
6797,0.774194
6798,0.387097
6799,0.806452
6800,0.870968
6801,0.935484
6802,0.677419
6803,0.83871
6804,0.83871
6805,0.83871
6806,0.774194
6807,0.419355
6808,0.516129
6809,0.516129
6810,0.548387
6811,0.451613
6812,0.451613
6813,0.483871
6814,0.870968
6815,0.870968
6816,0.83871
6817,0.83871
6818,0.967742
6819,0.645161
6820,0.83871
6821,0.709677
6822,0.290323
6823,0.774194
6824,0.741935
6825,0.806452
6826,0.83871
6827,0.83871
6828,1
6829,0.967742
6830,0.709677
6831,0.387097
6832,0.451613
6833,0.451613
6834,0.580645
6835,0.677419
6836,0.580645
6837,0.677419
6838,0.419355
6839,0.806452
6840,0.903226
6841,0.935484
6842,0.354839
6843,0.677419
6844,0.709677
6845,0.645161
6846,0.612903
6847,0.83871
6848,0.645161
6849,0.451613
6850,0.677419
6851,0.612903
6852,0.516129
6853,0.903226
6854,0.741935
6855,0.322581
6856,0.419355
6857,0.516129
6858,0.774194
6859,0.548387
6860,0.483871
6861,0.677419
6862,0.645161
6863,0.967742
6864,0.903226
6865,0.322581
6866,0.387097
6867,0.83871
6868,0.935484
6869,0.322581
6870,0.387097
6871,0.387097
6872,0.806452
6873,0.806452
6874,0.870968
6875,0.677419
6876,0.387097
6877,0.806452
6878,0.774194
6879,0.806452
6880,0.967742
6881,0.903226
6882,0.387097
6883,0.419355
6884,0.419355
6885,0.419355
6886,0.387097
6887,0.354839
6888,0.419355
6889,0.387097
6890,0.290323
6891,0.806452
6892,0.645161
6893,0.709677
6894,0.83871
6895,0.774194
6896,0.774194
6897,0.83871
6898,0.806452
6899,0.83871
6900,0.709677
6901,0.806452
6902,0.903226
6903,0.774194
6904,0.903226
6905,0.806452
6906,0.774194
6907,0.967742
6908,0.870968
6909,0.903226
6910,0.870968
6911,0.967742
6912,0.806452
6913,0.548387
6914,0.903226
6915,0.580645
6916,0.870968
6917,0.645161
6918,0.903226
6919,0.83871
6920,0.677419
6921,0.516129
6922,0.709677
6923,0.677419
6924,0.580645
6925,0.516129
6926,0.548387
6927,0.451613
6928,0.580645
6929,0.83871
6930,0.580645
6931,0.612903
6932,0.483871
6933,0.709677
6934,0.870968
6935,0.709677
6936,0.516129
6937,0.516129
6938,0.516129
6939,0.806452
6940,0.83871
6941,0.741935
6942,0.516129
6943,0.677419
6944,0.516129
6945,0.709677
6946,0.935484
6947,0.935484
6948,0.83871
6949,0.709677
6950,0.903226
6951,0.709677
6952,0.612903
6953,0.580645
6954,0.451613
6955,0.967742
6956,1
6957,1
6958,0.967742
6959,0.870968
6960,0.387097
6961,0.548387
6962,0.419355
6963,0.419355
6964,0.83871
6965,0.806452
6966,0.83871
6967,0.83871
6968,0.83871
6969,0.83871
6970,0.83871
6971,0.83871
6972,0.870968
6973,0.935484
6974,0.451613
6975,0.419355
6976,0.451613
6977,0.387097
6978,0.419355
6979,0.483871
6980,0.645161
6981,0.548387
6982,0.774194
6983,0.935484
6984,0.806452
6985,0.709677
6986,0.83871
6987,0.967742
6988,0.967742
6989,0.709677
6990,0.741935
6991,0.741935
6992,0.645161
6993,0.935484
6994,0.870968
6995,0.870968
6996,0.935484
6997,0.935484
6998,0.774194
6999,0.967742
7000,0.451613
7001,0.451613
7002,0.451613
7003,0.419355
7004,0.354839
7005,0.419355
7006,0.806452
7007,0.903226
7008,0.806452
7009,0.83871
7010,0.774194
7011,0.806452
7012,0.83871
7013,0.806452
7014,0.903226
7015,0.903226
7016,0.903226
7017,0.903226
7018,0.774194
7019,0.548387
7020,0.451613
7021,0.451613
7022,0.483871
7023,0.483871
7024,0.516129
7025,0.451613
7026,0.451613
7027,0.516129
7028,0.451613
7029,0.451613
7030,0.516129
7031,0.483871
7032,0.483871
7033,0.483871
7034,0.451613
7035,0.451613
7036,0.483871
7037,0.548387
7038,0.419355
7039,0.322581
7040,0.419355
7041,0.322581
7042,0.387097
7043,0.419355
7044,0.419355
7045,0.322581
7046,0.83871
7047,0.967742
7048,0.83871
7049,0.83871
7050,0.83871
7051,0.83871
7052,0.83871
7053,0.83871
7054,0.870968
7055,0.935484
7056,0.419355
7057,0.516129
7058,0.548387
7059,0.83871
7060,0.774194
7061,0.903226
7062,0.612903
7063,0.451613
7064,0.451613
7065,0.354839
7066,0.354839
7067,0.419355
7068,0.483871
7069,0.645161
7070,0.709677
7071,0.354839
7072,0.612903
7073,1
7074,0.290323
7075,0.580645
7076,0.225806
7077,0.129032
7078,0.709677
7079,0.806452
7080,0.903226
7081,0.967742
7082,0.967742
7083,0.806452
7084,0.774194
7085,0.774194
7086,0.870968
7087,0.903226
7088,0.806452
7089,0.483871
7090,0.483871
7091,0.483871
7092,0.419355
7093,0.451613
7094,0.290323
7095,0.451613
7096,0.548387
7097,0.419355
7098,0.387097
7099,0.419355
7100,0.387097
7101,0.419355
7102,0.387097
7103,0.419355
7104,0.580645
7105,0.387097
7106,0.419355
7107,0.258065
7108,0.354839
7109,0.0967742
7110,0.387097
7111,0.419355
7112,0.419355
7113,0.451613
7114,0.451613
7115,0.451613
7116,0.387097
7117,0.322581
7118,0.419355
7119,0.387097
7120,0.483871
7121,0.16129
7122,0.419355
7123,0.677419
7124,0.451613
7125,0.741935
7126,0.870968
7127,0.83871
7128,0.870968
7129,0.83871
7130,0.870968
7131,0.870968
7132,0.870968
7133,0.83871
7134,0.548387
7135,0.419355
7136,0.451613
7137,0.419355
7138,0.83871
7139,0.903226
7140,0.548387
7141,0.516129
7142,0.903226
7143,0.774194
7144,0.677419
7145,0.806452
7146,0.870968
7147,0.870968
7148,0.806452
7149,0.83871
7150,0.83871
7151,0.516129
7152,0.451613
7153,0.483871
7154,0.83871
7155,0.645161
7156,0.483871
7157,0.451613
7158,0.580645
7159,0.483871
7160,0.483871
7161,0.903226
7162,0.741935
7163,0.387097
7164,0.419355
7165,0.387097
7166,0.387097
7167,0.419355
7168,0.387097
7169,0.387097
7170,0.387097
7171,0.387097
7172,0.419355
7173,0.483871
7174,0.451613
7175,0.387097
7176,0.419355
7177,0.387097
7178,0.387097
7179,0.83871
7180,0.967742
7181,0.516129
7182,0.774194
7183,0.83871
7184,0.83871
7185,0.741935
7186,0.354839
7187,0.548387
7188,0.83871
7189,0.806452
7190,0.870968
7191,0.709677
7192,0.483871
7193,0.580645
7194,0.548387
7195,0.935484
7196,0.83871
7197,0.516129
7198,0.870968
7199,0.935484
7200,0.548387
7201,0.645161
7202,1
7203,0.612903
7204,0.580645
7205,0.870968
7206,0.580645
7207,0.548387
7208,0.612903
7209,0.580645
7210,0.903226
7211,0.645161
7212,0.967742
7213,0.967742
7214,0.870968
7215,0.612903
7216,0.870968
7217,0.645161
7218,0.548387
7219,0.516129
7220,0.548387
7221,0.935484
7222,0.935484
7223,0.516129
7224,0.419355
7225,0.419355
7226,0.83871
7227,0.774194
7228,0.322581
7229,0.774194
7230,0.870968
7231,0.774194
7232,0.806452
7233,0.806452
7234,0.806452
7235,0.806452
7236,0.806452
7237,0.903226
7238,0.516129
7239,0.451613
7240,0.516129
7241,0.483871
7242,0.516129
7243,0.516129
7244,0.83871
7245,0.709677
7246,0.935484
7247,0.580645
7248,0.451613
7249,0.451613
7250,0.419355
7251,0.419355
7252,0.419355
7253,0.451613
7254,0.451613
7255,0.419355
7256,0.903226
7257,0.903226
7258,0.935484
7259,0.645161
7260,0.354839
7261,0.419355
7262,0.387097
7263,0.354839
7264,0.354839
7265,0.387097
7266,0.419355
7267,0.354839
7268,0.419355
7269,0.387097
7270,0.451613
7271,0.483871
7272,0.451613
7273,0.612903
7274,0.83871
7275,0.741935
7276,0.967742
7277,0.806452
7278,0.806452
7279,0.903226
7280,0.83871
7281,0.870968
7282,0.870968
7283,0.806452
7284,0.870968
7285,0.483871
7286,0.612903
7287,0.451613
7288,0.677419
7289,0.193548
7290,0.741935
7291,0.83871
7292,0.83871
7293,0.83871
7294,0.806452
7295,0.870968
7296,0.709677
7297,0.548387
7298,0.870968
7299,0.741935
7300,0.548387
7301,0.548387
7302,0.548387
7303,0.548387
7304,0.548387
7305,0.548387
7306,0.580645
7307,0.580645
7308,0.516129
7309,0.548387
7310,0.516129
7311,0.870968
7312,0.548387
7313,0.419355
7314,0.419355
7315,0.419355
7316,0.419355
7317,0.774194
7318,0.806452
7319,0.83871
7320,0.83871
7321,0.451613
7322,0.387097
7323,0.354839
7324,0.483871
7325,0.516129
7326,0.516129
7327,0.516129
7328,0.548387
7329,0.903226
7330,0.548387
7331,0.516129
7332,0.516129
7333,0.516129
7334,0.483871
7335,0.903226
7336,0.709677
7337,0.516129
7338,0.483871
7339,0.483871
7340,0.580645
7341,0.483871
7342,0.483871
7343,0.516129
7344,0.516129
7345,0.483871
7346,0.516129
7347,0.806452
7348,0.935484
7349,0.645161
7350,0.516129
7351,0.483871
7352,0.83871
7353,0.83871
7354,0.516129
7355,0.419355
7356,0.451613
7357,0.419355
7358,0.387097
7359,0.322581
7360,0.387097
7361,0.419355
7362,0.451613
7363,0.451613
7364,0.483871
7365,0.451613
7366,0.451613
7367,0.83871
7368,0.387097
7369,0.354839
7370,0.354839
7371,0.387097
7372,0.451613
7373,0.580645
7374,0.645161
7375,0.580645
7376,0.548387
7377,0.225806
7378,0.741935
7379,0.83871
7380,0.903226
7381,0.935484
7382,0.83871
7383,0.83871
7384,0.83871
7385,0.870968
7386,0.741935
7387,0.870968
7388,0.741935
7389,0.548387
7390,0.548387
7391,0.548387
7392,0.548387
7393,0.548387
7394,0.677419
7395,0.483871
7396,0.870968
7397,0.516129
7398,0.387097
7399,0.774194
7400,0.83871
7401,0.83871
7402,0.806452
7403,0.83871
7404,0.806452
7405,0.83871
7406,0.419355
7407,0.774194
7408,0.483871
7409,0.451613
7410,0.516129
7411,0.516129
7412,0.83871
7413,0.83871
7414,0.870968
7415,0.741935
7416,0.870968
7417,0.741935
7418,0.516129
7419,0.548387
7420,0.516129
7421,0.516129
7422,0.516129
7423,0.516129
7424,0.516129
7425,0.548387
7426,0.903226
7427,0.903226
7428,0.903226
7429,0.709677
7430,0.483871
7431,0.870968
7432,0.870968
7433,0.935484
7434,0.870968
7435,0.806452
7436,0.483871
7437,0.419355
7438,0.419355
7439,0.419355
7440,0.419355
7441,0.483871
7442,0.451613
7443,0.419355
7444,0.451613
7445,0.419355
7446,0.322581
7447,0.806452
7448,0.903226
7449,0.83871
7450,0.903226
7451,0.806452
7452,0.709677
7453,0.451613
7454,0.677419
7455,0.483871
7456,0.677419
7457,0.516129
7458,0.677419
7459,0.548387
7460,0.451613
7461,0.516129
7462,0.516129
7463,0.548387
7464,0.806452
7465,0.354839
7466,0.709677
7467,0.225806
7468,0.870968
7469,0.935484
7470,0.903226
7471,0.967742
7472,0.935484
7473,0.935484
7474,0.870968
7475,0.967742
7476,0.548387
7477,0.548387
7478,0.548387
7479,0.548387
7480,0.83871
7481,0.870968
7482,0.548387
7483,0.548387
7484,0.516129
7485,0.451613
7486,0.387097
7487,0.83871
7488,0.709677
7489,0.419355
7490,0.774194
7491,0.870968
7492,0.83871
7493,0.83871
7494,0.483871
7495,0.483871
7496,0.774194
7497,0.870968
7498,0.870968
7499,0.419355
7500,0.516129
7501,0.903226
7502,0.741935
7503,0.516129
7504,0.548387
7505,0.483871
7506,0.516129
7507,0.580645
7508,0.483871
7509,0.483871
7510,0.483871
7511,0.483871
7512,0.483871
7513,0.483871
7514,0.483871
7515,0.483871
7516,0.483871
7517,0.516129
7518,0.516129
7519,0.516129
7520,0.548387
7521,0.483871
7522,0.483871
7523,0.870968
7524,0.709677
7525,0.516129
7526,0.548387
7527,0.548387
7528,0.419355
7529,0.419355
7530,0.387097
7531,0.419355
7532,0.451613
7533,0.419355
7534,0.419355
7535,0.193548
7536,0.419355
7537,0.354839
7538,0.645161
7539,0.354839
7540,0.354839
7541,0.354839
7542,0.322581
7543,0.387097
7544,0.451613
7545,0.387097
7546,0.451613
7547,0.419355
7548,0.419355
7549,0.419355
7550,0.419355
7551,0.387097
7552,0.677419
7553,0.580645
7554,0.709677
7555,0.258065
7556,0.806452
7557,0.322581
7558,0.83871
7559,0.903226
7560,0.741935
7561,0.548387
7562,0.516129
7563,0.870968
7564,0.580645
7565,0.870968
7566,0.612903
7567,0.451613
7568,0.451613
7569,0.419355
7570,0.419355
7571,0.774194
7572,0.870968
7573,0.83871
7574,0.870968
7575,0.870968
7576,0.870968
7577,0.645161
7578,0.483871
7579,0.483871
7580,0.483871
7581,0.709677
7582,0.387097
7583,0.387097
7584,0.516129
7585,0.451613
7586,0.451613
7587,0.967742
7588,0.225806
7589,0.483871
7590,0.774194
7591,0.451613
7592,0.483871
7593,0.516129
7594,0.548387
7595,0.516129
7596,0.548387
7597,0.483871
7598,0.483871
7599,0.451613
7600,0.580645
7601,0.870968
7602,0.709677
7603,0.516129
7604,0.548387
7605,0.548387
7606,0.548387
7607,0.419355
7608,0.548387
7609,0.548387
7610,0.419355
7611,0.451613
7612,0.483871
7613,0.419355
7614,0.419355
7615,0.419355
7616,0.387097
7617,0.83871
7618,0.774194
7619,0.870968
7620,0.870968
7621,0.870968
7622,0.774194
7623,0.774194
7624,0.83871
7625,0.741935
7626,0.580645
7627,0.903226
7628,0.580645
7629,0.774194
7630,0.483871
7631,0.451613
7632,0.451613
7633,0.612903
7634,0.774194
7635,0.741935
7636,0.935484
7637,0.870968
7638,0.709677
7639,0.774194
7640,0.483871
7641,0.677419
7642,0.645161
7643,0.774194
7644,0.612903
7645,0.225806
7646,0.612903
7647,0.548387
7648,0.580645
7649,0.580645
7650,0.580645
7651,0.516129
7652,0.903226
7653,0.419355
7654,0.580645
7655,0.612903
7656,0.903226
7657,0.612903
7658,0.645161
7659,0.451613
7660,0.516129
7661,0.870968
7662,0.741935
7663,0.870968
7664,0.806452
7665,0.870968
7666,0.967742
7667,0.83871
7668,0.774194
7669,0.709677
7670,0.483871
7671,0.645161
7672,0.580645
7673,0.548387
7674,0.483871
7675,0.612903
7676,0.967742
7677,0.709677
7678,0.741935
7679,0.741935
7680,0.709677
7681,0.645161
7682,0.774194
7683,0.548387
7684,0.806452
7685,0.83871
7686,0.870968
7687,0.806452
7688,0.806452
7689,0.677419
7690,0.548387
7691,0.677419
7692,0.580645
7693,0.645161
7694,0.548387
7695,0.645161
7696,0.709677
7697,0.870968
7698,0.806452
7699,0.774194
7700,0.741935
7701,0.548387
7702,0.870968
7703,0.870968
7704,0.483871
7705,0.774194
7706,0.419355
7707,0.322581
7708,0.516129
7709,0.419355
7710,0.645161
7711,0.935484
7712,0.419355
7713,0.774194
7714,0.387097
7715,0.645161
7716,0.258065
7717,0.354839
7718,0.967742
7719,0.516129
7720,0.806452
7721,1
7722,0.774194
7723,0.612903
7724,0.741935
7725,0.709677
7726,0.806452
7727,0.483871
7728,0.774194
7729,0.645161
7730,0.741935
7731,0.870968
7732,0.741935
7733,0.548387
7734,0.677419
7735,0.870968
7736,0.83871
7737,0.774194
7738,0.83871
7739,0.516129
7740,0.903226
7741,0.516129
7742,0.774194
7743,0.645161
7744,0.774194
7745,0.741935
7746,0.870968
7747,0.677419
7748,0.774194
7749,0.516129
7750,0.709677
7751,0.806452
7752,0.774194
7753,0.935484
7754,0.709677
7755,0.774194
7756,0.935484
7757,0.806452
7758,0.967742
7759,0.612903
7760,0.709677
7761,0.774194
7762,0.774194
7763,0.709677
7764,0.774194
7765,0.645161
7766,0.516129
7767,0.516129
7768,0.612903
7769,0.774194
7770,0.774194
7771,0.387097
7772,0.387097
7773,0.580645
7774,0.677419
7775,0.806452
7776,0.83871
7777,0.677419
7778,0.451613
7779,0.83871
7780,0.612903
7781,0.451613
7782,0.967742
7783,0.612903
7784,0.967742
7785,0.548387
7786,0.419355
7787,0.354839
7788,0.935484
7789,0.419355
7790,0.290323
7791,0.83871
7792,0.83871
7793,0.870968
7794,0.903226
7795,0.903226
7796,0.903226
7797,0.903226
7798,0.903226
7799,0.548387
7800,0.419355
7801,0.870968
7802,0.645161
7803,0.451613
7804,0.451613
7805,0.645161
7806,0.419355
7807,0.354839
7808,0.741935
7809,0.709677
7810,0.870968
7811,0.677419
7812,0.870968
7813,0.483871
7814,0.903226
7815,0.806452
7816,0.83871
7817,0.612903
7818,0.83871
7819,0.677419
7820,0.806452
7821,0.387097
7822,0.645161
7823,0.612903
7824,0.870968
7825,0.709677
7826,0.645161
7827,0.645161
7828,0.677419
7829,0.580645
7830,0.580645
7831,0.580645
7832,0.483871
7833,0.580645
7834,0.83871
7835,0.548387
7836,0.741935
7837,0.580645
7838,0.741935
7839,0.709677
7840,0.709677
7841,0.709677
7842,0.741935
7843,0.83871
7844,0.83871
7845,0.806452
7846,0.83871
7847,0.83871
7848,0.709677
7849,0.903226
7850,0.806452
7851,0.741935
7852,0.83871
7853,0.774194
7854,0.741935
7855,0.870968
7856,0.774194
7857,0.709677
7858,0.903226
7859,0.935484
7860,0.548387
7861,0.806452
7862,0.677419
7863,0.548387
7864,0.870968
7865,0.548387
7866,0.870968
7867,0.903226
7868,0.612903
7869,0.967742
7870,0.419355
7871,0.612903
7872,0.612903
7873,0.612903
7874,0.193548
7875,0.419355
7876,0.225806
7877,0.451613
7878,0.225806
7879,0.83871
7880,0.483871
7881,0.83871
7882,0.903226
7883,0.903226
7884,0.903226
7885,0.548387
7886,0.870968
7887,0.387097
7888,0.451613
7889,0.645161
7890,0.612903
7891,0.612903
7892,0.612903
7893,0.451613
7894,0.419355
7895,0.967742
7896,0.322581
7897,0.677419
7898,0.548387
7899,0.741935
7900,0.419355
7901,0.806452
7902,0.419355
7903,0.709677
7904,0.483871
7905,0.774194
7906,0.548387
7907,0.741935
7908,0.419355
7909,0.870968
7910,0.870968
7911,0.709677
7912,0.774194
7913,0.741935
7914,0.387097
7915,0.709677
7916,0.612903
7917,0.903226
7918,0.612903
7919,0.806452
7920,0.516129
7921,0.516129
7922,0.548387
7923,0.870968
7924,0.387097
7925,0.903226
7926,0.645161
7927,0.612903
7928,0.580645
7929,0.612903
7930,0.741935
7931,0.387097
7932,0.387097
7933,0.451613
7934,0.903226
7935,0.516129
7936,0.354839
7937,0.806452
7938,0.903226
7939,0.548387
7940,0.548387
7941,0.548387
7942,0.967742
7943,0.741935
7944,0.483871
7945,0.806452
7946,0.548387
7947,0.419355
7948,0.645161
7949,0.645161
7950,0.83871
7951,0.419355
7952,0.548387
7953,0.419355
7954,0.354839
7955,0.774194
7956,0.516129
7957,0.967742
7958,0.451613
7959,0.580645
7960,0.451613
7961,0.580645
7962,0.741935
7963,0.870968
7964,0.870968
7965,0.774194
7966,0.83871
7967,0.870968
7968,0.806452
7969,0.774194
7970,0.774194
7971,0.548387
7972,0.83871
7973,0.0967742
7974,0.483871
7975,0.774194
7976,0.903226
7977,0.677419
7978,1
7979,0.580645
7980,0.935484
7981,0.677419
7982,0.709677
7983,0.677419
7984,0.83871
7985,0.387097
7986,0.419355
7987,0.451613
7988,0.354839
7989,0.580645
7990,0.774194
7991,0.516129
7992,0.83871
7993,0.612903
7994,0.870968
7995,0.774194
7996,0.903226
7997,0.967742
7998,0.870968
7999,0.903226
8000,0.806452
8001,0.870968
8002,0.645161
8003,0.709677
8004,0.645161
8005,0.741935
8006,0.451613
8007,0.677419
8008,0.516129
8009,0.935484
8010,0.419355
8011,0.709677
8012,0.645161
8013,0.451613
8014,0.548387
8015,0.612903
8016,0.548387
8017,0.83871
8018,0.580645
8019,0.870968
8020,0.645161
8021,0.935484
8022,0.580645
8023,0.870968
8024,0.645161
8025,0.903226
8026,0.419355
8027,0.709677
8028,0.419355
8029,0.709677
8030,0.612903
8031,0.419355
8032,0.806452
8033,0.483871
8034,0.387097
8035,0.741935
8036,0.870968
8037,0.967742
8038,0.806452
8039,0.677419
8040,0.580645
8041,0.548387
8042,0.677419
8043,0.548387
8044,0.677419
8045,0.903226
8046,0.612903
8047,0.516129
8048,0.741935
8049,0.935484
8050,0.83871
8051,0.483871
8052,0.83871
8053,0.870968
8054,0.774194
8055,0.645161
8056,0.967742
8057,0.645161
8058,1
8059,0.548387
8060,0.612903
8061,0.870968
8062,0.419355
8063,0.709677
8064,0.483871
8065,0.645161
8066,0.806452
8067,0.774194
8068,0.580645
8069,0.741935
8070,0.806452
8071,0.548387
8072,0.741935
8073,0.774194
8074,0.870968
8075,0.870968
8076,0.774194
8077,0.677419
8078,0.483871
8079,0.451613
8080,0.451613
8081,0.451613
8082,0.548387
8083,0.548387
8084,0.645161
8085,0.419355
8086,0.83871
8087,0.419355
8088,0.516129
8089,0.387097
8090,0.645161
8091,0.612903
8092,0.645161
8093,0.741935
8094,0.612903
8095,0.548387
8096,0.612903
8097,0.322581
8098,0.774194
8099,0.806452
8100,0.451613
8101,0.967742
8102,0.903226
8103,0.612903
8104,0.83871
8105,0.806452
8106,0.741935
8107,0.612903
8108,0.741935
8109,0.903226
8110,0.612903
8111,1
8112,0.870968
8113,0.967742
8114,0.870968
8115,0.935484
8116,0.83871
8117,0.935484
8118,0.806452
8119,0.870968
8120,0.483871
8121,0.580645
8122,0.935484
8123,0.516129
8124,0.83871
8125,0.612903
8126,0.870968
8127,0.645161
8128,0.709677
8129,0.741935
8130,0.677419
8131,0.677419
8132,1
8133,0.322581
8134,0.806452
8135,0.870968
8136,0.806452
8137,0.451613
8138,0.806452
8139,0.903226
8140,0.580645
8141,0.774194
8142,0.935484
8143,0.451613
8144,0.387097
8145,0.741935
8146,0.548387
8147,0.83871
8148,0.387097
8149,0.774194
8150,0.645161
8151,0.903226
8152,0.870968
8153,0.677419
8154,0.677419
8155,0.451613
8156,0.741935
8157,0.612903
8158,0.741935
8159,0.612903
8160,0.83871
8161,0.580645
8162,0.548387
8163,0.709677
8164,0.677419
8165,0.645161
8166,0.645161
8167,0.612903
8168,0.83871
8169,0.709677
8170,0.903226
8171,0.903226
8172,0.83871
8173,0.677419
8174,0.870968
8175,0.741935
8176,0.870968
8177,0.774194
8178,0.774194
8179,0.967742
8180,0.741935
8181,0.83871
8182,0.677419
8183,0.870968
8184,0.387097
8185,0.322581
8186,0.741935
8187,0.612903
8188,0.580645
8189,0.645161
8190,0.870968
8191,1
8192,0.903226
8193,0.967742
8194,0.548387
8195,0.548387
8196,0.483871
8197,0.645161
8198,0.83871
8199,0.741935
8200,0.935484
8201,0.709677
8202,0.967742
8203,0.870968
8204,0.967742
8205,0.83871
8206,0.967742
8207,0.83871
8208,0.967742
8209,0.870968
8210,0.935484
8211,0.83871
8212,0.967742
8213,0.83871
8214,0.935484
8215,0.870968
8216,0.935484
8217,0.806452
8218,0.677419
8219,0.709677
8220,0.677419
8221,0.580645
8222,0.870968
8223,0.870968
8224,0.645161
8225,0.903226
8226,0.806452
8227,0.645161
8228,0.83871
8229,0.387097
8230,0.387097
8231,0.83871
8232,0.709677
8233,0.774194
8234,0.709677
8235,0.741935
8236,0.83871
8237,0.935484
8238,0.774194
8239,0.935484
8240,0.870968
8241,0.935484
8242,0.83871
8243,0.870968
8244,0.83871
8245,0.903226
8246,0.903226
8247,0.935484
8248,0.774194
8249,0.83871
8250,0.967742
8251,0.903226
8252,0.870968
8253,1
8254,0.774194
8255,1
8256,0.483871
8257,0.774194
8258,1
8259,0.451613
8260,0.870968
8261,0.967742
8262,1
8263,0.967742
8264,0.935484
8265,0.967742
8266,0.870968
8267,0.967742
8268,0.806452
8269,1
8270,1
8271,0.806452
8272,1
8273,0.967742
8274,0.967742
8275,0.967742
8276,0.967742
8277,0.967742
8278,0.870968
8279,0.83871
8280,0.903226
8281,0.774194
8282,0.806452
8283,0.903226
8284,0.741935
8285,0.83871
8286,0.774194
8287,0.935484
8288,0.83871
8289,0.774194
8290,0.870968
8291,0.967742
8292,0.774194
8293,0.967742
8294,0.741935
8295,0.967742
8296,0.806452
8297,0.935484
8298,0.870968
8299,0.935484
8300,0.903226
8301,0.935484
8302,0.903226
8303,0.967742
8304,0.870968
8305,0.935484
8306,0.774194
8307,0.741935
8308,0.967742
8309,0.83871
8310,0.967742
8311,0.83871
8312,0.935484
8313,0.83871
8314,0.806452
8315,0.83871
8316,0.967742
8317,0.903226
8318,0.935484
8319,0.903226
8320,0.967742
8321,0.903226
8322,0.903226
8323,0.83871
8324,0.83871
8325,0.741935
8326,0.935484
8327,0.612903
8328,0.580645
8329,0.774194
8330,0.612903
8331,0.741935
8332,0.516129
8333,0.645161
8334,0.548387
8335,0.83871
8336,0.451613
8337,0.580645
8338,0.774194
8339,0.483871
8340,0.709677
8341,0.677419
8342,1
8343,0.774194
8344,0.967742
8345,0.83871
8346,0.903226
8347,0.935484
8348,0.903226
8349,0.967742
8350,0.451613
8351,0.83871
8352,0.83871
8353,0.935484
8354,0.806452
8355,0.967742
8356,0.774194
8357,0.935484
8358,0.483871
8359,0.870968
8360,0.935484
8361,0.483871
8362,0.516129
8363,0.806452
8364,0.580645
8365,0.709677
8366,0.451613
8367,0.83871
8368,0.483871
8369,0.483871
8370,0.516129
8371,0.870968
8372,0.709677
8373,0.709677
8374,0.83871
8375,0.483871
8376,0.806452
8377,0.580645
8378,0.677419
8379,0.806452
8380,0.935484
8381,0.935484
8382,0.935484
8383,0.83871
8384,0.806452
8385,0.870968
8386,0.83871
8387,0.612903
8388,0.870968
8389,0.903226
8390,0.774194
8391,0.903226
8392,0.709677
8393,0.741935
8394,0.935484
8395,0.419355
8396,0.741935
8397,0.677419
8398,0.516129
8399,0.645161
8400,0.451613
8401,0.870968
8402,0.903226
8403,0.870968
8404,0.83871
8405,0.774194
8406,0.935484
8407,0.741935
8408,0.967742
8409,0.967742
8410,0.870968
8411,0.967742
8412,0.870968
8413,0.967742
8414,0.806452
8415,0.935484
8416,0.870968
8417,0.870968
8418,0.709677
8419,0.967742
8420,0.967742
8421,0.83871
8422,0.83871
8423,0.806452
8424,0.83871
8425,0.870968
8426,0.967742
8427,0.774194
8428,0.83871
8429,0.741935
8430,0.935484
8431,0.645161
8432,0.83871
8433,0.677419
8434,0.83871
8435,0.709677
8436,0.806452
8437,0.870968
8438,0.935484
8439,0.903226
8440,0.903226
8441,0.870968
8442,0.741935
8443,0.580645
8444,0.806452
8445,0.580645
8446,0.83871
8447,0.83871
8448,0.774194
8449,0.774194
8450,0.903226
8451,0.83871
8452,0.967742
8453,0.83871
8454,0.83871
8455,0.935484
8456,0.870968
8457,0.967742
8458,0.83871
8459,0.935484
8460,1
8461,0.774194
8462,0.870968
8463,0.709677
8464,0.83871
8465,0.967742
8466,0.870968
8467,0.870968
8468,0.903226
8469,0.903226
8470,0.677419
8471,0.967742
8472,0.741935
8473,0.967742
8474,0.774194
8475,0.83871
8476,0.870968
8477,0.83871
8478,0.774194
8479,0.741935
8480,0.83871
8481,0.677419
8482,0.935484
8483,0.903226
8484,0.967742
8485,0.451613
8486,0.83871
8487,0.451613
8488,0.870968
8489,0.580645
8490,0.709677
8491,0.83871
8492,0.806452
8493,0.580645
8494,0.774194
8495,0.935484
8496,0.806452
8497,0.903226
8498,0.741935
8499,0.903226
8500,0.709677
8501,0.741935
8502,0.903226
8503,0.774194
8504,0.806452
8505,0.741935
8506,0.83871
8507,0.903226
8508,0.935484
8509,0.935484
8510,0.935484
8511,0.83871
8512,0.741935
8513,0.870968
8514,0.83871
8515,0.774194
8516,0.580645
8517,0.612903
8518,0.870968
8519,0.709677
8520,0.806452
8521,0.741935
8522,0.774194
8523,0.83871
8524,0.806452
8525,0.806452
8526,0.806452
8527,0.903226
8528,0.677419
8529,0.870968
8530,0.870968
8531,0.709677
8532,0.903226
8533,0.709677
8534,0.709677
8535,0.612903
8536,0.612903
8537,0.806452
8538,0.774194
8539,0.612903
8540,0.645161
8541,0.580645
8542,0.516129
8543,0.612903
8544,0.709677
8545,0.709677
8546,0.83871
8547,0.516129
8548,0.741935
8549,0.645161
8550,0.709677
8551,0.709677
8552,0.935484
8553,0.677419
8554,0.83871
8555,0.709677
8556,0.83871
8557,0.516129
8558,0.774194
8559,0.870968
8560,0.83871
8561,0.677419
8562,0.774194
8563,0.516129
8564,0.83871
8565,0.903226
8566,0.935484
8567,0.741935
8568,0.870968
8569,0.483871
8570,0.548387
8571,0.677419
8572,0.548387
8573,0.483871
8574,0.83871
8575,0.709677
8576,0.83871
8577,0.516129
8578,0.83871
8579,0.645161
8580,0.806452
8581,0.645161
8582,0.935484
8583,0.548387
8584,0.580645
8585,0.612903
8586,0.903226
8587,0.741935
8588,0.935484
8589,0.774194
8590,0.967742
8591,0.806452
8592,0.870968
8593,0.774194
8594,0.806452
8595,0.709677
8596,0.870968
8597,0.677419
8598,0.83871
8599,0.806452
8600,0.677419
8601,0.870968
8602,0.903226
8603,0.774194
8604,0.83871
8605,0.83871
8606,0.774194
8607,0.903226
8608,0.83871
8609,0.870968
8610,0.870968
8611,0.83871
8612,0.967742
8613,0.83871
8614,0.935484
8615,0.83871
8616,0.870968
8617,0.870968
8618,0.903226
8619,0.83871
8620,0.935484
8621,0.83871
8622,0.903226
8623,0.870968
8624,0.580645
8625,0.967742
8626,0.806452
8627,0.967742
8628,0.774194
8629,0.903226
8630,0.903226
8631,0.709677
8632,0.903226
8633,0.677419
8634,0.935484
8635,0.741935
8636,0.83871
8637,0.903226
8638,0.870968
8639,0.870968
8640,0.83871
8641,0.870968
8642,0.870968
8643,0.935484
8644,0.612903
8645,0.870968
8646,0.870968
8647,0.741935
8648,0.83871
8649,0.83871
8650,0.483871
8651,0.741935
8652,0.903226
8653,0.870968
8654,0.83871
8655,0.806452
8656,0.935484
8657,0.870968
8658,0.870968
8659,0.806452
8660,0.870968
8661,0.806452
8662,0.935484
8663,0.83871
8664,0.870968
8665,0.967742
8666,0.903226
8667,0.903226
8668,0.83871
8669,0.903226
8670,0.935484
8671,0.83871
8672,0.935484
8673,0.870968
8674,0.870968
8675,0.870968
8676,0.741935
8677,0.645161
8678,0.677419
8679,0.548387
8680,0.741935
8681,0.903226
8682,0.806452
8683,0.677419
8684,0.677419
8685,0.548387
8686,0.935484
8687,0.645161
8688,0.612903
8689,0.709677
8690,0.645161
8691,0.677419
8692,0.83871
8693,0.677419
8694,0.709677
8695,0.612903
8696,0.741935
8697,0.935484
8698,0.903226
8699,0.935484
8700,0.774194
8701,0.903226
8702,0.83871
8703,0.935484
8704,0.774194
8705,0.806452
8706,0.83871
8707,0.935484
8708,0.677419
8709,0.967742
8710,0.935484
8711,0.967742
8712,0.483871
8713,0.806452
8714,0.83871
8715,0.645161
8716,0.709677
8717,0.903226
8718,0.83871
8719,0.935484
8720,0.806452
8721,0.870968
8722,0.451613
8723,0.741935
8724,0.903226
8725,0.709677
8726,0.935484
8727,0.806452
8728,0.935484
8729,0.870968
8730,0.935484
8731,0.83871
8732,0.580645
8733,0.741935
8734,0.935484
8735,0.645161
8736,0.870968
8737,0.83871
8738,0.774194
8739,0.83871
8740,0.83871
8741,0.774194
8742,0.741935
8743,0.677419
8744,0.903226
8745,0.903226
8746,0.903226
8747,0.935484
8748,0.806452
8749,0.935484
8750,0.709677
8751,0.967742
8752,0.903226
8753,0.83871
8754,0.774194
8755,0.580645
8756,0.612903
8757,0.612903
8758,0.612903
8759,0.677419
8760,0.580645
8761,0.612903
8762,0.677419
8763,0.806452
8764,0.645161
8765,0.806452
8766,0.645161
8767,0.806452
8768,0.580645
8769,0.645161
8770,0.870968
8771,0.612903
8772,0.677419
8773,0.774194
8774,0.645161
8775,0.870968
8776,0.709677
8777,0.83871
8778,0.870968
8779,0.935484
8780,0.83871
8781,0.870968
8782,0.870968
8783,0.870968
8784,0.870968
8785,0.709677
8786,0.870968
8787,0.645161
8788,0.548387
8789,0.677419
8790,0.387097
8791,0.580645
8792,0.451613
8793,0.580645
8794,0.806452
8795,0.709677
8796,0.580645
8797,0.612903
8798,0.645161
8799,0.612903
8800,0.580645
8801,0.645161
8802,0.548387
8803,0.645161
8804,0.612903
8805,0.870968
8806,0.612903
8807,0.870968
8808,0.870968
8809,0.935484
8810,0.870968
8811,0.774194
8812,0.967742
8813,1
8814,0.935484
8815,0.774194
8816,1
8817,0.774194
8818,1
8819,0.774194
8820,0.903226
8821,0.83871
8822,0.870968
8823,0.580645
8824,0.516129
8825,0.548387
8826,0.580645
8827,0.612903
8828,0.709677
8829,0.548387
8830,0.516129
8831,0.580645
8832,0.677419
8833,0.548387
8834,0.709677
8835,0.548387
8836,0.83871
8837,0.741935
8838,0.83871
8839,0.806452
8840,0.774194
8841,0.935484
8842,0.741935
8843,0.870968
8844,0.774194
8845,0.806452
8846,0.903226
8847,0.903226
8848,0.935484
8849,0.903226
8850,0.903226
8851,0.709677
8852,0.903226
8853,0.741935
8854,0.903226
8855,0.741935
8856,0.774194
8857,0.870968
8858,0.903226
8859,0.83871
8860,0.935484
8861,0.741935
8862,0.903226
8863,0.83871
8864,0.903226
8865,0.83871
8866,0.806452
8867,0.83871
8868,0.806452
8869,0.870968
8870,0.806452
8871,0.870968
8872,0.806452
8873,0.83871
8874,0.903226
8875,0.903226
8876,0.903226
8877,0.903226
8878,0.741935
8879,0.870968
8880,0.806452
8881,0.903226
8882,0.677419
8883,0.774194
8884,0.935484
8885,0.774194
8886,0.870968
8887,0.870968
8888,0.709677
8889,0.774194
8890,0.677419
8891,0.741935
8892,0.709677
8893,0.741935
8894,0.741935
8895,0.580645
8896,0.451613
8897,0.806452
8898,0.612903
8899,0.516129
8900,0.580645
8901,0.548387
8902,0.516129
8903,0.580645
8904,0.548387
8905,0.645161
8906,0.612903
8907,0.709677
8908,0.645161
8909,0.806452
8910,0.645161
8911,0.935484
8912,0.580645
8913,0.774194
8914,0.903226
8915,0.580645
8916,0.645161
8917,0.903226
8918,0.580645
8919,0.806452
8920,0.83871
8921,0.580645
8922,0.903226
8923,0.935484
8924,0.870968
8925,0.483871
8926,0.516129
8927,0.741935
8928,0.806452
8929,0.645161
8930,0.806452
8931,0.903226
8932,0.870968
8933,0.806452
8934,0.806452
8935,0.516129
8936,0.774194
8937,0.645161
8938,0.903226
8939,0.870968
8940,0.870968
8941,0.741935
8942,0.870968
8943,0.741935
8944,0.806452
8945,0.774194
8946,0.903226
8947,0.806452
8948,0.903226
8949,0.83871
8950,0.903226
8951,0.677419
8952,0.903226
8953,0.548387
8954,0.645161
8955,0.870968
8956,0.903226
8957,0.903226
8958,0.935484
8959,0.903226
8960,0.774194
8961,0.935484
8962,0.709677
8963,0.774194
8964,0.645161
8965,0.903226
8966,0.709677
8967,0.967742
8968,0.741935
8969,0.967742
8970,0.612903
8971,0.741935
8972,0.451613
8973,0.645161
8974,0.774194
8975,0.870968
8976,0.645161
8977,0.709677
8978,0.870968
8979,0.870968
8980,0.645161
8981,0.709677
8982,0.806452
8983,0.806452
8984,0.83871
8985,0.612903
8986,0.741935
8987,0.903226
8988,0.935484
8989,0.741935
8990,0.967742
8991,0.741935
8992,0.967742
8993,0.806452
8994,0.903226
8995,0.709677
8996,0.83871
8997,0.677419
8998,0.774194
8999,0.774194
9000,0.516129
9001,0.709677
9002,0.548387
9003,0.612903
9004,0.612903
9005,0.741935
9006,0.903226
9007,0.774194
9008,0.935484
9009,0.516129
9010,0.83871
9011,0.709677
9012,0.870968
9013,0.516129
9014,0.612903
9015,0.548387
9016,0.548387
9017,0.548387
9018,0.935484
9019,0.774194
9020,0.677419
9021,0.612903
9022,0.645161
9023,0.967742
9024,0.870968
9025,0.774194
9026,0.548387
9027,0.935484
9028,0.774194
9029,0.83871
9030,0.741935
9031,0.741935
9032,0.83871
9033,0.612903
9034,0.709677
9035,0.580645
9036,0.903226
9037,0.741935
9038,0.935484
9039,0.903226
9040,0.870968
9041,0.612903
9042,0.741935
9043,0.645161
9044,0.645161
9045,0.580645
9046,0.741935
9047,0.516129
9048,0.806452
9049,0.612903
9050,0.774194
9051,0.903226
9052,0.83871
9053,0.806452
9054,0.806452
9055,0.967742
9056,0.935484
9057,0.774194
9058,0.741935
9059,0.935484
9060,0.903226
9061,0.903226
9062,0.903226
9063,0.870968
9064,0.935484
9065,0.870968
9066,0.967742
9067,0.806452
9068,0.903226
9069,0.870968
9070,0.903226
9071,0.741935
9072,0.935484
9073,0.935484
9074,0.935484
9075,0.935484
9076,0.806452
9077,0.83871
9078,0.806452
9079,0.806452
9080,0.967742
9081,0.709677
9082,0.774194
9083,0.870968
9084,0.83871
9085,0.870968
9086,0.83871
9087,0.870968
9088,0.677419
9089,0.516129
9090,0.709677
9091,0.741935
9092,0.548387
9093,0.516129
9094,0.870968
9095,0.774194
9096,0.903226
9097,0.870968
9098,0.83871
9099,0.741935
9100,0.806452
9101,0.709677
9102,0.806452
9103,0.709677
9104,0.903226
9105,0.516129
9106,0.645161
9107,0.451613
9108,0.516129
9109,0.516129
9110,0.806452
9111,0.483871
9112,0.612903
9113,0.709677
9114,0.903226
9115,0.645161
9116,0.709677
9117,0.580645
9118,0.677419
9119,0.580645
9120,0.677419
9121,0.548387
9122,0.870968
9123,0.645161
9124,0.870968
9125,0.83871
9126,0.870968
9127,0.903226
9128,0.709677
9129,0.903226
9130,0.709677
9131,0.83871
9132,0.903226
9133,0.774194
9134,0.935484
9135,0.774194
9136,0.967742
9137,0.903226
9138,0.580645
9139,0.419355
9140,0.645161
9141,0.548387
9142,0.709677
9143,0.612903
9144,0.483871
9145,0.548387
9146,0.516129
9147,0.870968
9148,0.935484
9149,0.774194
9150,0.870968
9151,0.774194
9152,0.903226
9153,0.774194
9154,0.935484
9155,0.870968
9156,0.806452
9157,0.741935
9158,0.967742
9159,0.83871
9160,0.870968
9161,0.903226
9162,0.806452
9163,0.903226
9164,0.870968
9165,0.741935
9166,0.903226
9167,0.870968
9168,0.774194
9169,0.967742
9170,0.774194
9171,0.967742
9172,0.774194
9173,0.935484
9174,0.645161
9175,0.870968
9176,0.677419
9177,0.935484
9178,0.709677
9179,0.903226
9180,0.677419
9181,0.83871
9182,0.677419
9183,0.612903
9184,0.548387
9185,0.645161
9186,0.548387
9187,0.645161
9188,0.548387
9189,0.645161
9190,0.516129
9191,0.709677
9192,0.612903
9193,0.645161
9194,0.709677
9195,0.709677
9196,0.83871
9197,0.645161
9198,0.83871
9199,0.677419
9200,0.935484
9201,0.612903
9202,0.935484
9203,0.741935
9204,0.83871
9205,0.741935
9206,0.83871
9207,0.548387
9208,0.903226
9209,0.709677
9210,0.548387
9211,0.709677
9212,0.580645
9213,0.741935
9214,0.774194
9215,0.806452
9216,0.967742
9217,0.483871
9218,0.774194
9219,0.451613
9220,0.451613
9221,0.709677
9222,0.870968
9223,0.451613
9224,0.709677
9225,0.709677
9226,0.870968
9227,0.483871
9228,0.709677
9229,0.645161
9230,0.483871
9231,0.516129
9232,0.548387
9233,0.580645
9234,0.677419
9235,0.741935
9236,0.612903
9237,0.741935
9238,0.612903
9239,0.516129
9240,0.677419
9241,0.451613
9242,0.483871
9243,0.580645
9244,0.548387
9245,0.645161
9246,0.935484
9247,0.83871
9248,0.83871
9249,0.774194
9250,0.903226
9251,0.903226
9252,0.870968
9253,0.870968
9254,0.83871
9255,0.967742
9256,0.774194
9257,0.935484
9258,0.83871
9259,0.774194
9260,0.870968
9261,0.870968
9262,0.935484
9263,0.83871
9264,0.870968
9265,0.870968
9266,0.83871
9267,0.935484
9268,0.935484
9269,0.709677
9270,0.870968
9271,0.935484
9272,0.83871
9273,0.935484
9274,0.870968
9275,0.870968
9276,0.903226
9277,0.870968
9278,0.967742
9279,0.741935
9280,0.935484
9281,0.709677
9282,0.903226
9283,0.741935
9284,0.967742
9285,0.741935
9286,0.967742
9287,0.741935
9288,0.967742
9289,0.806452
9290,0.935484
9291,0.741935
9292,0.967742
9293,0.741935
9294,0.967742
9295,0.870968
9296,0.83871
9297,0.483871
9298,0.806452
9299,0.83871
9300,0.677419
9301,0.419355
9302,0.612903
9303,0.516129
9304,0.741935
9305,0.709677
9306,0.645161
9307,0.903226
9308,0.709677
9309,0.806452
9310,0.774194
9311,0.419355
9312,0.419355
9313,0.451613
9314,0.483871
9315,0.451613
9316,0.483871
9317,0.645161
9318,0.483871
9319,0.774194
9320,0.645161
9321,0.612903
9322,0.612903
9323,0.548387
9324,0.580645
9325,0.548387
9326,0.580645
9327,0.612903
9328,0.516129
9329,0.483871
9330,0.451613
9331,0.580645
9332,0.451613
9333,0.709677
9334,0.645161
9335,0.677419
9336,0.483871
9337,0.451613
9338,0.322581
9339,0.354839
9340,0.483871
9341,0.548387
9342,0.516129
9343,0.741935
9344,0.580645
9345,0.580645
9346,0.548387
9347,0.709677
9348,0.483871
9349,0.322581
9350,0.677419
9351,0.709677
9352,0.741935
9353,0.903226
9354,0.935484
9355,0.806452
9356,0.903226
9357,0.677419
9358,0.935484
9359,0.677419
9360,0.967742
9361,0.83871
9362,0.83871
9363,0.83871
9364,0.903226
9365,0.806452
9366,0.806452
9367,0.806452
9368,0.870968
9369,0.741935
9370,0.806452
9371,0.83871
9372,0.83871
9373,0.806452
9374,0.83871
9375,0.741935
9376,0.83871
9377,0.806452
9378,0.83871
9379,0.709677
9380,0.870968
9381,0.870968
9382,0.806452
9383,0.903226
9384,0.774194
9385,0.967742
9386,0.709677
9387,0.709677
9388,0.741935
9389,0.774194
9390,0.709677
9391,0.83871
9392,0.419355
9393,0.516129
9394,0.677419
9395,0.774194
9396,0.677419
9397,0.903226
9398,0.548387
9399,0.645161
9400,0.548387
9401,0.516129
9402,0.483871
9403,0.548387
9404,0.612903
9405,0.645161
9406,0.580645
9407,0.741935
9408,0.612903
9409,0.548387
9410,0.903226
9411,0.774194
9412,0.645161
9413,0.548387
9414,0.612903
9415,0.483871
9416,0.580645
9417,0.516129
9418,0.548387
9419,0.483871
9420,0.548387
9421,0.516129
9422,0.580645
9423,0.483871
9424,0.548387
9425,0.483871
9426,0.516129
9427,0.548387
9428,0.516129
9429,0.516129
9430,0.580645
9431,0.516129
9432,0.580645
9433,0.419355
9434,0.580645
9435,0.419355
9436,0.548387
9437,0.516129
9438,0.548387
9439,0.645161
9440,0.709677
9441,0.645161
9442,0.580645
9443,0.612903
9444,0.483871
9445,0.612903
9446,0.483871
9447,0.709677
9448,0.548387
9449,0.516129
9450,0.806452
9451,0.580645
9452,0.483871
9453,0.645161
9454,0.645161
9455,0.548387
9456,0.387097
9457,0.677419
9458,0.516129
9459,0.677419
9460,0.645161
9461,0.580645
9462,0.548387
9463,0.83871
9464,0.322581
9465,0.516129
9466,0.580645
9467,0.548387
9468,0.548387
9469,0.870968
9470,0.612903
9471,0.903226
9472,0.774194
9473,0.903226
9474,0.935484
9475,0.83871
9476,0.806452
9477,0.903226
9478,0.83871
9479,0.83871
9480,0.774194
9481,0.806452
9482,0.870968
9483,0.806452
9484,0.903226
9485,0.387097
9486,0.741935
9487,0.774194
9488,0.870968
9489,0.645161
9490,0.612903
9491,0.516129
9492,0.580645
9493,0.548387
9494,0.548387
9495,0.580645
9496,0.548387
9497,0.548387
9498,0.483871
9499,0.548387
9500,0.612903
9501,0.451613
9502,0.516129
9503,0.451613
9504,0.806452
9505,0.483871
9506,0.483871
9507,0.451613
9508,0.516129
9509,0.419355
9510,0.612903
9511,0.451613
9512,0.483871
9513,0.741935
9514,0.387097
9515,0.516129
9516,0.612903
9517,0.806452
9518,0.483871
9519,0.83871
9520,0.483871
9521,0.451613
9522,0.516129
9523,0.419355
9524,0.516129
9525,0.709677
9526,0.516129
9527,0.774194
9528,0.451613
9529,0.516129
9530,0.580645
9531,0.806452
9532,0.516129
9533,0.645161
9534,0.483871
9535,0.483871
9536,0.451613
9537,0.516129
9538,0.451613
9539,0.83871
9540,0.451613
9541,0.774194
9542,0.483871
9543,0.548387
9544,0.548387
9545,0.645161
9546,0.548387
9547,0.483871
9548,0.645161
9549,0.516129
9550,0.483871
9551,0.451613
9552,0.419355
9553,0.741935
9554,0.645161
9555,0.612903
9556,0.645161
9557,0.612903
9558,0.387097
9559,0.677419
9560,0.741935
9561,0.225806
9562,0.387097
9563,0.580645
9564,0.451613
9565,0.516129
9566,0.419355
9567,0.516129
9568,0.419355
9569,0.741935
9570,0.677419
9571,0.483871
9572,0.483871
9573,0.516129
9574,0.451613
9575,0.516129
9576,0.419355
9577,0.870968
9578,0.741935
9579,0.967742
9580,0.903226
9581,0.903226
9582,0.903226
9583,0.774194
9584,0.903226
9585,0.870968
9586,0.83871
9587,0.709677
9588,0.870968
9589,0.677419
9590,0.677419
9591,0.612903
9592,0.806452
9593,0.580645
9594,0.612903
9595,0.645161
9596,0.516129
9597,0.645161
9598,0.516129
9599,0.548387
9600,0.516129
9601,0.548387
9602,0.419355
9603,0.548387
9604,0.612903
9605,0.612903
9606,0.354839
9607,0.419355
9608,0.516129
9609,0.516129
9610,0.451613
9611,0.354839
9612,0.612903
9613,0.516129
9614,0.548387
9615,0.645161
9616,0.612903
9617,0.451613
9618,0.419355
9619,0.451613
9620,0.580645
9621,0.580645
9622,0.580645
9623,0.419355
9624,0.451613
9625,0.774194
9626,0.677419
9627,0.741935
9628,0.483871
9629,0.677419
9630,0.516129
9631,0.677419
9632,0.483871
9633,0.774194
9634,0.548387
9635,0.741935
9636,0.451613
9637,0.709677
9638,0.516129
9639,0.516129
9640,0.612903
9641,0.83871
9642,0.548387
9643,0.516129
9644,0.451613
9645,0.548387
9646,0.451613
9647,0.548387
9648,0.451613
9649,0.548387
9650,0.451613
9651,0.548387
9652,0.483871
9653,0.935484
9654,0.677419
9655,0.774194
9656,0.709677
9657,0.387097
9658,0.548387
9659,0.709677
9660,0.580645
9661,0.419355
9662,0.677419
9663,0.387097
9664,0.903226
9665,0.806452
9666,0.870968
9667,0.870968
9668,0.903226
9669,0.870968
9670,0.806452
9671,0.83871
9672,0.774194
9673,0.806452
9674,0.741935
9675,0.741935
9676,0.741935
9677,0.83871
9678,0.645161
9679,0.612903
9680,0.806452
9681,0.612903
9682,0.741935
9683,0.677419
9684,0.677419
9685,0.709677
9686,0.645161
9687,0.709677
9688,0.677419
9689,0.709677
9690,0.677419
9691,0.516129
9692,0.677419
9693,0.774194
9694,0.709677
9695,0.548387
9696,0.516129
9697,0.483871
9698,0.516129
9699,0.451613
9700,0.548387
9701,0.516129
9702,0.612903
9703,0.580645
9704,0.483871
9705,0.612903
9706,0.483871
9707,0.677419
9708,0.483871
9709,0.741935
9710,0.451613
9711,0.548387
9712,0.83871
9713,0.83871
9714,0.419355
9715,0.483871
9716,0.612903
9717,0.451613
9718,0.677419
9719,0.451613
9720,0.709677
9721,0.580645
9722,0.709677
9723,0.580645
9724,0.709677
9725,0.580645
9726,0.709677
9727,0.580645
9728,0.741935
9729,0.548387
9730,0.741935
9731,0.483871
9732,0.709677
9733,0.483871
9734,0.354839
9735,0.516129
9736,0.709677
9737,0.548387
9738,0.741935
9739,0.451613
9740,0.387097
9741,0.258065
9742,0.419355
9743,0.451613
9744,0.387097
9745,0.419355
9746,0.741935
9747,0.548387
9748,0.806452
9749,0.774194
9750,0.741935
9751,0.645161
9752,0.709677
9753,0.774194
9754,0.774194
9755,0.774194
9756,0.870968
9757,0.774194
9758,0.548387
9759,0.806452
9760,0.709677
9761,0.935484
9762,0.774194
9763,0.806452
9764,0.806452
9765,0.677419
9766,0.741935
9767,0.806452
9768,0.741935
9769,0.709677
9770,0.774194
9771,0.967742
9772,0.903226
9773,0.806452
9774,0.903226
9775,0.83871
9776,0.83871
9777,0.677419
9778,0.580645
9779,0.645161
9780,0.774194
9781,0.741935
9782,0.645161
9783,0.741935
9784,0.645161
9785,0.709677
9786,0.677419
9787,0.677419
9788,0.677419
9789,0.580645
9790,0.580645
9791,0.806452
9792,0.741935
9793,0.774194
9794,0.741935
9795,0.677419
9796,0.387097
9797,0.870968
9798,0.258065
9799,0.709677
9800,0.83871
9801,0.774194
9802,0.774194
9803,0.677419
9804,0.870968
9805,0.870968
9806,0.83871
9807,0.935484
9808,0.870968
9809,0.903226
9810,0.903226
9811,0.935484
9812,0.83871
9813,0.935484
9814,0.903226
9815,0.870968
9816,0.806452
9817,0.903226
9818,0.806452
9819,0.903226
9820,0.935484
9821,0.967742
9822,0.806452
9823,0.967742
9824,0.870968
9825,0.903226
9826,0.806452
9827,0.870968
9828,0.774194
9829,0.903226
9830,0.774194
9831,0.870968
9832,0.83871
9833,0.774194
9834,0.83871
9835,0.774194
9836,0.967742
9837,0.903226
9838,0.774194
9839,0.677419
9840,0.709677
9841,0.806452
9842,0.774194
9843,0.903226
9844,0.774194
9845,0.741935
9846,0.806452
9847,0.83871
9848,0.83871
9849,0.806452
9850,0.83871
9851,0.83871
9852,0.83871
9853,0.83871
9854,0.83871
9855,0.774194
9856,0.870968
9857,0.774194
9858,0.903226
9859,0.903226
9860,0.903226
9861,0.806452
9862,0.967742
9863,0.741935
9864,0.580645
9865,0.741935
9866,0.612903
9867,0.612903
9868,0.580645
9869,0.677419
9870,0.645161
9871,0.741935
9872,0.548387
9873,0.741935
9874,0.774194
9875,0.774194
9876,0.806452
9877,0.806452
9878,0.806452
9879,0.645161
9880,0.516129
9881,0.580645
9882,0.516129
9883,0.580645
9884,0.645161
9885,0.870968
9886,0.612903
9887,0.870968
9888,0.580645
9889,0.709677
9890,0.645161
9891,0.677419
9892,0.870968
9893,0.516129
9894,0.870968
9895,0.774194
9896,0.774194
9897,0.806452
9898,0.483871
9899,0.290323
9900,0.354839
9901,0.387097
9902,0.580645
9903,0.870968
9904,0.612903
9905,0.451613
9906,0.387097
9907,0.709677
9908,0.967742
9909,0.774194
9910,0.967742
9911,0.741935
9912,0.258065
9913,0.645161
9914,0.967742
9915,0.741935
9916,0.290323
9917,0.322581
9918,0.612903
9919,0.870968
9920,0.354839
9921,0.612903
9922,0.580645
9923,0.483871
9924,0.709677
9925,0.677419
9926,0.903226
9927,0.677419
9928,0.903226
9929,0.741935
9930,0.806452
9931,0.741935
9932,0.83871
9933,0.612903
9934,0.870968
9935,0.774194
9936,0.903226
9937,0.83871
9938,0.83871
9939,0.935484
9940,0.83871
9941,0.935484
9942,0.870968
9943,0.935484
9944,0.83871
9945,0.870968
9946,0.903226
9947,0.903226
9948,0.774194
9949,0.967742
9950,0.935484
9951,0.903226
9952,0.741935
9953,0.967742
9954,0.870968
9955,0.870968
9956,0.774194
9957,0.903226
9958,0.774194
9959,0.903226
9960,0.645161
9961,0.903226
9962,0.903226
9963,0.645161
9964,0.903226
9965,0.806452
9966,0.935484
9967,0.709677
9968,0.967742
9969,0.741935
9970,0.935484
9971,0.741935
9972,0.741935
9973,0.483871
9974,0.580645
9975,0.645161
9976,0.580645
9977,0.516129
9978,0.677419
9979,0.612903
9980,0.612903
9981,0.548387
9982,0.612903
9983,0.580645
9984,0.806452
9985,0.516129
9986,0.741935
9987,0.419355
9988,0.83871
9989,0.387097
9990,0.612903
9991,0.548387
9992,0.580645
9993,0.612903
9994,0.677419
9995,0.516129
9996,0.580645
9997,0.387097
9998,0.548387
9999,0.451613
