index,score
0,1
1,1
2,1
3,1
4,1
5,1
6,1
7,1
8,1
9,1
10,1
11,1
12,1
13,1
14,1
15,1
16,1
17,1
18,1
19,1
20,1
21,1
22,0.903226
23,1
24,1
25,0.451613
26,0.354839
27,0.903226
28,0.903226
29,0.580645
30,1
31,0.258065
32,0.451613
33,0.516129
34,0.387097
35,0.903226
36,0.258065
37,0.129032
38,0.0645161
39,0
40,0.0322581
41,0.0322581
42,0.193548
43,0.548387
44,0.903226
45,0.903226
46,0.0967742
47,0.129032
48,0.129032
49,0.129032
50,0.0967742
51,0.258065
52,1
53,1
54,1
55,1
56,1
57,1
58,1
59,1
60,1
61,0.548387
62,0.451613
63,0.516129
64,0.83871
65,0.483871
66,0.0645161
67,0
68,0.0967742
69,0.258065
70,1
71,1
72,1
73,1
74,1
75,0.870968
76,1
77,1
78,1
79,1
80,0.83871
81,1
82,1
83,0.709677
84,0.967742
85,0.709677
86,0.774194
87,0.967742
88,0.935484
89,0.709677
90,1
91,1
92,0.483871
93,0.806452
94,0.16129
95,0.387097
96,0.580645
97,0.387097
98,0.483871
99,1
100,1
101,0.322581
102,1
103,1
104,1
105,0.806452
106,1
107,1
108,1
109,1
110,0.677419
111,1
112,0.741935
113,1
114,0.612903
115,1
116,0.774194
117,1
118,0.483871
119,1
120,1
121,0.645161
122,0.580645
123,0.516129
124,0.354839
125,0.322581
126,0.0967742
127,0.0967742
128,0.16129
129,1
130,1
131,0.354839
132,0
133,0.225806
134,0.290323
135,0.129032
136,0.0967742
137,0.0322581
138,0.0322581
139,0
140,0
141,0
142,0
143,0
144,0
145,0.0322581
146,0
147,0
148,0
149,0
150,0
151,0.0645161
152,0.0645161
153,0.0322581
154,0.0322581
155,0.0645161
156,0.0967742
157,0.0967742
158,0.0967742
159,0.16129
160,0.193548
161,0.774194
162,0.290323
163,1
164,1
165,0.580645
166,0.903226
167,1
168,1
169,1
170,1
171,1
172,0.83871
173,1
174,1
175,1
176,0.903226
177,1
178,1
179,1
180,0.322581
181,0.419355
182,1
183,1
184,1
185,1
186,1
187,1
188,1
189,1
190,1
191,0.709677
192,1
193,1
194,1
195,1
196,1
197,1
198,1
199,1
200,1
201,1
202,1
203,0.967742
204,1
205,0
206,0
207,0
208,0.0645161
209,0.0322581
210,0.0967742
211,0.0967742
212,0.0645161
213,0.0967742
214,0.0645161
215,0.548387
216,1
217,0.806452
218,0.870968
219,0.774194
220,0.0645161
221,0.129032
222,0
223,0
224,0
225,0
226,0
227,0
228,0
229,0.0645161
230,0.0645161
231,0
232,0
233,0
234,0.0645161
235,0
236,0.0322581
237,0.0645161
238,0.0967742
239,0.0322581
240,0
241,0.0645161
242,0
243,0.0645161
244,0.0645161
245,0.0322581
246,0.0645161
247,0.0967742
248,0.0967742
249,0.129032
250,0.225806
251,0.741935
252,0.774194
253,0.903226
254,1
255,1
256,1
257,1
258,1
259,1
260,1
261,0.935484
262,1
263,1
264,1
265,1
266,1
267,0.16129
268,0.290323
269,1
270,0.483871
271,0.903226
272,0.709677
273,0.935484
274,0.935484
275,0.774194
276,1
277,1
278,0.741935
279,1
280,1
281,0.935484
282,1
283,0.903226
284,0.83871
285,0.935484
286,0.83871
287,0.83871
288,0.741935
289,0.677419
290,0.806452
291,0.0645161
292,0.0645161
293,0.0322581
294,0.0322581
295,0.0645161
296,0
297,0
298,0
299,0
300,0
301,0.0322581
302,1
303,1
304,0.677419
305,0.0322581
306,0.129032
307,0.129032
308,0.0322581
309,0
310,0
311,0
312,0
313,0
314,0
315,0
316,0
317,0
318,0
319,0
320,0
321,0
322,0
323,0
324,0
325,0
326,0
327,0
328,0
329,0
330,0
331,0
332,0
333,0.0322581
334,0.0322581
335,0.129032
336,0.129032
337,0.290323
338,0.419355
339,0.419355
340,0.935484
341,1
342,0.483871
343,0.580645
344,1
345,0.967742
346,0.83871
347,0.903226
348,1
349,1
350,1
351,0.967742
352,1
353,0.645161
354,0.290323
355,0.967742
356,0.129032
357,0.129032
358,0.258065
359,0.677419
360,0.419355
361,0.129032
362,0.903226
363,1
364,0.225806
365,0.580645
366,0.967742
367,0.935484
368,0.806452
369,0.548387
370,0.548387
371,0.709677
372,0.741935
373,0.451613
374,0.580645
375,0.580645
376,0.580645
377,0.548387
378,0.16129
379,0.0322581
380,0
381,0
382,0
383,0
384,0
385,0
386,0
387,0
388,0.516129
389,0.83871
390,0.806452
391,1
392,0.0645161
393,0.0645161
394,0.0322581
395,0.0322581
396,0.0645161
397,0.0967742
398,0.0645161
399,0.0645161
400,0.0645161
401,0.0645161
402,0
403,0
404,0
405,0
406,0
407,0.0322581
408,0
409,0.0645161
410,0.0645161
411,0.0645161
412,0.0645161
413,0.0645161
414,0.0967742
415,0.0645161
416,0
417,0
418,0
419,0.0645161
420,0.0322581
421,0.0967742
422,0.16129
423,0.16129
424,0.16129
425,0.258065
426,0.387097
427,0.83871
428,1
429,0.741935
430,0.580645
431,0.870968
432,0.83871
433,0.774194
434,0.774194
435,0.580645
436,0.967742
437,0.935484
438,1
439,0.967742
440,0.612903
441,0.258065
442,0.16129
443,0.0645161
444,0.0967742
445,0.354839
446,0.645161
447,0.0967742
448,0.0967742
449,1
450,1
451,0.451613
452,0.967742
453,0.806452
454,0.516129
455,0.548387
456,0.483871
457,0.451613
458,0.483871
459,0.516129
460,0.322581
461,0.516129
462,0.516129
463,0.483871
464,0.16129
465,0
466,0
467,0
468,0
469,0
470,0.0645161
471,0
472,0
473,0
474,0
475,0
476,0.935484
477,1
478,0.193548
479,0
480,0.0322581
481,0.16129
482,0.129032
483,0.0645161
484,0
485,0
486,0
487,0
488,0
489,0
490,0
491,0
492,0
493,0
494,0
495,0
496,0
497,0
498,0
499,0
500,0
501,0
502,0
503,0
504,0
505,0.0322581
506,0.0967742
507,0.0645161
508,0.0967742
509,0.0967742
510,0.322581
511,0.322581
512,0.290323
513,0.806452
514,1
515,0.935484
516,0.387097
517,1
518,0.612903
519,0.516129
520,0.451613
521,0.419355
522,0.645161
523,0.741935
524,0.83871
525,0.870968
526,0.967742
527,0.290323
528,0.258065
529,0.0967742
530,0.0322581
531,0.129032
532,0.387097
533,0.548387
534,0.0645161
535,0.322581
536,1
537,0.903226
538,0.387097
539,0.516129
540,0.741935
541,0.354839
542,0.322581
543,0.387097
544,0.354839
545,0.290323
546,0.225806
547,0.483871
548,0.580645
549,0.548387
550,0.419355
551,0.0645161
552,0.0322581
553,0
554,0
555,0
556,0
557,0
558,0
559,0
560,0
561,0
562,0.483871
563,0.677419
564,0.774194
565,0.935484
566,0
567,0.0322581
568,0.0322581
569,0.0322581
570,0
571,0
572,0
573,0
574,0
575,0
576,0
577,0
578,0
579,0
580,0
581,0
582,0
583,0
584,0
585,0
586,0
587,0
588,0
589,0
590,0
591,0.0967742
592,0.129032
593,0.129032
594,0.0967742
595,0.0967742
596,0.258065
597,0.322581
598,0.290323
599,0.225806
600,0.83871
601,0.935484
602,0.83871
603,0.387097
604,0.516129
605,0.516129
606,0.290323
607,0.354839
608,0.387097
609,0.387097
610,0.516129
611,0.580645
612,0.967742
613,0.935484
614,0.354839
615,0.225806
616,0.0322581
617,0.0322581
618,0.0967742
619,0.322581
620,0.483871
621,0
622,0.225806
623,1
624,0.645161
625,0.354839
626,1
627,0.451613
628,0.322581
629,0.258065
630,0.354839
631,0.322581
632,0.258065
633,0.129032
634,0.258065
635,0.483871
636,0.516129
637,0.258065
638,0
639,0
640,0
641,0
642,0.0322581
643,0
644,0
645,0
646,0
647,0
648,0
649,0
650,0.903226
651,1
652,0.129032
653,0
654,0.0322581
655,0.0967742
656,0
657,0
658,0
659,0
660,0
661,0
662,0
663,0
664,0
665,0
666,0
667,0
668,0
669,0
670,0
671,0
672,0
673,0.0322581
674,0
675,0
676,0
677,0
678,0.0645161
679,0.0645161
680,0
681,0
682,0.129032
683,0.129032
684,0.193548
685,0.129032
686,0.709677
687,0.677419
688,1
689,1
690,0.451613
691,0.483871
692,0.419355
693,0.387097
694,0.354839
695,0.290323
696,0.612903
697,0.516129
698,0.612903
699,1
700,0.483871
701,0.225806
702,0.0322581
703,0.0322581
704,0.0645161
705,0.225806
706,0.225806
707,0.0322581
708,0.225806
709,1
710,0.483871
711,0.387097
712,0.774194
713,0.354839
714,0.322581
715,0.193548
716,0.290323
717,0.193548
718,0.193548
719,0.258065
720,0.548387
721,0.483871
722,0.580645
723,0.322581
724,0.0322581
725,0
726,0
727,0.0322581
728,0
729,0.0967742
730,0.129032
731,0.0322581
732,0.0645161
733,0.0322581
734,0.0322581
735,0.870968
736,1
737,0.0645161
738,0
739,0.0645161
740,0.0967742
741,0.0322581
742,0.0322581
743,0
744,0
745,0
746,0
747,0
748,0.0322581
749,0
750,0
751,0
752,0
753,0
754,0
755,0
756,0
757,0
758,0
759,0
760,0
761,0
762,0.0322581
763,0.0645161
764,0
765,0.0322581
766,0.0322581
767,0.0645161
768,0.0322581
769,0.258065
770,0.193548
771,0.258065
772,0.709677
773,0.548387
774,0.967742
775,0.903226
776,0.0967742
777,0.354839
778,0.322581
779,0.258065
780,0.16129
781,0.258065
782,0.483871
783,0.387097
784,0.580645
785,1
786,0.322581
787,0.258065
788,0.16129
789,0.16129
790,0.129032
791,0.225806
792,0.0967742
793,0.0322581
794,0.0645161
795,1
796,0.322581
797,0.225806
798,0.483871
799,0.387097
800,0.419355
801,0.225806
802,0.258065
803,0.16129
804,0.16129
805,0.129032
806,0.0645161
807,0.483871
808,0.451613
809,0.645161
810,0.387097
811,0.0967742
812,0.0645161
813,0.0322581
814,0
815,0.0645161
816,0.0645161
817,0.0645161
818,0.0645161
819,0.0645161
820,0
821,0.483871
822,0.483871
823,0.580645
824,0.645161
825,0.225806
826,0.0322581
827,0.0967742
828,0
829,0
830,0
831,0
832,0
833,0
834,0
835,0
836,0
837,0
838,0
839,0
840,0
841,0
842,0
843,0
844,0
845,0
846,0
847,0
848,0
849,0
850,0
851,0.0322581
852,0.0322581
853,0.0967742
854,0.0645161
855,0.0967742
856,0.0322581
857,0.0967742
858,0.806452
859,1
860,0.870968
861,0.225806
862,0.322581
863,0.387097
864,0.258065
865,0.225806
866,0.225806
867,0.258065
868,0.548387
869,0.548387
870,1
871,0.741935
872,0.290323
873,0.451613
874,0.193548
875,0.225806
876,0.193548
877,0.258065
878,0.0645161
879,0.0322581
880,0.225806
881,1
882,0.322581
883,0.129032
884,0.258065
885,0.354839
886,0.290323
887,0.225806
888,0.129032
889,0.16129
890,0.129032
891,0
892,0.451613
893,0.451613
894,0.419355
895,0.258065
896,0
897,0
898,0
899,0
900,0
901,0
902,0.0645161
903,0
904,0.0967742
905,0.0645161
906,0
907,0.903226
908,1
909,0.0645161
910,0
911,0.0645161
912,0
913,0
914,0
915,0.0645161
916,0
917,0.0645161
918,0
919,0.0645161
920,0
921,0
922,0
923,0
924,0
925,0
926,0
927,0
928,0
929,0
930,0
931,0.0967742
932,0
933,0
934,0.0645161
935,0.0322581
936,0.0322581
937,0
938,0.0322581
939,0.0645161
940,0.0967742
941,0.129032
942,0.129032
943,0.612903
944,0.580645
945,1
946,0.83871
947,0.0967742
948,0.548387
949,0.354839
950,0.193548
951,0.290323
952,0.290323
953,0.548387
954,0.451613
955,0.677419
956,0.741935
957,0.354839
958,0.354839
959,0.0967742
960,0.0967742
961,0.129032
962,0.193548
963,0.0322581
964,0.0322581
965,0.0322581
966,1
967,0.387097
968,0.129032
969,0.290323
970,0.354839
971,0.258065
972,0.193548
973,0.225806
974,0.16129
975,0.16129
976,0.0645161
977,0.193548
978,0.483871
979,0.354839
980,0.258065
981,0
982,0
983,0.0645161
984,0
985,0.0645161
986,0
987,0
988,0
989,0.0645161
990,0.0645161
991,0.0645161
992,1
993,0.967742
994,0.0645161
995,0.0645161
996,0.0967742
997,0
998,0.0645161
999,0
1000,0
1001,0
1002,0.0645161
1003,0.0645161
1004,0.0645161
1005,0.0645161
1006,0.0645161
1007,0.0645161
1008,0.0645161
1009,0
1010,0
1011,0
1012,0.0322581
1013,0
1014,0
1015,0
1016,0.354839
1017,0.935484
1018,0.967742
1019,0.935484
1020,0.935484
1021,0.967742
1022,0.967742
1023,0.967742
1024,0.870968
1025,0.225806
1026,0.354839
1027,0.290323
1028,0.290323
1029,0.225806
1030,1
1031,0.83871
1032,0.129032
1033,0.322581
1034,0.709677
1035,0.322581
1036,0.16129
1037,0.129032
1038,0.290323
1039,0.516129
1040,0.548387
1041,0.483871
1042,1
1043,0.387097
1044,0.258065
1045,0.258065
1046,0.16129
1047,0.193548
1048,0.16129
1049,0.129032
1050,0.387097
1051,0.483871
1052,1
1053,0.645161
1054,0.225806
1055,0.903226
1056,0.741935
1057,0.967742
1058,0.677419
1059,1
1060,0.612903
1061,0.774194
1062,0.16129
1063,0.129032
1064,0.0967742
1065,0.225806
1066,0.16129
1067,0.16129
1068,0.0645161
1069,0.451613
1070,0.806452
1071,0.225806
1072,0.612903
1073,0.290323
1074,0.225806
1075,0.258065
1076,0.741935
1077,0.903226
1078,1
1079,0.83871
1080,0.903226
1081,0.935484
1082,0.935484
1083,0.870968
1084,0.774194
1085,0.741935
1086,0.225806
1087,0.193548
1088,0.258065
1089,0.258065
1090,0.193548
1091,0.129032
1092,0.0967742
1093,0.0645161
1094,0.0967742
1095,0
1096,0.0322581
1097,0
1098,0.0967742
1099,0.0645161
1100,0.0645161
1101,0.16129
1102,0.0967742
1103,0.0967742
1104,0.0645161
1105,0.0322581
1106,0.0322581
1107,0.0322581
1108,0.0967742
1109,1
1110,0.483871
1111,0.0645161
1112,0.322581
1113,0.419355
1114,0.483871
1115,1
1116,0.645161
1117,0.580645
1118,0.516129
1119,0.83871
1120,0.709677
1121,0.967742
1122,0.387097
1123,0.16129
1124,0.322581
1125,0.419355
1126,0.290323
1127,0.290323
1128,0.741935
1129,0.258065
1130,0.16129
1131,0.677419
1132,1
1133,0.290323
1134,0.741935
1135,0.483871
1136,0.967742
1137,0.806452
1138,0.225806
1139,0.16129
1140,0.612903
1141,0.580645
1142,0.290323
1143,0.0967742
1144,0.16129
1145,0.0322581
1146,0.0967742
1147,0
1148,0
1149,0
1150,0
1151,0
1152,0
1153,0.0645161
1154,0
1155,0
1156,0
1157,0
1158,0
1159,0.0645161
1160,0.580645
1161,1
1162,0.935484
1163,0.935484
1164,0.967742
1165,0.516129
1166,0.806452
1167,0.387097
1168,0.0645161
1169,1
1170,0.83871
1171,0.193548
1172,0.967742
1173,0.806452
1174,1
1175,0.709677
1176,0.741935
1177,0.0967742
1178,0.258065
1179,0.129032
1180,0.0322581
1181,0.322581
1182,0.129032
1183,0.806452
1184,1
1185,0.870968
1186,0.612903
1187,0.677419
1188,0.677419
1189,0.967742
1190,0.935484
1191,0.16129
1192,0.129032
1193,0.0967742
1194,0.225806
1195,0.129032
1196,0.0322581
1197,0.0322581
1198,0.16129
1199,0.0645161
1200,0.193548
1201,0.129032
1202,0.709677
1203,0.387097
1204,0.0967742
1205,0.290323
1206,0.548387
1207,0.806452
1208,0.387097
1209,0.580645
1210,0.516129
1211,1
1212,0.580645
1213,0.290323
1214,0.290323
1215,0.225806
1216,0.225806
1217,0.0322581
1218,0.0645161
1219,0.0967742
1220,0.0322581
1221,0.0967742
1222,0.0645161
1223,0.0645161
1224,1
1225,0.193548
1226,0.129032
1227,0.129032
1228,0.0967742
1229,0.193548
1230,0.354839
1231,0.16129
1232,0.290323
1233,0.16129
1234,0.0967742
1235,0.0322581
1236,0.548387
1237,0.193548
1238,0
1239,0
1240,0.129032
1241,0.0645161
1242,0.0645161
1243,0.741935
1244,0.870968
1245,0.870968
1246,0.806452
1247,0.903226
1248,0.935484
1249,0.645161
1250,0.903226
1251,0.967742
1252,0.387097
1253,0.258065
1254,0.967742
1255,0.0967742
1256,0.677419
1257,0.903226
1258,0.967742
1259,0.83871
1260,0.967742
1261,0.677419
1262,0.774194
1263,0.935484
1264,0.129032
1265,0.870968
1266,0.645161
1267,0.709677
1268,0.83871
1269,0.516129
1270,0.516129
1271,0.225806
1272,0.193548
1273,0.677419
1274,0.677419
1275,1
1276,0.967742
1277,0.612903
1278,0.741935
1279,0.322581
1280,0.258065
1281,0.677419
1282,0.322581
1283,0.322581
1284,0.483871
1285,0.387097
1286,0.677419
1287,0.354839
1288,0.16129
1289,0.16129
1290,0.129032
1291,0.129032
1292,0.129032
1293,0.0967742
1294,0.16129
1295,0.0967742
1296,0.0967742
1297,0.129032
1298,0.935484
1299,1
1300,0.322581
1301,0.0322581
1302,0.0645161
1303,0
1304,0
1305,0
1306,0
1307,0
1308,0
1309,0.0645161
1310,0.0322581
1311,0.0322581
1312,0.0322581
1313,0.0645161
1314,0.0322581
1315,0.0645161
1316,0.0967742
1317,0.0645161
1318,0.0967742
1319,0.0322581
1320,0.0645161
1321,0
1322,0.0322581
1323,0.129032
1324,0.129032
1325,0.193548
1326,1
1327,1
1328,0.774194
1329,0.677419
1330,0.741935
1331,0.290323
1332,0.580645
1333,0.580645
1334,0.0645161
1335,0.870968
1336,0.419355
1337,0.774194
1338,0.0645161
1339,0.967742
1340,0.322581
1341,0.83871
1342,0.0322581
1343,0.322581
1344,0.0967742
1345,0.0645161
1346,0.16129
1347,0.419355
1348,1
1349,0.129032
1350,0.0645161
1351,0.16129
1352,0.193548
1353,0.193548
1354,0.451613
1355,0.451613
1356,0.419355
1357,0.258065
1358,0.0967742
1359,0.0645161
1360,0.354839
1361,0.419355
1362,0.290323
1363,0.0645161
1364,0
1365,0
1366,0.0645161
1367,0.129032
1368,0.129032
1369,0.129032
1370,0.129032
1371,0.16129
1372,0.0967742
1373,0.0322581
1374,0.129032
1375,0.903226
1376,0.806452
1377,0.516129
1378,0.0967742
1379,0.0322581
1380,0.290323
1381,0
1382,0.0322581
1383,0
1384,0
1385,0
1386,0
1387,0.0322581
1388,0.0645161
1389,0.0322581
1390,0
1391,0.0645161
1392,0.16129
1393,0.0322581
1394,0.129032
1395,0.0645161
1396,0.0967742
1397,0.0967742
1398,0.0967742
1399,0.0967742
1400,0.0967742
1401,0.193548
1402,0.16129
1403,0.16129
1404,0.16129
1405,0.258065
1406,0.193548
1407,0.709677
1408,0.451613
1409,1
1410,0.612903
1411,0.258065
1412,0.354839
1413,0.709677
1414,0.225806
1415,0.774194
1416,0.290323
1417,0.225806
1418,0.193548
1419,0.483871
1420,0.741935
1421,0.322581
1422,0.16129
1423,0.258065
1424,0.0967742
1425,0.225806
1426,0.16129
1427,0.0322581
1428,0.0322581
1429,0.290323
1430,1
1431,0.129032
1432,0.258065
1433,0.290323
1434,0.419355
1435,0.322581
1436,0.548387
1437,0.548387
1438,0.483871
1439,0.0645161
1440,0.0645161
1441,0.0322581
1442,0.419355
1443,0.322581
1444,0.193548
1445,0
1446,0
1447,0
1448,0
1449,0
1450,0.0322581
1451,0
1452,0
1453,0
1454,0
1455,0.0645161
1456,0.451613
1457,0.193548
1458,0.225806
1459,0.16129
1460,0
1461,0.225806
1462,0.0322581
1463,0
1464,0
1465,0
1466,0
1467,0
1468,0
1469,0
1470,0
1471,0.0322581
1472,0
1473,0
1474,0
1475,0.0322581
1476,0
1477,0.0322581
1478,0.0645161
1479,0
1480,0
1481,0
1482,0
1483,0.0322581
1484,0
1485,0.0322581
1486,0.0967742
1487,0.0322581
1488,0.129032
1489,0.0645161
1490,0.0967742
1491,0.16129
1492,0.258065
1493,0.290323
1494,0.322581
1495,1
1496,0.677419
1497,0.354839
1498,0.0967742
1499,0.774194
1500,0.225806
1501,0.709677
1502,0.225806
1503,0.290323
1504,0.258065
1505,0.225806
1506,0.483871
1507,1
1508,0.258065
1509,0.419355
1510,0.193548
1511,0.258065
1512,0.129032
1513,0.903226
1514,0.580645
1515,0.0967742
1516,0.354839
1517,0.258065
1518,0.645161
1519,0.677419
1520,0.612903
1521,1
1522,0.129032
1523,0.516129
1524,0.225806
1525,0.225806
1526,0.483871
1527,0.451613
1528,0.129032
1529,0.580645
1530,0.193548
1531,0.129032
1532,0.129032
1533,0.419355
1534,0.645161
1535,0.967742
1536,0.290323
1537,0.290323
1538,0.16129
1539,0.129032
1540,0.0967742
1541,0.419355
1542,0.16129
1543,0.0645161
1544,0.0645161
1545,0.129032
1546,0
1547,0.322581
1548,0.290323
1549,0.354839
1550,0.0322581
1551,0.0322581
1552,0
1553,0
1554,0
1555,0
1556,0.0645161
1557,0.0645161
1558,0.0645161
1559,0.0322581
1560,0
1561,0.0322581
1562,0.903226
1563,0.677419
1564,0.322581
1565,0.0645161
1566,0
1567,0.0322581
1568,0
1569,0
1570,0.0322581
1571,0
1572,0.0322581
1573,0.0322581
1574,0
1575,0.0322581
1576,0.0322581
1577,0
1578,0
1579,0.0322581
1580,0
1581,0.0322581
1582,0
1583,0.0322581
1584,0
1585,0.0322581
1586,0.0322581
1587,0.0322581
1588,0
1589,0
1590,0
1591,0.0322581
1592,0.0322581
1593,0
1594,0
1595,0.0967742
1596,0.0967742
1597,0.193548
1598,0.258065
1599,0.16129
1600,0.645161
1601,1
1602,0.354839
1603,0.354839
1604,0.354839
1605,0.451613
1606,0.129032
1607,0.516129
1608,0.129032
1609,0.16129
1610,0.193548
1611,0.419355
1612,1
1613,0.129032
1614,0.258065
1615,0.193548
1616,0.193548
1617,0.193548
1618,0.870968
1619,0.193548
1620,0.0322581
1621,0.322581
1622,0.193548
1623,0.193548
1624,0.580645
1625,0.645161
1626,1
1627,0.225806
1628,0.548387
1629,0.387097
1630,0.258065
1631,0.516129
1632,0.16129
1633,0.290323
1634,0.129032
1635,0.129032
1636,0.0967742
1637,0.129032
1638,0.290323
1639,0.290323
1640,0.935484
1641,0.129032
1642,0.129032
1643,0.16129
1644,0.129032
1645,0.0967742
1646,0.258065
1647,0.0967742
1648,0.0645161
1649,0.0967742
1650,0
1651,0
1652,0.322581
1653,0.193548
1654,0.354839
1655,0.0322581
1656,0
1657,0
1658,0
1659,0
1660,0
1661,0
1662,0
1663,0
1664,0
1665,0
1666,0.612903
1667,0.193548
1668,0.258065
1669,0.0967742
1670,0.0322581
1671,0
1672,0.0322581
1673,0
1674,0
1675,0
1676,0
1677,0
1678,0
1679,0
1680,0
1681,0
1682,0.0967742
1683,0
1684,0
1685,0
1686,0
1687,0
1688,0
1689,0
1690,0
1691,0
1692,0
1693,0.0322581
1694,0
1695,0
1696,0.0645161
1697,0.0967742
1698,0.0645161
1699,0.0645161
1700,0.0967742
1701,0.225806
1702,0.354839
1703,0.129032
1704,0.129032
1705,1
1706,0.612903
1707,0.225806
1708,0.0322581
1709,0.322581
1710,0.387097
1711,0
1712,0.193548
1713,0.129032
1714,0.354839
1715,0.290323
1716,0.354839
1717,0.967742
1718,0.193548
1719,0.290323
1720,0.258065
1721,0.322581
1722,0.16129
1723,0.806452
1724,0.129032
1725,0.0645161
1726,0.548387
1727,0.193548
1728,0.741935
1729,0.612903
1730,0.580645
1731,0.967742
1732,0.419355
1733,0.258065
1734,0.354839
1735,0.258065
1736,0.483871
1737,0.290323
1738,0.0322581
1739,0.16129
1740,0.0967742
1741,0.193548
1742,0.0967742
1743,0.225806
1744,0.322581
1745,0.741935
1746,0.806452
1747,0.16129
1748,0.0967742
1749,0.193548
1750,0.129032
1751,0.129032
1752,0.0967742
1753,0.0645161
1754,0.0645161
1755,0
1756,0
1757,0.193548
1758,0.129032
1759,0.290323
1760,0.0645161
1761,0.0322581
1762,0.0322581
1763,0
1764,0.0322581
1765,0.0322581
1766,0.0322581
1767,0.0322581
1768,0
1769,0.0967742
1770,0.0967742
1771,0
1772,0.935484
1773,0.451613
1774,1
1775,0
1776,0
1777,0.0967742
1778,0
1779,0
1780,0
1781,0
1782,0
1783,0
1784,0
1785,0
1786,0
1787,0
1788,0
1789,0
1790,0
1791,0
1792,0
1793,0
1794,0
1795,0
1796,0
1797,0
1798,0
1799,0
1800,0
1801,0.0322581
1802,0
1803,0
1804,0.0645161
1805,0.0645161
1806,0.0322581
1807,0
1808,0.193548
1809,0.0645161
1810,0.677419
1811,1
1812,0.0967742
1813,0.16129
1814,0.0967742
1815,0.258065
1816,0.290323
1817,0.0322581
1818,0.387097
1819,0.129032
1820,0.16129
1821,0.290323
1822,1
1823,0.870968
1824,0.258065
1825,0.0967742
1826,0.193548
1827,0.0967742
1828,0.677419
1829,0.129032
1830,0.0322581
1831,0.516129
1832,0.193548
1833,0.129032
1834,0.419355
1835,0.322581
1836,0.967742
1837,0.354839
1838,0.322581
1839,0.290323
1840,0.16129
1841,0.548387
1842,0.129032
1843,0.193548
1844,0.0967742
1845,0.225806
1846,0.193548
1847,0.0967742
1848,0.322581
1849,0.548387
1850,1
1851,0.16129
1852,0.129032
1853,0.193548
1854,0.16129
1855,0.16129
1856,0.129032
1857,0.0967742
1858,0.0322581
1859,0.0645161
1860,0
1861,0
1862,0.419355
1863,0.258065
1864,0.0645161
1865,0.0322581
1866,0.0322581
1867,0
1868,0
1869,0.0645161
1870,0.0645161
1871,0.0645161
1872,0.0645161
1873,0.0645161
1874,0
1875,0
1876,0.451613
1877,0.16129
1878,0.451613
1879,0.129032
1880,0.225806
1881,0.0645161
1882,0.0967742
1883,0
1884,0
1885,0
1886,0
1887,0
1888,0
1889,0
1890,0.0322581
1891,0.0322581
1892,0.0322581
1893,0.0322581
1894,0.0322581
1895,0.0645161
1896,0
1897,0
1898,0
1899,0
1900,0
1901,0
1902,0
1903,0
1904,0
1905,0.0322581
1906,0.0322581
1907,0.0967742
1908,0
1909,0
1910,0.0645161
1911,0.0322581
1912,0.0322581
1913,0.0645161
1914,0.16129
1915,1
1916,0.129032
1917,0.129032
1918,0.258065
1919,0.387097
1920,0.0967742
1921,0.0967742
1922,0.129032
1923,0.419355
1924,0.129032
1925,0.193548
1926,0.387097
1927,0.451613
1928,0.225806
1929,0.290323
1930,0.16129
1931,0.16129
1932,0.0967742
1933,0.129032
1934,0.0322581
1935,0.0322581
1936,0.0322581
1937,1
1938,0.16129
1939,0.322581
1940,0.354839
1941,0.290323
1942,0.225806
1943,0.258065
1944,0.16129
1945,0.0645161
1946,0.129032
1947,0.0645161
1948,0
1949,0.354839
1950,0.290323
1951,0.419355
1952,0.0645161
1953,0.0645161
1954,0.0645161
1955,0.0645161
1956,0
1957,0.0322581
1958,0.0322581
1959,0
1960,0
1961,0
1962,0
1963,0.0322581
1964,0.903226
1965,0.387097
1966,1
1967,0.0645161
1968,0.0967742
1969,0.0322581
1970,0
1971,0
1972,0
1973,0
1974,0
1975,0
1976,0
1977,0
1978,0
1979,0
1980,0
1981,0
1982,0
1983,0
1984,0
1985,0
1986,0
1987,0
1988,0
1989,0
1990,0
1991,0
1992,0.0322581
1993,0.0322581
1994,0.0322581
1995,0
1996,0
1997,0
1998,0.0645161
1999,0.0645161
2000,0.0645161
2001,0.0967742
2002,0.709677
2003,0.967742
2004,0.16129
2005,0.225806
2006,0.387097
2007,0.322581
2008,0.16129
2009,0.129032
2010,0.193548
2011,0.258065
2012,0.193548
2013,0.387097
2014,0.709677
2015,0.193548
2016,0.225806
2017,0.16129
2018,0.129032
2019,0.0645161
2020,0.0967742
2021,0.0645161
2022,0.0322581
2023,0
2024,0.16129
2025,1
2026,0.0645161
2027,0.258065
2028,0.225806
2029,0.129032
2030,0.290323
2031,0.193548
2032,0.0967742
2033,0.129032
2034,0.0322581
2035,0
2036,0.354839
2037,0.322581
2038,0.290323
2039,0.0645161
2040,0.0322581
2041,0.0322581
2042,0.0645161
2043,0.0322581
2044,0.0322581
2045,0
2046,0.0322581
2047,0.0322581
2048,0.129032
2049,0.129032
2050,0.451613
2051,0.0967742
2052,0.322581
2053,0.16129
2054,0
2055,0.0322581
2056,0.0322581
2057,0
2058,0
2059,0
2060,0
2061,0
2062,0
2063,0
2064,0
2065,0.0322581
2066,0.0645161
2067,0
2068,0
2069,0
2070,0
2071,0
2072,0
2073,0
2074,0
2075,0
2076,0
2077,0
2078,0
2079,0
2080,0.0322581
2081,0.0322581
2082,0
2083,0
2084,0.0322581
2085,0.0967742
2086,0.0645161
2087,0.0645161
2088,0.129032
2089,1
2090,0.258065
2091,0.258065
2092,0.354839
2093,0.419355
2094,0.193548
2095,0.451613
2096,0.225806
2097,0.193548
2098,0.193548
2099,0.225806
2100,0.483871
2101,0.548387
2102,0.16129
2103,0.0967742
2104,0.0322581
2105,0.0322581
2106,0.0322581
2107,0.0967742
2108,0
2109,0.0322581
2110,0.0322581
2111,1
2112,0.16129
2113,0.290323
2114,0.225806
2115,0.16129
2116,0.225806
2117,0.16129
2118,0.193548
2119,0.0967742
2120,0.0967742
2121,0
2122,0
2123,0.354839
2124,0.258065
2125,0.0322581
2126,0.0322581
2127,0.0322581
2128,0.0645161
2129,0.0322581
2130,0.0322581
2131,0.0967742
2132,0.0967742
2133,0
2134,0
2135,0.0645161
2136,0
2137,0
2138,0.870968
2139,0.322581
2140,1
2141,0
2142,0
2143,0
2144,0
2145,0.0645161
2146,0
2147,0
2148,0
2149,0
2150,0
2151,0
2152,0
2153,0
2154,0
2155,0
2156,0
2157,0.0645161
2158,0
2159,0
2160,0
2161,0
2162,0
2163,0.0645161
2164,0
2165,0
2166,0.0322581
2167,0
2168,0
2169,0
2170,0
2171,0
2172,0.0967742
2173,0.16129
2174,0.129032
2175,0.0322581
2176,0.709677
2177,0.870968
2178,0.225806
2179,0.322581
2180,0.354839
2181,0.354839
2182,0.225806
2183,0.580645
2184,0.225806
2185,0.225806
2186,0.225806
2187,0.387097
2188,0.645161
2189,0.0967742
2190,0.129032
2191,0.0322581
2192,0.0322581
2193,0.0322581
2194,0.0967742
2195,0.0322581
2196,0
2197,0.0322581
2198,0.129032
2199,1
2200,0.0645161
2201,0.322581
2202,0.290323
2203,0.193548
2204,0.258065
2205,0.225806
2206,0.193548
2207,0.193548
2208,0.0645161
2209,0
2210,0.387097
2211,0.354839
2212,0.387097
2213,0.0322581
2214,0
2215,0.0645161
2216,0
2217,0.0645161
2218,0
2219,0.0645161
2220,0.0645161
2221,0.0322581
2222,0.0322581
2223,0
2224,0
2225,0
2226,0.548387
2227,0.225806
2228,0.0322581
2229,0
2230,0
2231,0
2232,0
2233,0
2234,0
2235,0
2236,0
2237,0
2238,0.0645161
2239,0.0322581
2240,0
2241,0
2242,0
2243,0
2244,0.0645161
2245,0
2246,0
2247,0
2248,0
2249,0.225806
2250,0.0967742
2251,0.0645161
2252,0
2253,0
2254,0.0645161
2255,0.0967742
2256,0
2257,0
2258,0.0322581
2259,0.0645161
2260,0.0645161
2261,0.0322581
2262,0.0645161
2263,0.612903
2264,0.935484
2265,0.290323
2266,0.290323
2267,0.193548
2268,0.354839
2269,0.354839
2270,0.322581
2271,0.354839
2272,0.290323
2273,0.290323
2274,0.419355
2275,0.677419
2276,0.129032
2277,0.129032
2278,0.0322581
2279,0.0322581
2280,0.0322581
2281,0.0645161
2282,0.16129
2283,0.0322581
2284,0.0322581
2285,0.129032
2286,1
2287,0.0967742
2288,0.322581
2289,0.354839
2290,0.258065
2291,0.258065
2292,0.225806
2293,0.225806
2294,0.16129
2295,0.0967742
2296,0
2297,0.322581
2298,0.354839
2299,0.387097
2300,0.0322581
2301,0
2302,0
2303,0
2304,0
2305,0
2306,0
2307,0.0967742
2308,0
2309,0
2310,0
2311,0
2312,0.870968
2313,0.387097
2314,1
2315,0
2316,0
2317,0.0322581
2318,0
2319,0
2320,0
2321,0
2322,0
2323,0
2324,0
2325,0
2326,0
2327,0
2328,0
2329,0
2330,0
2331,0
2332,0
2333,0
2334,0
2335,0
2336,0.0645161
2337,0
2338,0.0322581
2339,0.0322581
2340,0
2341,0
2342,0
2343,0
2344,0
2345,0
2346,0.0967742
2347,0.0645161
2348,0.0645161
2349,0.0322581
2350,0.612903
2351,0.903226
2352,0.290323
2353,0.354839
2354,0.483871
2355,0.322581
2356,0.290323
2357,0.612903
2358,0.258065
2359,0.322581
2360,0.354839
2361,0.516129
2362,0.645161
2363,0.290323
2364,0.129032
2365,0.0322581
2366,0.0322581
2367,0.0322581
2368,0.0967742
2369,0
2370,0
2371,0.0322581
2372,0.16129
2373,1
2374,0.0967742
2375,0.290323
2376,0.387097
2377,0.612903
2378,0.419355
2379,0.322581
2380,0.258065
2381,0.193548
2382,0.225806
2383,0.0322581
2384,0.322581
2385,0.419355
2386,0.387097
2387,0.0322581
2388,0
2389,0.0322581
2390,0
2391,0
2392,0
2393,0
2394,0
2395,0
2396,0
2397,0.0967742
2398,0.0322581
2399,0.0967742
2400,0.612903
2401,0.290323
2402,0.16129
2403,0
2404,0
2405,0.0645161
2406,0
2407,0
2408,0
2409,0
2410,0
2411,0
2412,0
2413,0
2414,0.0322581
2415,0
2416,0
2417,0.0645161
2418,0
2419,0.0645161
2420,0.0645161
2421,0.0967742
2422,0.0645161
2423,0.0322581
2424,0.0322581
2425,0.0967742
2426,0
2427,0.0645161
2428,0.0322581
2429,0
2430,0
2431,0.0322581
2432,0.0322581
2433,0.129032
2434,0.129032
2435,0.193548
2436,0.193548
2437,0.83871
2438,0.870968
2439,0.290323
2440,0.387097
2441,0.387097
2442,0.612903
2443,0.354839
2444,0.645161
2445,0.354839
2446,0.387097
2447,0.419355
2448,0.516129
2449,0.677419
2450,0.193548
2451,0.16129
2452,0.0322581
2453,0.129032
2454,0.0322581
2455,0.0967742
2456,0.0645161
2457,0.0967742
2458,0
2459,0.612903
2460,0.741935
2461,0.193548
2462,0.193548
2463,0.451613
2464,0.677419
2465,0.258065
2466,0.193548
2467,0.16129
2468,0.129032
2469,0.0967742
2470,0.0322581
2471,0.451613
2472,0.387097
2473,0.516129
2474,0.0645161
2475,0.0645161
2476,0
2477,0.0645161
2478,0.16129
2479,0.0645161
2480,0.0322581
2481,0
2482,0.0645161
2483,0.0645161
2484,0.129032
2485,0
2486,0.903226
2487,0.0967742
2488,0.935484
2489,0
2490,0
2491,0.0645161
2492,0.0645161
2493,0
2494,0
2495,0
2496,0
2497,0.0645161
2498,0.0322581
2499,0
2500,0.0967742
2501,0
2502,0.0322581
2503,0
2504,0.0645161
2505,0.0322581
2506,0.0322581
2507,0.0967742
2508,0
2509,0.0322581
2510,0.129032
2511,0.0322581
2512,0.0322581
2513,0.0645161
2514,0.0322581
2515,0.0645161
2516,0.0322581
2517,0
2518,0.0645161
2519,0.0645161
2520,0.0967742
2521,0.0645161
2522,0.677419
2523,0.870968
2524,0.419355
2525,0.354839
2526,0.516129
2527,0.258065
2528,0.290323
2529,0.483871
2530,0.258065
2531,0.354839
2532,0.322581
2533,0.548387
2534,0.419355
2535,0.16129
2536,0.0967742
2537,0.0322581
2538,0.0322581
2539,0.0322581
2540,0.0967742
2541,0
2542,0.0322581
2543,0.0322581
2544,1
2545,0.0967742
2546,0.193548
2547,0.322581
2548,0.419355
2549,0.612903
2550,0.0967742
2551,0.225806
2552,0.16129
2553,0.129032
2554,0.0645161
2555,0
2556,0.387097
2557,0.419355
2558,0.548387
2559,0.0645161
2560,0.0322581
2561,0.0322581
2562,0.0322581
2563,0.0322581
2564,0
2565,0
2566,0.0322581
2567,0
2568,0
2569,0
2570,0
2571,0.419355
2572,0.225806
2573,0.129032
2574,0.0322581
2575,0.0322581
2576,0.0322581
2577,0.0322581
2578,0.0322581
2579,0
2580,0.0322581
2581,0.0322581
2582,0
2583,0.0322581
2584,0
2585,0.0645161
2586,0.0645161
2587,0.0645161
2588,0.129032
2589,0.0322581
2590,0.0322581
2591,0.0322581
2592,0.0645161
2593,0.0322581
2594,0.225806
2595,0.0645161
2596,0.16129
2597,0.0967742
2598,0.0967742
2599,0.129032
2600,0
2601,0.193548
2602,0.290323
2603,0.0967742
2604,0.16129
2605,0.16129
2606,0.741935
2607,0.935484
2608,0.322581
2609,0.225806
2610,0.483871
2611,0.354839
2612,0.741935
2613,0.0967742
2614,0.516129
2615,0.322581
2616,0.322581
2617,0.483871
2618,0.548387
2619,0.0967742
2620,0.129032
2621,0.0967742
2622,0.0322581
2623,0.0645161
2624,0.0322581
2625,0.16129
2626,0.0322581
2627,0.0322581
2628,0
2629,1
2630,0.0645161
2631,0.16129
2632,0.225806
2633,0.258065
2634,0.612903
2635,0.129032
2636,0.129032
2637,0.0967742
2638,0.0967742
2639,0.0645161
2640,0
2641,0.387097
2642,0.419355
2643,0.516129
2644,0.0322581
2645,0
2646,0
2647,0
2648,0
2649,0.0645161
2650,0
2651,0
2652,0.0645161
2653,0
2654,0
2655,0.387097
2656,0.225806
2657,0.129032
2658,0
2659,0
2660,0
2661,0
2662,0
2663,0
2664,0
2665,0
2666,0
2667,0
2668,0
2669,0
2670,0.0322581
2671,0
2672,0
2673,0
2674,0
2675,0
2676,0.0967742
2677,0.0967742
2678,0
2679,0.0322581
2680,0.0322581
2681,0.0322581
2682,0.0322581
2683,0.0645161
2684,0
2685,0
2686,0
2687,0
2688,0.0322581
2689,0.0645161
2690,0.129032
2691,0.548387
2692,0.645161
2693,0.645161
2694,0.16129
2695,0.354839
2696,0.645161
2697,0.16129
2698,0.677419
2699,0.193548
2700,0.387097
2701,0.322581
2702,0.516129
2703,0.516129
2704,0.129032
2705,0.193548
2706,0.129032
2707,0.0645161
2708,0.0645161
2709,0.0967742
2710,0.193548
2711,0.0322581
2712,0.0322581
2713,0.129032
2714,1
2715,0.0322581
2716,0.225806
2717,0.225806
2718,0.129032
2719,0.322581
2720,0.129032
2721,0.193548
2722,0.129032
2723,0.0967742
2724,0
2725,0.322581
2726,0.387097
2727,0.419355
2728,0.0645161
2729,0.0322581
2730,0
2731,0.0322581
2732,0.0322581
2733,0
2734,0.0322581
2735,0.0322581
2736,0.0322581
2737,0
2738,0.0322581
2739,0
2740,0.451613
2741,0.290323
2742,0.322581
2743,0.225806
2744,0.0322581
2745,0
2746,0
2747,0
2748,0
2749,0.16129
2750,0.16129
2751,0.16129
2752,0.16129
2753,0.16129
2754,0.225806
2755,0
2756,0.16129
2757,0
2758,0
2759,0.0322581
2760,0
2761,0.0322581
2762,0.0645161
2763,0
2764,0.0322581
2765,0.0322581
2766,0.0322581
2767,0
2768,0
2769,0
2770,0
2771,0
2772,0
2773,0.0322581
2774,0.0645161
2775,0.129032
2776,0.0645161
2777,1
2778,0.193548
2779,0.129032
2780,0.322581
2781,0.258065
2782,0.774194
2783,0.129032
2784,0.774194
2785,0.225806
2786,0.451613
2787,0.580645
2788,0.290323
2789,0.806452
2790,0.225806
2791,0.129032
2792,0.0322581
2793,0.0322581
2794,0.0322581
2795,0.16129
2796,0
2797,0.0322581
2798,0
2799,1
2800,0.0967742
2801,0.16129
2802,0.16129
2803,0.16129
2804,0.451613
2805,0.0645161
2806,0.16129
2807,0.0967742
2808,0.0967742
2809,0.0322581
2810,0
2811,0.419355
2812,0.322581
2813,0.516129
2814,0.0322581
2815,0.0322581
2816,0
2817,0
2818,0
2819,0
2820,0
2821,0
2822,0.0322581
2823,0
2824,0
2825,0
2826,0.935484
2827,0.0967742
2828,0.0322581
2829,0
2830,0
2831,0.0645161
2832,0
2833,0
2834,0.0645161
2835,0.0645161
2836,0.0645161
2837,0.0645161
2838,0.0645161
2839,0.0967742
2840,0.0645161
2841,0.0322581
2842,0
2843,0
2844,0
2845,0
2846,0
2847,0
2848,0
2849,0.0322581
2850,0.0322581
2851,0.0322581
2852,0
2853,0
2854,0
2855,0
2856,0.0322581
2857,0.0322581
2858,0.0322581
2859,0.0645161
2860,0.0645161
2861,0.0967742
2862,0.129032
2863,0.645161
2864,0.419355
2865,1
2866,0.225806
2867,0.580645
2868,0.322581
2869,0.516129
2870,0.516129
2871,0.322581
2872,0.387097
2873,0.193548
2874,0.483871
2875,0.322581
2876,0.193548
2877,0.129032
2878,0.0322581
2879,0.0322581
2880,0.0322581
2881,0.0645161
2882,0.16129
2883,0.0322581
2884,0.0967742
2885,1
2886,0.483871
2887,0.935484
2888,0.935484
2889,0.903226
2890,0.903226
2891,0.225806
2892,0.16129
2893,0.0645161
2894,0.129032
2895,0
2896,0.0322581
2897,0.419355
2898,0.354839
2899,0.0967742
2900,0.0322581
2901,0
2902,0
2903,0.0322581
2904,0.0322581
2905,0
2906,0
2907,0
2908,0
2909,0
2910,0
2911,0.0645161
2912,0.967742
2913,0.193548
2914,0.258065
2915,0.0645161
2916,0
2917,0
2918,0
2919,0
2920,0
2921,0
2922,0
2923,0
2924,0.0645161
2925,0
2926,0.0322581
2927,0.0645161
2928,0.0322581
2929,0.0322581
2930,0.0322581
2931,0.0645161
2932,0.0322581
2933,0
2934,0
2935,0
2936,0
2937,0
2938,0
2939,0
2940,0
2941,0.0322581
2942,0.0322581
2943,0.0967742
2944,1
2945,0.322581
2946,0.129032
2947,0.451613
2948,0.580645
2949,0.709677
2950,0.741935
2951,0.225806
2952,0.451613
2953,0.290323
2954,0.612903
2955,0.387097
2956,0.0322581
2957,0.0322581
2958,0.0645161
2959,0
2960,0.0967742
2961,0.129032
2962,0.225806
2963,0.0645161
2964,0.0645161
2965,0.0967742
2966,1
2967,0.290323
2968,0.354839
2969,0.419355
2970,0.258065
2971,0.354839
2972,0.0967742
2973,0.0967742
2974,0.0645161
2975,0.0967742
2976,0
2977,0.0645161
2978,0.483871
2979,0.354839
2980,0.0967742
2981,0
2982,0.0322581
2983,0
2984,0
2985,0
2986,0
2987,0
2988,0
2989,0
2990,0.0645161
2991,0.0645161
2992,0.0645161
2993,0.0322581
2994,0
2995,0.0322581
2996,0.0322581
2997,0.0322581
2998,0.354839
2999,0.387097
3000,0.0967742
3001,0.0322581
3002,0
3003,0
3004,0.0322581
3005,0
3006,0
3007,0.0645161
3008,0
3009,0.0322581
3010,0
3011,0.0645161
3012,0
3013,0
3014,0
3015,0
3016,0.0322581
3017,0.0322581
3018,0.0322581
3019,0
3020,0
3021,0.0967742
3022,0.0322581
3023,0
3024,0.0322581
3025,0
3026,0
3027,0.0322581
3028,0
3029,0
3030,0.129032
3031,0.0967742
3032,0.225806
3033,0.967742
3034,0.806452
3035,0.258065
3036,0.483871
3037,0.548387
3038,0.483871
3039,0.516129
3040,0.548387
3041,0.419355
3042,0.419355
3043,0.645161
3044,0.258065
3045,1
3046,0.258065
3047,0.16129
3048,0.0645161
3049,0.0322581
3050,0.0967742
3051,0.0322581
3052,0.0967742
3053,0.0645161
3054,0.0967742
3055,0.129032
3056,1
3057,0.0322581
3058,0.16129
3059,0.290323
3060,0.225806
3061,0.322581
3062,0.129032
3063,0.193548
3064,0.0967742
3065,0.129032
3066,0
3067,0.387097
3068,0.419355
3069,0.387097
3070,0.0645161
3071,0.0322581
3072,0
3073,0
3074,0
3075,0
3076,0
3077,0
3078,0
3079,0
3080,0
3081,0
3082,0.387097
3083,0.225806
3084,0.258065
3085,0.0967742
3086,0.129032
3087,0.387097
3088,0.225806
3089,0.967742
3090,0.290323
3091,0.419355
3092,0.741935
3093,0.774194
3094,0.419355
3095,0.580645
3096,0.548387
3097,0.516129
3098,0.483871
3099,0.516129
3100,0.612903
3101,0.612903
3102,0.225806
3103,1
3104,0.290323
3105,0.483871
3106,0.516129
3107,0.419355
3108,0.709677
3109,0.225806
3110,0.290323
3111,0.225806
3112,0.290323
3113,0.193548
3114,0.193548
3115,0.612903
3116,0.387097
3117,0.548387
3118,0.225806
3119,0.193548
3120,0.225806
3121,0.225806
3122,0.193548
3123,0.258065
3124,0.258065
3125,0.225806
3126,0.225806
3127,0.193548
3128,0.225806
3129,0.225806
3130,0.677419
3131,0.612903
3132,0.451613
3133,0.225806
3134,0.258065
3135,0.258065
3136,0.290323
3137,0.258065
3138,0.225806
3139,0.387097
3140,0.387097
3141,0.354839
3142,0.354839
3143,0.387097
3144,0.322581
3145,0.387097
3146,0.387097
3147,0.387097
3148,0.387097
3149,0.387097
3150,0.387097
3151,0.354839
3152,0.419355
3153,0.451613
3154,0.483871
3155,0.419355
3156,0.483871
3157,0.483871
3158,0.516129
3159,0.483871
3160,0.387097
3161,0.516129
3162,0.322581
3163,0.354839
3164,0.451613
3165,0.387097
3166,0.322581
3167,0.516129
3168,0.419355
3169,1
3170,0.225806
3171,0.258065
3172,0.709677
3173,0.774194
3174,0.258065
3175,0.677419
3176,0.580645
3177,0.83871
3178,0.612903
3179,0.645161
3180,0.774194
3181,0.967742
3182,0.322581
3183,0.451613
3184,0.580645
3185,0.548387
3186,0.741935
3187,0.387097
3188,0.580645
3189,0.387097
3190,0.483871
3191,0.387097
3192,0.322581
3193,0.741935
3194,0.806452
3195,0.580645
3196,0.419355
3197,0.935484
3198,0.548387
3199,0.516129
3200,0.645161
3201,0.387097
3202,0.483871
3203,0.580645
3204,0.580645
3205,1
3206,0.483871
3207,0.225806
3208,0.580645
3209,0.870968
3210,0.741935
3211,0.516129
3212,0.83871
3213,0.451613
3214,0.677419
3215,0.516129
3216,0.870968
3217,0.677419
3218,0.354839
3219,0.451613
3220,1
3221,0.419355
3222,0.451613
3223,0.612903
3224,0.516129
3225,0.612903
3226,0.451613
3227,0.483871
3228,0.354839
3229,0.419355
3230,0.258065
3231,0.741935
3232,0.645161
3233,0.741935
3234,0.516129
3235,0.387097
3236,0.387097
3237,0.387097
3238,0.354839
3239,0.354839
3240,0.354839
3241,0.354839
3242,0.354839
3243,0.451613
3244,0.451613
3245,0.451613
3246,0.387097
3247,1
3248,0.322581
3249,0.322581
3250,0.387097
3251,0.387097
3252,0.354839
3253,0.451613
3254,0.451613
3255,0.451613
3256,0.483871
3257,0.548387
3258,0.741935
3259,0.774194
3260,0.354839
3261,0.967742
3262,1
3263,0.935484
3264,0.935484
3265,0.935484
3266,0.935484
3267,0.935484
3268,0.935484
3269,0.935484
3270,0.935484
3271,0.935484
3272,0.935484
3273,0.935484
3274,0.935484
3275,0.935484
3276,0.935484
3277,0.935484
3278,0.935484
3279,0.935484
3280,0.935484
3281,0.935484
3282,0.967742
3283,0.967742
3284,0.935484
3285,0.903226
3286,0.967742
3287,1
3288,1
3289,1
3290,1
3291,1
3292,1
3293,1
3294,1
3295,1
3296,1
3297,0.903226
3298,1
3299,0.967742
3300,1
3301,1
3302,1
3303,1
3304,0.967742
3305,1
3306,0.967742
3307,0.967742
3308,0.967742
3309,1
3310,1
3311,1
3312,0.967742
3313,1
3314,0.967742
3315,0.967742
3316,0.935484
3317,0.967742
3318,0.935484
3319,0.903226
3320,0.903226
3321,1
3322,0.967742
3323,0.967742
3324,0.967742
3325,0.967742
3326,0.967742
3327,0.967742
3328,0.967742
3329,0.967742
3330,0.967742
3331,0.967742
3332,0.967742
3333,0.903226
3334,0.935484
3335,0.935484
3336,0.967742
3337,0.967742
3338,0.483871
3339,0.903226
3340,1
3341,0.967742
3342,0.967742
3343,0.967742
3344,0.967742
3345,0.967742
3346,0.967742
3347,0.258065
3348,0.903226
3349,0.935484
3350,0.967742
3351,0.935484
3352,0.967742
3353,1
3354,1
3355,0.967742
3356,1
3357,1
3358,1
3359,1
3360,1
3361,1
3362,1
3363,1
3364,1
3365,1
3366,1
3367,0.967742
3368,1
3369,0.967742
3370,1
3371,0.387097
3372,0.967742
3373,0.903226
3374,0.935484
3375,1
3376,1
3377,1
3378,1
3379,0.935484
3380,1
3381,0.967742
3382,1
3383,0.967742
3384,0.903226
3385,0.967742
3386,0.935484
3387,1
3388,0.967742
3389,0.967742
3390,0.903226
3391,1
3392,0.967742
3393,1
3394,0.967742
3395,1
3396,0.903226
3397,0.83871
3398,0.83871
3399,1
3400,1
3401,1
3402,1
3403,1
3404,1
3405,0.967742
3406,1
3407,1
3408,1
3409,1
3410,1
3411,0.83871
3412,0.967742
3413,0.903226
3414,0.290323
3415,1
3416,0.967742
3417,0.935484
3418,0.967742
3419,0.967742
3420,0.967742
3421,0.967742
3422,0.967742
3423,0.967742
3424,0.903226
3425,0.903226
3426,1
3427,0.935484
3428,0.870968
3429,0.935484
3430,0.935484
3431,0.935484
3432,0.935484
3433,0.935484
3434,0.967742
3435,0.935484
3436,0.967742
3437,0.967742
3438,0.967742
3439,0.83871
3440,0.483871
3441,0.903226
3442,0.935484
3443,0.903226
3444,0.935484
3445,0.903226
3446,0.903226
3447,0.903226
3448,0.903226
3449,0.903226
3450,0.903226
3451,0.903226
3452,0.903226
3453,0.903226
3454,0.903226
3455,0.903226
3456,0.903226
3457,0.903226
3458,0.903226
3459,0.903226
3460,0.903226
3461,0.903226
3462,0.903226
3463,0.903226
3464,0.903226
3465,0.903226
3466,0.903226
3467,0.903226
3468,0.903226
3469,0.903226
3470,0.903226
3471,0.935484
3472,0.935484
3473,0.903226
3474,0.935484
3475,0.935484
3476,0.935484
3477,0.806452
3478,0.83871
3479,0.935484
3480,0.935484
3481,0.935484
3482,0.903226
3483,0.935484
3484,0.935484
3485,0.935484
3486,0.903226
3487,0.935484
3488,0.935484
3489,0.774194
3490,0.935484
3491,0.903226
3492,0.903226
3493,0.935484
3494,0.935484
3495,0.935484
3496,0.935484
3497,0.935484
3498,0.903226
3499,0.83871
3500,0.774194
3501,0.870968
3502,0.935484
3503,0.83871
3504,0.806452
3505,0.935484
3506,0.935484
3507,0.935484
3508,0.935484
3509,0.935484
3510,0.967742
3511,0.903226
3512,0.967742
3513,0.967742
3514,0.967742
3515,0.967742
3516,0.967742
3517,0.935484
3518,0.935484
3519,0.935484
3520,0.935484
3521,0.935484
3522,0.935484
3523,0.935484
3524,0.935484
3525,0.935484
3526,0.935484
3527,0.935484
3528,0.967742
3529,0.935484
3530,0.935484
3531,0.935484
3532,0.935484
3533,0.935484
3534,0.967742
3535,0.935484
3536,0.935484
3537,0.967742
3538,0.935484
3539,0.967742
3540,0.967742
3541,0.935484
3542,0.935484
3543,0.967742
3544,0.935484
3545,0.935484
3546,0.967742
3547,0.967742
3548,0.967742
3549,0.935484
3550,0.967742
3551,0.935484
3552,0.967742
3553,0.935484
3554,0.935484
3555,0.935484
3556,0.935484
3557,0.935484
3558,0.935484
3559,0.935484
3560,0.419355
3561,1
3562,0.935484
3563,0.935484
3564,0.451613
3565,0.903226
3566,0.935484
3567,0.935484
3568,0.483871
3569,1
3570,0.612903
3571,1
3572,0.451613
3573,0.935484
3574,0.483871
3575,1
3576,0.741935
3577,0.387097
3578,0.903226
3579,1
3580,1
3581,0.806452
3582,1
3583,1
3584,1
3585,0.612903
3586,0.967742
3587,0.967742
3588,0.645161
3589,1
3590,1
3591,1
3592,0.580645
3593,1
3594,0.870968
3595,0.935484
3596,0.935484
3597,0.935484
3598,0.935484
3599,0.903226
3600,0.419355
3601,0.967742
3602,0.935484
3603,0.935484
3604,0.935484
3605,0.935484
3606,0.935484
3607,0.967742
3608,0.935484
3609,0.967742
3610,0.967742
3611,0.935484
3612,0.967742
3613,0.967742
3614,0.870968
3615,0.612903
3616,0.967742
3617,1
3618,0.935484
3619,0.935484
3620,0.935484
3621,0.967742
3622,0.967742
3623,0.967742
3624,0.967742
3625,1
3626,0.967742
3627,1
3628,0.967742
3629,1
3630,1
3631,1
3632,0.967742
3633,0.967742
3634,0.967742
3635,0.967742
3636,1
3637,0.967742
3638,0.967742
3639,0.967742
3640,0.967742
3641,0.967742
3642,0.967742
3643,1
3644,1
3645,0.935484
3646,1
3647,1
3648,1
3649,1
3650,0.935484
3651,0.935484
3652,0.870968
3653,0.967742
3654,1
3655,1
3656,0.967742
3657,0.967742
3658,1
3659,0.967742
3660,1
3661,1
3662,0.903226
3663,0.870968
3664,1
3665,1
3666,0.935484
3667,0.935484
3668,1
3669,1
3670,0.967742
3671,1
3672,1
3673,1
3674,0.806452
3675,0.806452
3676,0.806452
3677,0.709677
3678,0.935484
3679,0.677419
3680,0.677419
3681,0.774194
3682,0.709677
3683,0.612903
3684,0.193548
3685,0.870968
3686,0.709677
3687,0.0322581
3688,0.967742
3689,1
3690,1
3691,1
3692,1
3693,0.935484
3694,0.967742
3695,0.967742
3696,0.419355
3697,1
3698,0.935484
3699,0.935484
3700,0.935484
3701,0.935484
3702,0.903226
3703,0.967742
3704,0.935484
3705,0.935484
3706,0.935484
3707,0.935484
3708,0.935484
3709,0.967742
3710,0.903226
3711,0.903226
3712,0.903226
3713,0.967742
3714,0.935484
3715,0.967742
3716,0.903226
3717,0.935484
3718,0.967742
3719,0.967742
3720,0.967742
3721,0.967742
3722,0.935484
3723,0.967742
3724,0.967742
3725,0.935484
3726,0.935484
3727,0.935484
3728,0.870968
3729,0.935484
3730,0.83871
3731,0.967742
3732,0.903226
3733,0.870968
3734,0.967742
3735,0.903226
3736,0.870968
3737,0.967742
3738,0.935484
3739,0.967742
3740,0.903226
3741,0.83871
3742,0.903226
3743,0.903226
3744,0.967742
3745,0.967742
3746,0.967742
3747,0.967742
3748,0.967742
3749,0.967742
3750,0.741935
3751,0.967742
3752,0.935484
3753,0.967742
3754,0.967742
3755,0.806452
3756,0.935484
3757,0.935484
3758,0.935484
3759,0.967742
3760,0.935484
3761,0.935484
3762,0.903226
3763,0.967742
3764,0.935484
3765,0.967742
3766,0.935484
3767,0.967742
3768,0.967742
3769,0.935484
3770,0.935484
3771,0.935484
3772,0.967742
3773,0.967742
3774,0.967742
3775,0.967742
3776,0.967742
3777,0.870968
3778,0.612903
3779,0.967742
3780,0.967742
3781,0.967742
3782,0.967742
3783,0.967742
3784,0.967742
3785,0.935484
3786,0.935484
3787,0.967742
3788,0.935484
3789,0.935484
3790,0.967742
3791,0.935484
3792,0.967742
3793,0.967742
3794,0.967742
3795,0.967742
3796,0.967742
3797,0.967742
3798,0.967742
3799,0.935484
3800,0.935484
3801,0.967742
3802,0.967742
3803,1
3804,0.935484
3805,0.935484
3806,0.935484
3807,0.935484
3808,0.935484
3809,0.935484
3810,0.935484
3811,0.935484
3812,0.935484
3813,0.870968
3814,0.806452
3815,0.903226
3816,1
3817,0.967742
3818,0.903226
3819,1
3820,0.935484
3821,0.935484
3822,0.935484
3823,0.935484
3824,0.935484
3825,1
3826,0.870968
3827,0.967742
3828,0.935484
3829,0.967742
3830,0.935484
3831,0.935484
3832,0.935484
3833,0.935484
3834,0.935484
3835,0.903226
3836,0.903226
3837,0.935484
3838,0.967742
3839,0.967742
3840,1
3841,0.83871
3842,0.967742
3843,0.935484
3844,0.967742
3845,0.967742
3846,0.967742
3847,0.967742
3848,0.935484
3849,0.903226
3850,0.903226
3851,1
3852,0.967742
3853,0.967742
3854,1
3855,1
3856,1
3857,0.967742
3858,1
3859,1
3860,1
3861,1
3862,0.935484
3863,0.935484
3864,0.967742
3865,0.967742
3866,1
3867,0.967742
3868,0.935484
3869,0.935484
3870,0.967742
3871,1
3872,1
3873,1
3874,1
3875,0.935484
3876,0.677419
3877,0.83871
3878,0.870968
3879,0.870968
3880,0.870968
3881,0.870968
3882,0.903226
3883,0.903226
3884,0.903226
3885,0.903226
3886,0.903226
3887,0.903226
3888,0.903226
3889,0.870968
3890,0.677419
3891,0.967742
3892,0.903226
3893,0.935484
3894,0.935484
3895,1
3896,1
3897,0.774194
3898,0.83871
3899,1
3900,1
3901,0.806452
3902,1
3903,1
3904,1
3905,1
3906,1
3907,1
3908,1
3909,1
3910,0.935484
3911,1
3912,0.903226
3913,0.903226
3914,0.903226
3915,0.967742
3916,0.967742
3917,0.967742
3918,0.967742
3919,0.967742
3920,0.935484
3921,0.935484
3922,0.935484
3923,0.967742
3924,0.935484
3925,0.935484
3926,0.935484
3927,0.806452
3928,0.967742
3929,1
3930,0.935484
3931,0.935484
3932,0.967742
3933,0.967742
3934,0.935484
3935,0.967742
3936,0.967742
3937,0.967742
3938,0.935484
3939,0.935484
3940,0.935484
3941,0.935484
3942,0.935484
3943,0.935484
3944,0.935484
3945,0.935484
3946,1
3947,1
3948,1
3949,0.935484
3950,0.935484
3951,1
3952,1
3953,1
3954,1
3955,0.935484
3956,0.935484
3957,1
3958,1
3959,1
3960,1
3961,1
3962,1
3963,1
3964,1
3965,0.870968
3966,0.806452
3967,0.935484
3968,0.935484
3969,0.967742
3970,0.903226
3971,1
3972,0.903226
3973,0.935484
3974,1
3975,1
3976,0.903226
3977,0.83871
3978,0.903226
3979,0.967742
3980,1
3981,0.967742
3982,0.83871
3983,0.935484
3984,1
3985,1
3986,1
3987,0.935484
3988,0.935484
3989,0.903226
3990,0.935484
3991,0.935484
3992,0.967742
3993,1
3994,0.967742
3995,1
3996,1
3997,1
3998,1
3999,0.967742
4000,0.967742
4001,0.967742
4002,0.967742
4003,0.967742
4004,0.83871
4005,0.516129
4006,0.967742
4007,1
4008,1
4009,0.935484
4010,0.967742
4011,0.967742
4012,0.935484
4013,1
4014,1
4015,0.935484
4016,0.935484
4017,0.967742
4018,0.935484
4019,0.967742
4020,0.967742
4021,0.967742
4022,0.967742
4023,0.967742
4024,0.967742
4025,0.967742
4026,1
4027,0.935484
4028,0.935484
4029,0.935484
4030,0.935484
4031,0.516129
4032,1
4033,0.935484
4034,0.548387
4035,0.967742
4036,0.483871
4037,0.935484
4038,0.967742
4039,0.709677
4040,1
4041,0.612903
4042,1
4043,1
4044,0.483871
4045,0.967742
4046,0.903226
4047,0.612903
4048,0.903226
4049,0.741935
4050,1
4051,0.774194
4052,1
4053,0.806452
4054,1
4055,0.935484
4056,0.903226
4057,0.903226
4058,0.870968
4059,0.83871
4060,1
4061,0.935484
4062,0.935484
4063,0.903226
4064,0.903226
4065,0.967742
4066,0.967742
4067,0.967742
4068,0.903226
4069,0.935484
4070,0.870968
4071,0.870968
4072,0.903226
4073,0.870968
4074,0.903226
4075,0.903226
4076,0.935484
4077,0.935484
4078,0.935484
4079,0.903226
4080,0.935484
4081,0.903226
4082,0.903226
4083,0.870968
4084,0.870968
4085,0.83871
4086,0.935484
4087,0.903226
4088,0.967742
4089,1
4090,0.935484
4091,0.935484
4092,0.935484
4093,0.935484
4094,0.935484
4095,0.935484
4096,0.967742
4097,0.903226
4098,0.967742
4099,0.967742
4100,1
4101,0.935484
4102,0.967742
4103,0.870968
4104,1
4105,0.903226
4106,1
4107,0.935484
4108,0.935484
4109,0.935484
4110,0.967742
4111,0.903226
4112,0.967742
4113,0.967742
4114,0.967742
4115,0.967742
4116,0.967742
4117,0.967742
4118,0.967742
4119,0.935484
4120,0.967742
4121,0.870968
4122,0.903226
4123,0.903226
4124,0.935484
4125,0.903226
4126,0.870968
4127,0.903226
4128,0.903226
4129,0.870968
4130,0.83871
4131,0.967742
4132,0.870968
4133,0.806452
4134,0.935484
4135,0.83871
4136,0.903226
4137,0.870968
4138,0.903226
4139,0.903226
4140,0.935484
4141,0.645161
4142,0.967742
4143,1
4144,0.387097
4145,1
4146,0.967742
4147,0.741935
4148,1
4149,0.83871
4150,1
4151,1
4152,0.677419
4153,1
4154,1
4155,1
4156,0.967742
4157,1
4158,1
4159,0.967742
4160,0.967742
4161,0.967742
4162,0.935484
4163,0.967742
4164,0.967742
4165,0.967742
4166,0.903226
4167,0.967742
4168,0.935484
4169,0.903226
4170,0.903226
4171,0.870968
4172,0.774194
4173,0.967742
4174,1
4175,0.967742
4176,0.903226
4177,1
4178,0.903226
4179,0.903226
4180,0.903226
4181,0.903226
4182,0.935484
4183,0.967742
4184,0.935484
4185,0.903226
4186,0.903226
4187,0.903226
4188,0.903226
4189,0.903226
4190,0.903226
4191,0.903226
4192,0.903226
4193,0.935484
4194,0.935484
4195,0.935484
4196,0.935484
4197,0.903226
4198,0.870968
4199,0.903226
4200,0.870968
4201,0.903226
4202,0.83871
4203,0.903226
4204,0.870968
4205,0.83871
4206,0.806452
4207,0.709677
4208,0.83871
4209,0.83871
4210,0.903226
4211,0.83871
4212,0.870968
4213,0.870968
4214,0.870968
4215,0.870968
4216,0.870968
4217,0.903226
4218,0.870968
4219,0.870968
4220,0.903226
4221,0.870968
4222,0.903226
4223,0.870968
4224,0.870968
4225,0.870968
4226,0.83871
4227,0.83871
4228,0.83871
4229,0.806452
4230,0.83871
4231,0.83871
4232,0.870968
4233,0.870968
4234,0.83871
4235,0.83871
4236,0.83871
4237,0.870968
4238,0.935484
4239,0.935484
4240,0.935484
4241,0.83871
4242,0.935484
4243,0.870968
4244,0.870968
4245,0.935484
4246,0.967742
4247,0.967742
4248,0.903226
4249,0.967742
4250,0.967742
4251,0.935484
4252,0.935484
4253,0.903226
4254,0.935484
4255,0.935484
4256,0.903226
4257,0.870968
4258,1
4259,1
4260,0.935484
4261,0.903226
4262,0.967742
4263,0.935484
4264,0.967742
4265,0.967742
4266,0.903226
4267,0.870968
4268,0.83871
4269,0.83871
4270,0.903226
4271,0.903226
4272,0.870968
4273,0.903226
4274,0.903226
4275,0.903226
4276,0.903226
4277,0.903226
4278,0.903226
4279,0.903226
4280,0.903226
4281,0.870968
4282,0.903226
4283,0.903226
4284,0.870968
4285,0.903226
4286,0.903226
4287,0.870968
4288,0.870968
4289,0.903226
4290,0.903226
4291,0.870968
4292,0.806452
4293,0.774194
4294,0.741935
4295,0.806452
4296,0.806452
4297,0.806452
4298,0.903226
4299,0.903226
4300,0.903226
4301,0.870968
4302,0.903226
4303,0.903226
4304,0.903226
4305,0.903226
4306,0.903226
4307,0.83871
4308,0.935484
4309,0.903226
4310,0.903226
4311,0.83871
4312,0.870968
4313,0.903226
4314,0.903226
4315,0.806452
4316,0.83871
4317,0.83871
4318,0.870968
4319,0.806452
4320,0.774194
4321,0.806452
4322,0.806452
4323,0.806452
4324,0.83871
4325,0.870968
4326,0.870968
4327,0.806452
4328,0.83871
4329,0.870968
4330,0.870968
4331,0.870968
4332,0.903226
4333,0.903226
4334,0.903226
4335,0.903226
4336,0.870968
4337,0.903226
4338,0.903226
4339,0.903226
4340,0.903226
4341,0.903226
4342,0.903226
4343,0.870968
4344,0.903226
4345,0.903226
4346,0.870968
4347,0.903226
4348,0.903226
4349,0.903226
4350,0.870968
4351,0.903226
4352,0.870968
4353,0.903226
4354,0.903226
4355,0.870968
4356,0.870968
4357,0.870968
4358,0.870968
4359,0.903226
4360,0.870968
4361,0.903226
4362,0.870968
4363,0.903226
4364,0.903226
4365,0.903226
4366,0.903226
4367,0.903226
4368,0.903226
4369,0.903226
4370,0.903226
4371,0.903226
4372,0.903226
4373,0.903226
4374,0.903226
4375,0.903226
4376,0.903226
4377,0.903226
4378,0.83871
4379,0.83871
4380,0.870968
4381,0.903226
4382,0.870968
4383,0.870968
4384,0.870968
4385,0.870968
4386,0.870968
4387,0.83871
4388,0.903226
4389,0.903226
4390,0.870968
4391,0.935484
4392,0.903226
4393,0.903226
4394,0.903226
4395,0.903226
4396,0.903226
4397,0.677419
4398,0.903226
4399,0.903226
4400,0.870968
4401,0.903226
4402,0.935484
4403,0.967742
4404,0.967742
4405,0.967742
4406,1
4407,0.580645
4408,1
4409,0.387097
4410,1
4411,0.935484
4412,0.870968
4413,0.806452
4414,0.935484
4415,0.903226
4416,0.903226
4417,0.870968
4418,0.903226
4419,0.903226
4420,0.870968
4421,0.870968
4422,0.83871
4423,0.83871
4424,0.83871
4425,0.83871
4426,0.83871
4427,0.903226
4428,0.83871
4429,0.83871
4430,0.870968
4431,0.83871
4432,0.83871
4433,0.83871
4434,0.83871
4435,0.83871
4436,0.83871
4437,0.83871
4438,0.83871
4439,0.870968
4440,0.870968
4441,0.870968
4442,0.870968
4443,0.870968
4444,0.870968
4445,0.870968
4446,0.903226
4447,0.903226
4448,0.903226
4449,0.903226
4450,0.870968
4451,0.870968
4452,0.903226
4453,0.870968
4454,0.870968
4455,0.870968
4456,0.870968
4457,0.870968
4458,0.870968
4459,0.870968
4460,0.83871
4461,0.806452
4462,0.774194
4463,0.83871
4464,0.774194
4465,0.709677
4466,0.774194
4467,0.774194
4468,0.806452
4469,0.903226
4470,0.870968
4471,0.903226
4472,0.870968
4473,0.83871
4474,0.903226
4475,0.870968
4476,0.903226
4477,0.806452
4478,0.870968
4479,0.903226
4480,0.870968
4481,0.903226
4482,0.83871
4483,0.903226
4484,0.870968
4485,0.903226
4486,0.870968
4487,0.741935
4488,0.645161
4489,0.645161
4490,0.741935
4491,0.741935
4492,0.83871
4493,0.483871
4494,0.387097
4495,0.419355
4496,0.354839
4497,0.903226
4498,0.354839
4499,0.322581
4500,0.290323
4501,0.290323
4502,0.806452
4503,0.83871
4504,0.870968
4505,0.870968
4506,0.903226
4507,0.903226
4508,0.903226
4509,0.903226
4510,0.935484
4511,0.903226
4512,0.903226
4513,0.903226
4514,0.903226
4515,0.903226
4516,0.903226
4517,0.903226
4518,0.903226
4519,0.870968
4520,0.903226
4521,0.870968
4522,0.903226
4523,0.83871
4524,0.83871
4525,0.806452
4526,0.83871
4527,0.83871
4528,0.870968
4529,0.870968
4530,0.870968
4531,0.870968
4532,0.83871
4533,0.83871
4534,0.83871
4535,0.870968
4536,0.870968
4537,0.83871
4538,0.83871
4539,0.83871
4540,0.83871
4541,0.83871
4542,0.83871
4543,0.83871
4544,0.83871
4545,0.83871
4546,0.870968
4547,0.870968
4548,0.83871
4549,0.83871
4550,0.83871
4551,0.870968
4552,0.870968
4553,0.870968
4554,0.870968
4555,0.870968
4556,0.870968
4557,0.870968
4558,0.870968
4559,0.870968
4560,0.83871
4561,0.741935
4562,0.709677
4563,0.322581
4564,0.903226
4565,0.870968
4566,0.903226
4567,0.903226
4568,0.870968
4569,0.774194
4570,0.806452
4571,0.870968
4572,0.83871
4573,0.83871
4574,0.870968
4575,0.870968
4576,0.870968
4577,0.83871
4578,0.83871
4579,0.83871
4580,0.83871
4581,0.903226
4582,0.903226
4583,0.83871
4584,0.83871
4585,0.806452
4586,0.903226
4587,0.83871
4588,0.83871
4589,0.806452
4590,0.83871
4591,0.903226
4592,0.903226
4593,0.903226
4594,0.935484
4595,0.870968
4596,0.903226
4597,0.903226
4598,0.870968
4599,0.870968
4600,0.806452
4601,0.83871
4602,0.83871
4603,0.83871
4604,0.806452
4605,0.83871
4606,0.806452
4607,0.806452
4608,0.774194
4609,0.83871
4610,0.83871
4611,0.83871
4612,0.83871
4613,0.83871
4614,0.83871
4615,0.83871
4616,0.83871
4617,0.83871
4618,0.83871
4619,0.83871
4620,0.83871
4621,0.83871
4622,0.870968
4623,0.83871
4624,0.870968
4625,0.806452
4626,0.870968
4627,0.83871
4628,0.83871
4629,0.870968
4630,0.83871
4631,0.870968
4632,0.83871
4633,0.83871
4634,0.83871
4635,0.83871
4636,0.83871
4637,0.645161
4638,0.806452
4639,0.774194
4640,0.870968
4641,0.806452
4642,0.870968
4643,0.806452
4644,0.935484
4645,0.806452
4646,0.903226
4647,0.83871
4648,0.903226
4649,0.903226
4650,0.935484
4651,0.806452
4652,0.870968
4653,0.806452
4654,0.870968
4655,0.806452
4656,0.806452
4657,0.774194
4658,0.83871
4659,0.83871
4660,0.774194
4661,0.903226
4662,0.83871
4663,0.83871
4664,0.870968
4665,0.83871
4666,0.83871
4667,0.83871
4668,0.83871
4669,0.83871
4670,0.83871
4671,0.870968
4672,0.870968
4673,0.83871
4674,0.83871
4675,0.83871
4676,0.870968
4677,0.870968
4678,0.870968
4679,0.870968
4680,0.870968
4681,0.870968
4682,0.83871
4683,0.83871
4684,0.903226
4685,0.935484
4686,0.774194
4687,0.580645
4688,0.967742
4689,0.903226
4690,0.83871
4691,0.870968
4692,0.870968
4693,0.83871
4694,0.83871
4695,0.870968
4696,0.83871
4697,0.83871
4698,0.870968
4699,0.870968
4700,0.870968
4701,0.870968
4702,0.870968
4703,0.903226
4704,0.870968
4705,0.870968
4706,0.903226
4707,0.903226
4708,0.903226
4709,0.903226
4710,0.903226
4711,0.903226
4712,0.903226
4713,0.903226
4714,0.903226
4715,0.870968
4716,0.870968
4717,0.870968
4718,0.870968
4719,0.870968
4720,0.870968
4721,0.870968
4722,0.870968
4723,0.774194
4724,0.709677
4725,0.290323
4726,0.967742
4727,0.83871
4728,0.935484
4729,0.870968
4730,0.903226
4731,0.935484
4732,0.548387
4733,0.83871
4734,0.935484
4735,0.935484
4736,0.935484
4737,0.903226
4738,0.870968
4739,0.870968
4740,0.83871
4741,0.387097
4742,0.580645
4743,0.774194
4744,0.774194
4745,0.83871
4746,0.806452
4747,0.903226
4748,0.935484
4749,0.870968
4750,0.935484
4751,0.935484
4752,0.935484
4753,0.903226
4754,0.935484
4755,0.870968
4756,0.225806
4757,0.870968
4758,0.935484
4759,0.935484
4760,0.935484
4761,0.935484
4762,0.903226
4763,0.741935
4764,0.967742
4765,0.83871
4766,0.83871
4767,0.83871
4768,0.83871
4769,0.83871
4770,0.83871
4771,0.83871
4772,0.83871
4773,0.806452
4774,0.806452
4775,0.806452
4776,0.806452
4777,0.806452
4778,0.806452
4779,0.806452
4780,0.806452
4781,0.806452
4782,0.806452
4783,0.806452
4784,0.806452
4785,0.806452
4786,0.806452
4787,0.806452
4788,0.83871
4789,0.741935
4790,0.387097
4791,0.903226
4792,0.83871
4793,0.774194
4794,0.870968
4795,0.774194
4796,0.903226
4797,0.83871
4798,0.83871
4799,0.83871
4800,0.83871
4801,0.83871
4802,0.870968
4803,0.870968
4804,0.83871
4805,0.83871
4806,0.83871
4807,0.83871
4808,0.806452
4809,0.806452
4810,0.83871
4811,0.83871
4812,0.83871
4813,0.83871
4814,0.83871
4815,0.83871
4816,0.83871
4817,0.83871
4818,0.83871
4819,0.870968
4820,0.83871
4821,0.870968
4822,0.903226
4823,0.903226
4824,0.903226
4825,0.870968
4826,0.870968
4827,0.741935
4828,0.870968
4829,0.645161
4830,0.903226
4831,0.612903
4832,0.806452
4833,0.903226
4834,0.870968
4835,0.645161
4836,0.870968
4837,0.935484
4838,0.806452
4839,0.903226
4840,0.741935
4841,0.870968
4842,0.806452
4843,0.903226
4844,0.870968
4845,0.870968
4846,0.806452
4847,0.83871
4848,0.612903
4849,0.645161
4850,0.806452
4851,0.903226
4852,0.83871
4853,0.935484
4854,0.709677
4855,0.903226
4856,0.806452
4857,0.741935
4858,0.806452
4859,0.741935
4860,0.806452
4861,0.903226
4862,0.774194
4863,0.806452
4864,0.741935
4865,0.83871
4866,0.290323
4867,0.903226
4868,0.870968
4869,0.83871
4870,0.516129
4871,0.870968
4872,0.806452
4873,0.83871
4874,0.806452
4875,0.83871
4876,0.903226
4877,0.774194
4878,0.83871
4879,0.83871
4880,0.774194
4881,0.903226
4882,0.806452
4883,0.903226
4884,0.870968
4885,0.870968
4886,0.870968
4887,0.806452
4888,0.870968
4889,0.870968
4890,0.870968
4891,0.83871
4892,0.83871
4893,0.83871
4894,0.83871
4895,0.806452
4896,0.83871
4897,0.548387
4898,0.806452
4899,0.935484
4900,0.774194
4901,0.903226
4902,0.806452
4903,0.903226
4904,0.774194
4905,0.83871
4906,0.806452
4907,0.741935
4908,0.806452
4909,0.806452
4910,0.806452
4911,0.806452
4912,0.806452
4913,0.83871
4914,0.806452
4915,0.806452
4916,0.806452
4917,0.806452
4918,0.806452
4919,0.83871
4920,0.83871
4921,0.83871
4922,0.83871
4923,0.83871
4924,0.83871
4925,0.83871
4926,0.83871
4927,0.83871
4928,0.83871
4929,0.83871
4930,0.83871
4931,0.83871
4932,0.83871
4933,0.741935
4934,0.774194
4935,0.258065
4936,0.967742
4937,0.870968
4938,0.935484
4939,0.935484
4940,0.806452
4941,0.903226
4942,0.548387
4943,0.870968
4944,0.903226
4945,0.806452
4946,0.935484
4947,0.870968
4948,0.903226
4949,0.870968
4950,0.870968
4951,0.903226
4952,0.870968
4953,0.870968
4954,0.870968
4955,0.580645
4956,0.612903
4957,0.870968
4958,0.870968
4959,0.903226
4960,0.903226
4961,0.709677
4962,0.806452
4963,0.806452
4964,0.83871
4965,0.83871
4966,0.83871
4967,0.903226
4968,0.935484
4969,0.225806
4970,0.870968
4971,0.806452
4972,0.83871
4973,0.83871
4974,0.935484
4975,0.935484
4976,0.903226
4977,0.645161
4978,0.83871
4979,0.870968
4980,0.870968
4981,0.903226
4982,0.806452
4983,0.741935
4984,0.806452
4985,0.709677
4986,0.806452
4987,0.806452
4988,0.806452
4989,0.806452
4990,0.806452
4991,0.774194
4992,0.709677
4993,0.774194
4994,0.741935
4995,0.774194
4996,0.741935
4997,0.806452
4998,0.741935
4999,0.806452
5000,0.741935
5001,0.806452
5002,0.806452
5003,0.774194
5004,0.709677
5005,0.806452
5006,0.83871
5007,0.806452
5008,0.870968
5009,0.774194
5010,0.741935
5011,0.612903
5012,0.903226
5013,0.870968
5014,0.83871
5015,0.83871
5016,0.83871
5017,0.935484
5018,0.967742
5019,0.935484
5020,0.870968
5021,0.935484
5022,0.903226
5023,0.935484
5024,0.903226
5025,0.903226
5026,0.903226
5027,0.903226
5028,0.870968
5029,0.903226
5030,0.870968
5031,0.903226
5032,0.935484
5033,0.903226
5034,0.903226
5035,0.870968
5036,0.870968
5037,0.870968
5038,0.903226
5039,0.903226
5040,0.903226
5041,0.774194
5042,0.354839
5043,0.935484
5044,0.903226
5045,0.935484
5046,0.903226
5047,0.903226
5048,0.903226
5049,0.870968
5050,0.870968
5051,0.870968
5052,0.870968
5053,0.870968
5054,0.870968
5055,0.870968
5056,0.870968
5057,0.870968
5058,0.870968
5059,0.870968
5060,0.870968
5061,0.870968
5062,0.903226
5063,0.774194
5064,0.806452
5065,0.83871
5066,0.903226
5067,0.870968
5068,0.903226
5069,0.83871
5070,0.83871
5071,0.870968
5072,0.870968
5073,0.870968
5074,0.870968
5075,0.83871
5076,0.870968
5077,0.870968
5078,0.870968
5079,0.870968
5080,0.870968
5081,0.870968
5082,0.903226
5083,0.83871
5084,0.903226
5085,0.903226
5086,0.870968
5087,0.903226
5088,0.903226
5089,0.903226
5090,0.935484
5091,0.967742
5092,0.903226
5093,0.967742
5094,0.903226
5095,0.83871
5096,0.903226
5097,0.935484
5098,0.935484
5099,0.870968
5100,0.903226
5101,0.870968
5102,0.903226
5103,0.903226
5104,0.903226
5105,0.870968
5106,0.870968
5107,0.870968
5108,0.870968
5109,0.870968
5110,0.870968
5111,0.870968
5112,0.903226
5113,0.870968
5114,0.903226
5115,0.903226
5116,0.903226
5117,0.935484
5118,0.870968
5119,0.870968
5120,0.870968
5121,0.870968
5122,0.870968
5123,0.870968
5124,0.870968
5125,0.870968
5126,0.870968
5127,0.870968
5128,0.870968
5129,0.870968
5130,0.903226
5131,0.870968
5132,0.870968
5133,0.870968
5134,0.870968
5135,0.870968
5136,0.870968
5137,0.870968
5138,0.870968
5139,0.870968
5140,0.870968
5141,0.870968
5142,0.870968
5143,0.870968
5144,0.870968
5145,0.870968
5146,0.870968
5147,0.870968
5148,0.774194
5149,0.645161
5150,0.290323
5151,0.870968
5152,0.903226
5153,0.903226
5154,0.903226
5155,0.870968
5156,0.903226
5157,0.612903
5158,0.870968
5159,0.903226
5160,0.83871
5161,0.870968
5162,0.903226
5163,0.870968
5164,0.870968
5165,0.870968
5166,0.870968
5167,0.903226
5168,0.580645
5169,0.612903
5170,0.870968
5171,0.935484
5172,0.806452
5173,0.903226
5174,0.709677
5175,0.903226
5176,0.83871
5177,0.903226
5178,0.806452
5179,0.967742
5180,0.870968
5181,0.935484
5182,0.935484
5183,0.83871
5184,0.935484
5185,0.806452
5186,0.935484
5187,0.935484
5188,0.870968
5189,0.83871
5190,0.645161
5191,0.870968
5192,0.870968
5193,0.83871
5194,0.870968
5195,0.870968
5196,0.870968
5197,0.83871
5198,0.83871
5199,0.83871
5200,0.83871
5201,0.870968
5202,0.870968
5203,0.870968
5204,0.870968
5205,0.870968
5206,0.870968
5207,0.870968
5208,0.870968
5209,0.903226
5210,0.903226
5211,0.903226
5212,0.935484
5213,0.935484
5214,0.935484
5215,0.935484
5216,0.741935
5217,0.354839
5218,0.935484
5219,0.903226
5220,0.870968
5221,0.870968
5222,0.870968
5223,0.870968
5224,0.83871
5225,0.870968
5226,0.870968
5227,0.870968
5228,0.83871
5229,0.83871
5230,0.870968
5231,0.870968
5232,0.83871
5233,0.870968
5234,0.83871
5235,0.870968
5236,0.870968
5237,0.870968
5238,0.870968
5239,0.870968
5240,0.870968
5241,0.870968
5242,0.903226
5243,0.903226
5244,0.870968
5245,0.935484
5246,0.903226
5247,0.903226
5248,0.903226
5249,0.903226
5250,0.903226
5251,0.903226
5252,0.903226
5253,0.903226
5254,0.806452
5255,0.83871
5256,0.806452
5257,0.903226
5258,0.870968
5259,0.870968
5260,0.903226
5261,0.903226
5262,0.903226
5263,0.903226
5264,0.903226
5265,0.903226
5266,0.806452
5267,0.870968
5268,0.870968
5269,0.870968
5270,0.870968
5271,0.774194
5272,0.870968
5273,0.83871
5274,0.612903
5275,0.645161
5276,0.83871
5277,0.709677
5278,0.870968
5279,0.83871
5280,0.870968
5281,0.419355
5282,0.806452
5283,0.741935
5284,0.774194
5285,0.870968
5286,0.806452
5287,0.83871
5288,0.870968
5289,0.83871
5290,0.83871
5291,0.774194
5292,0.741935
5293,0.83871
5294,0.806452
5295,0.83871
5296,0.83871
5297,0.806452
5298,0.83871
5299,0.870968
5300,0.83871
5301,0.806452
5302,0.806452
5303,0.806452
5304,0.806452
5305,0.806452
5306,0.806452
5307,0.83871
5308,0.83871
5309,0.806452
5310,0.806452
5311,0.83871
5312,0.806452
5313,0.806452
5314,0.806452
5315,0.83871
5316,0.83871
5317,0.83871
5318,0.83871
5319,0.83871
5320,0.83871
5321,0.83871
5322,0.967742
5323,0.709677
5324,0.354839
5325,0.967742
5326,0.870968
5327,0.83871
5328,0.870968
5329,0.870968
5330,0.903226
5331,0.870968
5332,0.806452
5333,0.83871
5334,0.903226
5335,0.903226
5336,0.935484
5337,0.903226
5338,0.935484
5339,0.903226
5340,0.935484
5341,0.903226
5342,0.903226
5343,0.903226
5344,0.935484
5345,0.935484
5346,0.903226
5347,0.903226
5348,0.903226
5349,0.903226
5350,0.903226
5351,0.903226
5352,0.903226
5353,0.903226
5354,0.903226
5355,0.870968
5356,0.870968
5357,0.870968
5358,0.870968
5359,0.903226
5360,0.806452
5361,0.83871
5362,0.806452
5363,0.870968
5364,0.83871
5365,0.935484
5366,0.83871
5367,0.935484
5368,0.83871
5369,0.935484
5370,0.870968
5371,0.935484
5372,0.870968
5373,0.935484
5374,0.83871
5375,0.870968
5376,0.870968
5377,0.870968
5378,0.83871
5379,0.870968
5380,0.870968
5381,0.870968
5382,0.870968
5383,0.870968
5384,0.870968
5385,0.870968
5386,0.870968
5387,0.870968
5388,0.83871
5389,0.870968
5390,0.83871
5391,0.870968
5392,0.83871
5393,0.903226
5394,0.83871
5395,0.870968
5396,0.870968
5397,0.870968
5398,0.83871
5399,0.870968
5400,0.83871
5401,0.870968
5402,0.870968
5403,0.903226
5404,0.870968
5405,0.870968
5406,0.870968
5407,0.870968
5408,0.870968
5409,0.870968
5410,0.870968
5411,0.774194
5412,0.870968
5413,0.870968
5414,0.870968
5415,0.870968
5416,0.903226
5417,0.935484
5418,0.903226
5419,0.935484
5420,0.935484
5421,0.903226
5422,0.935484
5423,0.935484
5424,0.935484
5425,0.903226
5426,0.903226
5427,0.935484
5428,0.903226
5429,0.935484
5430,0.870968
5431,0.935484
5432,0.935484
5433,0.903226
5434,0.903226
5435,0.903226
5436,0.903226
5437,0.903226
5438,0.903226
5439,0.903226
5440,0.870968
5441,0.870968
5442,0.83871
5443,0.903226
5444,0.870968
5445,0.870968
5446,0.870968
5447,0.83871
5448,0.774194
5449,0.806452
5450,0.741935
5451,0.806452
5452,0.870968
5453,0.870968
5454,0.870968
5455,0.806452
5456,0.935484
5457,0.806452
5458,0.903226
5459,0.870968
5460,0.83871
5461,0.806452
5462,0.83871
5463,0.83871
5464,0.83871
5465,0.83871
5466,0.870968
5467,0.774194
5468,0.83871
5469,0.903226
5470,0.806452
5471,0.806452
5472,0.612903
5473,0.870968
5474,0.870968
5475,0.870968
5476,0.83871
5477,0.967742
5478,0.935484
5479,0.967742
5480,0.870968
5481,0.967742
5482,0.935484
5483,0.903226
5484,0.870968
5485,0.903226
5486,0.903226
5487,0.903226
5488,0.870968
5489,0.870968
5490,0.870968
5491,0.870968
5492,0.870968
5493,0.870968
5494,0.870968
5495,0.903226
5496,0.870968
5497,0.83871
5498,0.741935
5499,0.451613
5500,0.870968
5501,0.83871
5502,0.83871
5503,0.806452
5504,0.83871
5505,0.83871
5506,0.870968
5507,0.870968
5508,0.870968
5509,0.870968
5510,0.870968
5511,0.870968
5512,0.870968
5513,0.870968
5514,0.870968
5515,0.870968
5516,0.870968
5517,0.870968
5518,0.870968
5519,0.870968
5520,0.870968
5521,0.870968
5522,0.870968
5523,0.870968
5524,0.903226
5525,0.935484
5526,0.935484
5527,0.903226
5528,0.903226
5529,0.903226
5530,0.903226
5531,0.870968
5532,0.870968
5533,0.870968
5534,0.870968
5535,0.870968
5536,0.741935
5537,0.870968
5538,0.806452
5539,0.870968
5540,0.903226
5541,0.806452
5542,0.935484
5543,0.83871
5544,0.903226
5545,0.83871
5546,0.903226
5547,0.83871
5548,0.935484
5549,0.806452
5550,0.83871
5551,0.806452
5552,0.290323
5553,0.806452
5554,0.83871
5555,0.83871
5556,0.83871
5557,0.806452
5558,0.806452
5559,0.806452
5560,0.645161
5561,0.83871
5562,0.774194
5563,0.870968
5564,0.83871
5565,0.774194
5566,0.870968
5567,0.870968
5568,0.83871
5569,0.83871
5570,0.870968
5571,0.903226
5572,0.870968
5573,0.677419
5574,0.612903
5575,0.612903
5576,0.580645
5577,0.612903
5578,0.612903
5579,0.645161
5580,0.548387
5581,0.645161
5582,0.548387
5583,0.645161
5584,0.16129
5585,0.774194
5586,0.903226
5587,0.935484
5588,0.806452
5589,0.806452
5590,0.806452
5591,0.870968
5592,0.83871
5593,0.806452
5594,0.83871
5595,0.774194
5596,0.806452
5597,0.870968
5598,0.83871
5599,0.774194
5600,0.774194
5601,0.83871
5602,0.774194
5603,0.806452
5604,0.83871
5605,0.806452
5606,0.83871
5607,0.774194
5608,0.774194
5609,0.774194
5610,0.677419
5611,0.806452
5612,0.806452
5613,0.870968
5614,0.83871
5615,0.903226
5616,0.806452
5617,0.935484
5618,0.83871
5619,0.83871
5620,0.83871
5621,0.774194
5622,0.741935
5623,0.774194
5624,0.741935
5625,0.741935
5626,0.741935
5627,0.709677
5628,0.774194
5629,0.645161
5630,0.612903
5631,0.451613
5632,0.645161
5633,0.451613
5634,0.612903
5635,0.580645
5636,0.612903
5637,0.516129
5638,0.774194
5639,0.645161
5640,0.677419
5641,0.612903
5642,0.741935
5643,0.612903
5644,0.741935
5645,0.612903
5646,0.709677
5647,0.612903
5648,0.612903
5649,0.580645
5650,0.741935
5651,0.548387
5652,0.645161
5653,0.709677
5654,0.774194
5655,0.677419
5656,0.516129
5657,0.774194
5658,0.516129
5659,0.612903
5660,0.709677
5661,0.580645
5662,0.580645
5663,0.548387
5664,0.612903
5665,0.612903
5666,0.677419
5667,0.516129
5668,0.645161
5669,0.741935
5670,0.645161
5671,0.580645
5672,0.612903
5673,0.677419
5674,0.677419
5675,0.612903
5676,0.677419
5677,0.580645
5678,0.645161
5679,0.580645
5680,0.677419
5681,0.548387
5682,0.677419
5683,0.580645
5684,0.612903
5685,0.483871
5686,0.580645
5687,0.548387
5688,0.548387
5689,0.580645
5690,0.709677
5691,0.677419
5692,0.774194
5693,0.774194
5694,0.677419
5695,0.645161
5696,0.645161
5697,0.645161
5698,0.612903
5699,0.612903
5700,0.645161
5701,0.645161
5702,0.612903
5703,0.645161
5704,0.645161
5705,0.612903
5706,0.580645
5707,0.645161
5708,0.677419
5709,0.645161
5710,0.677419
5711,0.709677
5712,0.612903
5713,0.612903
5714,0.612903
5715,0.548387
5716,0.548387
5717,0.580645
5718,0.612903
5719,0.612903
5720,0.580645
5721,0.645161
5722,0.645161
5723,0.677419
5724,0.677419
5725,0.677419
5726,0.645161
5727,0.645161
5728,0.677419
5729,0.677419
5730,0.612903
5731,0.645161
5732,0.612903
5733,0.645161
5734,0.612903
5735,0.645161
5736,0.580645
5737,0.580645
5738,0.612903
5739,0.580645
5740,0.645161
5741,0.580645
5742,0.612903
5743,0.612903
5744,0.645161
5745,0.612903
5746,0.645161
5747,0.612903
5748,0.645161
5749,0.612903
5750,0.645161
5751,0.580645
5752,0.645161
5753,0.580645
5754,0.645161
5755,0.709677
5756,0.645161
5757,0.709677
5758,0.645161
5759,0.677419
5760,0.677419
5761,0.709677
5762,0.645161
5763,0.612903
5764,0.645161
5765,0.612903
5766,0.580645
5767,0.645161
5768,0.580645
5769,0.645161
5770,0.580645
5771,0.645161
5772,0.580645
5773,0.645161
5774,0.580645
5775,0.612903
5776,0.580645
5777,0.612903
5778,0.580645
5779,0.612903
5780,0.580645
5781,0.612903
5782,0.580645
5783,0.612903
5784,0.580645
5785,0.612903
5786,0.580645
5787,0.612903
5788,0.580645
5789,0.612903
5790,0.580645
5791,0.612903
5792,0.645161
5793,0.645161
5794,0.645161
5795,0.645161
5796,0.645161
5797,0.645161
5798,0.645161
5799,0.645161
5800,0.645161
5801,0.645161
5802,0.645161
5803,0.677419
5804,0.612903
5805,0.677419
5806,0.612903
5807,0.677419
5808,0.612903
5809,0.677419
5810,0.612903
5811,0.677419
5812,0.612903
5813,0.677419
5814,0.612903
5815,0.677419
5816,0.612903
5817,0.677419
5818,0.612903
5819,0.677419
5820,0.612903
5821,0.677419
5822,0.612903
5823,0.677419
5824,0.612903
5825,0.677419
5826,0.612903
5827,0.677419
5828,0.612903
5829,0.677419
5830,0.612903
5831,0.677419
5832,0.612903
5833,0.677419
5834,0.612903
5835,0.677419
5836,0.612903
5837,0.677419
5838,0.612903
5839,0.677419
5840,0.612903
5841,0.677419
5842,0.612903
5843,0.677419
5844,0.612903
5845,0.677419
5846,0.612903
5847,0.677419
5848,0.612903
5849,0.677419
5850,0.612903
5851,0.677419
5852,0.612903
5853,0.677419
5854,0.612903
5855,0.645161
5856,0.645161
5857,0.645161
5858,0.645161
5859,0.645161
5860,0.645161
5861,0.645161
5862,0.645161
5863,0.645161
5864,0.645161
5865,0.645161
5866,0.645161
5867,0.645161
5868,0.645161
5869,0.677419
5870,0.83871
5871,0.645161
5872,0.83871
5873,0.645161
5874,0.83871
5875,0.645161
5876,0.83871
5877,0.645161
5878,0.83871
5879,0.645161
5880,0.83871
5881,0.645161
5882,0.83871
5883,0.709677
5884,0.677419
5885,0.645161
5886,0.612903
5887,0.645161
5888,0.612903
5889,0.645161
5890,0.612903
5891,0.645161
5892,0.612903
5893,0.645161
5894,0.612903
5895,0.645161
5896,0.612903
5897,0.645161
5898,0.612903
5899,0.645161
5900,0.612903
5901,0.645161
5902,0.612903
5903,0.645161
5904,0.612903
5905,0.645161
5906,0.612903
5907,0.645161
5908,0.612903
5909,0.645161
5910,0.612903
5911,0.645161
5912,0.612903
5913,0.645161
5914,0.612903
5915,0.645161
5916,0.612903
5917,0.645161
5918,0.612903
5919,0.645161
5920,0.612903
5921,0.645161
5922,0.612903
5923,0.645161
5924,0.612903
5925,0.645161
5926,0.612903
5927,0.612903
5928,0.612903
5929,0.612903
5930,0.612903
5931,0.612903
5932,0.612903
5933,0.612903
5934,0.612903
5935,0.612903
5936,0.612903
5937,0.612903
5938,0.612903
5939,0.612903
5940,0.677419
5941,0.677419
5942,0.677419
5943,0.677419
5944,0.677419
5945,0.677419
5946,0.677419
5947,0.677419
5948,0.677419
5949,0.677419
5950,0.677419
5951,0.677419
5952,0.677419
5953,0.677419
5954,0.677419
5955,0.677419
5956,0.677419
5957,0.612903
5958,0.612903
5959,0.612903
5960,0.612903
5961,0.612903
5962,0.612903
5963,0.612903
5964,0.612903
5965,0.612903
5966,0.612903
5967,0.612903
5968,0.612903
5969,0.612903
5970,0.612903
5971,0.612903
5972,0.612903
5973,0.612903
5974,0.612903
5975,0.612903
5976,0.612903
5977,0.612903
5978,0.612903
5979,0.612903
5980,0.612903
5981,0.612903
5982,0.612903
5983,0.612903
5984,0.612903
5985,0.612903
5986,0.612903
5987,0.612903
5988,0.612903
5989,0.612903
5990,0.612903
5991,0.612903
5992,0.612903
5993,0.612903
5994,0.612903
5995,0.612903
5996,0.612903
5997,0.612903
5998,0.612903
5999,0.612903
6000,0.612903
6001,0.612903
6002,0.612903
6003,0.612903
6004,0.612903
6005,0.612903
6006,0.612903
6007,0.612903
6008,0.612903
6009,0.612903
6010,0.612903
6011,0.612903
6012,0.612903
6013,0.612903
6014,0.612903
6015,0.612903
6016,0.612903
6017,0.612903
6018,0.612903
6019,0.612903
6020,0.612903
6021,0.612903
6022,0.612903
6023,0.612903
6024,0.612903
6025,0.612903
6026,0.612903
6027,0.612903
6028,0.612903
6029,0.612903
6030,0.612903
6031,0.612903
6032,0.612903
6033,0.612903
6034,0.612903
6035,0.612903
6036,0.612903
6037,0.612903
6038,0.612903
6039,0.612903
6040,0.612903
6041,0.612903
6042,0.677419
6043,0.612903
6044,0.677419
6045,0.677419
6046,0.677419
6047,0.677419
6048,0.612903
6049,0.677419
6050,0.612903
6051,0.677419
6052,0.612903
6053,0.612903
6054,0.612903
6055,0.612903
6056,0.612903
6057,0.612903
6058,0.612903
6059,0.612903
6060,0.612903
6061,0.612903
6062,0.612903
6063,0.612903
6064,0.645161
6065,0.645161
6066,0.612903
6067,0.612903
6068,0.645161
6069,0.645161
6070,0.645161
6071,0.612903
6072,0.612903
6073,0.580645
6074,0.580645
6075,0.612903
6076,0.580645
6077,0.580645
6078,0.580645
6079,0.580645
6080,0.580645
6081,0.612903
6082,0.612903
6083,0.612903
6084,0.612903
6085,0.580645
6086,0.612903
6087,0.580645
6088,0.612903
6089,0.645161
6090,0.645161
6091,0.645161
6092,0.645161
6093,0.612903
6094,0.612903
6095,0.645161
6096,0.645161
6097,0.612903
6098,0.612903
6099,0.645161
6100,0.645161
6101,0.645161
6102,0.645161
6103,0.645161
6104,0.645161
6105,0.612903
6106,0.612903
6107,0.612903
6108,0.612903
6109,0.612903
6110,0.580645
6111,0.580645
6112,0.612903
6113,0.612903
6114,0.612903
6115,0.612903
6116,0.612903
6117,0.612903
6118,0.612903
6119,0.612903
6120,0.612903
6121,0.677419
6122,0.677419
6123,0.677419
6124,0.677419
6125,0.677419
6126,0.677419
6127,0.677419
6128,0.677419
6129,0.677419
6130,0.677419
6131,0.677419
6132,0.677419
6133,0.677419
6134,0.677419
6135,0.677419
6136,0.677419
6137,0.677419
6138,0.677419
6139,0.677419
6140,0.677419
6141,0.677419
6142,0.677419
6143,0.677419
6144,0.677419
6145,0.677419
6146,0.677419
6147,0.677419
6148,0.677419
6149,0.677419
6150,0.677419
6151,0.677419
6152,0.677419
6153,0.677419
6154,0.677419
6155,0.677419
6156,0.677419
6157,0.677419
6158,0.677419
6159,0.677419
6160,0.677419
6161,0.677419
6162,0.677419
6163,0.677419
6164,0.677419
6165,0.677419
6166,0.677419
6167,0.677419
6168,0.677419
6169,0.677419
6170,0.677419
6171,0.677419
6172,0.677419
6173,0.677419
6174,0.677419
6175,0.677419
6176,0.677419
6177,0.677419
6178,0.677419
6179,0.677419
6180,0.677419
6181,0.677419
6182,0.677419
6183,0.677419
6184,0.677419
6185,0.677419
6186,0.677419
6187,0.677419
6188,0.677419
6189,0.677419
6190,0.677419
6191,0.677419
6192,0.677419
6193,0.677419
6194,0.677419
6195,0.677419
6196,0.677419
6197,0.677419
6198,0.677419
6199,0.677419
6200,0.677419
6201,0.677419
6202,0.677419
6203,0.677419
6204,0.677419
6205,0.677419
6206,0.677419
6207,0.677419
6208,0.677419
6209,0.677419
6210,0.677419
6211,0.645161
6212,0.83871
6213,0.677419
6214,0.709677
6215,0.677419
6216,0.709677
6217,0.677419
6218,0.709677
6219,0.677419
6220,0.709677
6221,0.677419
6222,0.709677
6223,0.677419
6224,0.709677
6225,0.677419
6226,0.709677
6227,0.677419
6228,0.741935
6229,0.677419
6230,0.741935
6231,0.612903
6232,0.612903
6233,0.612903
6234,0.612903
6235,0.612903
6236,0.612903
6237,0.612903
6238,0.612903
6239,0.612903
6240,0.645161
6241,0.645161
6242,0.645161
6243,0.645161
6244,0.612903
6245,0.580645
6246,0.645161
6247,0.645161
6248,0.645161
6249,0.645161
6250,0.645161
6251,0.645161
6252,0.645161
6253,0.645161
6254,0.645161
6255,0.645161
6256,0.645161
6257,0.645161
6258,0.645161
6259,0.645161
6260,0.645161
6261,0.645161
6262,0.645161
6263,0.645161
6264,0.645161
6265,0.645161
6266,0.645161
6267,0.645161
6268,0.645161
6269,0.645161
6270,0.645161
6271,0.645161
6272,0.645161
6273,0.645161
6274,0.645161
6275,0.645161
6276,0.645161
6277,0.645161
6278,0.645161
6279,0.645161
6280,0.645161
6281,0.645161
6282,0.580645
6283,0.645161
6284,0.580645
6285,0.580645
6286,0.580645
6287,0.580645
6288,0.580645
6289,0.580645
6290,0.580645
6291,0.580645
6292,0.483871
6293,0.322581
6294,0.612903
6295,0.709677
6296,0.645161
6297,0.258065
6298,0.258065
6299,0.258065
6300,0.290323
6301,0.774194
6302,0.548387
6303,0.548387
6304,0.354839
6305,0.354839
6306,0.290323
6307,0.354839
6308,0.709677
6309,0.709677
6310,0.709677
6311,0.709677
6312,0.709677
6313,0.741935
6314,0.709677
6315,0.677419
6316,0.677419
6317,0.612903
6318,0.612903
6319,0.612903
6320,0.612903
6321,0.612903
6322,0.645161
6323,0.322581
6324,0.677419
6325,0.322581
6326,0.677419
6327,0.322581
6328,0.354839
6329,0.387097
6330,0.322581
6331,0.290323
6332,0.483871
6333,0.483871
6334,0.290323
6335,0.516129
6336,0.483871
6337,0.645161
6338,0.290323
6339,0.322581
6340,0.612903
6341,0.322581
6342,0.645161
6343,0.580645
6344,0.612903
6345,0.322581
6346,0.322581
6347,0.322581
6348,0.322581
6349,0.322581
6350,0.709677
6351,0.354839
6352,0.322581
6353,0.354839
6354,0.322581
6355,0.322581
6356,0.354839
6357,0.354839
6358,0.548387
6359,0.354839
6360,0.677419
6361,0.419355
6362,0.677419
6363,0.612903
6364,0.645161
6365,0.645161
6366,0.612903
6367,0.258065
6368,0.322581
6369,0.387097
6370,0.290323
6371,0.290323
6372,0.322581
6373,0.322581
6374,0.322581
6375,0.774194
6376,0.741935
6377,0.354839
6378,0.709677
6379,0.516129
6380,0.709677
6381,0.483871
6382,0.741935
6383,0.354839
6384,0.709677
6385,0.322581
6386,0.709677
6387,0.483871
6388,0.741935
6389,0.483871
6390,0.677419
6391,0.580645
6392,0.580645
6393,0.548387
6394,0.612903
6395,0.548387
6396,0.612903
6397,0.548387
6398,0.645161
6399,0.580645
6400,0.741935
6401,0.580645
6402,0.677419
6403,0.709677
6404,0.548387
6405,0.193548
6406,0.677419
6407,0.83871
6408,0.612903
6409,0.580645
6410,0.516129
6411,0.516129
6412,0.548387
6413,0.580645
6414,0.645161
6415,0.612903
6416,0.709677
6417,0.645161
6418,0.677419
6419,0.645161
6420,0.677419
6421,0.645161
6422,0.709677
6423,0.645161
6424,0.645161
6425,0.645161
6426,0.774194
6427,0.806452
6428,0.903226
6429,0.774194
6430,0.290323
6431,0.290323
6432,0.516129
6433,0.774194
6434,0.16129
6435,0.16129
6436,0.16129
6437,0.16129
6438,0.258065
6439,0.225806
6440,0.83871
6441,1
6442,0.83871
6443,0.83871
6444,0.967742
6445,0.935484
6446,0.741935
6447,0.677419
6448,0.870968
6449,0.935484
6450,0.967742
6451,0.967742
6452,0.935484
6453,0.677419
6454,0.870968
6455,0.967742
6456,1
6457,0.967742
6458,0.870968
6459,0.967742
6460,0.967742
6461,1
6462,1
6463,1
6464,1
6465,0.870968
6466,0.870968
6467,0.870968
6468,0.967742
6469,0.967742
6470,0.967742
6471,0.967742
6472,0.967742
6473,0.903226
6474,0.903226
6475,0.903226
6476,0.903226
6477,0.903226
6478,0.903226
6479,0.935484
6480,0.967742
6481,0.774194
6482,0.709677
6483,0.935484
6484,0.967742
6485,1
6486,1
6487,1
6488,1
6489,0.935484
6490,0.935484
6491,0.935484
6492,0.903226
6493,0.903226
6494,0.903226
6495,0.935484
6496,0.935484
6497,0.935484
6498,0.967742
6499,0.967742
6500,0.967742
6501,0.967742
6502,0.967742
6503,0.967742
6504,0.967742
6505,0.967742
6506,0.967742
6507,0.967742
6508,0.967742
6509,0.967742
6510,0.967742
6511,0.967742
6512,0.967742
6513,0.967742
6514,0.967742
6515,0.967742
6516,0.870968
6517,0.870968
6518,0.774194
6519,0.774194
6520,0.709677
6521,0.870968
6522,0.903226
6523,0.903226
6524,0.903226
6525,0.870968
6526,0.806452
6527,0.903226
6528,0.870968
6529,0.903226
6530,0.870968
6531,0.903226
6532,0.935484
6533,0.935484
6534,0.903226
6535,0.967742
6536,0.870968
6537,0.903226
6538,0.967742
6539,0.935484
6540,0.967742
6541,0.935484
6542,0.967742
6543,0.903226
6544,0.935484
6545,0.935484
6546,0.903226
6547,0.806452
6548,0.903226
6549,0.83871
6550,0.83871
6551,0.806452
6552,0.870968
6553,0.806452
6554,0.806452
6555,0.806452
6556,0.806452
6557,0.741935
6558,0.709677
6559,0.193548
6560,0.870968
6561,0.741935
6562,0.903226
6563,0.774194
6564,0.806452
6565,0.83871
6566,0.83871
6567,0.806452
6568,0.83871
6569,0.806452
6570,0.83871
6571,0.83871
6572,0.83871
6573,0.83871
6574,0.83871
6575,0.83871
6576,0.83871
6577,0.83871
6578,0.83871
6579,0.806452
6580,0.903226
6581,0.806452
6582,0.903226
6583,0.774194
6584,0.903226
6585,0.806452
6586,0.83871
6587,0.774194
6588,0.806452
6589,0.774194
6590,0.806452
6591,0.774194
6592,0.83871
6593,0.774194
6594,0.83871
6595,0.677419
6596,0.870968
6597,0.870968
6598,0.903226
6599,0.83871
6600,0.774194
6601,0.774194
6602,0.741935
6603,0.741935
6604,0.677419
6605,0.741935
6606,0.741935
6607,0.612903
6608,0.741935
6609,0.580645
6610,0.677419
6611,0.580645
6612,0.645161
6613,0.645161
6614,0.645161
6615,0.677419
6616,0.612903
6617,0.709677
6618,0.709677
6619,0.677419
6620,0.580645
6621,0.612903
6622,0.709677
6623,0.548387
6624,0.709677
6625,0.741935
6626,0.709677
6627,0.709677
6628,0.709677
6629,0.709677
6630,0.645161
6631,0.645161
6632,0.677419
6633,0.645161
6634,0.677419
6635,0.645161
6636,0.677419
6637,0.645161
6638,0.645161
6639,0.516129
6640,0.516129
6641,0.645161
6642,0.774194
6643,0.677419
6644,0.645161
6645,0.0967742
6646,0.903226
6647,0.677419
6648,0.741935
6649,0.645161
6650,0.709677
6651,0.677419
6652,0.193548
6653,0.709677
6654,0.193548
6655,0.741935
6656,0.193548
6657,0.806452
6658,0.709677
6659,0.225806
6660,0.709677
6661,0.258065
6662,0.709677
6663,0.935484
6664,0.741935
6665,0.935484
6666,0.709677
6667,0.225806
6668,0.709677
6669,0.903226
6670,0.741935
6671,0.806452
6672,0.741935
6673,0.612903
6674,0.580645
6675,0.806452
6676,0.645161
6677,0.870968
6678,0.709677
6679,0.225806
6680,0.645161
6681,0.387097
6682,0.774194
6683,0.225806
6684,0.580645
6685,0.741935
6686,0.677419
6687,0.774194
6688,0.741935
6689,0.709677
6690,0.193548
6691,0.741935
6692,0.290323
6693,0.774194
6694,0.870968
6695,0.870968
6696,0.870968
6697,0.870968
6698,0.83871
6699,0.870968
6700,0.83871
6701,0.483871
6702,0.483871
6703,0.83871
6704,0.709677
6705,0.774194
6706,0.741935
6707,0.709677
6708,0.774194
6709,0.741935
6710,0.741935
6711,0.709677
6712,0.741935
6713,0.709677
6714,0.709677
6715,0.709677
6716,0.774194
6717,0.741935
6718,0.83871
6719,0.806452
6720,0.741935
6721,0.741935
6722,0.193548
6723,0.774194
6724,0.870968
6725,0.774194
6726,0.903226
6727,0.806452
6728,0.870968
6729,0.806452
6730,0.903226
6731,0.806452
6732,0.870968
6733,0.774194
6734,0.870968
6735,0.806452
6736,0.806452
6737,0.806452
6738,0.806452
6739,0.774194
6740,0.806452
6741,0.806452
6742,0.806452
6743,0.83871
6744,0.806452
6745,0.83871
6746,0.806452
6747,0.903226
6748,0.83871
6749,0.870968
6750,0.774194
6751,0.83871
6752,0.83871
6753,0.83871
6754,0.83871
6755,0.83871
6756,0.83871
6757,0.83871
6758,0.83871
6759,0.83871
6760,0.870968
6761,0.83871
6762,0.870968
6763,0.83871
6764,0.870968
6765,0.83871
6766,0.83871
6767,0.83871
6768,0.83871
6769,0.83871
6770,0.903226
6771,0.870968
6772,0.83871
6773,0.870968
6774,0.903226
6775,0.870968
6776,0.83871
6777,0.903226
6778,0.83871
6779,0.903226
6780,0.83871
6781,0.83871
6782,0.83871
6783,0.870968
6784,0.806452
6785,0.83871
6786,0.677419
6787,0.677419
6788,0.322581
6789,0.967742
6790,0.903226
6791,0.806452
6792,0.83871
6793,0.903226
6794,0.83871
6795,0.516129
6796,0.741935
6797,0.903226
6798,0.870968
6799,0.774194
6800,0.806452
6801,0.806452
6802,0.83871
6803,0.774194
6804,0.806452
6805,0.677419
6806,0.612903
6807,0.709677
6808,0.83871
6809,0.83871
6810,0.903226
6811,0.83871
6812,0.806452
6813,0.741935
6814,0.870968
6815,0.903226
6816,0.903226
6817,0.967742
6818,0.935484
6819,0.903226
6820,0.258065
6821,0.774194
6822,0.903226
6823,0.645161
6824,0.903226
6825,0.903226
6826,0.870968
6827,0.806452
6828,0.870968
6829,0.83871
6830,0.870968
6831,0.806452
6832,0.806452
6833,0.83871
6834,0.83871
6835,0.83871
6836,0.83871
6837,0.903226
6838,0.870968
6839,0.903226
6840,0.870968
6841,0.83871
6842,0.903226
6843,0.83871
6844,0.903226
6845,0.903226
6846,0.935484
6847,0.935484
6848,0.903226
6849,0.903226
6850,0.935484
6851,0.870968
6852,0.903226
6853,0.774194
6854,0.419355
6855,0.967742
6856,0.870968
6857,0.806452
6858,0.806452
6859,0.83871
6860,0.870968
6861,0.935484
6862,0.903226
6863,0.870968
6864,0.870968
6865,0.870968
6866,0.83871
6867,0.903226
6868,0.903226
6869,0.83871
6870,0.806452
6871,0.806452
6872,0.806452
6873,0.806452
6874,0.83871
6875,0.83871
6876,0.870968
6877,0.870968
6878,0.870968
6879,0.83871
6880,0.903226
6881,0.935484
6882,0.935484
6883,0.935484
6884,0.935484
6885,0.935484
6886,0.903226
6887,0.83871
6888,0.83871
6889,0.806452
6890,0.741935
6891,0.774194
6892,0.741935
6893,0.83871
6894,0.806452
6895,0.903226
6896,0.83871
6897,0.903226
6898,0.870968
6899,0.935484
6900,0.870968
6901,0.903226
6902,0.870968
6903,0.83871
6904,0.83871
6905,0.83871
6906,0.83871
6907,0.83871
6908,0.806452
6909,0.903226
6910,0.741935
6911,0.903226
6912,0.806452
6913,0.870968
6914,0.83871
6915,0.83871
6916,0.903226
6917,0.870968
6918,0.870968
6919,0.870968
6920,0.870968
6921,0.935484
6922,0.870968
6923,0.935484
6924,0.870968
6925,0.903226
6926,0.903226
6927,0.935484
6928,0.935484
6929,0.935484
6930,0.935484
6931,0.935484
6932,0.935484
6933,0.935484
6934,0.935484
6935,0.935484
6936,0.967742
6937,0.935484
6938,0.967742
6939,0.935484
6940,0.870968
6941,0.83871
6942,0.677419
6943,0.83871
6944,0.870968
6945,0.83871
6946,0.83871
6947,0.83871
6948,0.870968
6949,0.83871
6950,0.870968
6951,0.83871
6952,0.935484
6953,0.935484
6954,0.967742
6955,0.967742
6956,0.935484
6957,0.935484
6958,0.903226
6959,0.903226
6960,0.870968
6961,0.903226
6962,0.903226
6963,0.903226
6964,0.903226
6965,0.83871
6966,0.806452
6967,0.806452
6968,0.806452
6969,0.806452
6970,0.83871
6971,0.83871
6972,0.870968
6973,0.83871
6974,0.903226
6975,0.83871
6976,0.870968
6977,0.806452
6978,0.935484
6979,0.83871
6980,0.870968
6981,0.935484
6982,0.83871
6983,0.935484
6984,0.903226
6985,0.935484
6986,0.903226
6987,0.935484
6988,0.935484
6989,0.903226
6990,0.935484
6991,0.870968
6992,0.870968
6993,0.870968
6994,0.870968
6995,0.870968
6996,0.83871
6997,0.870968
6998,0.870968
6999,0.870968
7000,0.806452
7001,0.83871
7002,0.83871
7003,0.83871
7004,0.83871
7005,0.806452
7006,0.83871
7007,0.806452
7008,0.774194
7009,0.806452
7010,0.774194
7011,0.806452
7012,0.83871
7013,0.83871
7014,0.806452
7015,0.806452
7016,0.806452
7017,0.806452
7018,0.806452
7019,0.870968
7020,0.806452
7021,0.806452
7022,0.83871
7023,0.806452
7024,0.870968
7025,0.806452
7026,0.741935
7027,0.16129
7028,0.870968
7029,0.806452
7030,0.806452
7031,0.806452
7032,0.83871
7033,0.83871
7034,0.83871
7035,0.903226
7036,0.83871
7037,0.903226
7038,0.903226
7039,0.870968
7040,0.935484
7041,0.870968
7042,0.903226
7043,0.903226
7044,0.903226
7045,0.903226
7046,0.903226
7047,0.806452
7048,0.806452
7049,0.806452
7050,0.806452
7051,0.806452
7052,0.83871
7053,0.83871
7054,0.870968
7055,0.83871
7056,0.870968
7057,0.83871
7058,0.83871
7059,0.83871
7060,0.83871
7061,0.83871
7062,0.83871
7063,0.806452
7064,0.806452
7065,0.83871
7066,0.870968
7067,0.935484
7068,0.806452
7069,0.935484
7070,0.741935
7071,0.677419
7072,0.677419
7073,0.709677
7074,0.709677
7075,0.709677
7076,0.741935
7077,0.258065
7078,0.741935
7079,0.83871
7080,0.774194
7081,0.774194
7082,0.774194
7083,0.83871
7084,0.806452
7085,0.806452
7086,0.806452
7087,0.83871
7088,0.83871
7089,0.806452
7090,0.806452
7091,0.83871
7092,0.806452
7093,0.903226
7094,0.806452
7095,0.83871
7096,0.83871
7097,0.83871
7098,0.806452
7099,0.806452
7100,0.645161
7101,0.83871
7102,0.83871
7103,0.677419
7104,0.83871
7105,0.709677
7106,0.774194
7107,0.774194
7108,0.677419
7109,0.774194
7110,0.806452
7111,0.83871
7112,0.774194
7113,0.741935
7114,0.774194
7115,0.709677
7116,0.83871
7117,0.806452
7118,0.774194
7119,0.225806
7120,0.741935
7121,0.83871
7122,0.806452
7123,0.580645
7124,0.806452
7125,0.774194
7126,0.741935
7127,0.806452
7128,0.774194
7129,0.806452
7130,0.741935
7131,0.83871
7132,0.774194
7133,0.903226
7134,0.83871
7135,0.903226
7136,0.83871
7137,0.83871
7138,0.806452
7139,0.83871
7140,0.83871
7141,0.774194
7142,0.806452
7143,0.774194
7144,0.806452
7145,0.806452
7146,0.806452
7147,0.806452
7148,0.83871
7149,0.806452
7150,0.419355
7151,0.774194
7152,0.806452
7153,0.806452
7154,0.83871
7155,0.83871
7156,0.83871
7157,0.83871
7158,0.870968
7159,0.903226
7160,0.806452
7161,0.903226
7162,0.903226
7163,0.935484
7164,0.903226
7165,0.903226
7166,0.903226
7167,0.903226
7168,0.903226
7169,0.903226
7170,0.903226
7171,0.903226
7172,0.903226
7173,0.903226
7174,0.903226
7175,0.870968
7176,0.903226
7177,0.903226
7178,0.903226
7179,0.903226
7180,0.903226
7181,0.870968
7182,0.806452
7183,0.806452
7184,0.806452
7185,0.741935
7186,0.83871
7187,0.774194
7188,0.806452
7189,0.83871
7190,0.83871
7191,0.935484
7192,0.903226
7193,0.870968
7194,0.903226
7195,0.870968
7196,0.935484
7197,0.903226
7198,0.903226
7199,0.83871
7200,0.774194
7201,0.935484
7202,0.83871
7203,0.806452
7204,0.709677
7205,0.83871
7206,0.967742
7207,0.935484
7208,0.83871
7209,0.870968
7210,0.870968
7211,0.870968
7212,0.870968
7213,0.83871
7214,0.870968
7215,0.83871
7216,0.870968
7217,0.870968
7218,0.870968
7219,0.935484
7220,0.83871
7221,0.967742
7222,0.870968
7223,0.870968
7224,0.870968
7225,0.83871
7226,0.806452
7227,0.870968
7228,0.83871
7229,0.903226
7230,0.870968
7231,0.806452
7232,0.806452
7233,0.774194
7234,0.806452
7235,0.677419
7236,0.258065
7237,0.903226
7238,0.83871
7239,0.806452
7240,0.83871
7241,0.806452
7242,0.83871
7243,0.870968
7244,0.903226
7245,0.83871
7246,0.903226
7247,0.935484
7248,0.935484
7249,0.935484
7250,0.935484
7251,0.935484
7252,0.935484
7253,0.935484
7254,0.935484
7255,0.935484
7256,0.935484
7257,0.935484
7258,0.935484
7259,0.870968
7260,0.83871
7261,0.870968
7262,0.83871
7263,0.806452
7264,0.83871
7265,0.806452
7266,0.83871
7267,0.806452
7268,0.83871
7269,0.774194
7270,0.774194
7271,0.677419
7272,0.774194
7273,0.741935
7274,0.806452
7275,0.774194
7276,0.870968
7277,0.806452
7278,0.870968
7279,0.806452
7280,0.870968
7281,0.83871
7282,0.903226
7283,0.774194
7284,0.870968
7285,0.258065
7286,0.741935
7287,0.741935
7288,0.193548
7289,0.741935
7290,0.612903
7291,0.774194
7292,0.83871
7293,0.83871
7294,0.83871
7295,0.83871
7296,0.83871
7297,0.83871
7298,0.83871
7299,0.83871
7300,0.870968
7301,0.806452
7302,0.83871
7303,0.806452
7304,0.83871
7305,0.806452
7306,0.935484
7307,0.870968
7308,0.870968
7309,0.806452
7310,0.83871
7311,0.806452
7312,0.83871
7313,0.806452
7314,0.806452
7315,0.774194
7316,0.774194
7317,0.806452
7318,0.774194
7319,0.806452
7320,0.774194
7321,0.709677
7322,0.322581
7323,0.935484
7324,0.83871
7325,0.83871
7326,0.806452
7327,0.83871
7328,0.83871
7329,0.870968
7330,0.83871
7331,0.870968
7332,0.83871
7333,0.870968
7334,0.83871
7335,0.870968
7336,0.83871
7337,0.870968
7338,0.83871
7339,0.870968
7340,0.83871
7341,0.83871
7342,0.870968
7343,0.870968
7344,0.83871
7345,0.83871
7346,0.870968
7347,0.870968
7348,0.870968
7349,0.870968
7350,0.83871
7351,0.806452
7352,0.903226
7353,0.806452
7354,0.83871
7355,0.806452
7356,0.870968
7357,0.709677
7358,0.806452
7359,0.677419
7360,0.83871
7361,0.870968
7362,0.870968
7363,0.903226
7364,0.83871
7365,0.903226
7366,0.83871
7367,0.903226
7368,0.903226
7369,0.741935
7370,0.774194
7371,0.741935
7372,0.677419
7373,0.677419
7374,0.193548
7375,0.741935
7376,0.806452
7377,0.870968
7378,0.83871
7379,0.870968
7380,0.774194
7381,0.645161
7382,0.741935
7383,0.806452
7384,0.806452
7385,0.83871
7386,0.806452
7387,0.83871
7388,0.806452
7389,0.870968
7390,0.806452
7391,0.83871
7392,0.903226
7393,0.83871
7394,0.774194
7395,0.806452
7396,0.774194
7397,0.83871
7398,0.774194
7399,0.741935
7400,0.806452
7401,0.774194
7402,0.774194
7403,0.774194
7404,0.774194
7405,0.774194
7406,0.774194
7407,0.774194
7408,0.290323
7409,0.806452
7410,0.806452
7411,0.83871
7412,0.83871
7413,0.83871
7414,0.83871
7415,0.83871
7416,0.83871
7417,0.83871
7418,0.83871
7419,0.83871
7420,0.83871
7421,0.83871
7422,0.83871
7423,0.83871
7424,0.83871
7425,0.83871
7426,0.83871
7427,0.83871
7428,0.83871
7429,0.83871
7430,0.83871
7431,0.83871
7432,0.806452
7433,0.83871
7434,0.83871
7435,0.83871
7436,0.806452
7437,0.83871
7438,0.806452
7439,0.83871
7440,0.806452
7441,0.83871
7442,0.774194
7443,0.677419
7444,0.806452
7445,0.645161
7446,0.83871
7447,0.83871
7448,0.903226
7449,0.806452
7450,0.903226
7451,0.806452
7452,0.806452
7453,0.709677
7454,0.741935
7455,0.709677
7456,0.774194
7457,0.741935
7458,0.741935
7459,0.741935
7460,0.709677
7461,0.645161
7462,0.709677
7463,0.709677
7464,0.741935
7465,0.16129
7466,0.709677
7467,0.806452
7468,0.83871
7469,0.83871
7470,0.83871
7471,0.806452
7472,0.83871
7473,0.870968
7474,0.83871
7475,0.806452
7476,0.83871
7477,0.806452
7478,0.903226
7479,0.83871
7480,0.903226
7481,0.870968
7482,0.83871
7483,0.806452
7484,0.83871
7485,0.806452
7486,0.806452
7487,0.741935
7488,0.774194
7489,0.806452
7490,0.774194
7491,0.806452
7492,0.806452
7493,0.677419
7494,0.322581
7495,0.935484
7496,0.83871
7497,0.83871
7498,0.903226
7499,0.193548
7500,0.806452
7501,0.870968
7502,0.83871
7503,0.870968
7504,0.83871
7505,0.870968
7506,0.83871
7507,0.870968
7508,0.83871
7509,0.870968
7510,0.83871
7511,0.870968
7512,0.83871
7513,0.870968
7514,0.83871
7515,0.870968
7516,0.83871
7517,0.870968
7518,0.83871
7519,0.870968
7520,0.83871
7521,0.870968
7522,0.83871
7523,0.870968
7524,0.83871
7525,0.870968
7526,0.83871
7527,0.580645
7528,0.806452
7529,0.83871
7530,0.741935
7531,0.83871
7532,0.612903
7533,0.903226
7534,0.774194
7535,0.225806
7536,0.741935
7537,0.741935
7538,0.806452
7539,0.741935
7540,0.806452
7541,0.806452
7542,0.774194
7543,0.645161
7544,0.677419
7545,0.580645
7546,0.709677
7547,0.612903
7548,0.741935
7549,0.741935
7550,0.741935
7551,0.741935
7552,0.677419
7553,0.677419
7554,0.709677
7555,0.193548
7556,0.709677
7557,0.16129
7558,0.774194
7559,0.806452
7560,0.83871
7561,0.806452
7562,0.806452
7563,0.806452
7564,0.903226
7565,0.83871
7566,0.903226
7567,0.83871
7568,0.83871
7569,0.83871
7570,0.774194
7571,0.806452
7572,0.774194
7573,0.806452
7574,0.806452
7575,0.806452
7576,0.806452
7577,0.806452
7578,0.806452
7579,0.806452
7580,0.83871
7581,0.83871
7582,0.258065
7583,0.774194
7584,0.774194
7585,0.741935
7586,0.741935
7587,0.774194
7588,0.225806
7589,0.83871
7590,0.83871
7591,0.193548
7592,0.774194
7593,0.870968
7594,0.83871
7595,0.870968
7596,0.83871
7597,0.870968
7598,0.83871
7599,0.870968
7600,0.83871
7601,0.870968
7602,0.83871
7603,0.548387
7604,0.806452
7605,0.83871
7606,0.83871
7607,0.83871
7608,0.83871
7609,0.83871
7610,0.83871
7611,0.83871
7612,0.806452
7613,0.806452
7614,0.612903
7615,0.774194
7616,0.709677
7617,0.774194
7618,0.806452
7619,0.83871
7620,0.903226
7621,0.903226
7622,0.741935
7623,0.806452
7624,0.741935
7625,0.774194
7626,0.774194
7627,0.709677
7628,0.709677
7629,0.774194
7630,0.677419
7631,0.709677
7632,0.677419
7633,0.709677
7634,0.645161
7635,0.709677
7636,0.709677
7637,0.741935
7638,0.741935
7639,0.806452
7640,0.741935
7641,0.806452
7642,0.741935
7643,0.741935
7644,0.677419
7645,0.258065
7646,0.806452
7647,0.258065
7648,0.806452
7649,0.258065
7650,0.806452
7651,0.83871
7652,0.741935
7653,0.806452
7654,0.709677
7655,0.741935
7656,0.741935
7657,0.741935
7658,0.709677
7659,0.806452
7660,0.709677
7661,0.677419
7662,0.677419
7663,0.677419
7664,0.677419
7665,0.709677
7666,0.677419
7667,0.677419
7668,0.193548
7669,0.806452
7670,0.741935
7671,0.709677
7672,0.741935
7673,0.741935
7674,0.806452
7675,0.774194
7676,0.741935
7677,0.741935
7678,0.774194
7679,0.741935
7680,0.774194
7681,0.741935
7682,0.774194
7683,0.741935
7684,0.774194
7685,0.741935
7686,0.774194
7687,0.741935
7688,0.774194
7689,0.741935
7690,0.774194
7691,0.741935
7692,0.774194
7693,0.741935
7694,0.774194
7695,0.741935
7696,0.741935
7697,0.741935
7698,0.774194
7699,0.741935
7700,0.774194
7701,0.774194
7702,0.741935
7703,0.709677
7704,0.774194
7705,0.677419
7706,0.16129
7707,0.774194
7708,0.774194
7709,0.645161
7710,0.774194
7711,0.645161
7712,0.806452
7713,0.774194
7714,0.806452
7715,0.806452
7716,0.741935
7717,0.709677
7718,0.774194
7719,0.741935
7720,0.677419
7721,0.741935
7722,0.741935
7723,0.709677
7724,0.709677
7725,0.709677
7726,0.677419
7727,0.677419
7728,0.709677
7729,0.645161
7730,0.709677
7731,0.709677
7732,0.677419
7733,0.709677
7734,0.741935
7735,0.677419
7736,0.709677
7737,0.677419
7738,0.709677
7739,0.645161
7740,0.709677
7741,0.645161
7742,0.741935
7743,0.645161
7744,0.806452
7745,0.709677
7746,0.677419
7747,0.677419
7748,0.709677
7749,0.709677
7750,0.677419
7751,0.741935
7752,0.709677
7753,0.709677
7754,0.774194
7755,0.677419
7756,0.709677
7757,0.741935
7758,0.741935
7759,0.741935
7760,0.741935
7761,0.709677
7762,0.741935
7763,0.741935
7764,0.741935
7765,0.741935
7766,0.741935
7767,0.774194
7768,0.709677
7769,0.774194
7770,0.709677
7771,0.677419
7772,0.193548
7773,0.806452
7774,0.709677
7775,0.709677
7776,0.741935
7777,0.741935
7778,0.741935
7779,0.709677
7780,0.774194
7781,0.741935
7782,0.741935
7783,0.741935
7784,0.709677
7785,0.741935
7786,0.193548
7787,0.709677
7788,0.741935
7789,0.709677
7790,0.16129
7791,0.741935
7792,0.774194
7793,0.806452
7794,0.483871
7795,0.483871
7796,0.741935
7797,0.870968
7798,0.774194
7799,0.870968
7800,0.83871
7801,0.83871
7802,0.83871
7803,0.83871
7804,0.83871
7805,0.612903
7806,0.806452
7807,0.774194
7808,0.741935
7809,0.806452
7810,0.741935
7811,0.741935
7812,0.741935
7813,0.741935
7814,0.806452
7815,0.709677
7816,0.709677
7817,0.645161
7818,0.741935
7819,0.677419
7820,0.774194
7821,0.677419
7822,0.451613
7823,0.612903
7824,0.774194
7825,0.677419
7826,0.741935
7827,0.612903
7828,0.677419
7829,0.580645
7830,0.709677
7831,0.741935
7832,0.774194
7833,0.774194
7834,0.741935
7835,0.677419
7836,0.709677
7837,0.774194
7838,0.741935
7839,0.741935
7840,0.774194
7841,0.774194
7842,0.774194
7843,0.774194
7844,0.774194
7845,0.741935
7846,0.774194
7847,0.741935
7848,0.774194
7849,0.741935
7850,0.741935
7851,0.774194
7852,0.741935
7853,0.774194
7854,0.741935
7855,0.774194
7856,0.741935
7857,0.741935
7858,0.741935
7859,0.645161
7860,0.258065
7861,0.806452
7862,0.806452
7863,0.741935
7864,0.741935
7865,0.741935
7866,0.741935
7867,0.774194
7868,0.741935
7869,0.16129
7870,0.774194
7871,0.774194
7872,0.290323
7873,0.741935
7874,0.290323
7875,0.741935
7876,0.870968
7877,0.774194
7878,0.806452
7879,0.774194
7880,0.580645
7881,0.451613
7882,0.774194
7883,0.774194
7884,0.870968
7885,0.774194
7886,0.870968
7887,0.83871
7888,0.83871
7889,0.806452
7890,0.354839
7891,0.741935
7892,0.354839
7893,0.677419
7894,0.83871
7895,0.774194
7896,0.83871
7897,0.83871
7898,0.83871
7899,0.741935
7900,0.806452
7901,0.709677
7902,0.645161
7903,0.709677
7904,0.677419
7905,0.709677
7906,0.709677
7907,0.709677
7908,0.645161
7909,0.741935
7910,0.645161
7911,0.741935
7912,0.645161
7913,0.741935
7914,0.645161
7915,0.741935
7916,0.741935
7917,0.677419
7918,0.709677
7919,0.677419
7920,0.709677
7921,0.709677
7922,0.741935
7923,0.709677
7924,0.774194
7925,0.709677
7926,0.709677
7927,0.741935
7928,0.741935
7929,0.741935
7930,0.709677
7931,0.709677
7932,0.709677
7933,0.741935
7934,0.774194
7935,0.709677
7936,0.741935
7937,0.709677
7938,0.774194
7939,0.709677
7940,0.709677
7941,0.709677
7942,0.741935
7943,0.741935
7944,0.709677
7945,0.677419
7946,0.129032
7947,0.806452
7948,0.677419
7949,0.677419
7950,0.677419
7951,0.677419
7952,0.709677
7953,0.709677
7954,0.741935
7955,0.741935
7956,0.741935
7957,0.741935
7958,0.741935
7959,0.677419
7960,0.709677
7961,0.677419
7962,0.741935
7963,0.677419
7964,0.709677
7965,0.677419
7966,0.709677
7967,0.677419
7968,0.677419
7969,0.709677
7970,0.645161
7971,0.741935
7972,0.483871
7973,0.741935
7974,0.483871
7975,0.741935
7976,0.451613
7977,0.741935
7978,0.483871
7979,0.741935
7980,0.483871
7981,0.774194
7982,0.741935
7983,0.774194
7984,0.645161
7985,0.645161
7986,0.709677
7987,0.225806
7988,0.709677
7989,0.741935
7990,0.709677
7991,0.677419
7992,0.709677
7993,0.709677
7994,0.580645
7995,0.741935
7996,0.677419
7997,0.774194
7998,0.677419
7999,0.806452
8000,0.677419
8001,0.806452
8002,0.709677
8003,0.806452
8004,0.677419
8005,0.774194
8006,0.580645
8007,0.709677
8008,0.741935
8009,0.709677
8010,0.677419
8011,0.677419
8012,0.709677
8013,0.677419
8014,0.677419
8015,0.677419
8016,0.677419
8017,0.677419
8018,0.645161
8019,0.677419
8020,0.677419
8021,0.677419
8022,0.677419
8023,0.677419
8024,0.677419
8025,0.677419
8026,0.709677
8027,0.741935
8028,0.709677
8029,0.709677
8030,0.709677
8031,0.741935
8032,0.451613
8033,0.741935
8034,0.709677
8035,0.741935
8036,0.774194
8037,0.774194
8038,0.774194
8039,0.774194
8040,0.774194
8041,0.741935
8042,0.774194
8043,0.774194
8044,0.774194
8045,0.774194
8046,0.774194
8047,0.774194
8048,0.774194
8049,0.774194
8050,0.741935
8051,0.741935
8052,0.741935
8053,0.709677
8054,0.741935
8055,0.741935
8056,0.741935
8057,0.709677
8058,0.741935
8059,0.741935
8060,0.709677
8061,0.709677
8062,0.709677
8063,0.709677
8064,0.709677
8065,0.677419
8066,0.645161
8067,0.645161
8068,0.612903
8069,0.741935
8070,0.612903
8071,0.16129
8072,0.709677
8073,0.806452
8074,0.709677
8075,0.741935
8076,0.612903
8077,0.741935
8078,0.645161
8079,0.774194
8080,0.774194
8081,0.677419
8082,0.709677
8083,0.709677
8084,0.645161
8085,0.709677
8086,0.709677
8087,0.806452
8088,0.612903
8089,0.709677
8090,0.709677
8091,0.709677
8092,0.709677
8093,0.741935
8094,0.645161
8095,0.419355
8096,0.645161
8097,0.741935
8098,0.645161
8099,0.806452
8100,0.709677
8101,0.774194
8102,0.709677
8103,0.774194
8104,0.741935
8105,0.806452
8106,0.709677
8107,0.83871
8108,0.774194
8109,0.870968
8110,0.806452
8111,0.774194
8112,0.774194
8113,0.774194
8114,0.774194
8115,0.774194
8116,0.774194
8117,0.774194
8118,0.774194
8119,0.774194
8120,0.774194
8121,0.774194
8122,0.741935
8123,0.741935
8124,0.774194
8125,0.774194
8126,0.774194
8127,0.774194
8128,0.774194
8129,0.774194
8130,0.774194
8131,0.774194
8132,0.774194
8133,0.741935
8134,0.741935
8135,0.774194
8136,0.709677
8137,0.16129
8138,0.806452
8139,0.774194
8140,0.774194
8141,0.774194
8142,0.806452
8143,0.774194
8144,0.774194
8145,0.774194
8146,0.774194
8147,0.774194
8148,0.774194
8149,0.774194
8150,0.774194
8151,0.774194
8152,0.774194
8153,0.774194
8154,0.774194
8155,0.774194
8156,0.774194
8157,0.774194
8158,0.774194
8159,0.677419
8160,0.709677
8161,0.709677
8162,0.709677
8163,0.741935
8164,0.677419
8165,0.709677
8166,0.677419
8167,0.677419
8168,0.709677
8169,0.709677
8170,0.709677
8171,0.677419
8172,0.709677
8173,0.709677
8174,0.741935
8175,0.709677
8176,0.741935
8177,0.741935
8178,0.677419
8179,0.709677
8180,0.677419
8181,0.741935
8182,0.806452
8183,0.83871
8184,0.774194
8185,0.741935
8186,0.741935
8187,0.741935
8188,0.741935
8189,0.774194
8190,0.741935
8191,0.774194
8192,0.774194
8193,0.774194
8194,0.774194
8195,0.645161
8196,0.741935
8197,0.774194
8198,0.774194
8199,0.741935
8200,0.645161
8201,0.709677
8202,0.709677
8203,0.774194
8204,0.806452
8205,0.806452
8206,0.806452
8207,0.741935
8208,0.806452
8209,0.741935
8210,0.806452
8211,0.741935
8212,0.83871
8213,0.774194
8214,0.806452
8215,0.741935
8216,0.677419
8217,0.709677
8218,0.741935
8219,0.677419
8220,0.709677
8221,0.677419
8222,0.677419
8223,0.677419
8224,0.709677
8225,0.741935
8226,0.741935
8227,0.709677
8228,0.741935
8229,0.709677
8230,0.741935
8231,0.741935
8232,0.741935
8233,0.774194
8234,0.741935
8235,0.774194
8236,0.774194
8237,0.741935
8238,0.774194
8239,0.741935
8240,0.774194
8241,0.774194
8242,0.580645
8243,0.741935
8244,0.741935
8245,0.741935
8246,0.774194
8247,0.741935
8248,0.774194
8249,0.774194
8250,0.709677
8251,0.806452
8252,0.741935
8253,0.774194
8254,0.741935
8255,0.774194
8256,0.741935
8257,0.774194
8258,0.741935
8259,0.774194
8260,0.741935
8261,0.741935
8262,0.870968
8263,0.774194
8264,0.83871
8265,0.709677
8266,0.677419
8267,0.677419
8268,0.677419
8269,0.677419
8270,0.645161
8271,0.709677
8272,0.645161
8273,0.645161
8274,0.709677
8275,0.645161
8276,0.645161
8277,0.580645
8278,0.709677
8279,0.709677
8280,0.709677
8281,0.419355
8282,0.774194
8283,0.806452
8284,0.709677
8285,0.709677
8286,0.806452
8287,0.677419
8288,0.741935
8289,0.741935
8290,0.806452
8291,0.741935
8292,0.741935
8293,0.774194
8294,0.774194
8295,0.709677
8296,0.774194
8297,0.741935
8298,0.774194
8299,0.677419
8300,0.709677
8301,0.741935
8302,0.741935
8303,0.741935
8304,0.741935
8305,0.677419
8306,0.483871
8307,0.741935
8308,0.83871
8309,0.709677
8310,0.83871
8311,0.709677
8312,0.806452
8313,0.774194
8314,0.774194
8315,0.774194
8316,0.774194
8317,0.709677
8318,0.806452
8319,0.709677
8320,0.83871
8321,0.774194
8322,0.677419
8323,0.709677
8324,0.709677
8325,0.677419
8326,0.741935
8327,0.677419
8328,0.709677
8329,0.709677
8330,0.677419
8331,0.677419
8332,0.645161
8333,0.741935
8334,0.709677
8335,0.741935
8336,0.741935
8337,0.741935
8338,0.741935
8339,0.741935
8340,0.741935
8341,0.741935
8342,0.741935
8343,0.774194
8344,0.741935
8345,0.741935
8346,0.741935
8347,0.677419
8348,0.225806
8349,0.806452
8350,0.741935
8351,0.741935
8352,0.741935
8353,0.741935
8354,0.774194
8355,0.774194
8356,0.774194
8357,0.774194
8358,0.774194
8359,0.774194
8360,0.774194
8361,0.774194
8362,0.774194
8363,0.774194
8364,0.774194
8365,0.774194
8366,0.774194
8367,0.774194
8368,0.774194
8369,0.774194
8370,0.774194
8371,0.774194
8372,0.774194
8373,0.774194
8374,0.774194
8375,0.709677
8376,0.709677
8377,0.709677
8378,0.709677
8379,0.677419
8380,0.741935
8381,0.645161
8382,0.645161
8383,0.709677
8384,0.709677
8385,0.741935
8386,0.741935
8387,0.741935
8388,0.645161
8389,0.709677
8390,0.645161
8391,0.774194
8392,0.612903
8393,0.774194
8394,0.806452
8395,0.709677
8396,0.709677
8397,0.741935
8398,0.709677
8399,0.709677
8400,0.741935
8401,0.741935
8402,0.741935
8403,0.741935
8404,0.741935
8405,0.709677
8406,0.677419
8407,0.677419
8408,0.709677
8409,0.677419
8410,0.741935
8411,0.645161
8412,0.741935
8413,0.677419
8414,0.774194
8415,0.677419
8416,0.774194
8417,0.806452
8418,0.709677
8419,0.806452
8420,0.709677
8421,0.774194
8422,0.709677
8423,0.806452
8424,0.709677
8425,0.774194
8426,0.741935
8427,0.645161
8428,0.677419
8429,0.677419
8430,0.677419
8431,0.612903
8432,0.677419
8433,0.677419
8434,0.612903
8435,0.645161
8436,0.677419
8437,0.645161
8438,0.677419
8439,0.677419
8440,0.645161
8441,0.709677
8442,0.645161
8443,0.645161
8444,0.709677
8445,0.709677
8446,0.709677
8447,0.709677
8448,0.741935
8449,0.709677
8450,0.741935
8451,0.774194
8452,0.709677
8453,0.580645
8454,0.548387
8455,0.806452
8456,0.774194
8457,0.741935
8458,0.774194
8459,0.806452
8460,0.741935
8461,0.709677
8462,0.483871
8463,0.870968
8464,0.645161
8465,0.806452
8466,0.774194
8467,0.741935
8468,0.645161
8469,0.83871
8470,0.419355
8471,0.741935
8472,0.419355
8473,0.741935
8474,0.419355
8475,0.741935
8476,0.419355
8477,0.774194
8478,0.483871
8479,0.774194
8480,0.419355
8481,0.741935
8482,0.645161
8483,0.774194
8484,0.451613
8485,0.774194
8486,0.741935
8487,0.741935
8488,0.741935
8489,0.741935
8490,0.774194
8491,0.677419
8492,0.258065
8493,0.774194
8494,0.741935
8495,0.741935
8496,0.741935
8497,0.741935
8498,0.741935
8499,0.741935
8500,0.774194
8501,0.709677
8502,0.774194
8503,0.774194
8504,0.741935
8505,0.774194
8506,0.741935
8507,0.774194
8508,0.741935
8509,0.709677
8510,0.774194
8511,0.774194
8512,0.709677
8513,0.677419
8514,0.612903
8515,0.419355
8516,0.548387
8517,0.709677
8518,0.612903
8519,0.709677
8520,0.612903
8521,0.741935
8522,0.612903
8523,0.709677
8524,0.645161
8525,0.741935
8526,0.612903
8527,0.774194
8528,0.645161
8529,0.806452
8530,0.774194
8531,0.741935
8532,0.709677
8533,0.677419
8534,0.677419
8535,0.645161
8536,0.677419
8537,0.709677
8538,0.709677
8539,0.709677
8540,0.709677
8541,0.709677
8542,0.709677
8543,0.741935
8544,0.741935
8545,0.741935
8546,0.741935
8547,0.741935
8548,0.741935
8549,0.741935
8550,0.741935
8551,0.741935
8552,0.741935
8553,0.741935
8554,0.741935
8555,0.741935
8556,0.741935
8557,0.741935
8558,0.741935
8559,0.741935
8560,0.580645
8561,0.741935
8562,0.741935
8563,0.709677
8564,0.709677
8565,0.741935
8566,0.741935
8567,0.741935
8568,0.741935
8569,0.741935
8570,0.741935
8571,0.741935
8572,0.741935
8573,0.741935
8574,0.741935
8575,0.741935
8576,0.741935
8577,0.741935
8578,0.741935
8579,0.741935
8580,0.741935
8581,0.741935
8582,0.741935
8583,0.741935
8584,0.741935
8585,0.741935
8586,0.709677
8587,0.677419
8588,0.709677
8589,0.741935
8590,0.677419
8591,0.677419
8592,0.677419
8593,0.677419
8594,0.580645
8595,0.612903
8596,0.709677
8597,0.645161
8598,0.612903
8599,0.322581
8600,0.774194
8601,0.774194
8602,0.806452
8603,0.741935
8604,0.774194
8605,0.741935
8606,0.83871
8607,0.741935
8608,0.709677
8609,0.741935
8610,0.741935
8611,0.741935
8612,0.645161
8613,0.774194
8614,0.709677
8615,0.741935
8616,0.741935
8617,0.709677
8618,0.741935
8619,0.741935
8620,0.741935
8621,0.741935
8622,0.741935
8623,0.677419
8624,0.806452
8625,0.677419
8626,0.806452
8627,0.774194
8628,0.774194
8629,0.677419
8630,0.83871
8631,0.645161
8632,0.806452
8633,0.677419
8634,0.806452
8635,0.709677
8636,0.774194
8637,0.774194
8638,0.774194
8639,0.741935
8640,0.709677
8641,0.677419
8642,0.677419
8643,0.741935
8644,0.645161
8645,0.677419
8646,0.677419
8647,0.645161
8648,0.677419
8649,0.677419
8650,0.709677
8651,0.709677
8652,0.709677
8653,0.677419
8654,0.741935
8655,0.709677
8656,0.741935
8657,0.741935
8658,0.741935
8659,0.709677
8660,0.741935
8661,0.709677
8662,0.741935
8663,0.741935
8664,0.548387
8665,0.451613
8666,0.806452
8667,0.709677
8668,0.741935
8669,0.709677
8670,0.709677
8671,0.741935
8672,0.741935
8673,0.774194
8674,0.741935
8675,0.741935
8676,0.774194
8677,0.741935
8678,0.741935
8679,0.741935
8680,0.741935
8681,0.741935
8682,0.741935
8683,0.741935
8684,0.741935
8685,0.741935
8686,0.741935
8687,0.741935
8688,0.741935
8689,0.741935
8690,0.741935
8691,0.741935
8692,0.741935
8693,0.709677
8694,0.709677
8695,0.709677
8696,0.677419
8697,0.677419
8698,0.677419
8699,0.612903
8700,0.741935
8701,0.741935
8702,0.741935
8703,0.774194
8704,0.741935
8705,0.677419
8706,0.709677
8707,0.709677
8708,0.83871
8709,0.645161
8710,0.83871
8711,0.806452
8712,0.774194
8713,0.741935
8714,0.741935
8715,0.741935
8716,0.741935
8717,0.741935
8718,0.741935
8719,0.741935
8720,0.741935
8721,0.709677
8722,0.741935
8723,0.741935
8724,0.741935
8725,0.709677
8726,0.709677
8727,0.709677
8728,0.677419
8729,0.774194
8730,0.677419
8731,0.806452
8732,0.677419
8733,0.806452
8734,0.677419
8735,0.83871
8736,0.645161
8737,0.83871
8738,0.677419
8739,0.806452
8740,0.677419
8741,0.83871
8742,0.677419
8743,0.806452
8744,0.709677
8745,0.677419
8746,0.677419
8747,0.677419
8748,0.677419
8749,0.709677
8750,0.677419
8751,0.677419
8752,0.677419
8753,0.677419
8754,0.677419
8755,0.709677
8756,0.709677
8757,0.677419
8758,0.677419
8759,0.741935
8760,0.741935
8761,0.741935
8762,0.741935
8763,0.741935
8764,0.741935
8765,0.741935
8766,0.741935
8767,0.741935
8768,0.741935
8769,0.741935
8770,0.612903
8771,0.709677
8772,0.741935
8773,0.741935
8774,0.741935
8775,0.741935
8776,0.741935
8777,0.741935
8778,0.741935
8779,0.709677
8780,0.709677
8781,0.709677
8782,0.709677
8783,0.677419
8784,0.709677
8785,0.709677
8786,0.741935
8787,0.774194
8788,0.741935
8789,0.741935
8790,0.774194
8791,0.774194
8792,0.774194
8793,0.774194
8794,0.774194
8795,0.774194
8796,0.774194
8797,0.774194
8798,0.774194
8799,0.774194
8800,0.774194
8801,0.774194
8802,0.709677
8803,0.741935
8804,0.709677
8805,0.709677
8806,0.612903
8807,0.741935
8808,0.709677
8809,0.290323
8810,0.741935
8811,0.806452
8812,0.580645
8813,0.774194
8814,0.677419
8815,0.774194
8816,0.806452
8817,0.774194
8818,0.774194
8819,0.774194
8820,0.677419
8821,0.806452
8822,0.419355
8823,0.709677
8824,0.322581
8825,0.741935
8826,0.258065
8827,0.677419
8828,0.709677
8829,0.645161
8830,0.709677
8831,0.612903
8832,0.677419
8833,0.677419
8834,0.677419
8835,0.677419
8836,0.645161
8837,0.612903
8838,0.709677
8839,0.677419
8840,0.677419
8841,0.741935
8842,0.774194
8843,0.677419
8844,0.741935
8845,0.806452
8846,0.774194
8847,0.806452
8848,0.774194
8849,0.806452
8850,0.806452
8851,0.741935
8852,0.741935
8853,0.774194
8854,0.741935
8855,0.741935
8856,0.709677
8857,0.709677
8858,0.741935
8859,0.677419
8860,0.741935
8861,0.677419
8862,0.709677
8863,0.677419
8864,0.677419
8865,0.709677
8866,0.677419
8867,0.709677
8868,0.677419
8869,0.709677
8870,0.677419
8871,0.677419
8872,0.677419
8873,0.677419
8874,0.709677
8875,0.677419
8876,0.709677
8877,0.677419
8878,0.709677
8879,0.709677
8880,0.709677
8881,0.677419
8882,0.677419
8883,0.677419
8884,0.677419
8885,0.645161
8886,0.645161
8887,0.677419
8888,0.677419
8889,0.709677
8890,0.709677
8891,0.709677
8892,0.709677
8893,0.741935
8894,0.741935
8895,0.774194
8896,0.741935
8897,0.741935
8898,0.741935
8899,0.774194
8900,0.741935
8901,0.741935
8902,0.741935
8903,0.677419
8904,0.741935
8905,0.677419
8906,0.741935
8907,0.709677
8908,0.709677
8909,0.709677
8910,0.709677
8911,0.741935
8912,0.612903
8913,0.741935
8914,0.709677
8915,0.677419
8916,0.290323
8917,0.83871
8918,0.709677
8919,0.709677
8920,0.677419
8921,0.774194
8922,0.741935
8923,0.774194
8924,0.806452
8925,0.709677
8926,0.774194
8927,0.741935
8928,0.741935
8929,0.709677
8930,0.741935
8931,0.741935
8932,0.741935
8933,0.774194
8934,0.741935
8935,0.741935
8936,0.741935
8937,0.709677
8938,0.741935
8939,0.774194
8940,0.677419
8941,0.709677
8942,0.677419
8943,0.806452
8944,0.709677
8945,0.806452
8946,0.709677
8947,0.774194
8948,0.741935
8949,0.741935
8950,0.677419
8951,0.774194
8952,0.709677
8953,0.83871
8954,0.709677
8955,0.83871
8956,0.741935
8957,0.677419
8958,0.677419
8959,0.677419
8960,0.677419
8961,0.709677
8962,0.709677
8963,0.677419
8964,0.709677
8965,0.709677
8966,0.677419
8967,0.709677
8968,0.709677
8969,0.741935
8970,0.709677
8971,0.677419
8972,0.677419
8973,0.741935
8974,0.709677
8975,0.709677
8976,0.741935
8977,0.741935
8978,0.741935
8979,0.741935
8980,0.741935
8981,0.741935
8982,0.612903
8983,0.322581
8984,0.806452
8985,0.741935
8986,0.741935
8987,0.741935
8988,0.741935
8989,0.741935
8990,0.709677
8991,0.709677
8992,0.709677
8993,0.709677
8994,0.709677
8995,0.709677
8996,0.709677
8997,0.677419
8998,0.709677
8999,0.741935
9000,0.741935
9001,0.741935
9002,0.774194
9003,0.774194
9004,0.774194
9005,0.774194
9006,0.774194
9007,0.774194
9008,0.774194
9009,0.774194
9010,0.774194
9011,0.774194
9012,0.741935
9013,0.741935
9014,0.774194
9015,0.774194
9016,0.774194
9017,0.709677
9018,0.645161
9019,0.774194
9020,0.741935
9021,0.774194
9022,0.774194
9023,0.741935
9024,0.709677
9025,0.774194
9026,0.677419
9027,0.806452
9028,0.741935
9029,0.83871
9030,0.83871
9031,0.709677
9032,0.709677
9033,0.709677
9034,0.677419
9035,0.677419
9036,0.709677
9037,0.709677
9038,0.741935
9039,0.741935
9040,0.677419
9041,0.709677
9042,0.709677
9043,0.709677
9044,0.709677
9045,0.677419
9046,0.677419
9047,0.322581
9048,0.709677
9049,0.645161
9050,0.677419
9051,0.645161
9052,0.806452
9053,0.741935
9054,0.677419
9055,0.774194
9056,0.709677
9057,0.741935
9058,0.741935
9059,0.806452
9060,0.83871
9061,0.83871
9062,0.774194
9063,0.741935
9064,0.741935
9065,0.741935
9066,0.741935
9067,0.741935
9068,0.774194
9069,0.774194
9070,0.741935
9071,0.741935
9072,0.741935
9073,0.741935
9074,0.741935
9075,0.709677
9076,0.741935
9077,0.677419
9078,0.709677
9079,0.741935
9080,0.709677
9081,0.709677
9082,0.774194
9083,0.709677
9084,0.709677
9085,0.741935
9086,0.709677
9087,0.741935
9088,0.741935
9089,0.612903
9090,0.322581
9091,0.806452
9092,0.741935
9093,0.741935
9094,0.741935
9095,0.709677
9096,0.741935
9097,0.741935
9098,0.741935
9099,0.774194
9100,0.774194
9101,0.774194
9102,0.774194
9103,0.774194
9104,0.774194
9105,0.774194
9106,0.774194
9107,0.741935
9108,0.774194
9109,0.774194
9110,0.741935
9111,0.741935
9112,0.709677
9113,0.677419
9114,0.709677
9115,0.709677
9116,0.677419
9117,0.709677
9118,0.709677
9119,0.709677
9120,0.709677
9121,0.677419
9122,0.709677
9123,0.709677
9124,0.709677
9125,0.645161
9126,0.709677
9127,0.612903
9128,0.16129
9129,0.709677
9130,0.774194
9131,0.677419
9132,0.709677
9133,0.774194
9134,0.806452
9135,0.741935
9136,0.83871
9137,0.774194
9138,0.741935
9139,0.741935
9140,0.741935
9141,0.741935
9142,0.709677
9143,0.741935
9144,0.741935
9145,0.741935
9146,0.741935
9147,0.741935
9148,0.741935
9149,0.741935
9150,0.709677
9151,0.741935
9152,0.677419
9153,0.677419
9154,0.677419
9155,0.677419
9156,0.774194
9157,0.741935
9158,0.677419
9159,0.806452
9160,0.677419
9161,0.806452
9162,0.677419
9163,0.806452
9164,0.709677
9165,0.83871
9166,0.709677
9167,0.83871
9168,0.741935
9169,0.741935
9170,0.774194
9171,0.741935
9172,0.677419
9173,0.741935
9174,0.741935
9175,0.741935
9176,0.741935
9177,0.709677
9178,0.741935
9179,0.741935
9180,0.741935
9181,0.741935
9182,0.709677
9183,0.677419
9184,0.677419
9185,0.677419
9186,0.677419
9187,0.677419
9188,0.677419
9189,0.677419
9190,0.677419
9191,0.709677
9192,0.709677
9193,0.741935
9194,0.741935
9195,0.741935
9196,0.741935
9197,0.741935
9198,0.741935
9199,0.741935
9200,0.774194
9201,0.741935
9202,0.741935
9203,0.774194
9204,0.741935
9205,0.774194
9206,0.774194
9207,0.774194
9208,0.774194
9209,0.774194
9210,0.741935
9211,0.741935
9212,0.774194
9213,0.774194
9214,0.774194
9215,0.774194
9216,0.774194
9217,0.774194
9218,0.774194
9219,0.774194
9220,0.774194
9221,0.741935
9222,0.774194
9223,0.774194
9224,0.774194
9225,0.774194
9226,0.774194
9227,0.774194
9228,0.774194
9229,0.774194
9230,0.677419
9231,0.774194
9232,0.645161
9233,0.322581
9234,0.806452
9235,0.741935
9236,0.806452
9237,0.741935
9238,0.806452
9239,0.741935
9240,0.806452
9241,0.806452
9242,0.83871
9243,0.741935
9244,0.709677
9245,0.709677
9246,0.709677
9247,0.709677
9248,0.677419
9249,0.741935
9250,0.709677
9251,0.741935
9252,0.677419
9253,0.709677
9254,0.741935
9255,0.709677
9256,0.709677
9257,0.677419
9258,0.612903
9259,0.451613
9260,0.580645
9261,0.709677
9262,0.709677
9263,0.709677
9264,0.677419
9265,0.774194
9266,0.645161
9267,0.806452
9268,0.677419
9269,0.774194
9270,0.741935
9271,0.806452
9272,0.806452
9273,0.870968
9274,0.774194
9275,0.741935
9276,0.741935
9277,0.741935
9278,0.741935
9279,0.677419
9280,0.741935
9281,0.741935
9282,0.741935
9283,0.741935
9284,0.741935
9285,0.741935
9286,0.741935
9287,0.741935
9288,0.741935
9289,0.741935
9290,0.774194
9291,0.774194
9292,0.774194
9293,0.741935
9294,0.774194
9295,0.741935
9296,0.774194
9297,0.774194
9298,0.774194
9299,0.774194
9300,0.612903
9301,0.225806
9302,0.806452
9303,0.774194
9304,0.741935
9305,0.741935
9306,0.741935
9307,0.774194
9308,0.774194
9309,0.774194
9310,0.741935
9311,0.774194
9312,0.774194
9313,0.774194
9314,0.741935
9315,0.741935
9316,0.677419
9317,0.677419
9318,0.709677
9319,0.709677
9320,0.709677
9321,0.709677
9322,0.709677
9323,0.677419
9324,0.709677
9325,0.709677
9326,0.709677
9327,0.709677
9328,0.677419
9329,0.709677
9330,0.645161
9331,0.677419
9332,0.677419
9333,0.709677
9334,0.677419
9335,0.741935
9336,0.645161
9337,0.709677
9338,0.709677
9339,0.806452
9340,0.709677
9341,0.709677
9342,0.806452
9343,0.741935
9344,0.83871
9345,0.774194
9346,0.83871
9347,0.83871
9348,0.806452
9349,0.774194
9350,0.741935
9351,0.741935
9352,0.741935
9353,0.774194
9354,0.709677
9355,0.709677
9356,0.709677
9357,0.741935
9358,0.645161
9359,0.645161
9360,0.677419
9361,0.677419
9362,0.709677
9363,0.677419
9364,0.645161
9365,0.677419
9366,0.645161
9367,0.677419
9368,0.580645
9369,0.774194
9370,0.612903
9371,0.774194
9372,0.612903
9373,0.774194
9374,0.612903
9375,0.774194
9376,0.645161
9377,0.806452
9378,0.645161
9379,0.806452
9380,0.806452
9381,0.741935
9382,0.709677
9383,0.774194
9384,0.677419
9385,0.774194
9386,0.741935
9387,0.774194
9388,0.774194
9389,0.774194
9390,0.774194
9391,0.741935
9392,0.774194
9393,0.774194
9394,0.774194
9395,0.774194
9396,0.774194
9397,0.774194
9398,0.774194
9399,0.741935
9400,0.741935
9401,0.677419
9402,0.677419
9403,0.677419
9404,0.677419
9405,0.709677
9406,0.709677
9407,0.548387
9408,0.0967742
9409,0.774194
9410,0.709677
9411,0.741935
9412,0.741935
9413,0.741935
9414,0.774194
9415,0.741935
9416,0.741935
9417,0.774194
9418,0.741935
9419,0.774194
9420,0.709677
9421,0.774194
9422,0.709677
9423,0.774194
9424,0.709677
9425,0.774194
9426,0.709677
9427,0.774194
9428,0.709677
9429,0.774194
9430,0.709677
9431,0.774194
9432,0.709677
9433,0.774194
9434,0.677419
9435,0.709677
9436,0.677419
9437,0.677419
9438,0.645161
9439,0.709677
9440,0.677419
9441,0.677419
9442,0.645161
9443,0.645161
9444,0.774194
9445,0.645161
9446,0.709677
9447,0.709677
9448,0.709677
9449,0.709677
9450,0.741935
9451,0.677419
9452,0.774194
9453,0.709677
9454,0.83871
9455,0.774194
9456,0.774194
9457,0.774194
9458,0.774194
9459,0.741935
9460,0.709677
9461,0.741935
9462,0.741935
9463,0.774194
9464,0.83871
9465,0.741935
9466,0.774194
9467,0.741935
9468,0.741935
9469,0.774194
9470,0.741935
9471,0.677419
9472,0.774194
9473,0.709677
9474,0.774194
9475,0.709677
9476,0.806452
9477,0.741935
9478,0.774194
9479,0.774194
9480,0.774194
9481,0.709677
9482,0.774194
9483,0.709677
9484,0.806452
9485,0.83871
9486,0.806452
9487,0.741935
9488,0.709677
9489,0.709677
9490,0.709677
9491,0.709677
9492,0.645161
9493,0.677419
9494,0.677419
9495,0.709677
9496,0.645161
9497,0.677419
9498,0.677419
9499,0.741935
9500,0.741935
9501,0.709677
9502,0.774194
9503,0.774194
9504,0.741935
9505,0.774194
9506,0.741935
9507,0.774194
9508,0.741935
9509,0.774194
9510,0.741935
9511,0.741935
9512,0.806452
9513,0.580645
9514,0.709677
9515,0.741935
9516,0.741935
9517,0.774194
9518,0.774194
9519,0.774194
9520,0.774194
9521,0.774194
9522,0.741935
9523,0.774194
9524,0.709677
9525,0.774194
9526,0.709677
9527,0.774194
9528,0.709677
9529,0.774194
9530,0.709677
9531,0.774194
9532,0.741935
9533,0.741935
9534,0.741935
9535,0.741935
9536,0.741935
9537,0.741935
9538,0.741935
9539,0.741935
9540,0.709677
9541,0.709677
9542,0.677419
9543,0.709677
9544,0.677419
9545,0.709677
9546,0.709677
9547,0.709677
9548,0.645161
9549,0.709677
9550,0.645161
9551,0.677419
9552,0.225806
9553,0.83871
9554,0.645161
9555,0.741935
9556,0.677419
9557,0.774194
9558,0.645161
9559,0.774194
9560,0.709677
9561,0.774194
9562,0.741935
9563,0.774194
9564,0.741935
9565,0.774194
9566,0.741935
9567,0.774194
9568,0.741935
9569,0.774194
9570,0.774194
9571,0.774194
9572,0.709677
9573,0.709677
9574,0.741935
9575,0.774194
9576,0.741935
9577,0.709677
9578,0.774194
9579,0.806452
9580,0.709677
9581,0.83871
9582,0.774194
9583,0.709677
9584,0.806452
9585,0.677419
9586,0.741935
9587,0.709677
9588,0.741935
9589,0.774194
9590,0.741935
9591,0.774194
9592,0.806452
9593,0.645161
9594,0.709677
9595,0.709677
9596,0.677419
9597,0.677419
9598,0.677419
9599,0.677419
9600,0.677419
9601,0.709677
9602,0.677419
9603,0.677419
9604,0.709677
9605,0.677419
9606,0.709677
9607,0.677419
9608,0.709677
9609,0.709677
9610,0.709677
9611,0.709677
9612,0.709677
9613,0.741935
9614,0.741935
9615,0.741935
9616,0.774194
9617,0.709677
9618,0.774194
9619,0.741935
9620,0.774194
9621,0.709677
9622,0.741935
9623,0.741935
9624,0.741935
9625,0.774194
9626,0.741935
9627,0.741935
9628,0.774194
9629,0.741935
9630,0.741935
9631,0.741935
9632,0.741935
9633,0.741935
9634,0.774194
9635,0.741935
9636,0.741935
9637,0.774194
9638,0.741935
9639,0.741935
9640,0.741935
9641,0.741935
9642,0.741935
9643,0.774194
9644,0.741935
9645,0.774194
9646,0.741935
9647,0.774194
9648,0.741935
9649,0.741935
9650,0.774194
9651,0.741935
9652,0.741935
9653,0.741935
9654,0.677419
9655,0.83871
9656,0.806452
9657,0.741935
9658,0.741935
9659,0.677419
9660,0.741935
9661,0.645161
9662,0.709677
9663,0.677419
9664,0.709677
9665,0.677419
9666,0.83871
9667,0.645161
9668,0.709677
9669,0.806452
9670,0.774194
9671,0.741935
9672,0.903226
9673,0.806452
9674,0.709677
9675,0.645161
9676,0.741935
9677,0.677419
9678,0.677419
9679,0.677419
9680,0.677419
9681,0.677419
9682,0.709677
9683,0.645161
9684,0.677419
9685,0.677419
9686,0.677419
9687,0.677419
9688,0.677419
9689,0.709677
9690,0.709677
9691,0.677419
9692,0.677419
9693,0.709677
9694,0.709677
9695,0.677419
9696,0.677419
9697,0.677419
9698,0.709677
9699,0.677419
9700,0.741935
9701,0.677419
9702,0.774194
9703,0.709677
9704,0.774194
9705,0.774194
9706,0.741935
9707,0.677419
9708,0.225806
9709,0.806452
9710,0.741935
9711,0.741935
9712,0.774194
9713,0.774194
9714,0.677419
9715,0.741935
9716,0.709677
9717,0.709677
9718,0.741935
9719,0.645161
9720,0.741935
9721,0.645161
9722,0.741935
9723,0.645161
9724,0.709677
9725,0.645161
9726,0.774194
9727,0.709677
9728,0.774194
9729,0.677419
9730,0.774194
9731,0.709677
9732,0.774194
9733,0.709677
9734,0.774194
9735,0.677419
9736,0.774194
9737,0.677419
9738,0.774194
9739,0.645161
9740,0.741935
9741,0.645161
9742,0.774194
9743,0.741935
9744,0.774194
9745,0.709677
9746,0.774194
9747,0.709677
9748,0.580645
9749,0.645161
9750,0.774194
9751,0.806452
9752,0.709677
9753,0.645161
9754,0.709677
9755,0.741935
9756,0.451613
9757,0.612903
9758,0.258065
9759,0.806452
9760,0.516129
9761,0.709677
9762,0.677419
9763,0.645161
9764,0.709677
9765,0.612903
9766,0.612903
9767,0.645161
9768,0.709677
9769,0.645161
9770,0.806452
9771,0.741935
9772,0.806452
9773,0.709677
9774,0.83871
9775,0.709677
9776,0.774194
9777,0.709677
9778,0.806452
9779,0.548387
9780,0.709677
9781,0.677419
9782,0.645161
9783,0.677419
9784,0.645161
9785,0.677419
9786,0.645161
9787,0.677419
9788,0.677419
9789,0.645161
9790,0.612903
9791,0.741935
9792,0.645161
9793,0.709677
9794,0.677419
9795,0.580645
9796,0.16129
9797,0.806452
9798,0.225806
9799,0.806452
9800,0.741935
9801,0.645161
9802,0.612903
9803,0.677419
9804,0.677419
9805,0.741935
9806,0.709677
9807,0.741935
9808,0.741935
9809,0.741935
9810,0.741935
9811,0.709677
9812,0.709677
9813,0.741935
9814,0.741935
9815,0.741935
9816,0.709677
9817,0.677419
9818,0.709677
9819,0.677419
9820,0.709677
9821,0.677419
9822,0.709677
9823,0.677419
9824,0.677419
9825,0.709677
9826,0.677419
9827,0.709677
9828,0.677419
9829,0.677419
9830,0.677419
9831,0.677419
9832,0.677419
9833,0.677419
9834,0.677419
9835,0.677419
9836,0.645161
9837,0.483871
9838,0.612903
9839,0.774194
9840,0.709677
9841,0.741935
9842,0.709677
9843,0.83871
9844,0.612903
9845,0.741935
9846,0.677419
9847,0.806452
9848,0.612903
9849,0.741935
9850,0.645161
9851,0.806452
9852,0.677419
9853,0.83871
9854,0.709677
9855,0.774194
9856,0.709677
9857,0.774194
9858,0.774194
9859,0.774194
9860,0.741935
9861,0.741935
9862,0.741935
9863,0.741935
9864,0.741935
9865,0.741935
9866,0.774194
9867,0.677419
9868,0.709677
9869,0.741935
9870,0.741935
9871,0.741935
9872,0.709677
9873,0.741935
9874,0.709677
9875,0.709677
9876,0.709677
9877,0.709677
9878,0.677419
9879,0.677419
9880,0.677419
9881,0.677419
9882,0.709677
9883,0.709677
9884,0.774194
9885,0.612903
9886,0.709677
9887,0.774194
9888,0.741935
9889,0.741935
9890,0.741935
9891,0.741935
9892,0.709677
9893,0.741935
9894,0.645161
9895,0.709677
9896,0.612903
9897,0.741935
9898,0.709677
9899,0.677419
9900,0.709677
9901,0.645161
9902,0.548387
9903,0.612903
9904,0.645161
9905,0.612903
9906,0.677419
9907,0.741935
9908,0.709677
9909,0.83871
9910,0.806452
9911,0.709677
9912,0.741935
9913,0.709677
9914,0.741935
9915,0.709677
9916,0.741935
9917,0.709677
9918,0.741935
9919,0.709677
9920,0.419355
9921,0.806452
9922,0.806452
9923,0.645161
9924,0.322581
9925,0.806452
9926,0.709677
9927,0.83871
9928,0.741935
9929,0.774194
9930,0.709677
9931,0.806452
9932,0.774194
9933,0.774194
9934,0.741935
9935,0.709677
9936,0.709677
9937,0.709677
9938,0.741935
9939,0.709677
9940,0.677419
9941,0.677419
9942,0.677419
9943,0.709677
9944,0.741935
9945,0.741935
9946,0.709677
9947,0.645161
9948,0.774194
9949,0.677419
9950,0.806452
9951,0.645161
9952,0.806452
9953,0.774194
9954,0.806452
9955,0.774194
9956,0.83871
9957,0.677419
9958,0.709677
9959,0.677419
9960,0.709677
9961,0.741935
9962,0.677419
9963,0.741935
9964,0.741935
9965,0.741935
9966,0.741935
9967,0.677419
9968,0.741935
9969,0.741935
9970,0.741935
9971,0.774194
9972,0.741935
9973,0.774194
9974,0.741935
9975,0.741935
9976,0.774194
9977,0.774194
9978,0.741935
9979,0.774194
9980,0.774194
9981,0.774194
9982,0.774194
9983,0.774194
9984,0.774194
9985,0.774194
9986,0.774194
9987,0.741935
9988,0.645161
9989,0.580645
9990,0.0967742
9991,0.806452
9992,0.677419
9993,0.709677
9994,0.709677
9995,0.709677
9996,0.677419
9997,0.741935
9998,0.741935
9999,0.741935
