index,score
0,1
1,1
2,1
3,1
4,1
5,1
6,1
7,1
8,0.870968
9,1
10,1
11,1
12,1
13,1
14,1
15,1
16,0.225806
17,1
18,1
19,1
20,1
21,0.290323
22,0.290323
23,1
24,1
25,1
26,0.16129
27,0.290323
28,1
29,1
30,1
31,0.16129
32,0.290323
33,1
34,1
35,1
36,1
37,1
38,1
39,0.290323
40,0.258065
41,0.0967742
42,0.0967742
43,0.0645161
44,0
45,0.0322581
46,0.0645161
47,0.0322581
48,0.0322581
49,0.0645161
50,0.0967742
51,0.225806
52,1
53,1
54,1
55,1
56,1
57,1
58,1
59,1
60,1
61,0.612903
62,0.774194
63,0.580645
64,1
65,0.677419
66,0.0967742
67,0
68,0.967742
69,1
70,0.709677
71,1
72,0.645161
73,1
74,0.322581
75,1
76,0.935484
77,0.741935
78,1
79,0.354839
80,1
81,1
82,1
83,1
84,1
85,1
86,1
87,1
88,1
89,1
90,0.193548
91,0.354839
92,1
93,0.322581
94,1
95,1
96,0.967742
97,0.967742
98,1
99,0.806452
100,0.645161
101,0.419355
102,1
103,0.225806
104,1
105,1
106,0.322581
107,1
108,0.419355
109,1
110,0.580645
111,1
112,0.225806
113,1
114,0.322581
115,1
116,0.322581
117,1
118,0.322581
119,1
120,1
121,0.645161
122,1
123,1
124,0.290323
125,1
126,0.967742
127,1
128,0.967742
129,1
130,1
131,0.225806
132,1
133,0.225806
134,1
135,0.903226
136,1
137,1
138,1
139,1
140,1
141,1
142,0.935484
143,0.290323
144,1
145,0.225806
146,0.935484
147,0.548387
148,1
149,1
150,1
151,1
152,1
153,1
154,1
155,0.967742
156,0.0967742
157,0.0645161
158,0.0645161
159,0.0645161
160,0.16129
161,0
162,0.0967742
163,0.0645161
164,0
165,0
166,0
167,0.0645161
168,0
169,0
170,0
171,0
172,0
173,0
174,0
175,0
176,0.16129
177,0
178,0
179,0.193548
180,0.16129
181,0.0645161
182,0.16129
183,0.0967742
184,0.0967742
185,0.193548
186,0.870968
187,0.0645161
188,0.0322581
189,0.0322581
190,0.0322581
191,0.0322581
192,0.0322581
193,0.0322581
194,0.0322581
195,0
196,0.0322581
197,0.0322581
198,0.0322581
199,0.0322581
200,0.0322581
201,0.129032
202,0.129032
203,0.129032
204,0.129032
205,0.129032
206,0.129032
207,0.129032
208,0
209,0
210,0
211,0
212,0
213,0
214,0.258065
215,0.967742
216,1
217,1
218,1
219,1
220,1
221,0.967742
222,0.387097
223,0.83871
224,1
225,0.806452
226,1
227,0.935484
228,1
229,1
230,1
231,1
232,0.645161
233,0.290323
234,0.322581
235,0.129032
236,0.129032
237,0.129032
238,0.129032
239,0.193548
240,0.225806
241,0.0645161
242,0.0322581
243,0.0645161
244,0.0322581
245,0.0322581
246,0.0322581
247,0.0322581
248,0.0967742
249,0.0967742
250,0
251,0.0322581
252,0
253,0.129032
254,0.0967742
255,0.0322581
256,0.0967742
257,0.0322581
258,0.0967742
259,0.0967742
260,0.0967742
261,0
262,0
263,0.0967742
264,0
265,0.0967742
266,0.0322581
267,0.0322581
268,0
269,0
270,0
271,0
272,0.0645161
273,0.0645161
274,0.0322581
275,0.0322581
276,0
277,0
278,0
279,0
280,0
281,0.0645161
282,0.0645161
283,0.0645161
284,0.0645161
285,0.0645161
286,0.0645161
287,0.0645161
288,0
289,0
290,0
291,0
292,0
293,0
294,0
295,0
296,0
297,0
298,0
299,0
300,0
301,0
302,0
303,0
304,0
305,0.0645161
306,0.0967742
307,0.0322581
308,0.0322581
309,0.0645161
310,0.0645161
311,0.0322581
312,0.0322581
313,0
314,0.0322581
315,0
316,0
317,0
318,0
319,0.0645161
320,0
321,0.129032
322,0.0967742
323,0.129032
324,0.16129
325,0.16129
326,0.16129
327,0.0967742
328,0.0645161
329,0.0645161
330,0.0645161
331,0.0967742
332,0.129032
333,0.129032
334,0.129032
335,0.0967742
336,0.0967742
337,0.0322581
338,0
339,0
340,0
341,0.0322581
342,0.0645161
343,0.0645161
344,0.0645161
345,0.0645161
346,0.0645161
347,0.0645161
348,0.0322581
349,0.0645161
350,0.16129
351,0.16129
352,0.129032
353,0.0967742
354,0.129032
355,0.16129
356,0.129032
357,0.129032
358,0.0645161
359,0.0645161
360,0.258065
361,0.419355
362,0.16129
363,0.225806
364,0.258065
365,0.0967742
366,0.0645161
367,0.0967742
368,0.0967742
369,0.0967742
370,0.0967742
371,0.0967742
372,0.0322581
373,0.129032
374,0.0645161
375,0.0645161
376,0.193548
377,0.129032
378,0.0967742
379,0.0967742
380,0.0967742
381,0.0967742
382,0.0645161
383,0.129032
384,0.193548
385,0.290323
386,0.290323
387,1
388,0.225806
389,0.516129
390,0.129032
391,0.129032
392,0.0645161
393,0.0645161
394,0.129032
395,0.225806
396,0.0967742
397,0.0645161
398,0.16129
399,0.16129
400,0.16129
401,0.0967742
402,0.129032
403,0.548387
404,1
405,0.935484
406,1
407,0.967742
408,1
409,1
410,0.935484
411,0.967742
412,0.580645
413,0.967742
414,0.741935
415,0.903226
416,0.935484
417,0.580645
418,0.935484
419,1
420,0.677419
421,0.935484
422,0.935484
423,0.612903
424,0.612903
425,0.419355
426,1
427,1
428,1
429,1
430,1
431,0.935484
432,0.935484
433,0.967742
434,0.935484
435,1
436,0.967742
437,0.806452
438,1
439,0.548387
440,1
441,0.83871
442,0.935484
443,0.741935
444,0.677419
445,0.967742
446,1
447,0.806452
448,1
449,0.967742
450,0.516129
451,1
452,1
453,1
454,0.967742
455,1
456,1
457,1
458,1
459,0.935484
460,1
461,0.83871
462,1
463,0.709677
464,1
465,1
466,0.741935
467,0.645161
468,0.709677
469,1
470,0.903226
471,0.516129
472,0.516129
473,0.483871
474,0.451613
475,0.225806
476,0.451613
477,1
478,0.451613
479,0.548387
480,0.451613
481,0.580645
482,0.548387
483,0.387097
484,0.193548
485,0.193548
486,0.16129
487,0.16129
488,0.16129
489,0.16129
490,0.193548
491,0.16129
492,0.0322581
493,0.193548
494,0.0967742
495,0.290323
496,0.548387
497,0.451613
498,0.16129
499,0.193548
500,0.16129
501,0.16129
502,0.16129
503,0.0967742
504,0.0967742
505,0.0967742
506,0.16129
507,0.225806
508,0.258065
509,0.0645161
510,0.0967742
511,0.129032
512,0.129032
513,0.0967742
514,0.322581
515,0.451613
516,0.741935
517,0.903226
518,0.870968
519,0.709677
520,1
521,0.967742
522,0.870968
523,1
524,0.774194
525,0.935484
526,0.677419
527,0.225806
528,0.290323
529,0.290323
530,0.387097
531,0.419355
532,0.516129
533,0.387097
534,0.483871
535,0.354839
536,0.451613
537,0.290323
538,0.193548
539,0.16129
540,0.129032
541,0.258065
542,0.419355
543,0.322581
544,0.258065
545,0.258065
546,0.0967742
547,0.0967742
548,0.129032
549,0.0967742
550,0.0967742
551,0.16129
552,0.290323
553,0.290323
554,0.419355
555,0.419355
556,0.354839
557,0.387097
558,0.451613
559,0.322581
560,0.322581
561,0.354839
562,0.354839
563,0.322581
564,0.322581
565,0.258065
566,0.225806
567,0.225806
568,0.225806
569,0.193548
570,0.451613
571,0.483871
572,0.870968
573,0.645161
574,0.516129
575,0.612903
576,0.483871
577,0.193548
578,0.322581
579,0.16129
580,0.16129
581,0.129032
582,0.483871
583,0.774194
584,0.677419
585,0.677419
586,0.548387
587,0.580645
588,0.516129
589,0.483871
590,0.354839
591,0.193548
592,0.0967742
593,0.0645161
594,0.0322581
595,0
596,0
597,0
598,0
599,0
600,0
601,0
602,0
603,0
604,0
605,0
606,0
607,0
608,0
609,0.0322581
610,0.0322581
611,0.0322581
612,0
613,0
614,0.0645161
615,0.0645161
616,0
617,0
618,0.0645161
619,0.0322581
620,0.0645161
621,0.0645161
622,0.0322581
623,0.0322581
624,0.0322581
625,0.0322581
626,0.0322581
627,0
628,0
629,0
630,0
631,0.0322581
632,0.0967742
633,0.16129
634,0.129032
635,0.129032
636,0.129032
637,0.16129
638,0.16129
639,0.0645161
640,0.0645161
641,0.0322581
642,0.0322581
643,0.0322581
644,0
645,0
646,0
647,0.516129
648,0.741935
649,1
650,1
651,1
652,1
653,0.903226
654,0.548387
655,0.322581
656,0.258065
657,0.322581
658,0.83871
659,0.806452
660,0.451613
661,0.483871
662,0.483871
663,0.387097
664,0.16129
665,0.0322581
666,0.0322581
667,0.0322581
668,0.0645161
669,0
670,0
671,0
672,0
673,0.0645161
674,0.0967742
675,0.0645161
676,0.129032
677,0.129032
678,0.0322581
679,0
680,0
681,0
682,0
683,0
684,0.0645161
685,0
686,0
687,0
688,0.0322581
689,0.0967742
690,0
691,0.0322581
692,0.0322581
693,0.0967742
694,0
695,0
696,0
697,0.16129
698,0.0322581
699,0.0322581
700,0.0322581
701,0
702,0.0322581
703,0.0645161
704,0.0322581
705,0.0322581
706,0.0322581
707,0.0645161
708,0
709,0
710,0
711,0
712,0.0645161
713,0.0645161
714,0
715,0
716,0
717,0
718,0
719,0
720,0.0322581
721,0.0322581
722,0.0322581
723,0.0967742
724,0.129032
725,0.0967742
726,0.0967742
727,0
728,0.0322581
729,0
730,0.0645161
731,0.129032
732,0.16129
733,0.16129
734,0.0967742
735,0.0967742
736,0.0645161
737,0
738,0
739,0.0322581
740,0.0967742
741,0.0967742
742,0.0322581
743,0.0322581
744,0.0322581
745,0.0322581
746,0
747,0.0645161
748,0
749,0
750,0
751,0
752,0
753,0
754,0
755,0
756,0
757,0
758,0.0322581
759,0
760,0.0322581
761,0
762,0.0322581
763,0
764,0.0322581
765,0
766,0
767,0.0645161
768,0.0322581
769,0.0645161
770,0.0645161
771,0.0645161
772,0.0967742
773,0.0322581
774,0.0967742
775,0.0967742
776,0.0967742
777,0.16129
778,0.129032
779,0.129032
780,0.129032
781,0.16129
782,0.16129
783,0.16129
784,0.16129
785,0.0967742
786,0.0967742
787,0.0322581
788,0.0645161
789,0.0645161
790,0.0645161
791,0
792,0.16129
793,0.0645161
794,0.16129
795,0.0645161
796,0.16129
797,0.258065
798,0.16129
799,0.258065
800,0.354839
801,0.16129
802,0.0645161
803,0.193548
804,0.16129
805,0.129032
806,0.193548
807,0.322581
808,0.354839
809,0.193548
810,0.225806
811,0.16129
812,0.16129
813,0.16129
814,0.129032
815,0.225806
816,0.193548
817,0.225806
818,0.193548
819,0.193548
820,0.16129
821,0.225806
822,0.129032
823,0.0967742
824,0.129032
825,0.0967742
826,0.129032
827,0.0967742
828,0.129032
829,0.0967742
830,0.0645161
831,0.0322581
832,0.0322581
833,0.0645161
834,0.0645161
835,0.0645161
836,0.645161
837,1
838,1
839,1
840,1
841,0.967742
842,0.967742
843,0.935484
844,1
845,0.741935
846,0.967742
847,1
848,0.903226
849,1
850,0.967742
851,0.83871
852,1
853,0.83871
854,0.709677
855,0.741935
856,0.774194
857,0.645161
858,0.806452
859,0.677419
860,0.516129
861,0.83871
862,0.451613
863,0.741935
864,0.580645
865,0.806452
866,0.741935
867,0.774194
868,0.935484
869,0.677419
870,0.645161
871,0.935484
872,0.548387
873,0.645161
874,0.967742
875,0.354839
876,0.806452
877,0.322581
878,0.354839
879,0.806452
880,0.419355
881,1
882,0.516129
883,0.83871
884,0.677419
885,0.709677
886,1
887,0.548387
888,0.870968
889,0.645161
890,0.645161
891,0.677419
892,0.774194
893,0.741935
894,0.709677
895,0.774194
896,0.580645
897,1
898,0.935484
899,0.645161
900,0.774194
901,0.548387
902,0.870968
903,0.806452
904,0.354839
905,0.290323
906,0.225806
907,0.16129
908,0.129032
909,0.129032
910,0.0322581
911,0.0322581
912,0.0322581
913,0.0322581
914,0.0322581
915,0.0322581
916,0.0322581
917,0.0645161
918,0.0322581
919,0.0322581
920,0.0645161
921,0.0967742
922,0.0967742
923,0.129032
924,0.16129
925,0.0967742
926,0.129032
927,0.129032
928,0.258065
929,0.258065
930,0.580645
931,0.322581
932,0.16129
933,0.16129
934,0.16129
935,0.225806
936,0.16129
937,0.16129
938,0.0967742
939,0.193548
940,0.16129
941,0.0967742
942,0.193548
943,0.129032
944,0.16129
945,0.0967742
946,0.0967742
947,0.290323
948,0.354839
949,0.709677
950,0.83871
951,0.741935
952,0.870968
953,0.935484
954,0.774194
955,0.83871
956,0.806452
957,0.580645
958,0.483871
959,0.612903
960,0.193548
961,0.193548
962,0.258065
963,0.322581
964,0.451613
965,0.354839
966,0.419355
967,0.419355
968,0.387097
969,0.322581
970,0.258065
971,0.16129
972,0.16129
973,0.225806
974,0.193548
975,0.290323
976,0.193548
977,0.129032
978,0.0645161
979,0.0645161
980,0.225806
981,0.258065
982,0.193548
983,0.258065
984,0.225806
985,0.0967742
986,0.16129
987,0.258065
988,0.290323
989,0.258065
990,0.290323
991,0.258065
992,0.290323
993,0.290323
994,0.258065
995,0.193548
996,0.258065
997,0.225806
998,0.193548
999,0.193548
1000,0.258065
1001,0.258065
1002,0.290323
1003,0.451613
1004,0.290323
1005,0.290323
1006,0.677419
1007,0.322581
1008,0.322581
1009,0.290323
1010,0.193548
1011,0.16129
1012,0.129032
1013,0.129032
1014,0.0967742
1015,0.451613
1016,0.612903
1017,0.225806
1018,0.483871
1019,0.225806
1020,0.548387
1021,0.225806
1022,0.419355
1023,0.322581
1024,0.193548
1025,0.193548
1026,0.193548
1027,0.16129
1028,0.129032
1029,0.0645161
1030,0.0322581
1031,0.0322581
1032,0.0322581
1033,0.0322581
1034,0.0967742
1035,0
1036,0.0322581
1037,0
1038,0.0322581
1039,0
1040,0.0322581
1041,0
1042,0
1043,0
1044,0
1045,0
1046,0
1047,0
1048,0
1049,0.0322581
1050,0.0322581
1051,0
1052,0
1053,0.0645161
1054,0.0645161
1055,0.0645161
1056,0.0645161
1057,0.0645161
1058,0.0645161
1059,0.0967742
1060,0.0322581
1061,0
1062,0
1063,0
1064,0
1065,0.0645161
1066,0.0645161
1067,0.0645161
1068,0.16129
1069,0.16129
1070,0.16129
1071,0.129032
1072,0.0967742
1073,0.0645161
1074,0.0645161
1075,0
1076,0
1077,0
1078,0
1079,0.451613
1080,0.612903
1081,0.83871
1082,1
1083,0.870968
1084,0.967742
1085,0.677419
1086,0.387097
1087,0.225806
1088,0.129032
1089,0.290323
1090,0.741935
1091,0.516129
1092,0.387097
1093,0.419355
1094,0.354839
1095,0.322581
1096,0.225806
1097,0.16129
1098,0.0645161
1099,0.0322581
1100,0.0322581
1101,0
1102,0
1103,0.0967742
1104,0.16129
1105,0.0645161
1106,0.16129
1107,0.225806
1108,0.0967742
1109,0.0645161
1110,0
1111,0
1112,0
1113,0
1114,0
1115,0.0645161
1116,0.0645161
1117,0.0645161
1118,0
1119,0
1120,0.0322581
1121,0.0322581
1122,0.0322581
1123,0.0322581
1124,0.0322581
1125,0
1126,0.0645161
1127,0
1128,0
1129,0
1130,0
1131,0
1132,0.0322581
1133,0.0322581
1134,0.0322581
1135,0.0322581
1136,0.0322581
1137,0.0322581
1138,0.0967742
1139,0
1140,0.0645161
1141,0
1142,0.0645161
1143,0
1144,0
1145,0
1146,0
1147,0.0322581
1148,0.0645161
1149,0.0645161
1150,0
1151,0.0645161
1152,0
1153,0
1154,0.0967742
1155,0.0322581
1156,0.193548
1157,0.129032
1158,0.0967742
1159,0.0322581
1160,0.0322581
1161,0
1162,0.0967742
1163,0.0645161
1164,0.0322581
1165,0
1166,0.0645161
1167,0.0645161
1168,0.0967742
1169,0.193548
1170,0.129032
1171,0.0645161
1172,0.0967742
1173,0.0322581
1174,0.0322581
1175,0.0322581
1176,0.0322581
1177,0.0322581
1178,0.0322581
1179,0
1180,0.0322581
1181,0
1182,0
1183,0
1184,0
1185,0
1186,0
1187,0
1188,0.0645161
1189,0
1190,0.0322581
1191,0
1192,0.0322581
1193,0.0645161
1194,0.0645161
1195,0
1196,0.0645161
1197,0.0645161
1198,0.0645161
1199,0.0322581
1200,0
1201,0
1202,0.0645161
1203,0
1204,0.0322581
1205,0
1206,0
1207,0.0967742
1208,0.0967742
1209,0.0967742
1210,0.0967742
1211,0.0967742
1212,0.129032
1213,0.129032
1214,0.0967742
1215,0.129032
1216,0.129032
1217,0.193548
1218,0.0967742
1219,0.193548
1220,0.129032
1221,0.0967742
1222,0.129032
1223,0.0967742
1224,0.16129
1225,0.0322581
1226,0.0645161
1227,0.0967742
1228,0.0645161
1229,0.0645161
1230,0.129032
1231,0.0322581
1232,0.16129
1233,0
1234,0
1235,0.129032
1236,0.225806
1237,0.16129
1238,0.193548
1239,0.193548
1240,0.225806
1241,0.0967742
1242,0.0967742
1243,0.0645161
1244,0.129032
1245,0.129032
1246,0.0645161
1247,0.0967742
1248,0.225806
1249,0.193548
1250,0.193548
1251,0.193548
1252,0.193548
1253,0.193548
1254,0.193548
1255,0.193548
1256,0.0967742
1257,0.290323
1258,0.129032
1259,0.0967742
1260,0.0967742
1261,0.0322581
1262,0.0967742
1263,0.129032
1264,0.0645161
1265,0.0645161
1266,0.0645161
1267,0.0645161
1268,0.322581
1269,0.870968
1270,0.903226
1271,0.903226
1272,0.483871
1273,0.774194
1274,0.419355
1275,1
1276,0.935484
1277,0.83871
1278,0.806452
1279,0.451613
1280,0.645161
1281,0.451613
1282,0.580645
1283,0.612903
1284,0.322581
1285,0.741935
1286,0.967742
1287,1
1288,0.967742
1289,0.612903
1290,0.935484
1291,0.709677
1292,0.290323
1293,0.548387
1294,0.225806
1295,0.516129
1296,0.322581
1297,0.322581
1298,0.451613
1299,0.709677
1300,0.709677
1301,0.548387
1302,0.483871
1303,0.903226
1304,0.451613
1305,0.709677
1306,0.83871
1307,0.387097
1308,0.645161
1309,0.516129
1310,0.516129
1311,1
1312,0.516129
1313,0.483871
1314,0.645161
1315,0.419355
1316,0.483871
1317,0.612903
1318,0.645161
1319,0.258065
1320,0.774194
1321,0.322581
1322,0.612903
1323,0.516129
1324,0.483871
1325,0.548387
1326,0.516129
1327,0.516129
1328,0.709677
1329,0.967742
1330,0.677419
1331,1
1332,0.774194
1333,0.774194
1334,0.741935
1335,0.548387
1336,0.419355
1337,0.354839
1338,0.354839
1339,0.258065
1340,0.129032
1341,0.0645161
1342,0.0322581
1343,0.0322581
1344,0.0322581
1345,0.0322581
1346,0.0322581
1347,0.0322581
1348,0.0322581
1349,0.0967742
1350,0
1351,0.0322581
1352,0.0645161
1353,0.0967742
1354,0.0967742
1355,0.0967742
1356,0.0967742
1357,0.0645161
1358,0.129032
1359,0.129032
1360,0.16129
1361,0.258065
1362,0.580645
1363,0.258065
1364,0.16129
1365,0.16129
1366,0.193548
1367,0.193548
1368,0.225806
1369,0.16129
1370,0.16129
1371,0.129032
1372,0.0967742
1373,0.0967742
1374,0.0967742
1375,0.0967742
1376,0.0967742
1377,0.0645161
1378,0.0967742
1379,0.290323
1380,0.290323
1381,0.612903
1382,1
1383,0.612903
1384,0.677419
1385,0.903226
1386,0.774194
1387,0.709677
1388,0.83871
1389,0.548387
1390,0.516129
1391,0.483871
1392,0.129032
1393,0.129032
1394,0.129032
1395,0.193548
1396,0.290323
1397,0.258065
1398,0.483871
1399,0.419355
1400,0.354839
1401,0.387097
1402,0.258065
1403,0.16129
1404,0.258065
1405,0.258065
1406,0.16129
1407,0.258065
1408,0.258065
1409,0.129032
1410,0.258065
1411,0.225806
1412,0.225806
1413,0.258065
1414,0.290323
1415,0.193548
1416,0.193548
1417,0.258065
1418,0.225806
1419,0.225806
1420,0.193548
1421,0.193548
1422,0.225806
1423,0.290323
1424,0.258065
1425,0.225806
1426,0.225806
1427,0.193548
1428,0.290323
1429,0.193548
1430,0.16129
1431,0.16129
1432,0.193548
1433,0.225806
1434,0.419355
1435,0.290323
1436,0.225806
1437,0.193548
1438,0.258065
1439,0.290323
1440,0.322581
1441,0.193548
1442,0.193548
1443,0.16129
1444,0.16129
1445,0.129032
1446,0.129032
1447,0.483871
1448,0.387097
1449,0.225806
1450,0.193548
1451,0.225806
1452,0.193548
1453,0.16129
1454,0.193548
1455,0.16129
1456,0.290323
1457,0.225806
1458,0.193548
1459,0.225806
1460,0.0967742
1461,0.0645161
1462,0.0322581
1463,0.0322581
1464,0.0322581
1465,0.0322581
1466,0.0322581
1467,0.0322581
1468,0.0322581
1469,0.0967742
1470,0.0322581
1471,0
1472,0
1473,0.0645161
1474,0
1475,0
1476,0
1477,0
1478,0
1479,0
1480,0
1481,0.0645161
1482,0.0645161
1483,0.0645161
1484,0.0322581
1485,0.0322581
1486,0.0322581
1487,0.0322581
1488,0
1489,0
1490,0
1491,0
1492,0.0645161
1493,0
1494,0
1495,0
1496,0.0322581
1497,0.0322581
1498,0.0967742
1499,0.16129
1500,0.193548
1501,0.16129
1502,0.16129
1503,0.129032
1504,0.129032
1505,0.0645161
1506,0.129032
1507,0
1508,0
1509,0
1510,0
1511,0.451613
1512,0.483871
1513,0.806452
1514,1
1515,0.548387
1516,0.806452
1517,0.387097
1518,0.387097
1519,0.258065
1520,0.354839
1521,0.387097
1522,0.903226
1523,0.516129
1524,0.322581
1525,0.225806
1526,0.290323
1527,0.225806
1528,0
1529,0
1530,0.0645161
1531,0.0645161
1532,0.0322581
1533,0.0967742
1534,0
1535,0
1536,0
1537,0
1538,0
1539,0.0322581
1540,0.0322581
1541,0.0967742
1542,0.0322581
1543,0.0967742
1544,0.0967742
1545,0.0967742
1546,0.0322581
1547,0.0322581
1548,0.16129
1549,0
1550,0.0322581
1551,0.0645161
1552,0.0967742
1553,0.0645161
1554,0.129032
1555,0.0967742
1556,0.0645161
1557,0.0645161
1558,0.0967742
1559,0.0322581
1560,0.0322581
1561,0.0645161
1562,0.0645161
1563,0.0322581
1564,0
1565,0
1566,0.0967742
1567,0.129032
1568,0.0645161
1569,0.129032
1570,0.0645161
1571,0.0645161
1572,0.0645161
1573,0
1574,0.0967742
1575,0.0322581
1576,0.0322581
1577,0.0322581
1578,0.0322581
1579,0.129032
1580,0.0322581
1581,0
1582,0
1583,0.0645161
1584,0
1585,0
1586,0.0645161
1587,0.0645161
1588,0.16129
1589,0.0645161
1590,0.0645161
1591,0.0645161
1592,0.129032
1593,0
1594,0.0322581
1595,0
1596,0.0645161
1597,0.0645161
1598,0
1599,0
1600,0.0322581
1601,0
1602,0
1603,0.0322581
1604,0.0322581
1605,0.0322581
1606,0.0322581
1607,0.0322581
1608,0.0322581
1609,0.0322581
1610,0
1611,0
1612,0
1613,0
1614,0.0967742
1615,0.0967742
1616,0.0967742
1617,0.0645161
1618,0
1619,0.0645161
1620,0.0645161
1621,0
1622,0
1623,0
1624,0.0645161
1625,0.0967742
1626,0.0645161
1627,0.0645161
1628,0.0645161
1629,0.0645161
1630,0.0645161
1631,0.0967742
1632,0.0645161
1633,0.0967742
1634,0.0645161
1635,0.0967742
1636,0.0967742
1637,0.0645161
1638,0.0645161
1639,0.0645161
1640,0.0322581
1641,0.0322581
1642,0.0322581
1643,0.0967742
1644,0.129032
1645,0.129032
1646,0.0967742
1647,0.0645161
1648,0.0967742
1649,0.0645161
1650,0.0645161
1651,0.0322581
1652,0.0967742
1653,0
1654,0.0967742
1655,0.129032
1656,0.16129
1657,0.225806
1658,0.193548
1659,0.129032
1660,0.16129
1661,0.0967742
1662,0.0645161
1663,0.0645161
1664,0.129032
1665,0.0967742
1666,0.290323
1667,0.16129
1668,0.0967742
1669,0.16129
1670,0.0967742
1671,0.0967742
1672,0.129032
1673,0.129032
1674,0.0645161
1675,0.129032
1676,0.0645161
1677,0.0967742
1678,0.0967742
1679,0.0967742
1680,0.129032
1681,0.129032
1682,0.16129
1683,0.129032
1684,0.0967742
1685,0.0967742
1686,0.258065
1687,0.193548
1688,0.193548
1689,0.16129
1690,0.129032
1691,0.129032
1692,0.290323
1693,0.193548
1694,0.193548
1695,0.225806
1696,0.16129
1697,0.193548
1698,0.193548
1699,0.129032
1700,0.129032
1701,0.612903
1702,0.903226
1703,0.193548
1704,0.806452
1705,0.129032
1706,1
1707,0.870968
1708,0.741935
1709,0.483871
1710,0.645161
1711,0.419355
1712,0.322581
1713,0.354839
1714,0.387097
1715,0.645161
1716,0.967742
1717,0.419355
1718,0.806452
1719,0.580645
1720,0.870968
1721,0.580645
1722,0.419355
1723,0.258065
1724,0.516129
1725,0.516129
1726,0.419355
1727,0.354839
1728,0.580645
1729,0.483871
1730,0.612903
1731,0.806452
1732,0.548387
1733,0.741935
1734,0.419355
1735,1
1736,0.419355
1737,0.870968
1738,0.354839
1739,0.967742
1740,0.387097
1741,0.580645
1742,0.193548
1743,0.322581
1744,0.677419
1745,0.322581
1746,0.258065
1747,0.483871
1748,0.290323
1749,0.354839
1750,0.83871
1751,0.451613
1752,0.580645
1753,0.387097
1754,0.419355
1755,0.451613
1756,0.451613
1757,0.483871
1758,0.354839
1759,0.419355
1760,0.387097
1761,0.516129
1762,0.870968
1763,0.677419
1764,0.322581
1765,0.387097
1766,0.612903
1767,0.612903
1768,0.387097
1769,0.258065
1770,0.258065
1771,0.322581
1772,0.16129
1773,0.129032
1774,0.0967742
1775,0.129032
1776,0.0645161
1777,0.16129
1778,0.0645161
1779,0.0645161
1780,0.0645161
1781,0.0322581
1782,0.0967742
1783,0.0322581
1784,0.0645161
1785,0.0322581
1786,0.0645161
1787,0.0967742
1788,0.0967742
1789,0.0967742
1790,0.0322581
1791,0.16129
1792,0.0967742
1793,0.193548
1794,0.225806
1795,0.290323
1796,0.612903
1797,0.16129
1798,0.16129
1799,0.16129
1800,0.193548
1801,0.129032
1802,0.129032
1803,0.0322581
1804,0.0645161
1805,0.129032
1806,0.0967742
1807,0.0967742
1808,0.129032
1809,0.0967742
1810,0.0967742
1811,0.129032
1812,0.258065
1813,0.354839
1814,0.774194
1815,1
1816,0.548387
1817,0.806452
1818,0.870968
1819,0.741935
1820,0.774194
1821,0.677419
1822,0.548387
1823,0.419355
1824,0.322581
1825,0.0645161
1826,0.16129
1827,0.193548
1828,0.322581
1829,0.322581
1830,0.258065
1831,0.290323
1832,0.354839
1833,0.290323
1834,0.258065
1835,0.193548
1836,0.225806
1837,0.193548
1838,0.193548
1839,0.193548
1840,0.225806
1841,0.16129
1842,0.0967742
1843,0.0645161
1844,0.193548
1845,0.16129
1846,0.193548
1847,0.193548
1848,0.16129
1849,0.225806
1850,0.193548
1851,0.258065
1852,0.322581
1853,0.290323
1854,0.193548
1855,0.258065
1856,0.258065
1857,0.193548
1858,0.225806
1859,0.129032
1860,0.193548
1861,0.225806
1862,0.16129
1863,0.0967742
1864,0.16129
1865,0.258065
1866,0.225806
1867,0.129032
1868,0.16129
1869,0.193548
1870,0.258065
1871,0.580645
1872,0.387097
1873,0.548387
1874,0.258065
1875,0.129032
1876,0.129032
1877,0.129032
1878,0.193548
1879,0.193548
1880,0.354839
1881,0.645161
1882,0.290323
1883,0.419355
1884,0.258065
1885,0.16129
1886,0.193548
1887,0.129032
1888,0.193548
1889,0.580645
1890,0.516129
1891,0.451613
1892,0.419355
1893,0.290323
1894,0.16129
1895,0.0967742
1896,0.0322581
1897,0
1898,0
1899,0
1900,0
1901,0
1902,0
1903,0
1904,0
1905,0
1906,0
1907,0
1908,0
1909,0.0645161
1910,0
1911,0
1912,0
1913,0
1914,0
1915,0.0645161
1916,0.0645161
1917,0
1918,0.0645161
1919,0.0645161
1920,0.0645161
1921,0.0645161
1922,0.0645161
1923,0
1924,0.0322581
1925,0
1926,0
1927,0
1928,0
1929,0
1930,0.0645161
1931,0.16129
1932,0.16129
1933,0.16129
1934,0.129032
1935,0.16129
1936,0.129032
1937,0.0322581
1938,0
1939,0
1940,0
1941,0
1942,0
1943,0.451613
1944,0.451613
1945,0.645161
1946,1
1947,0.548387
1948,0.83871
1949,0.225806
1950,0.354839
1951,0.258065
1952,0.290323
1953,0.354839
1954,0.741935
1955,0.354839
1956,0.387097
1957,0.387097
1958,0.322581
1959,0.225806
1960,0.16129
1961,0.0322581
1962,0.0322581
1963,0
1964,0
1965,0
1966,0
1967,0
1968,0
1969,0.0645161
1970,0.0645161
1971,0.0967742
1972,0
1973,0
1974,0.0322581
1975,0.0645161
1976,0.0322581
1977,0.0322581
1978,0.0322581
1979,0.0322581
1980,0.129032
1981,0.0967742
1982,0.0967742
1983,0.16129
1984,0.0967742
1985,0.0967742
1986,0.16129
1987,0.0645161
1988,0.0645161
1989,0.0967742
1990,0.16129
1991,0.16129
1992,0.16129
1993,0.0645161
1994,0.0967742
1995,0.0967742
1996,0.0967742
1997,0.129032
1998,0.0322581
1999,0
2000,0
2001,0
2002,0
2003,0.0322581
2004,0.0645161
2005,0.0645161
2006,0.0645161
2007,0.0645161
2008,0.0645161
2009,0.0645161
2010,0.0645161
2011,0.0322581
2012,0.0967742
2013,0.0967742
2014,0.0322581
2015,0.0322581
2016,0.0322581
2017,0
2018,0
2019,0
2020,0
2021,0
2022,0
2023,0
2024,0
2025,0.0645161
2026,0.16129
2027,0.0967742
2028,0.0645161
2029,0.129032
2030,0.129032
2031,0.0967742
2032,0.16129
2033,0.0645161
2034,0
2035,0.129032
2036,0.0645161
2037,0.16129
2038,0.193548
2039,0.193548
2040,0.129032
2041,0.16129
2042,0.129032
2043,0.16129
2044,0.129032
2045,0.0645161
2046,0.0645161
2047,0
2048,0.0645161
2049,0
2050,0
2051,0.0645161
2052,0.0645161
2053,0
2054,0
2055,0
2056,0
2057,0
2058,0
2059,0
2060,0
2061,0
2062,0
2063,0
2064,0
2065,0.0645161
2066,0
2067,0
2068,0.0645161
2069,0.0645161
2070,0.129032
2071,0.0967742
2072,0.0967742
2073,0.0967742
2074,0.129032
2075,0.193548
2076,0.16129
2077,0.16129
2078,0.16129
2079,0.129032
2080,0.129032
2081,0.0322581
2082,0.129032
2083,0.193548
2084,0.129032
2085,0.0645161
2086,0.0322581
2087,0.0322581
2088,0.0322581
2089,0.0645161
2090,0.0645161
2091,0
2092,0.0645161
2093,0.16129
2094,0.0967742
2095,0.0967742
2096,0.129032
2097,0.0645161
2098,0.0967742
2099,0.0645161
2100,0.16129
2101,0.0645161
2102,0.0967742
2103,0.129032
2104,0.129032
2105,0.129032
2106,0.258065
2107,0.225806
2108,0.193548
2109,0.16129
2110,0.129032
2111,0.0645161
2112,0.16129
2113,0.0967742
2114,0.16129
2115,0.193548
2116,0.193548
2117,0.193548
2118,0.16129
2119,0.193548
2120,0.129032
2121,0.225806
2122,0.225806
2123,0.16129
2124,0.16129
2125,0.16129
2126,0.0322581
2127,0.129032
2128,0.129032
2129,0.193548
2130,0.193548
2131,0.193548
2132,0.129032
2133,0.16129
2134,0.16129
2135,0.516129
2136,0.935484
2137,0.129032
2138,0.645161
2139,0.258065
2140,0.548387
2141,1
2142,0.548387
2143,0.806452
2144,0.354839
2145,0.322581
2146,0.322581
2147,0.483871
2148,0.354839
2149,0.451613
2150,0.612903
2151,0.419355
2152,1
2153,0.387097
2154,0.967742
2155,0.516129
2156,0.548387
2157,0.483871
2158,0.387097
2159,0.903226
2160,0.354839
2161,0.483871
2162,0.580645
2163,0.258065
2164,0.612903
2165,0.677419
2166,0.580645
2167,0.645161
2168,0.612903
2169,0.516129
2170,0.451613
2171,0.387097
2172,0.387097
2173,0.387097
2174,0.322581
2175,0.322581
2176,0.193548
2177,0.580645
2178,0.387097
2179,0.354839
2180,0.419355
2181,0.258065
2182,0.290323
2183,0.451613
2184,0.322581
2185,0.516129
2186,0.451613
2187,0.387097
2188,0.419355
2189,0.387097
2190,0.419355
2191,0.387097
2192,0.387097
2193,0.774194
2194,0.870968
2195,0.612903
2196,0.967742
2197,0.903226
2198,0.774194
2199,0.774194
2200,0.548387
2201,0.419355
2202,0.354839
2203,0.322581
2204,0.258065
2205,0.193548
2206,0.0967742
2207,0.129032
2208,0.129032
2209,0.0967742
2210,0.0645161
2211,0.0967742
2212,0.0645161
2213,0.0322581
2214,0.0322581
2215,0.0322581
2216,0.129032
2217,0.0645161
2218,0.0645161
2219,0.0645161
2220,0.0645161
2221,0.0645161
2222,0.0967742
2223,0.0967742
2224,0.0967742
2225,0.0967742
2226,0.129032
2227,0.258065
2228,0.258065
2229,0.290323
2230,0.354839
2231,0.387097
2232,0.16129
2233,0.258065
2234,0.193548
2235,0.0967742
2236,0.193548
2237,0.193548
2238,0.225806
2239,0.258065
2240,0.258065
2241,0.290323
2242,0.290323
2243,0.193548
2244,0.225806
2245,0.225806
2246,0.258065
2247,0.645161
2248,1
2249,0.967742
2250,0.903226
2251,0.677419
2252,0.387097
2253,0.516129
2254,0.483871
2255,0.419355
2256,0.290323
2257,0.129032
2258,0.129032
2259,0.258065
2260,0.290323
2261,0.129032
2262,0.225806
2263,0.193548
2264,0.258065
2265,0.419355
2266,0.258065
2267,0.290323
2268,0.193548
2269,0.193548
2270,0.225806
2271,0.129032
2272,0.16129
2273,0.129032
2274,0.0967742
2275,0.129032
2276,0.0645161
2277,0.0645161
2278,0.129032
2279,0.225806
2280,0.225806
2281,0.129032
2282,0.290323
2283,0.193548
2284,0.16129
2285,0.322581
2286,0.193548
2287,0.193548
2288,0.193548
2289,0.193548
2290,0.129032
2291,0.258065
2292,0.193548
2293,0.193548
2294,0.225806
2295,0.129032
2296,0.0967742
2297,0.193548
2298,0.193548
2299,0.16129
2300,0.16129
2301,0.129032
2302,0.129032
2303,0.16129
2304,0.225806
2305,0.129032
2306,0.16129
2307,0.16129
2308,0.16129
2309,0.16129
2310,0.193548
2311,0.193548
2312,0.16129
2313,0.451613
2314,0.193548
2315,0.354839
2316,0.258065
2317,0.290323
2318,0.193548
2319,0.290323
2320,0.322581
2321,0.322581
2322,0.193548
2323,0.0967742
2324,0.0645161
2325,0.0645161
2326,0.0645161
2327,0.0645161
2328,0.0322581
2329,0.0322581
2330,0.0322581
2331,0.0322581
2332,0.0967742
2333,0.0967742
2334,0.0645161
2335,0.0322581
2336,0
2337,0
2338,0
2339,0.0967742
2340,0.0645161
2341,0
2342,0
2343,0.0645161
2344,0.0645161
2345,0.0645161
2346,0.129032
2347,0.0645161
2348,0.0645161
2349,0.0645161
2350,0
2351,0
2352,0
2353,0
2354,0.0322581
2355,0
2356,0
2357,0
2358,0
2359,0
2360,0.0322581
2361,0.0322581
2362,0.0322581
2363,0.0645161
2364,0.0645161
2365,0.129032
2366,0.129032
2367,0.129032
2368,0.129032
2369,0.129032
2370,0.0645161
2371,0.0322581
2372,0
2373,0
2374,0
2375,0
2376,0
2377,0
2378,0
2379,0
2380,0
2381,0.483871
2382,0.387097
2383,0.387097
2384,0.967742
2385,0.548387
2386,0.83871
2387,0.225806
2388,0.387097
2389,0.354839
2390,0.387097
2391,0.354839
2392,0.741935
2393,0.322581
2394,0.290323
2395,0.193548
2396,0.193548
2397,0.129032
2398,0.0967742
2399,0
2400,0
2401,0
2402,0
2403,0.0645161
2404,0.0967742
2405,0.0322581
2406,0.0645161
2407,0.193548
2408,0.129032
2409,0.0967742
2410,0.16129
2411,0.0967742
2412,0.0322581
2413,0
2414,0.0322581
2415,0.0967742
2416,0.0322581
2417,0.0322581
2418,0.0322581
2419,0.0645161
2420,0.0645161
2421,0.0967742
2422,0.0967742
2423,0.0967742
2424,0
2425,0.0967742
2426,0.0967742
2427,0.0645161
2428,0.129032
2429,0.0322581
2430,0.0322581
2431,0.0322581
2432,0.0967742
2433,0.0322581
2434,0.0645161
2435,0.0645161
2436,0.0967742
2437,0.0967742
2438,0.0645161
2439,0.0645161
2440,0.0645161
2441,0.0322581
2442,0.0322581
2443,0
2444,0
2445,0
2446,0
2447,0
2448,0.0645161
2449,0.0645161
2450,0.129032
2451,0.129032
2452,0.0967742
2453,0.0645161
2454,0.0645161
2455,0
2456,0.0967742
2457,0.0322581
2458,0
2459,0
2460,0
2461,0
2462,0
2463,0
2464,0.0322581
2465,0.0322581
2466,0.0322581
2467,0.0645161
2468,0
2469,0.129032
2470,0.0967742
2471,0.0322581
2472,0.0322581
2473,0.0967742
2474,0.0967742
2475,0.0967742
2476,0
2477,0.0322581
2478,0.0322581
2479,0
2480,0
2481,0
2482,0.0645161
2483,0.0967742
2484,0.0322581
2485,0
2486,0.0645161
2487,0.0645161
2488,0.0967742
2489,0.0967742
2490,0.0967742
2491,0.0967742
2492,0.0967742
2493,0.129032
2494,0.0967742
2495,0.0967742
2496,0.0967742
2497,0.0967742
2498,0.0322581
2499,0.0322581
2500,0
2501,0
2502,0.0322581
2503,0.0322581
2504,0.0967742
2505,0.0322581
2506,0.0967742
2507,0.0967742
2508,0.0322581
2509,0
2510,0
2511,0.0322581
2512,0.0645161
2513,0.0645161
2514,0.16129
2515,0.16129
2516,0.129032
2517,0.16129
2518,0.193548
2519,0.129032
2520,0.193548
2521,0.0967742
2522,0.129032
2523,0.129032
2524,0.129032
2525,0.193548
2526,0.0322581
2527,0.16129
2528,0.0967742
2529,0.0967742
2530,0.0967742
2531,0.225806
2532,0.0967742
2533,0.0645161
2534,0.0322581
2535,0.0322581
2536,0.0967742
2537,0.129032
2538,0
2539,0.0322581
2540,0.0967742
2541,0.0967742
2542,0.0967742
2543,0.129032
2544,0.129032
2545,0.129032
2546,0.225806
2547,0.129032
2548,0.258065
2549,0.129032
2550,0.0645161
2551,0.129032
2552,0.225806
2553,0.129032
2554,0.193548
2555,0.258065
2556,0.225806
2557,0.193548
2558,0.193548
2559,0.225806
2560,0.129032
2561,0.0645161
2562,0.0645161
2563,0.129032
2564,0.0645161
2565,0.129032
2566,0.129032
2567,0
2568,0.612903
2569,0.741935
2570,0.129032
2571,0.806452
2572,0.83871
2573,0.935484
2574,0.645161
2575,0.483871
2576,0.483871
2577,0.516129
2578,0.322581
2579,0.387097
2580,0.322581
2581,0.451613
2582,0.419355
2583,0.806452
2584,0.612903
2585,1
2586,0.741935
2587,0.645161
2588,0.709677
2589,0.290323
2590,0.387097
2591,0.516129
2592,0.419355
2593,0.483871
2594,0.516129
2595,0.354839
2596,0.516129
2597,0.612903
2598,0.516129
2599,0.483871
2600,0.354839
2601,0.225806
2602,0.322581
2603,0.193548
2604,0.322581
2605,0.290323
2606,0.225806
2607,0.225806
2608,0.258065
2609,0.322581
2610,0.129032
2611,0.225806
2612,0.387097
2613,0.322581
2614,0.354839
2615,0.225806
2616,0.193548
2617,0.387097
2618,0.258065
2619,0.322581
2620,0.322581
2621,0.258065
2622,0.354839
2623,0.354839
2624,0.290323
2625,0.354839
2626,0.741935
2627,0.741935
2628,0.967742
2629,0.580645
2630,0.612903
2631,0.806452
2632,0.967742
2633,0.516129
2634,0.580645
2635,0.258065
2636,0.258065
2637,0.193548
2638,0.16129
2639,0.129032
2640,0.0967742
2641,0.193548
2642,0.258065
2643,0.0645161
2644,0.16129
2645,0.129032
2646,0.16129
2647,0.129032
2648,0.0967742
2649,0.0967742
2650,0.0322581
2651,0.0967742
2652,0.0645161
2653,0.0645161
2654,0.0967742
2655,0.0967742
2656,0.0645161
2657,0.0322581
2658,0.0967742
2659,0.0645161
2660,0.129032
2661,0.16129
2662,0.16129
2663,0.129032
2664,0.16129
2665,0.16129
2666,0.16129
2667,0.16129
2668,0.129032
2669,0.16129
2670,0.0967742
2671,0.16129
2672,0.225806
2673,0.225806
2674,0.193548
2675,0.129032
2676,0.129032
2677,0.193548
2678,0.193548
2679,0.290323
2680,0.387097
2681,0.967742
2682,1
2683,0.870968
2684,0.83871
2685,0.645161
2686,0.612903
2687,0.580645
2688,0.548387
2689,0.451613
2690,0.419355
2691,0.258065
2692,0.258065
2693,0.225806
2694,0.16129
2695,0.225806
2696,0.387097
2697,0.290323
2698,0.483871
2699,0.322581
2700,0.258065
2701,0.193548
2702,0.16129
2703,0.290323
2704,0.16129
2705,0.193548
2706,0.322581
2707,0.16129
2708,0.225806
2709,0.129032
2710,0.16129
2711,0.0967742
2712,0.16129
2713,0.16129
2714,0.16129
2715,0.225806
2716,0.258065
2717,0.225806
2718,0.225806
2719,0.16129
2720,0.16129
2721,0.258065
2722,0.225806
2723,0.354839
2724,0.451613
2725,0.258065
2726,0.193548
2727,0.193548
2728,0.870968
2729,0.580645
2730,0.258065
2731,0.193548
2732,0.258065
2733,0.225806
2734,0.193548
2735,0.16129
2736,0.193548
2737,0.548387
2738,0.322581
2739,0.16129
2740,0.129032
2741,0.0967742
2742,0.16129
2743,0.193548
2744,0.290323
2745,0.193548
2746,0.516129
2747,0.677419
2748,0.193548
2749,0.290323
2750,0.258065
2751,0.258065
2752,0.193548
2753,0.290323
2754,0.129032
2755,0.193548
2756,0.193548
2757,0.129032
2758,0.0645161
2759,0.0645161
2760,0.0645161
2761,0.225806
2762,0.0967742
2763,0.0645161
2764,0.0645161
2765,0.0645161
2766,0.0322581
2767,0.0322581
2768,0.0322581
2769,0.0322581
2770,0
2771,0.0322581
2772,0.0322581
2773,0
2774,0.0322581
2775,0
2776,0.16129
2777,0.0645161
2778,0.0645161
2779,0.0645161
2780,0.0322581
2781,0.0322581
2782,0.0322581
2783,0
2784,0
2785,0
2786,0
2787,0
2788,0
2789,0
2790,0
2791,0
2792,0
2793,0.0322581
2794,0.0322581
2795,0.0322581
2796,0
2797,0
2798,0
2799,0
2800,0.0645161
2801,0.0645161
2802,0.129032
2803,0.129032
2804,0.129032
2805,0.129032
2806,0.129032
2807,0.0645161
2808,0.0645161
2809,0
2810,0
2811,0
2812,0
2813,0.483871
2814,0.258065
2815,0.548387
2816,0.967742
2817,0.354839
2818,1
2819,0.258065
2820,0.322581
2821,0.193548
2822,0.322581
2823,0.354839
2824,0.677419
2825,0.483871
2826,0.225806
2827,0.193548
2828,0.193548
2829,0.0967742
2830,0.0645161
2831,0.0967742
2832,0.0322581
2833,0.0322581
2834,0.0322581
2835,0.0322581
2836,0.0322581
2837,0.0967742
2838,0.0967742
2839,0.193548
2840,0.129032
2841,0.0967742
2842,0.0645161
2843,0.0645161
2844,0
2845,0.0322581
2846,0
2847,0.0322581
2848,0.0322581
2849,0.0645161
2850,0.0322581
2851,0.0322581
2852,0.0645161
2853,0.0322581
2854,0.0967742
2855,0.0645161
2856,0.0322581
2857,0.0322581
2858,0.0322581
2859,0.0322581
2860,0.0322581
2861,0
2862,0
2863,0
2864,0
2865,0
2866,0.0322581
2867,0.0645161
2868,0
2869,0.0967742
2870,0.0967742
2871,0.0322581
2872,0.0322581
2873,0.0967742
2874,0.0645161
2875,0
2876,0.0967742
2877,0
2878,0.16129
2879,0.129032
2880,0.0645161
2881,0
2882,0.0967742
2883,0.0967742
2884,0.0967742
2885,0.0645161
2886,0.0645161
2887,0.0645161
2888,0
2889,0
2890,0
2891,0
2892,0
2893,0.0645161
2894,0
2895,0
2896,0
2897,0.0645161
2898,0.0322581
2899,0.0322581
2900,0.0322581
2901,0.0322581
2902,0.0322581
2903,0.0322581
2904,0.0322581
2905,0.0322581
2906,0.0322581
2907,0.0322581
2908,0.0322581
2909,0.0967742
2910,0
2911,0
2912,0
2913,0
2914,0
2915,0
2916,0
2917,0.0645161
2918,0.0645161
2919,0.0645161
2920,0.0645161
2921,0.129032
2922,0.129032
2923,0.0645161
2924,0.0645161
2925,0.0645161
2926,0.0645161
2927,0.0967742
2928,0.0967742
2929,0.16129
2930,0.0967742
2931,0.0967742
2932,0.0967742
2933,0.0645161
2934,0.16129
2935,0.129032
2936,0.16129
2937,0.16129
2938,0.0645161
2939,0.0967742
2940,0.0322581
2941,0.0322581
2942,0.0322581
2943,0.0645161
2944,0.0645161
2945,0.0645161
2946,0.193548
2947,0.129032
2948,0.193548
2949,0.225806
2950,0.193548
2951,0.129032
2952,0.129032
2953,0.16129
2954,0.0967742
2955,0.129032
2956,0.16129
2957,0.193548
2958,0.193548
2959,0.193548
2960,0.225806
2961,0.16129
2962,0.0967742
2963,0.0322581
2964,0.0322581
2965,0.0322581
2966,0.0322581
2967,0
2968,0
2969,0.0967742
2970,0.0967742
2971,0.0645161
2972,0.0645161
2973,0.129032
2974,0.129032
2975,0.129032
2976,0.0967742
2977,0.129032
2978,0.129032
2979,0.0967742
2980,0.16129
2981,0.225806
2982,0.193548
2983,0.225806
2984,0.193548
2985,0.290323
2986,0.258065
2987,0.193548
2988,0.0967742
2989,0.129032
2990,0.0967742
2991,0.129032
2992,0.0967742
2993,0.0967742
2994,0.0967742
2995,0.129032
2996,0.0967742
2997,0.0645161
2998,0.0322581
2999,0.0322581
3000,0.0645161
3001,0.0645161
3002,0.0322581
3003,0.193548
3004,0.709677
3005,0.387097
3006,0.741935
3007,0.580645
3008,1
3009,0.548387
3010,1
3011,0.387097
3012,1
3013,0.258065
3014,0.935484
3015,0.290323
3016,0.903226
3017,0.483871
3018,0.193548
3019,0.354839
3020,0.483871
3021,0.387097
3022,0.645161
3023,0.322581
3024,0.677419
3025,0.258065
3026,0.354839
3027,0.354839
3028,0.483871
3029,0.580645
3030,0.483871
3031,0.516129
3032,0.516129
3033,0.516129
3034,0.451613
3035,0.290323
3036,0.290323
3037,0.354839
3038,0.290323
3039,0.258065
3040,0.258065
3041,0.258065
3042,0.16129
3043,0.16129
3044,0.129032
3045,0.193548
3046,0.354839
3047,0.193548
3048,0.225806
3049,0.193548
3050,0.0967742
3051,0.16129
3052,0.387097
3053,0.225806
3054,0.290323
3055,0.258065
3056,0.290323
3057,0.258065
3058,0.322581
3059,0.290323
3060,0.258065
3061,0.258065
3062,0.612903
3063,0.645161
3064,0.580645
3065,0.451613
3066,0.709677
3067,0.83871
3068,0.419355
3069,0.612903
3070,0.225806
3071,0.387097
3072,0.225806
3073,0.16129
3074,0.16129
3075,0.225806
3076,0.16129
3077,0.0967742
3078,0.0645161
3079,0.0322581
3080,0.0645161
3081,0.0967742
3082,0.0967742
3083,0.0322581
3084,0.0645161
3085,0.0322581
3086,0.0967742
3087,0.16129
3088,0.0967742
3089,0.0967742
3090,0.0967742
3091,0.16129
3092,0.0967742
3093,0.0645161
3094,0.0967742
3095,0.0967742
3096,0.16129
3097,0.129032
3098,0.258065
3099,0.193548
3100,0.16129
3101,0.193548
3102,0.225806
3103,0.0967742
3104,0.225806
3105,0.16129
3106,0.16129
3107,0.193548
3108,0.193548
3109,0.193548
3110,0.16129
3111,0.129032
3112,0.129032
3113,0.129032
3114,0.258065
3115,0.258065
3116,0.580645
3117,0.967742
3118,0.870968
3119,0.709677
3120,0.806452
3121,0.322581
3122,0.806452
3123,0.451613
3124,0.451613
3125,0.354839
3126,0.354839
3127,0.322581
3128,0.129032
3129,0.16129
3130,0.258065
3131,0.387097
3132,0.258065
3133,0.322581
3134,0.451613
3135,0.258065
3136,0.258065
3137,0.290323
3138,0.16129
3139,0.290323
3140,0.129032
3141,0.16129
3142,0.193548
3143,0.0967742
3144,0.16129
3145,0.129032
3146,0.129032
3147,0.129032
3148,0.16129
3149,0.0967742
3150,0.0967742
3151,0.225806
3152,0.129032
3153,0.0645161
3154,0.16129
3155,0.129032
3156,0.258065
3157,0.387097
3158,0.387097
3159,0.322581
3160,0.451613
3161,0.354839
3162,0.258065
3163,0.225806
3164,0.290323
3165,0.0967742
3166,0.16129
3167,0.193548
3168,0.225806
3169,0.193548
3170,0.16129
3171,0.290323
3172,0.290323
3173,0.290323
3174,0.967742
3175,0.516129
3176,0.741935
3177,0.677419
3178,0.483871
3179,0.451613
3180,0.483871
3181,0.225806
3182,0.322581
3183,0.580645
3184,0.225806
3185,0.258065
3186,0.193548
3187,0.16129
3188,0.225806
3189,0.129032
3190,0.129032
3191,0.0967742
3192,0.193548
3193,0.16129
3194,0.0967742
3195,0.129032
3196,0.0967742
3197,0.129032
3198,0.129032
3199,0.0967742
3200,0.0645161
3201,0.0322581
3202,0.0322581
3203,0.0322581
3204,0.0322581
3205,0.0322581
3206,0
3207,0
3208,0
3209,0
3210,0.0322581
3211,0
3212,0
3213,0.129032
3214,0.0967742
3215,0.0322581
3216,0.0967742
3217,0
3218,0
3219,0
3220,0
3221,0
3222,0.0967742
3223,0.0322581
3224,0.129032
3225,0.0967742
3226,0
3227,0.129032
3228,0.0967742
3229,0.0645161
3230,0.0645161
3231,0.0322581
3232,0.129032
3233,0.129032
3234,0.129032
3235,0.129032
3236,0.193548
3237,0.0967742
3238,0.0967742
3239,0.0967742
3240,0.0322581
3241,0.0322581
3242,0.0322581
3243,0
3244,0.0645161
3245,0
3246,0
3247,0
3248,0
3249,0
3250,0
3251,0.451613
3252,0.322581
3253,0.580645
3254,1
3255,0.387097
3256,0.967742
3257,0.193548
3258,0.419355
3259,0.322581
3260,0.290323
3261,0.387097
3262,0.677419
3263,0.354839
3264,0.258065
3265,0.290323
3266,0.193548
3267,0.16129
3268,0.129032
3269,0.0645161
3270,0.0322581
3271,0.0645161
3272,0.0645161
3273,0.0645161
3274,0.0967742
3275,0.0645161
3276,0
3277,0
3278,0.0322581
3279,0.0967742
3280,0.0645161
3281,0.0967742
3282,0
3283,0
3284,0
3285,0
3286,0
3287,0.0322581
3288,0
3289,0
3290,0.0322581
3291,0.0322581
3292,0.0322581
3293,0.0322581
3294,0.0322581
3295,0.0322581
3296,0
3297,0
3298,0
3299,0
3300,0
3301,0
3302,0
3303,0.0322581
3304,0.0322581
3305,0.0645161
3306,0.0322581
3307,0.0322581
3308,0.0322581
3309,0.0322581
3310,0
3311,0
3312,0
3313,0
3314,0.0645161
3315,0.0645161
3316,0.0645161
3317,0
3318,0.0645161
3319,0.0645161
3320,0.0645161
3321,0.0645161
3322,0.0322581
3323,0.0322581
3324,0.0322581
3325,0
3326,0
3327,0
3328,0.0645161
3329,0
3330,0.0645161
3331,0.129032
3332,0.129032
3333,0.129032
3334,0.0967742
3335,0.0967742
3336,0.225806
3337,0.0967742
3338,0.0645161
3339,0.0322581
3340,0.0322581
3341,0
3342,0.0322581
3343,0.0322581
3344,0
3345,0
3346,0
3347,0.0322581
3348,0
3349,0
3350,0
3351,0
3352,0
3353,0
3354,0
3355,0
3356,0
3357,0
3358,0
3359,0
3360,0
3361,0
3362,0
3363,0
3364,0
3365,0
3366,0
3367,0
3368,0.0322581
3369,0.0322581
3370,0.0645161
3371,0.0967742
3372,0.0322581
3373,0.16129
3374,0.193548
3375,0.129032
3376,0.16129
3377,0.129032
3378,0.129032
3379,0.129032
3380,0.193548
3381,0.193548
3382,0.129032
3383,0.129032
3384,0.129032
3385,0.0967742
3386,0.0322581
3387,0.0322581
3388,0.0322581
3389,0
3390,0
3391,0.129032
3392,0
3393,0
3394,0.0645161
3395,0
3396,0.0967742
3397,0.129032
3398,0.129032
3399,0.0967742
3400,0.129032
3401,0.129032
3402,0.0967742
3403,0.225806
3404,0.16129
3405,0.193548
3406,0.129032
3407,0.16129
3408,0.129032
3409,0.0645161
3410,0.129032
3411,0.193548
3412,0.225806
3413,0.290323
3414,0.225806
3415,0.193548
3416,0.290323
3417,0.354839
3418,0.258065
3419,0.129032
3420,0.290323
3421,0.16129
3422,0.0967742
3423,0.0967742
3424,0.129032
3425,0.0322581
3426,0.0322581
3427,0.129032
3428,0.129032
3429,0.0967742
3430,0.0967742
3431,0.16129
3432,0.0967742
3433,0.548387
3434,0.612903
3435,0.387097
3436,1
3437,0.193548
3438,0.774194
3439,0.548387
3440,1
3441,0.419355
3442,0.967742
3443,0.290323
3444,0.774194
3445,0.322581
3446,0.741935
3447,0.290323
3448,0.516129
3449,0.258065
3450,0.258065
3451,0.387097
3452,0.354839
3453,0.516129
3454,0.483871
3455,0.612903
3456,0.516129
3457,0.387097
3458,0.419355
3459,0.290323
3460,0.322581
3461,0.322581
3462,0.451613
3463,0.451613
3464,0.451613
3465,0.322581
3466,0.516129
3467,0.387097
3468,0.935484
3469,0.483871
3470,0.387097
3471,0.354839
3472,0.419355
3473,0.193548
3474,0.16129
3475,0.290323
3476,0.16129
3477,0.387097
3478,0.16129
3479,0.193548
3480,0.193548
3481,0.0967742
3482,0.129032
3483,0.419355
3484,0.290323
3485,0.322581
3486,0.354839
3487,0.354839
3488,0.387097
3489,0.419355
3490,0.419355
3491,0.225806
3492,0.225806
3493,0.16129
3494,0.354839
3495,0.645161
3496,0.516129
3497,0.548387
3498,0.548387
3499,0.677419
3500,0.483871
3501,0.387097
3502,0.419355
3503,0.322581
3504,0.258065
3505,0.16129
3506,0.129032
3507,0.0967742
3508,0.0967742
3509,0.129032
3510,0.0322581
3511,0.0322581
3512,0.0322581
3513,0.0322581
3514,0.0645161
3515,0.0322581
3516,0.0322581
3517,0.0967742
3518,0.0645161
3519,0.0967742
3520,0.0967742
3521,0.0322581
3522,0.0322581
3523,0.0967742
3524,0.0645161
3525,0.0967742
3526,0.16129
3527,0.0967742
3528,0.0967742
3529,0.0967742
3530,0.16129
3531,0.16129
3532,0.16129
3533,0.0967742
3534,0.0967742
3535,0.0967742
3536,0.129032
3537,0.16129
3538,0.193548
3539,0.129032
3540,0.16129
3541,0.16129
3542,0.129032
3543,0.16129
3544,0.16129
3545,0.290323
3546,0.709677
3547,0.967742
3548,0.83871
3549,0.580645
3550,0.709677
3551,0.290323
3552,0.774194
3553,0.451613
3554,0.354839
3555,0.290323
3556,0.193548
3557,0.193548
3558,0.16129
3559,0.193548
3560,0.258065
3561,0.258065
3562,0.258065
3563,0.258065
3564,0.548387
3565,0.354839
3566,0.290323
3567,0.193548
3568,0.225806
3569,0.193548
3570,0.16129
3571,0.258065
3572,0.16129
3573,0.258065
3574,0.225806
3575,0.0645161
3576,0.0645161
3577,0.0645161
3578,0.0645161
3579,0.129032
3580,0.0967742
3581,0.290323
3582,0.290323
3583,0.16129
3584,0.258065
3585,0.258065
3586,0.258065
3587,0.258065
3588,0.258065
3589,0.193548
3590,0.322581
3591,0.258065
3592,0.129032
3593,0.258065
3594,0.258065
3595,0.225806
3596,0.16129
3597,0.225806
3598,0.129032
3599,0.16129
3600,0.16129
3601,0.225806
3602,0.870968
3603,0.354839
3604,0.225806
3605,0.0967742
3606,0.16129
3607,0.129032
3608,0.16129
3609,0.193548
3610,0.193548
3611,0.225806
3612,0.419355
3613,0.612903
3614,0.193548
3615,0.322581
3616,0.258065
3617,0.129032
3618,0.193548
3619,0.16129
3620,0.129032
3621,0.0967742
3622,0.0967742
3623,0.0645161
3624,0.0967742
3625,0.0322581
3626,0.0645161
3627,0.0322581
3628,0.0322581
3629,0.0322581
3630,0.0322581
3631,0.0322581
3632,0.0322581
3633,0
3634,0
3635,0
3636,0
3637,0
3638,0.0645161
3639,0
3640,0.0645161
3641,0
3642,0
3643,0.0967742
3644,0
3645,0
3646,0.0645161
3647,0.129032
3648,0.0645161
3649,0.0645161
3650,0.0645161
3651,0.0645161
3652,0
3653,0.0322581
3654,0.0322581
3655,0
3656,0
3657,0
3658,0
3659,0
3660,0
3661,0.0322581
3662,0.0322581
3663,0.0322581
3664,0.0322581
3665,0.0645161
3666,0.129032
3667,0.129032
3668,0.129032
3669,0.129032
3670,0.129032
3671,0.129032
3672,0.0322581
3673,0
3674,0
3675,0
3676,0
3677,0.451613
3678,0.322581
3679,0.548387
3680,1
3681,0.419355
3682,0.258065
3683,0.419355
3684,0.419355
3685,0.193548
3686,0.354839
3687,0.387097
3688,0.548387
3689,0.419355
3690,0.290323
3691,0.193548
3692,0.16129
3693,0.129032
3694,0.0645161
3695,0.0322581
3696,0.0322581
3697,0.0322581
3698,0
3699,0
3700,0
3701,0
3702,0.0322581
3703,0.0322581
3704,0.0645161
3705,0.0967742
3706,0.0967742
3707,0
3708,0
3709,0
3710,0.0322581
3711,0.0645161
3712,0.0322581
3713,0.0322581
3714,0.0322581
3715,0.0967742
3716,0.0322581
3717,0.0967742
3718,0.0967742
3719,0.0645161
3720,0.0322581
3721,0
3722,0.0645161
3723,0.0322581
3724,0.0322581
3725,0.0322581
3726,0.0967742
3727,0
3728,0
3729,0.0322581
3730,0.0322581
3731,0.0322581
3732,0.0322581
3733,0.0322581
3734,0.0322581
3735,0.0322581
3736,0
3737,0
3738,0
3739,0.0322581
3740,0.0322581
3741,0.0322581
3742,0.0322581
3743,0.0322581
3744,0.0322581
3745,0.0322581
3746,0
3747,0
3748,0
3749,0
3750,0
3751,0.0645161
3752,0.0645161
3753,0.0645161
3754,0.0645161
3755,0.0645161
3756,0.0645161
3757,0.0645161
3758,0
3759,0
3760,0
3761,0
3762,0
3763,0
3764,0
3765,0.0322581
3766,0.0322581
3767,0.0322581
3768,0.0322581
3769,0.0322581
3770,0.0322581
3771,0.0322581
3772,0.0645161
3773,0
3774,0
3775,0
3776,0
3777,0
3778,0.0967742
3779,0.0967742
3780,0.0645161
3781,0.0645161
3782,0
3783,0
3784,0
3785,0
3786,0.0967742
3787,0.0967742
3788,0.0645161
3789,0.0645161
3790,0.0645161
3791,0.0645161
3792,0.0645161
3793,0.0645161
3794,0.0645161
3795,0.0645161
3796,0.0645161
3797,0.0967742
3798,0.0967742
3799,0.0967742
3800,0.0967742
3801,0.0967742
3802,0.129032
3803,0.0645161
3804,0.0645161
3805,0.0967742
3806,0.0645161
3807,0.0645161
3808,0.0645161
3809,0.0645161
3810,0.0645161
3811,0.16129
3812,0.0967742
3813,0.0645161
3814,0.0322581
3815,0.0322581
3816,0.129032
3817,0.129032
3818,0.16129
3819,0.129032
3820,0.129032
3821,0.129032
3822,0.16129
3823,0.129032
3824,0.0967742
3825,0.0322581
3826,0.16129
3827,0.193548
3828,0.0967742
3829,0.129032
3830,0.0967742
3831,0.0967742
3832,0.0967742
3833,0.129032
3834,0.0322581
3835,0.0322581
3836,0.0322581
3837,0.0645161
3838,0.16129
3839,0.0645161
3840,0.0322581
3841,0.129032
3842,0.0967742
3843,0.129032
3844,0.129032
3845,0.16129
3846,0.129032
3847,0.16129
3848,0.225806
3849,0.354839
3850,0.225806
3851,0.225806
3852,0.225806
3853,0.193548
3854,0.129032
3855,0.225806
3856,0.193548
3857,0.290323
3858,0.290323
3859,0.225806
3860,0.129032
3861,0.0967742
3862,0
3863,0.129032
3864,0.322581
3865,0.935484
3866,0.129032
3867,0.741935
3868,0.258065
3869,0.83871
3870,0.83871
3871,0.967742
3872,0.451613
3873,0.580645
3874,0.483871
3875,0.516129
3876,0.419355
3877,0.322581
3878,0.548387
3879,0.16129
3880,0.387097
3881,0.483871
3882,0.322581
3883,0.83871
3884,0.258065
3885,0.612903
3886,0.483871
3887,0.451613
3888,0.516129
3889,0.387097
3890,0.419355
3891,0.548387
3892,0.16129
3893,0.354839
3894,0.387097
3895,0.451613
3896,0.322581
3897,0.258065
3898,0.645161
3899,0.322581
3900,0.290323
3901,0.225806
3902,0.290323
3903,0.193548
3904,0.16129
3905,0.16129
3906,0.225806
3907,0.322581
3908,0.129032
3909,0.225806
3910,0.354839
3911,0.129032
3912,0.387097
3913,0.225806
3914,0.290323
3915,0.322581
3916,0.354839
3917,0.354839
3918,0.387097
3919,0.258065
3920,0.322581
3921,0.354839
3922,0.322581
3923,0.419355
3924,0.193548
3925,0.83871
3926,0.580645
3927,0.967742
3928,0.870968
3929,0.612903
3930,0.516129
3931,0.387097
3932,0.451613
3933,0.387097
3934,0.290323
3935,0.258065
3936,0.129032
3937,0.129032
3938,0.322581
3939,0.258065
3940,0.258065
3941,0.225806
3942,0.0967742
3943,0.0322581
3944,0.0322581
3945,0.0322581
3946,0.0645161
3947,0.129032
3948,0.193548
3949,0.0967742
3950,0.0645161
3951,0.0967742
3952,0.0645161
3953,0.0322581
3954,0.0967742
3955,0.16129
3956,0.0967742
3957,0.16129
3958,0.0967742
3959,0.0967742
3960,0.0967742
3961,0.129032
3962,0.16129
3963,0.129032
3964,0.0967742
3965,0.0967742
3966,0.0967742
3967,0.129032
3968,0.225806
3969,0.193548
3970,0.129032
3971,0.0967742
3972,0.129032
3973,0.16129
3974,0.193548
3975,0.225806
3976,0.290323
3977,0.290323
3978,0.870968
3979,0.806452
3980,0.741935
3981,0.677419
3982,0.354839
3983,0.548387
3984,0.645161
3985,0.645161
3986,0.483871
3987,0.419355
3988,0.225806
3989,0.193548
3990,0.129032
3991,0.0967742
3992,0.0967742
3993,0.129032
3994,0.0967742
3995,0.193548
3996,0.645161
3997,0.354839
3998,0.290323
3999,0.193548
4000,0.193548
4001,0.193548
4002,0.193548
4003,0.16129
4004,0.129032
4005,0.129032
4006,0.0967742
4007,0.0645161
4008,0.0645161
4009,0.0967742
4010,0.0967742
4011,0.0645161
4012,0.129032
4013,0.0967742
4014,0.129032
4015,0.258065
4016,0.129032
4017,0.129032
4018,0.290323
4019,0.258065
4020,0.322581
4021,0.16129
4022,0.193548
4023,0.193548
4024,0.258065
4025,0.290323
4026,0.16129
4027,0.225806
4028,0.225806
4029,0.193548
4030,0.16129
4031,0.193548
4032,0.193548
4033,0.322581
4034,0.225806
4035,0.903226
4036,0.225806
4037,0.225806
4038,0.129032
4039,0.16129
4040,0.16129
4041,0.290323
4042,0.258065
4043,0.225806
4044,0.483871
4045,0.0967742
4046,0.290323
4047,0.258065
4048,0.225806
4049,0.16129
4050,0.16129
4051,0.16129
4052,0.0967742
4053,0.0967742
4054,0.0967742
4055,0.129032
4056,0.0645161
4057,0.0967742
4058,0.0967742
4059,0.0645161
4060,0.0645161
4061,0.0645161
4062,0.0322581
4063,0
4064,0.0645161
4065,0.0322581
4066,0.0322581
4067,0
4068,0.0645161
4069,0
4070,0
4071,0
4072,0
4073,0
4074,0
4075,0
4076,0
4077,0
4078,0.0322581
4079,0
4080,0.0645161
4081,0.0645161
4082,0.0645161
4083,0.0967742
4084,0.0322581
4085,0.0322581
4086,0.0322581
4087,0
4088,0.0322581
4089,0.0967742
4090,0.0322581
4091,0.0322581
4092,0
4093,0.0967742
4094,0.0967742
4095,0.129032
4096,0.129032
4097,0.129032
4098,0.129032
4099,0.16129
4100,0.129032
4101,0.0322581
4102,0
4103,0
4104,0
4105,0
4106,0
4107,0
4108,0
4109,0.451613
4110,0.225806
4111,0.612903
4112,0.870968
4113,0.516129
4114,0.129032
4115,0.322581
4116,0.354839
4117,0.225806
4118,0.258065
4119,0.290323
4120,0.677419
4121,0.290323
4122,0.290323
4123,0.193548
4124,0.16129
4125,0.129032
4126,0.0967742
4127,0.0322581
4128,0.0645161
4129,0.0322581
4130,0.0322581
4131,0.0322581
4132,0.0322581
4133,0
4134,0
4135,0.0967742
4136,0.0967742
4137,0.0967742
4138,0.0322581
4139,0.0322581
4140,0.0322581
4141,0.0322581
4142,0
4143,0
4144,0
4145,0
4146,0.0322581
4147,0
4148,0
4149,0
4150,0.0322581
4151,0.0322581
4152,0.0322581
4153,0.0967742
4154,0.0645161
4155,0
4156,0.0645161
4157,0.0645161
4158,0.0645161
4159,0.129032
4160,0
4161,0.0322581
4162,0.0322581
4163,0.0322581
4164,0.0322581
4165,0.0322581
4166,0.0322581
4167,0.0322581
4168,0
4169,0
4170,0
4171,0
4172,0
4173,0
4174,0
4175,0
4176,0.0322581
4177,0.0322581
4178,0.0322581
4179,0.0322581
4180,0.0322581
4181,0.0322581
4182,0.0645161
4183,0.0322581
4184,0.0322581
4185,0
4186,0.0322581
4187,0.0645161
4188,0.0645161
4189,0
4190,0.0645161
4191,0.0967742
4192,0.0967742
4193,0.0967742
4194,0.0967742
4195,0.0645161
4196,0.0645161
4197,0.0645161
4198,0.0967742
4199,0.0967742
4200,0.0967742
4201,0.0322581
4202,0
4203,0.0322581
4204,0
4205,0
4206,0
4207,0
4208,0.0645161
4209,0.0967742
4210,0
4211,0.0645161
4212,0.0967742
4213,0.0967742
4214,0.0967742
4215,0.0645161
4216,0.0645161
4217,0.0645161
4218,0
4219,0
4220,0
4221,0
4222,0.0322581
4223,0
4224,0.0645161
4225,0.0645161
4226,0.0645161
4227,0.0645161
4228,0.0967742
4229,0.0967742
4230,0.129032
4231,0.129032
4232,0.225806
4233,0.193548
4234,0.129032
4235,0.0322581
4236,0.129032
4237,0.16129
4238,0.16129
4239,0.16129
4240,0.129032
4241,0.129032
4242,0.0645161
4243,0.0322581
4244,0.0645161
4245,0
4246,0.0322581
4247,0.0645161
4248,0
4249,0
4250,0
4251,0.0322581
4252,0
4253,0
4254,0.0322581
4255,0.0967742
4256,0
4257,0.0322581
4258,0.0967742
4259,0.16129
4260,0.193548
4261,0.225806
4262,0.0967742
4263,0.129032
4264,0.16129
4265,0.129032
4266,0.0967742
4267,0.0645161
4268,0.16129
4269,0.193548
4270,0.16129
4271,0.16129
4272,0.16129
4273,0.16129
4274,0.225806
4275,0.16129
4276,0.225806
4277,0.0967742
4278,0.0967742
4279,0.129032
4280,0.129032
4281,0.129032
4282,0.0967742
4283,0.0322581
4284,0.0967742
4285,0.16129
4286,0.225806
4287,0.16129
4288,0.0967742
4289,0.0645161
4290,0.0645161
4291,0.258065
4292,1
4293,0.225806
4294,0.903226
4295,0.193548
4296,0.806452
4297,0.290323
4298,1
4299,0.903226
4300,0.483871
4301,0.322581
4302,0.354839
4303,0.322581
4304,0.290323
4305,0.354839
4306,0.258065
4307,0.193548
4308,0.16129
4309,0.290323
4310,0.129032
4311,0.16129
4312,0.774194
4313,0.258065
4314,0.806452
4315,0.354839
4316,0.354839
4317,0.419355
4318,0.451613
4319,0.290323
4320,0.419355
4321,0.290323
4322,0.419355
4323,0.419355
4324,0.451613
4325,0.451613
4326,0.322581
4327,0.290323
4328,0.258065
4329,0.290323
4330,0.193548
4331,0.193548
4332,0.16129
4333,0.193548
4334,0.16129
4335,0.129032
4336,0.322581
4337,0.225806
4338,0.16129
4339,0.258065
4340,0.225806
4341,0.129032
4342,0.419355
4343,0.290323
4344,0.419355
4345,0.419355
4346,0.387097
4347,0.322581
4348,0.354839
4349,0.387097
4350,0.193548
4351,0.387097
4352,0.225806
4353,0.677419
4354,0.83871
4355,0.83871
4356,0.709677
4357,0.258065
4358,0.419355
4359,0.548387
4360,0.258065
4361,0.354839
4362,0.193548
4363,0.225806
4364,0.16129
4365,0.16129
4366,0.0645161
4367,0.0322581
4368,0.0322581
4369,0
4370,0.0322581
4371,0.0322581
4372,0
4373,0.0645161
4374,0
4375,0.16129
4376,0.129032
4377,0.129032
4378,0.129032
4379,0.0645161
4380,0.0645161
4381,0.0645161
4382,0.0645161
4383,0.0645161
4384,0.193548
4385,0.0645161
4386,0.129032
4387,0.0967742
4388,0.16129
4389,0.193548
4390,0.129032
4391,0.129032
4392,0.129032
4393,0.16129
4394,0.16129
4395,0.193548
4396,0.225806
4397,0.129032
4398,0.129032
4399,0.16129
4400,0.129032
4401,0.16129
4402,0.0967742
4403,0.258065
4404,0.354839
4405,0.612903
4406,1
4407,0.774194
4408,0.677419
4409,0.516129
4410,0.612903
4411,0.258065
4412,0.709677
4413,0.290323
4414,0.451613
4415,0.193548
4416,0.258065
4417,0.16129
4418,0.193548
4419,0.16129
4420,0.16129
4421,0.290323
4422,0.322581
4423,0.741935
4424,0.354839
4425,0.290323
4426,0.193548
4427,0.225806
4428,0.193548
4429,0.193548
4430,0.16129
4431,0.193548
4432,0.16129
4433,0.129032
4434,0.0967742
4435,0.129032
4436,0.0967742
4437,0.0645161
4438,0.0967742
4439,0.129032
4440,0.16129
4441,0.0967742
4442,0.16129
4443,0.193548
4444,0.16129
4445,0.225806
4446,0.225806
4447,0.290323
4448,0.225806
4449,0.193548
4450,0.16129
4451,0.193548
4452,0.193548
4453,0.225806
4454,0.129032
4455,0.129032
4456,0.16129
4457,0.129032
4458,0.129032
4459,0.258065
4460,0.193548
4461,0.193548
4462,0.193548
4463,0.16129
4464,0.225806
4465,0.225806
4466,0.290323
4467,0.870968
4468,0.225806
4469,0.258065
4470,0.193548
4471,0.451613
4472,0.580645
4473,0.290323
4474,0.483871
4475,0.322581
4476,0.290323
4477,0.225806
4478,0.193548
4479,0.193548
4480,0.0967742
4481,0.0967742
4482,0.0645161
4483,0.0645161
4484,0.0322581
4485,0
4486,0
4487,0
4488,0
4489,0
4490,0
4491,0
4492,0
4493,0
4494,0
4495,0
4496,0
4497,0
4498,0
4499,0
4500,0
4501,0
4502,0
4503,0
4504,0
4505,0
4506,0
4507,0
4508,0.0645161
4509,0
4510,0.129032
4511,0.0645161
4512,0.0645161
4513,0.0645161
4514,0.129032
4515,0.0967742
4516,0.0645161
4517,0
4518,0.0967742
4519,0.0967742
4520,0.16129
4521,0.16129
4522,0.16129
4523,0.225806
4524,0.290323
4525,0.16129
4526,0.129032
4527,0.129032
4528,0.0967742
4529,0.0645161
4530,0
4531,0.0645161
4532,0
4533,0
4534,0
4535,0.483871
4536,0.16129
4537,0.548387
4538,0.870968
4539,0.322581
4540,0.0967742
4541,0.258065
4542,0.451613
4543,0.258065
4544,0.193548
4545,0.225806
4546,0.709677
4547,0.225806
4548,0.322581
4549,0.193548
4550,0.225806
4551,0.129032
4552,0.0322581
4553,0.0967742
4554,0.0322581
4555,0.0322581
4556,0.0967742
4557,0.0322581
4558,0.0322581
4559,0.0967742
4560,0.0645161
4561,0.129032
4562,0.0645161
4563,0.0322581
4564,0
4565,0
4566,0.0322581
4567,0.0322581
4568,0
4569,0
4570,0
4571,0
4572,0
4573,0
4574,0
4575,0.0645161
4576,0.0967742
4577,0.0322581
4578,0.0967742
4579,0.0967742
4580,0.0322581
4581,0.0967742
4582,0.0322581
4583,0.0322581
4584,0.0322581
4585,0
4586,0
4587,0.0322581
4588,0.0645161
4589,0.0322581
4590,0.0322581
4591,0.0322581
4592,0
4593,0
4594,0
4595,0
4596,0
4597,0
4598,0
4599,0
4600,0
4601,0
4602,0
4603,0
4604,0
4605,0.0322581
4606,0.0322581
4607,0.0322581
4608,0.0322581
4609,0.0322581
4610,0.0322581
4611,0.0967742
4612,0.0322581
4613,0
4614,0
4615,0
4616,0.0645161
4617,0
4618,0.129032
4619,0.0967742
4620,0.129032
4621,0.0645161
4622,0.129032
4623,0.0322581
4624,0.0967742
4625,0.0967742
4626,0.0967742
4627,0.0967742
4628,0.0322581
4629,0
4630,0
4631,0
4632,0
4633,0
4634,0
4635,0
4636,0
4637,0
4638,0
4639,0
4640,0
4641,0
4642,0.0645161
4643,0
4644,0
4645,0
4646,0
4647,0.0645161
4648,0.0322581
4649,0
4650,0.0645161
4651,0.0645161
4652,0.0645161
4653,0.0645161
4654,0.0967742
4655,0.0322581
4656,0.0322581
4657,0.0322581
4658,0.0322581
4659,0.0322581
4660,0.0967742
4661,0
4662,0.0645161
4663,0.0967742
4664,0.129032
4665,0.225806
4666,0.258065
4667,0.129032
4668,0.129032
4669,0.16129
4670,0.129032
4671,0.0967742
4672,0.225806
4673,0.129032
4674,0.129032
4675,0.129032
4676,0.0645161
4677,0.0645161
4678,0.193548
4679,0.0322581
4680,0.0967742
4681,0.193548
4682,0.193548
4683,0.0967742
4684,0.193548
4685,0.0645161
4686,0.0645161
4687,0.0645161
4688,0.0645161
4689,0.0322581
4690,0.0322581
4691,0.16129
4692,0.16129
4693,0.16129
4694,0.16129
4695,0.225806
4696,0.16129
4697,0.193548
4698,0.193548
4699,0.16129
4700,0.16129
4701,0.16129
4702,0.193548
4703,0.258065
4704,0.16129
4705,0.129032
4706,0.225806
4707,0.16129
4708,0.225806
4709,0.129032
4710,0.0645161
4711,0.0645161
4712,0.0967742
4713,0.0322581
4714,0.0645161
4715,0
4716,0
4717,0.0645161
4718,0.258065
4719,0.935484
4720,0.0967742
4721,0.774194
4722,0.193548
4723,0.483871
4724,0.516129
4725,0.516129
4726,1
4727,0.290323
4728,0.419355
4729,0.258065
4730,0.354839
4731,0.225806
4732,0.258065
4733,0.290323
4734,0.258065
4735,0.354839
4736,0.193548
4737,0.354839
4738,0.290323
4739,0.451613
4740,0.483871
4741,0.645161
4742,0.322581
4743,0.451613
4744,0.322581
4745,0.451613
4746,0.483871
4747,0.290323
4748,0.451613
4749,0.354839
4750,0.322581
4751,0.387097
4752,0.354839
4753,1
4754,0.516129
4755,0.354839
4756,0.322581
4757,0.225806
4758,0.16129
4759,0.16129
4760,0.225806
4761,0.258065
4762,0.129032
4763,0.16129
4764,0.0645161
4765,0.129032
4766,0.225806
4767,0.16129
4768,0.322581
4769,0.419355
4770,0.322581
4771,0.322581
4772,0.419355
4773,0.322581
4774,0.322581
4775,0.322581
4776,0.322581
4777,0.354839
4778,0.290323
4779,0.612903
4780,0.83871
4781,0.451613
4782,0.774194
4783,0.645161
4784,0.580645
4785,0.290323
4786,0.483871
4787,0.322581
4788,0.387097
4789,0.16129
4790,0.290323
4791,0.16129
4792,0.129032
4793,0.0322581
4794,0
4795,0.193548
4796,0.0322581
4797,0.0322581
4798,0
4799,0
4800,0.0645161
4801,0.0322581
4802,0.0967742
4803,0.0967742
4804,0.0645161
4805,0.0645161
4806,0.0645161
4807,0.0645161
4808,0.0322581
4809,0.0645161
4810,0.0645161
4811,0.16129
4812,0.129032
4813,0.0967742
4814,0.0967742
4815,0.16129
4816,0.193548
4817,0.129032
4818,0.0967742
4819,0.0967742
4820,0.16129
4821,0.16129
4822,0.193548
4823,0.193548
4824,0.16129
4825,0.129032
4826,0.0967742
4827,0.16129
4828,0.193548
4829,0.129032
4830,0.290323
4831,0.322581
4832,1
4833,0.903226
4834,0.645161
4835,0.83871
4836,0.225806
4837,0.645161
4838,0.354839
4839,0.483871
4840,0.387097
4841,0.451613
4842,0.258065
4843,0.0967742
4844,0.16129
4845,0.0967742
4846,0.129032
4847,0.258065
4848,0.225806
4849,0.483871
4850,0.322581
4851,0.225806
4852,0.258065
4853,0.193548
4854,0.225806
4855,0.225806
4856,0.16129
4857,0.193548
4858,0.129032
4859,0.16129
4860,0.16129
4861,0.16129
4862,0.193548
4863,0.16129
4864,0.16129
4865,0.0967742
4866,0.193548
4867,0.225806
4868,0.193548
4869,0.16129
4870,0.16129
4871,0.16129
4872,0.225806
4873,0.258065
4874,0.290323
4875,0.225806
4876,0.193548
4877,0.0967742
4878,0.258065
4879,0.258065
4880,0.290323
4881,0.258065
4882,0.16129
4883,0.967742
4884,0.322581
4885,0.290323
4886,0.870968
4887,0.258065
4888,0.193548
4889,0.193548
4890,0.129032
4891,0.225806
4892,0.16129
4893,0.16129
4894,0.16129
4895,0.193548
4896,0.16129
4897,0.129032
4898,0.516129
4899,0.0967742
4900,0.258065
4901,0.225806
4902,0.193548
4903,0.16129
4904,0.129032
4905,0.193548
4906,0.0967742
4907,0.0967742
4908,0.0645161
4909,0.0645161
4910,0.0645161
4911,0.0645161
4912,0.0645161
4913,0
4914,0
4915,0
4916,0
4917,0.0645161
4918,0.0645161
4919,0.0967742
4920,0
4921,0
4922,0
4923,0.0645161
4924,0.0645161
4925,0.0645161
4926,0.0645161
4927,0.0645161
4928,0.129032
4929,0.129032
4930,0
4931,0.0967742
4932,0.0322581
4933,0.0322581
4934,0.0322581
4935,0.0967742
4936,0.0645161
4937,0
4938,0
4939,0
4940,0
4941,0
4942,0
4943,0
4944,0
4945,0
4946,0.0322581
4947,0.0645161
4948,0.0322581
4949,0.0967742
4950,0.0967742
4951,0.225806
4952,0.129032
4953,0.129032
4954,0.129032
4955,0.129032
4956,0.16129
4957,0.225806
4958,0.0645161
4959,0.0645161
4960,0.0645161
4961,0.483871
4962,0.129032
4963,0.580645
4964,0.741935
4965,0.645161
4966,0.0967742
4967,0.258065
4968,0.258065
4969,0.258065
4970,0.451613
4971,0.16129
4972,0.612903
4973,0.258065
4974,0.354839
4975,0.129032
4976,0.258065
4977,0.0645161
4978,0
4979,0
4980,0
4981,0.0645161
4982,0
4983,0.0645161
4984,0.129032
4985,0.0967742
4986,0.0645161
4987,0.0645161
4988,0.0322581
4989,0.0322581
4990,0.0322581
4991,0.0322581
4992,0
4993,0
4994,0
4995,0
4996,0.0322581
4997,0.0645161
4998,0.0322581
4999,0.0645161
5000,0.0322581
5001,0.0322581
5002,0.0322581
5003,0
5004,0
5005,0
5006,0
5007,0
5008,0
5009,0
5010,0.16129
5011,0.16129
5012,0.16129
5013,0.16129
5014,0.225806
5015,0.16129
5016,0.0967742
5017,0.0645161
5018,0.0967742
5019,0.0967742
5020,0
5021,0
5022,0.0645161
5023,0.129032
5024,0.129032
5025,0.0645161
5026,0.0645161
5027,0.0645161
5028,0.0645161
5029,0.0645161
5030,0
5031,0
5032,0
5033,0
5034,0
5035,0
5036,0
5037,0
5038,0
5039,0
5040,0
5041,0
5042,0
5043,0
5044,0
5045,0
5046,0
5047,0.0645161
5048,0.0645161
5049,0
5050,0
5051,0
5052,0.0322581
5053,0
5054,0.0322581
5055,0.0322581
5056,0.0322581
5057,0.0967742
5058,0.0322581
5059,0.0322581
5060,0
5061,0
5062,0.129032
5063,0.16129
5064,0.129032
5065,0.0645161
5066,0.0645161
5067,0.0645161
5068,0.0645161
5069,0.0645161
5070,0.0967742
5071,0.0967742
5072,0.0967742
5073,0.193548
5074,0.193548
5075,0.193548
5076,0.0967742
5077,0.0645161
5078,0
5079,0
5080,0.322581
5081,0.935484
5082,0.935484
5083,0.935484
5084,0.935484
5085,0.935484
5086,0.935484
5087,0.935484
5088,0.483871
5089,0.16129
5090,0.16129
5091,0.16129
5092,0.129032
5093,0.16129
5094,0.129032
5095,0.129032
5096,0.0967742
5097,0.129032
5098,0.16129
5099,0.16129
5100,0.129032
5101,0.129032
5102,0.129032
5103,0.129032
5104,0.129032
5105,0.0322581
5106,0.0322581
5107,0.0322581
5108,0.0322581
5109,0.16129
5110,0
5111,0.193548
5112,0.0967742
5113,0.129032
5114,0.129032
5115,0.0322581
5116,0.193548
5117,0.129032
5118,0.0645161
5119,0.0645161
5120,0.0645161
5121,0.16129
5122,0.290323
5123,0.258065
5124,0.16129
5125,0.193548
5126,0.129032
5127,0.193548
5128,0.129032
5129,0.129032
5130,0.0967742
5131,0.16129
5132,0.16129
5133,0.16129
5134,0.129032
5135,0.193548
5136,0.16129
5137,0.0322581
5138,0.0645161
5139,0.0645161
5140,0.0645161
5141,0.16129
5142,0.129032
5143,0.129032
5144,0.129032
5145,0.129032
5146,0.225806
5147,0.16129
5148,0.225806
5149,0.193548
5150,0.129032
5151,0.483871
5152,0.354839
5153,0.225806
5154,1
5155,0.483871
5156,0.903226
5157,0.387097
5158,0.548387
5159,0.548387
5160,0.387097
5161,0.483871
5162,0.225806
5163,0.193548
5164,1
5165,0.193548
5166,0.354839
5167,0.419355
5168,1
5169,0.290323
5170,0.451613
5171,0.419355
5172,0.16129
5173,0.16129
5174,0.322581
5175,0.387097
5176,0.193548
5177,0.322581
5178,0.258065
5179,0.322581
5180,0.387097
5181,0.290323
5182,0.419355
5183,0.322581
5184,0.548387
5185,0.419355
5186,0.258065
5187,0.322581
5188,0.258065
5189,0.225806
5190,0.225806
5191,0.16129
5192,0.419355
5193,0.258065
5194,0.322581
5195,0.225806
5196,0.16129
5197,0.193548
5198,0.193548
5199,0.16129
5200,0.225806
5201,0.225806
5202,0.16129
5203,0.225806
5204,0.225806
5205,0.322581
5206,0.290323
5207,0.225806
5208,0.354839
5209,0.419355
5210,0.483871
5211,0.774194
5212,0.548387
5213,1
5214,0.677419
5215,0.612903
5216,0.612903
5217,0.258065
5218,0.451613
5219,0.354839
5220,0.290323
5221,0.322581
5222,0.225806
5223,0.16129
5224,0.129032
5225,0.0967742
5226,0.0967742
5227,0.0645161
5228,0.0322581
5229,0.0322581
5230,0.0322581
5231,0.0322581
5232,0.0967742
5233,0.0645161
5234,0.0967742
5235,0.0967742
5236,0.0645161
5237,0.0645161
5238,0.0967742
5239,0.16129
5240,0.0967742
5241,0.0967742
5242,0.0645161
5243,0.16129
5244,0.129032
5245,0.0967742
5246,0.0967742
5247,0.16129
5248,0.16129
5249,0.193548
5250,0.16129
5251,0.16129
5252,0.16129
5253,0.451613
5254,0.870968
5255,0.193548
5256,0.580645
5257,0.451613
5258,0.451613
5259,0.516129
5260,0.483871
5261,0.548387
5262,0.967742
5263,0.870968
5264,0.870968
5265,0.967742
5266,0.709677
5267,0.83871
5268,0.935484
5269,0.741935
5270,0.870968
5271,0.387097
5272,0.225806
5273,0.258065
5274,0.193548
5275,0.16129
5276,0.129032
5277,0.0322581
5278,0.129032
5279,0.0967742
5280,0.0645161
5281,0.0645161
5282,0.0967742
5283,0.129032
5284,0.0645161
5285,0.0645161
5286,0.258065
5287,0.193548
5288,0.16129
5289,0.258065
5290,0.16129
5291,0.0645161
5292,0.193548
5293,0.0645161
5294,0.0322581
5295,0.16129
5296,0.0645161
5297,0.129032
5298,0.16129
5299,0.129032
5300,0.0322581
5301,0.0967742
5302,0.0645161
5303,0.0322581
5304,0.0322581
5305,0.0322581
5306,0.0322581
5307,0.0645161
5308,0.0322581
5309,0.0645161
5310,0.0967742
5311,0.0967742
5312,0.0967742
5313,0.0645161
5314,0.0322581
5315,0.0645161
5316,0.0645161
5317,0.0322581
5318,0.0322581
5319,0.0322581
5320,0.0322581
5321,0.0322581
5322,0.0322581
5323,0.0322581
5324,0.0322581
5325,0.0322581
5326,0.129032
5327,0.129032
5328,0.129032
5329,0.193548
5330,0.16129
5331,0.16129
5332,0.129032
5333,0.193548
5334,0.193548
5335,0.129032
5336,0.0967742
5337,0.0967742
5338,0.129032
5339,0.0322581
5340,0.0322581
5341,0.0322581
5342,0.0322581
5343,0.0322581
5344,0.0645161
5345,0.0322581
5346,0.0322581
5347,0.0322581
5348,0.354839
5349,0.774194
5350,0.612903
5351,0.741935
5352,0.709677
5353,0.580645
5354,0.516129
5355,0.225806
5356,0.225806
5357,0.193548
5358,0.193548
5359,0.129032
5360,0.129032
5361,0.129032
5362,0.129032
5363,0.129032
5364,0.16129
5365,0.225806
5366,0.16129
5367,0.129032
5368,0.16129
5369,0.16129
5370,0.0967742
5371,0.0645161
5372,0.0322581
5373,0.0645161
5374,0.0967742
5375,0.0967742
5376,0.290323
5377,0.193548
5378,0.354839
5379,0.322581
5380,0.354839
5381,0.290323
5382,0.290323
5383,0.258065
5384,0.354839
5385,0.967742
5386,1
5387,0.870968
5388,0.774194
5389,0.903226
5390,0.774194
5391,1
5392,0.612903
5393,0.193548
5394,0.516129
5395,0.870968
5396,0.677419
5397,0.741935
5398,0.0967742
5399,0.548387
5400,0.580645
5401,0.83871
5402,0.903226
5403,0.870968
5404,1
5405,0.612903
5406,0.967742
5407,0.580645
5408,0.677419
5409,0.677419
5410,0.645161
5411,0.483871
5412,0.580645
5413,0.580645
5414,0.580645
5415,0.580645
5416,0.83871
5417,0.322581
5418,0.419355
5419,0.322581
5420,0.290323
5421,0.516129
5422,0.645161
5423,0.225806
5424,0.451613
5425,0.290323
5426,0.258065
5427,0.16129
5428,0.16129
5429,0.580645
5430,1
5431,0.451613
5432,0.354839
5433,0.322581
5434,0.419355
5435,0.290323
5436,0.129032
5437,0.225806
5438,0.193548
5439,0.0967742
5440,0.0645161
5441,0.129032
5442,0.0322581
5443,0.0322581
5444,0.0645161
5445,0.0322581
5446,0.0322581
5447,0.0645161
5448,0.0322581
5449,0.0322581
5450,0.0645161
5451,0.0645161
5452,0.0645161
5453,0.16129
5454,0.935484
5455,0.193548
5456,0
5457,0
5458,0.16129
5459,0.0322581
5460,0.0967742
5461,0.129032
5462,0.129032
5463,0.225806
5464,0.0967742
5465,0.0645161
5466,0.0322581
5467,0.0645161
5468,0.0967742
5469,0.16129
5470,0.0967742
5471,0.0645161
5472,0.0967742
5473,0.0967742
5474,0.0967742
5475,0.0322581
5476,0.0322581
5477,0.0322581
5478,0.0322581
5479,0.0322581
5480,0.0322581
5481,0.0645161
5482,0.0322581
5483,0.0967742
5484,0.0645161
5485,0.0645161
5486,0.16129
5487,0.16129
5488,0.0322581
5489,0.0322581
5490,0.0645161
5491,0.0645161
5492,0.0967742
5493,0.0645161
5494,0.0967742
5495,0.129032
5496,0.193548
5497,0.129032
5498,0.129032
5499,0.129032
5500,0.0645161
5501,0.0645161
5502,0.0322581
5503,0.0645161
5504,0.0645161
5505,0.0645161
5506,0.0645161
5507,0.0645161
5508,0.0645161
5509,0.0967742
5510,0.0322581
5511,0.0322581
5512,0.0322581
5513,0.0322581
5514,0.0322581
5515,0.0322581
5516,0.0645161
5517,0.0645161
5518,0.0645161
5519,0.0645161
5520,0.0645161
5521,0.0967742
5522,0.0967742
5523,0.0645161
5524,0.0645161
5525,0.0645161
5526,0.0967742
5527,0.0322581
5528,0.0322581
5529,0.0322581
5530,0.0645161
5531,0.0322581
5532,0.0967742
5533,0.0645161
5534,0.0967742
5535,0.0645161
5536,0.0322581
5537,0.0322581
5538,0.129032
5539,0.0967742
5540,0.0322581
5541,0.129032
5542,0.129032
5543,0.0645161
5544,0.0322581
5545,0.0967742
5546,0.0645161
5547,0.16129
5548,1
5549,0.677419
5550,0.903226
5551,0.387097
5552,0.645161
5553,0.580645
5554,0.451613
5555,0.193548
5556,0.483871
5557,0.322581
5558,0.483871
5559,0.419355
5560,0.451613
5561,0.483871
5562,0.645161
5563,0.290323
5564,0.258065
5565,0.387097
5566,0.387097
5567,0.322581
5568,0.290323
5569,0.225806
5570,0.193548
5571,0.258065
5572,0.290323
5573,0.225806
5574,0.322581
5575,0.419355
5576,0.774194
5577,0.225806
5578,0.548387
5579,0.677419
5580,0.709677
5581,0.322581
5582,0.967742
5583,0.225806
5584,0.709677
5585,0.290323
5586,0.290323
5587,0.354839
5588,0.322581
5589,0.354839
5590,0.419355
5591,0.193548
5592,0.225806
5593,0.0967742
5594,0.129032
5595,0.354839
5596,0.774194
5597,0.225806
5598,0.548387
5599,0.419355
5600,0.483871
5601,0.935484
5602,0.580645
5603,0.645161
5604,0.483871
5605,0.451613
5606,0.483871
5607,0.387097
5608,0.451613
5609,0.580645
5610,0.741935
5611,0.290323
5612,0.16129
5613,0.193548
5614,0.193548
5615,0.290323
5616,0.16129
5617,0.16129
5618,0.129032
5619,0.0645161
5620,0.0967742
5621,0.0645161
5622,0.0322581
5623,0.0645161
5624,0.193548
5625,0.129032
5626,0.193548
5627,0.129032
5628,0.0967742
5629,0.129032
5630,0.129032
5631,0.16129
5632,0.16129
5633,0.16129
5634,0.16129
5635,0.193548
5636,0.258065
5637,0.290323
5638,0.0967742
5639,0.0967742
5640,0.0967742
5641,0.483871
5642,0.419355
5643,0.322581
5644,0.16129
5645,0.16129
5646,0.225806
5647,0.225806
5648,0.129032
5649,0.129032
5650,0.193548
5651,0.225806
5652,0.193548
5653,0.129032
5654,0.129032
5655,0.0967742
5656,0.129032
5657,0.16129
5658,0.258065
5659,0.516129
5660,0.903226
5661,0.806452
5662,1
5663,0.83871
5664,0.83871
5665,0.967742
5666,0.903226
5667,0.903226
5668,0.451613
5669,0.290323
5670,0.225806
5671,0.225806
5672,0.193548
5673,0.193548
5674,0.193548
5675,0.16129
5676,0.290323
5677,0.129032
5678,0.0967742
5679,0.129032
5680,0.129032
5681,0.16129
5682,0.193548
5683,0.225806
5684,0.225806
5685,0.258065
5686,0.258065
5687,0.258065
5688,0.225806
5689,0.193548
5690,0.225806
5691,0.225806
5692,0.16129
5693,0.225806
5694,0.290323
5695,0.0967742
5696,0.0967742
5697,0.225806
5698,0.16129
5699,0.322581
5700,0.290323
5701,0.290323
5702,0.16129
5703,0.129032
5704,0.193548
5705,0.225806
5706,0.225806
5707,0.225806
5708,0.258065
5709,0.225806
5710,0.258065
5711,0.193548
5712,0.354839
5713,0.580645
5714,0.129032
5715,0.16129
5716,0.193548
5717,0.129032
5718,0.16129
5719,0.129032
5720,0.0967742
5721,0.0645161
5722,0.0645161
5723,0.0645161
5724,0.0322581
5725,0.0322581
5726,0.0967742
5727,0.0967742
5728,0.0645161
5729,0.0645161
5730,0.0645161
5731,0.0645161
5732,0.0322581
5733,0.0322581
5734,0.0322581
5735,0.0322581
5736,0.0645161
5737,0.16129
5738,0.0967742
5739,0.0967742
5740,0.129032
5741,0.0322581
5742,0.0322581
5743,0.0322581
5744,0.0322581
5745,0.0322581
5746,0.0322581
5747,0
5748,0.0645161
5749,0.0645161
5750,0
5751,0
5752,0
5753,0
5754,0
5755,0
5756,0.0645161
5757,0.0645161
5758,0.129032
5759,0.0322581
5760,0.0967742
5761,0.0967742
5762,0.16129
5763,0.16129
5764,0.129032
5765,0.129032
5766,0.0967742
5767,0.0645161
5768,0.0645161
5769,0
5770,0
5771,0
5772,0.0322581
5773,0.0645161
5774,0.0645161
5775,0.0322581
5776,0.0322581
5777,0.0967742
5778,0.0645161
5779,0.0645161
5780,0
5781,0
5782,0.0322581
5783,0
5784,0
5785,0
5786,0
5787,0.0322581
5788,0
5789,0.0645161
5790,0.0645161
5791,0.0645161
5792,0.0645161
5793,0
5794,0
5795,0.0645161
5796,0.0645161
5797,0.0967742
5798,0.0967742
5799,0.0967742
5800,0.0645161
5801,0.0967742
5802,0.0322581
5803,0.322581
5804,0.548387
5805,0.677419
5806,0.580645
5807,0.612903
5808,0.419355
5809,0.483871
5810,0.483871
5811,0.548387
5812,0.354839
5813,0.645161
5814,0.193548
5815,0.548387
5816,0.225806
5817,0.548387
5818,0.16129
5819,0.451613
5820,0.129032
5821,0.0322581
5822,0
5823,0.322581
5824,0.903226
5825,0.516129
5826,0.354839
5827,0.483871
5828,1
5829,0.225806
5830,0.16129
5831,0.967742
5832,0.774194
5833,0.0967742
5834,0.451613
5835,0.387097
5836,0.580645
5837,0.0967742
5838,0.290323
5839,0.387097
5840,0.193548
5841,0.193548
5842,0.0322581
5843,0.16129
5844,0.129032
5845,0.129032
5846,0.0322581
5847,0.0322581
5848,0.516129
5849,0.903226
5850,0.580645
5851,0.741935
5852,0.806452
5853,1
5854,0.419355
5855,0.935484
5856,0.677419
5857,1
5858,0.741935
5859,1
5860,0.870968
5861,0.967742
5862,0.870968
5863,0.870968
5864,0.354839
5865,0.193548
5866,0.258065
5867,0.193548
5868,0.225806
5869,0.225806
5870,0.322581
5871,0.709677
5872,0.225806
5873,0.612903
5874,0.354839
5875,0.193548
5876,0.354839
5877,0.258065
5878,0.225806
5879,0.387097
5880,0.290323
5881,0.193548
5882,0.193548
5883,0.16129
5884,0.16129
5885,0.193548
5886,0.16129
5887,0.0645161
5888,0.16129
5889,0.0645161
5890,0.16129
5891,0.387097
5892,0.870968
5893,0.870968
5894,0.935484
5895,0.935484
5896,1
5897,0.870968
5898,0.967742
5899,0.645161
5900,0.741935
5901,0.419355
5902,0.677419
5903,0.451613
5904,0.83871
5905,0.419355
5906,0.709677
5907,0.258065
5908,0.258065
5909,0.129032
5910,0.0645161
5911,0.129032
5912,0.129032
5913,0.129032
5914,0.16129
5915,0.129032
5916,0.16129
5917,0.129032
5918,0.0967742
5919,0.129032
5920,0.0967742
5921,0.0645161
5922,0.0645161
5923,0
5924,0.0322581
5925,0
5926,0
5927,0.0322581
5928,0.0967742
5929,0.0645161
5930,0
5931,0
5932,0
5933,0.0645161
5934,0.0645161
5935,0.0645161
5936,0.0645161
5937,0.0645161
5938,0
5939,0.0967742
5940,0.0645161
5941,0.0645161
5942,0.0967742
5943,0.0967742
5944,0.0645161
5945,0.0645161
5946,0.0322581
5947,0.0322581
5948,0.0322581
5949,0.0645161
5950,0.0645161
5951,0.0322581
5952,0.0322581
5953,0.0322581
5954,0.0645161
5955,0.0645161
5956,0.0322581
5957,0.0322581
5958,0.0645161
5959,0.0645161
5960,0.0645161
5961,0.0322581
5962,0.0322581
5963,0.0645161
5964,0.129032
5965,0
5966,0
5967,0.0645161
5968,0.0645161
5969,0.0645161
5970,0.0322581
5971,0.0322581
5972,0
5973,0
5974,0
5975,0.0967742
5976,0.0322581
5977,0
5978,0
5979,0
5980,0.0322581
5981,0.0322581
5982,0.0322581
5983,0.0322581
5984,0
5985,0.0322581
5986,0.0645161
5987,0.0967742
5988,0.0645161
5989,0.0645161
5990,0.0967742
5991,0.0322581
5992,0.0322581
5993,0.0645161
5994,0.0645161
5995,0.0967742
5996,0.129032
5997,0.0967742
5998,0.0645161
5999,0.0645161
6000,0.0645161
6001,0.0645161
6002,0.0322581
6003,0.0322581
6004,0.0967742
6005,0.0967742
6006,0.0967742
6007,0.0645161
6008,0.0322581
6009,0.0322581
6010,0.322581
6011,0.903226
6012,0.290323
6013,0.903226
6014,0.322581
6015,0.677419
6016,0.322581
6017,0.483871
6018,0.290323
6019,0.290323
6020,0.290323
6021,0.16129
6022,0.225806
6023,0.129032
6024,0.129032
6025,0.0967742
6026,0.290323
6027,0.129032
6028,0.129032
6029,0.16129
6030,0.16129
6031,0.354839
6032,0.387097
6033,0.419355
6034,0.322581
6035,0.225806
6036,0.225806
6037,0.354839
6038,0.16129
6039,0.258065
6040,0.322581
6041,0.322581
6042,0.290323
6043,0.419355
6044,0.451613
6045,0.419355
6046,0.451613
6047,0.516129
6048,0.612903
6049,0.516129
6050,0.516129
6051,0.387097
6052,0.483871
6053,0.451613
6054,0.645161
6055,1
6056,0.709677
6057,1
6058,0.612903
6059,0.967742
6060,0.483871
6061,0.483871
6062,0.645161
6063,0.419355
6064,0.483871
6065,0.419355
6066,0.870968
6067,0.483871
6068,0.967742
6069,0.225806
6070,0.903226
6071,0.193548
6072,0.967742
6073,0.677419
6074,0.709677
6075,0.580645
6076,0.258065
6077,0.387097
6078,0.258065
6079,0.225806
6080,0.16129
6081,0.290323
6082,0.225806
6083,0.225806
6084,0.225806
6085,0.225806
6086,0.193548
6087,0.0967742
6088,0.0967742
6089,0.0645161
6090,0.0322581
6091,0.0967742
6092,0.0967742
6093,0.0967742
6094,0.0967742
6095,0.0967742
6096,0.0967742
6097,0.0967742
6098,0.0645161
6099,0.0322581
6100,0.0645161
6101,0.0645161
6102,0.129032
6103,0.0322581
6104,0.0645161
6105,0.0322581
6106,0.0645161
6107,0.16129
6108,0.193548
6109,0.193548
6110,0.129032
6111,0.193548
6112,0.290323
6113,0.322581
6114,0.225806
6115,0.193548
6116,0.193548
6117,0.0967742
6118,0.0967742
6119,0.16129
6120,0.193548
6121,0.225806
6122,0.483871
6123,0.741935
6124,1
6125,0.322581
6126,0.225806
6127,0.193548
6128,0.225806
6129,0.258065
6130,0.516129
6131,0.387097
6132,0.516129
6133,0.290323
6134,0.129032
6135,0.0967742
6136,0.0967742
6137,0.193548
6138,0.16129
6139,0.16129
6140,0.258065
6141,0.322581
6142,0.193548
6143,0.258065
6144,0.129032
6145,0.16129
6146,0.193548
6147,0.16129
6148,0.193548
6149,0.387097
6150,0.225806
6151,0.129032
6152,0.129032
6153,0.0967742
6154,0.0967742
6155,0.0967742
6156,0.0967742
6157,0.225806
6158,0.258065
6159,0.129032
6160,0.16129
6161,0.129032
6162,0.16129
6163,0.129032
6164,0.16129
6165,0.129032
6166,0.16129
6167,0.16129
6168,0.16129
6169,0.193548
6170,0.16129
6171,0.0967742
6172,0.16129
6173,0.129032
6174,0.225806
6175,0.225806
6176,0.290323
6177,0.225806
6178,0.193548
6179,0.193548
6180,0.225806
6181,0.193548
6182,0.225806
6183,0.290323
6184,0.258065
6185,0.290323
6186,0.258065
6187,0.258065
6188,0.580645
6189,0.0967742
6190,0.193548
6191,0.16129
6192,0.0967742
6193,0.0967742
6194,0.0967742
6195,0.0967742
6196,0.0967742
6197,0.0645161
6198,0.0645161
6199,0.0645161
6200,0.0645161
6201,0.0645161
6202,0.0645161
6203,0.0645161
6204,0.0645161
6205,0.0645161
6206,0.0645161
6207,0.0322581
6208,0.0322581
6209,0.0322581
6210,0.0322581
6211,0.0645161
6212,0
6213,0
6214,0
6215,0
6216,0
6217,0.0645161
6218,0.387097
6219,0.677419
6220,1
6221,0.935484
6222,0.870968
6223,0.741935
6224,0.903226
6225,1
6226,0.612903
6227,0.548387
6228,0.193548
6229,0.193548
6230,0.451613
6231,0.483871
6232,0.322581
6233,0.258065
6234,0.193548
6235,0.516129
6236,0.16129
6237,0.516129
6238,0.903226
6239,0.774194
6240,0.677419
6241,0.129032
6242,0.129032
6243,0.193548
6244,0.225806
6245,0.225806
6246,0.451613
6247,0.483871
6248,0.129032
6249,0.129032
6250,0.0967742
6251,0.483871
6252,0.129032
6253,0.387097
6254,0.451613
6255,0.387097
6256,0.354839
6257,0
6258,0.322581
6259,0.322581
6260,0.483871
6261,0.548387
6262,0.483871
6263,0.580645
6264,0.225806
6265,0.387097
6266,0.16129
6267,0.419355
6268,0.16129
6269,0.258065
6270,0.612903
6271,0.322581
6272,0.451613
6273,0.709677
6274,0.677419
6275,0.580645
6276,0.580645
6277,0.354839
6278,0.612903
6279,0.935484
6280,0.354839
6281,0.419355
6282,0.419355
6283,0.419355
6284,0.419355
6285,0.451613
6286,0.580645
6287,0.645161
6288,0.16129
6289,0.225806
6290,0.290323
6291,0.354839
6292,0.290323
6293,0.451613
6294,0.419355
6295,1
6296,0.806452
6297,0.580645
6298,0.548387
6299,0.548387
6300,0.870968
6301,0.645161
6302,0.806452
6303,0.741935
6304,1
6305,0.548387
6306,0.83871
6307,0.483871
6308,0.935484
6309,0.516129
6310,0.806452
6311,0.741935
6312,0.645161
6313,0.774194
6314,1
6315,0.709677
6316,0.741935
6317,0.645161
6318,0.387097
6319,0.290323
6320,0.193548
6321,0.290323
6322,0.322581
6323,0.193548
6324,0.322581
6325,0.290323
6326,0.290323
6327,0.225806
6328,0.129032
6329,0.129032
6330,0.129032
6331,0.16129
6332,0.483871
6333,0.709677
6334,0.290323
6335,0.0322581
6336,0.0322581
6337,0.16129
6338,0.193548
6339,0.193548
6340,0.225806
6341,0.225806
6342,0.290323
6343,0.387097
6344,0.322581
6345,0.354839
6346,0.612903
6347,0.903226
6348,0.741935
6349,0.645161
6350,0.322581
6351,0.387097
6352,0.258065
6353,0.290323
6354,0.290323
6355,0.225806
6356,0.258065
6357,0.129032
6358,0.0967742
6359,0.129032
6360,0.0967742
6361,0.258065
6362,0.0967742
6363,0.193548
6364,0.129032
6365,0.16129
6366,0.193548
6367,0.225806
6368,0.16129
6369,0.290323
6370,0.258065
6371,0.322581
6372,0.258065
6373,0.0967742
6374,0.129032
6375,0.129032
6376,0.0645161
6377,0.0967742
6378,0
6379,0.0645161
6380,0.0322581
6381,0.0322581
6382,0.0322581
6383,0.0322581
6384,0.0645161
6385,0.129032
6386,0.16129
6387,0.129032
6388,0.129032
6389,0.193548
6390,0.16129
6391,0.193548
6392,0.225806
6393,0.322581
6394,0.193548
6395,0.16129
6396,0.0967742
6397,0.16129
6398,0.16129
6399,0.129032
6400,0.16129
6401,0.0967742
6402,0.0967742
6403,0.0967742
6404,0.0967742
6405,0.258065
6406,0.16129
6407,0.0967742
6408,0.16129
6409,0.129032
6410,0.129032
6411,0.0967742
6412,0.16129
6413,0.419355
6414,0.129032
6415,0.0967742
6416,0.0967742
6417,0.16129
6418,0.16129
6419,0.129032
6420,0.225806
6421,0.193548
6422,0.0322581
6423,0.0645161
6424,0.0322581
6425,0.0322581
6426,0.0967742
6427,0.0645161
6428,0.0967742
6429,0.129032
6430,0.129032
6431,0.0967742
6432,0.0645161
6433,0.0967742
6434,0.0322581
6435,0.0322581
6436,0.0645161
6437,0.0645161
6438,0
6439,0.0322581
6440,0.0322581
6441,0
6442,0
6443,0.0322581
6444,0.0645161
6445,0.0645161
6446,0.0645161
6447,0.0322581
6448,0.0322581
6449,0
6450,0
6451,0
6452,0
6453,0
6454,0
6455,0
6456,0
6457,0
6458,0.0322581
6459,0.0322581
6460,0.0322581
6461,0
6462,0
6463,0
6464,0
6465,0.0322581
6466,0.0645161
6467,0.0645161
6468,0.0645161
6469,0.0645161
6470,0.0645161
6471,0.0645161
6472,0.0322581
6473,0
6474,0
6475,0
6476,0
6477,0.0967742
6478,0.0645161
6479,0.0967742
6480,0.0967742
6481,0.0967742
6482,0.0967742
6483,0.0967742
6484,0.0322581
6485,0.0645161
6486,0.0322581
6487,0.0322581
6488,0.0322581
6489,0.0322581
6490,0.0322581
6491,0.387097
6492,0.516129
6493,0.580645
6494,0.903226
6495,0.354839
6496,1
6497,0.322581
6498,0.645161
6499,0.258065
6500,0.387097
6501,0.387097
6502,0.516129
6503,0.516129
6504,0.290323
6505,0.129032
6506,0.387097
6507,0.0645161
6508,0.0645161
6509,0.0322581
6510,0.0322581
6511,0.129032
6512,0.0967742
6513,0.0322581
6514,0
6515,0.0967742
6516,0.0967742
6517,0.0645161
6518,0
6519,0.129032
6520,0.0967742
6521,0.258065
6522,0.290323
6523,0.225806
6524,0.0645161
6525,0.0967742
6526,0.0645161
6527,0
6528,0
6529,0
6530,0
6531,0
6532,0
6533,0.0322581
6534,0
6535,0.0645161
6536,0.0322581
6537,0
6538,0.0322581
6539,0.0322581
6540,0.0322581
6541,0.0322581
6542,0.0322581
6543,0
6544,0.0645161
6545,0.0645161
6546,0.0322581
6547,0
6548,0
6549,0.0645161
6550,0
6551,0.0322581
6552,0
6553,0
6554,0.0645161
6555,0.0645161
6556,0.0645161
6557,0.0645161
6558,0.0645161
6559,0.0645161
6560,0.0645161
6561,0
6562,0
6563,0
6564,0
6565,0.0322581
6566,0.0322581
6567,0.0322581
6568,0.129032
6569,0.0645161
6570,0
6571,0
6572,0
6573,0
6574,0
6575,0
6576,0
6577,0
6578,0.0322581
6579,0.0322581
6580,0.0645161
6581,0
6582,0.0967742
6583,0.0645161
6584,0.16129
6585,0.129032
6586,0.0645161
6587,0.0645161
6588,0.0645161
6589,0.0967742
6590,0.0645161
6591,0.0967742
6592,0.0967742
6593,0.0645161
6594,0.0645161
6595,0.0645161
6596,0.0645161
6597,0.0967742
6598,0.0967742
6599,0.0967742
6600,0.0967742
6601,0.0967742
6602,0.0322581
6603,0.0322581
6604,0
6605,0.0645161
6606,0
6607,0
6608,0.0322581
6609,0.0322581
6610,0.0322581
6611,0.0322581
6612,0.0322581
6613,0.0322581
6614,0.0322581
6615,0.0967742
6616,0.193548
6617,0.16129
6618,0.193548
6619,0.193548
6620,0.16129
6621,0.322581
6622,0.258065
6623,0.225806
6624,0.193548
6625,0.193548
6626,0.258065
6627,0.322581
6628,0.258065
6629,0.129032
6630,0.0967742
6631,0.129032
6632,0.645161
6633,0.903226
6634,0.83871
6635,0.83871
6636,0.83871
6637,0.741935
6638,0.741935
6639,0.645161
6640,0.774194
6641,0.645161
6642,0.677419
6643,0.83871
6644,0.741935
6645,0.935484
6646,0.774194
6647,0.741935
6648,0.580645
6649,0.935484
6650,0.967742
6651,0.967742
6652,0.806452
6653,0.548387
6654,0.83871
6655,0.419355
6656,0.387097
6657,0.451613
6658,0.354839
6659,0.806452
6660,0.645161
6661,0.483871
6662,0.612903
6663,0.387097
6664,0.83871
6665,0.419355
6666,0.741935
6667,0.419355
6668,0.774194
6669,0.419355
6670,0.870968
6671,0.322581
6672,0.83871
6673,0.645161
6674,0.774194
6675,0.612903
6676,0.967742
6677,0.580645
6678,0.967742
6679,0.580645
6680,0.967742
6681,0.516129
6682,0.709677
6683,0.645161
6684,0.806452
6685,0.580645
6686,0.677419
6687,0.483871
6688,0.967742
6689,0.741935
6690,0.806452
6691,0.419355
6692,0.612903
6693,0.806452
6694,0.83871
6695,0.612903
6696,0.741935
6697,0.677419
6698,0.387097
6699,0.612903
6700,0.451613
6701,0.580645
6702,0.548387
6703,0.548387
6704,0.935484
6705,0.387097
6706,0.903226
6707,0.774194
6708,0.677419
6709,0.677419
6710,0.451613
6711,0.741935
6712,1
6713,0.580645
6714,0.612903
6715,0.516129
6716,0.645161
6717,0.580645
6718,0.709677
6719,0.709677
6720,0.548387
6721,0.774194
6722,0.548387
6723,0.516129
6724,0.483871
6725,0.451613
6726,0.354839
6727,0.354839
6728,0.258065
6729,0.290323
6730,0.225806
6731,0.290323
6732,0.290323
6733,0.225806
6734,0.322581
6735,0.129032
6736,0.129032
6737,0.193548
6738,0.0967742
6739,0.16129
6740,0.225806
6741,0.258065
6742,0.903226
6743,0.580645
6744,0.870968
6745,0.935484
6746,0.516129
6747,0.870968
6748,0.290323
6749,0.774194
6750,0.548387
6751,0.419355
6752,0.451613
6753,0.322581
6754,0.225806
6755,0.16129
6756,0.225806
6757,0.258065
6758,0.290323
6759,0.516129
6760,0.387097
6761,0.483871
6762,0.354839
6763,0.290323
6764,0.354839
6765,0.387097
6766,0.225806
6767,0.741935
6768,0.225806
6769,0.129032
6770,0.129032
6771,0.16129
6772,0.129032
6773,0.0645161
6774,0.0322581
6775,0.0322581
6776,0.16129
6777,0.193548
6778,0.290323
6779,0.258065
6780,0.193548
6781,0.193548
6782,0.225806
6783,0.16129
6784,0.129032
6785,0.129032
6786,0.129032
6787,0.129032
6788,0.193548
6789,0.225806
6790,0.225806
6791,0.193548
6792,0.193548
6793,0.16129
6794,0.193548
6795,0.16129
6796,0.0322581
6797,0.0322581
6798,0.0322581
6799,0.0322581
6800,0.0967742
6801,0.0645161
6802,0.0967742
6803,0.0645161
6804,0.0322581
6805,0.0967742
6806,0.129032
6807,0.0645161
6808,0.0967742
6809,0.0645161
6810,0.419355
6811,0.16129
6812,0.129032
6813,0.290323
6814,0.129032
6815,0.129032
6816,0.0322581
6817,0.0322581
6818,0
6819,0.0322581
6820,0.0322581
6821,0
6822,0.0645161
6823,0.0322581
6824,0
6825,0
6826,0
6827,0
6828,0
6829,0
6830,0
6831,0
6832,0
6833,0.0645161
6834,0.0967742
6835,0.16129
6836,0.129032
6837,0.129032
6838,0.129032
6839,0.129032
6840,0.0645161
6841,0.0967742
6842,0.0645161
6843,0.0645161
6844,0.0322581
6845,0.0322581
6846,0.0322581
6847,0.0322581
6848,0
6849,0
6850,0.0645161
6851,0.16129
6852,0.129032
6853,0
6854,0
6855,0.0645161
6856,0.0322581
6857,0.0322581
6858,0.0645161
6859,0.0967742
6860,0.0645161
6861,0.0645161
6862,0.0322581
6863,0
6864,0
6865,0.0322581
6866,0
6867,0.0645161
6868,0.0645161
6869,0.0645161
6870,0
6871,0
6872,0
6873,0
6874,0.0967742
6875,0.387097
6876,0.709677
6877,0.419355
6878,1
6879,0.387097
6880,0.645161
6881,0.419355
6882,0.419355
6883,0.483871
6884,0.483871
6885,0.645161
6886,0.354839
6887,0.645161
6888,0.322581
6889,0.225806
6890,0.225806
6891,0.16129
6892,0.0322581
6893,0.16129
6894,0.129032
6895,0.193548
6896,0.225806
6897,0.225806
6898,0.193548
6899,0.129032
6900,0.129032
6901,0.16129
6902,0.129032
6903,0.290323
6904,0.258065
6905,0.193548
6906,0.0967742
6907,0.0322581
6908,0.0967742
6909,0.0322581
6910,0.0967742
6911,0
6912,0.0645161
6913,0
6914,0
6915,0.0322581
6916,0.0322581
6917,0.0322581
6918,0.0322581
6919,0.0322581
6920,0.0645161
6921,0.0645161
6922,0.0322581
6923,0.0322581
6924,0
6925,0.0645161
6926,0.0645161
6927,0
6928,0
6929,0
6930,0
6931,0
6932,0
6933,0.0322581
6934,0.0322581
6935,0.0322581
6936,0.0322581
6937,0.0322581
6938,0.0322581
6939,0.0322581
6940,0
6941,0
6942,0
6943,0
6944,0.0322581
6945,0.0322581
6946,0.0322581
6947,0.0967742
6948,0.0967742
6949,0.0967742
6950,0.0645161
6951,0.0645161
6952,0.0645161
6953,0.0645161
6954,0
6955,0
6956,0.129032
6957,0.129032
6958,0.0645161
6959,0.0645161
6960,0.0645161
6961,0.129032
6962,0.16129
6963,0.0645161
6964,0.16129
6965,0.0322581
6966,0
6967,0.0645161
6968,0.0645161
6969,0.0967742
6970,0
6971,0.0322581
6972,0.0322581
6973,0.0322581
6974,0.0645161
6975,0.0322581
6976,0.0645161
6977,0.0645161
6978,0.0322581
6979,0.0322581
6980,0.0322581
6981,0.0322581
6982,0.0645161
6983,0.0645161
6984,0.0645161
6985,0.0645161
6986,0.129032
6987,0.129032
6988,0.129032
6989,0.0967742
6990,0.0967742
6991,0.0645161
6992,0.0645161
6993,0.0645161
6994,0.0967742
6995,0.129032
6996,0.0322581
6997,0.0967742
6998,0.0322581
6999,0.0322581
7000,0.0967742
7001,0.193548
7002,0.0645161
7003,0.0645161
7004,0
7005,0
7006,0
7007,0
7008,0.0645161
7009,0.0967742
7010,0.258065
7011,0.129032
7012,0.129032
7013,0.16129
7014,0.258065
7015,0.193548
7016,0.16129
7017,0.16129
7018,0.193548
7019,0.129032
7020,0.16129
7021,0.193548
7022,0.193548
7023,0.225806
7024,0.193548
7025,0.258065
7026,0.193548
7027,0.16129
7028,0.225806
7029,0.0967742
7030,0.16129
7031,0.258065
7032,0.225806
7033,0.129032
7034,0.193548
7035,0.16129
7036,0.16129
7037,0.193548
7038,0.16129
7039,0.387097
7040,0.774194
7041,0.0967742
7042,0.516129
7043,0.354839
7044,0.225806
7045,0.322581
7046,0.354839
7047,1
7048,0.290323
7049,0.483871
7050,0.290323
7051,0.483871
7052,0.290323
7053,0.387097
7054,0.354839
7055,0.290323
7056,0.387097
7057,0.322581
7058,0.483871
7059,0.290323
7060,0.16129
7061,0.354839
7062,0.225806
7063,0.645161
7064,0.290323
7065,0.451613
7066,0.548387
7067,0.387097
7068,0.354839
7069,0.612903
7070,0.258065
7071,0.516129
7072,0.451613
7073,0.290323
7074,0.354839
7075,0.258065
7076,0.193548
7077,0.16129
7078,0.0967742
7079,0.16129
7080,0.0967742
7081,0.0967742
7082,0.290323
7083,0.129032
7084,0.225806
7085,0.129032
7086,0.0645161
7087,0.0322581
7088,0.0967742
7089,0.129032
7090,0.129032
7091,0.258065
7092,0.290323
7093,0.258065
7094,0.290323
7095,0.290323
7096,0.290323
7097,0.258065
7098,0.16129
7099,0.16129
7100,0.129032
7101,0.516129
7102,0.870968
7103,0.322581
7104,0.451613
7105,0.290323
7106,0.193548
7107,0.16129
7108,0.258065
7109,0.16129
7110,0.16129
7111,0.193548
7112,0.129032
7113,0.0645161
7114,0.0322581
7115,0.0967742
7116,0.0322581
7117,0.129032
7118,0.193548
7119,0.0322581
7120,0.0645161
7121,0.0645161
7122,0.0322581
7123,0.0645161
7124,0.0967742
7125,0.0967742
7126,0.129032
7127,0.129032
7128,0.0967742
7129,0.0645161
7130,0.0645161
7131,0.193548
7132,0.0967742
7133,0.129032
7134,0.0967742
7135,0.129032
7136,0.129032
7137,0.0967742
7138,0.0967742
7139,0.16129
7140,0.0645161
7141,0.129032
7142,0.129032
7143,0.193548
7144,0.193548
7145,0.16129
7146,0.193548
7147,0.129032
7148,0.193548
7149,0.129032
7150,0.387097
7151,0.258065
7152,0.806452
7153,0.612903
7154,0.806452
7155,0.548387
7156,0.645161
7157,0.580645
7158,0.806452
7159,0.354839
7160,0.451613
7161,0.419355
7162,0.16129
7163,0.129032
7164,0.258065
7165,0.193548
7166,0.0967742
7167,0.322581
7168,0.290323
7169,0.354839
7170,0.387097
7171,0.258065
7172,0.193548
7173,0.16129
7174,0.16129
7175,0.193548
7176,0.290323
7177,0.258065
7178,0.322581
7179,0.258065
7180,0.16129
7181,0.129032
7182,0.0967742
7183,0.129032
7184,0.0645161
7185,0.0967742
7186,0.225806
7187,0.322581
7188,0.354839
7189,0.322581
7190,0.290323
7191,0.419355
7192,0.354839
7193,0.354839
7194,0.225806
7195,0.225806
7196,0.225806
7197,0.193548
7198,0.258065
7199,0.451613
7200,0.225806
7201,0.290323
7202,0.16129
7203,0.193548
7204,0.193548
7205,0.16129
7206,0.16129
7207,0.0967742
7208,0.0645161
7209,0.0967742
7210,0.0967742
7211,0.0645161
7212,0.0322581
7213,0.129032
7214,0.0645161
7215,0.0967742
7216,0.0967742
7217,0.0645161
7218,0.451613
7219,0.129032
7220,0.258065
7221,0.129032
7222,0.0645161
7223,0.0967742
7224,0.16129
7225,0.0645161
7226,0.0645161
7227,0.129032
7228,0.129032
7229,0.0645161
7230,0.0645161
7231,0.0645161
7232,0.0645161
7233,0.193548
7234,0.129032
7235,0.0645161
7236,0.0967742
7237,0.0645161
7238,0.0322581
7239,0.0645161
7240,0.0645161
7241,0.0322581
7242,0.0322581
7243,0.0322581
7244,0.0645161
7245,0.0645161
7246,0.0322581
7247,0.0645161
7248,0.0322581
7249,0.0645161
7250,0.129032
7251,0.129032
7252,0.0645161
7253,0.0322581
7254,0.0967742
7255,0.0645161
7256,0.0967742
7257,0.0322581
7258,0.0322581
7259,0.0322581
7260,0
7261,0
7262,0.0645161
7263,0
7264,0
7265,0
7266,0
7267,0
7268,0
7269,0
7270,0
7271,0
7272,0.0967742
7273,0.16129
7274,0.16129
7275,0.16129
7276,0.16129
7277,0.16129
7278,0.16129
7279,0.0967742
7280,0
7281,0
7282,0.0322581
7283,0.258065
7284,0.677419
7285,0.290323
7286,0.967742
7287,0.322581
7288,0.709677
7289,0.580645
7290,0.225806
7291,0.419355
7292,0.129032
7293,0.290323
7294,0.322581
7295,0.580645
7296,0.193548
7297,0.0967742
7298,0.258065
7299,0.0967742
7300,0.129032
7301,0.0645161
7302,0.0967742
7303,0.0645161
7304,0.0645161
7305,0.0645161
7306,0.0322581
7307,0
7308,0
7309,0.258065
7310,0.193548
7311,0.193548
7312,0.193548
7313,0.0322581
7314,0.0645161
7315,0.0967742
7316,0.0322581
7317,0.0645161
7318,0.0322581
7319,0
7320,0.0322581
7321,0.0322581
7322,0.0322581
7323,0
7324,0.0967742
7325,0.0967742
7326,0.193548
7327,0.193548
7328,0.16129
7329,0.129032
7330,0.0967742
7331,0.0645161
7332,0.0645161
7333,0.0645161
7334,0.0322581
7335,0
7336,0
7337,0
7338,0
7339,0
7340,0
7341,0
7342,0
7343,0
7344,0
7345,0
7346,0.0322581
7347,0.0322581
7348,0.0322581
7349,0.0322581
7350,0.0322581
7351,0.0322581
7352,0.0322581
7353,0
7354,0
7355,0
7356,0
7357,0
7358,0.0322581
7359,0.0645161
7360,0.0645161
7361,0.0645161
7362,0.0645161
7363,0.0645161
7364,0.0645161
7365,0.0645161
7366,0
7367,0.0645161
7368,0
7369,0
7370,0.0322581
7371,0
7372,0
7373,0
7374,0
7375,0.0645161
7376,0.0645161
7377,0.0967742
7378,0.0967742
7379,0.16129
7380,0.0967742
7381,0.0645161
7382,0.0322581
7383,0.0322581
7384,0.129032
7385,0.0645161
7386,0
7387,0
7388,0.0967742
7389,0.0322581
7390,0
7391,0
7392,0
7393,0
7394,0
7395,0
7396,0
7397,0
7398,0
7399,0
7400,0.0645161
7401,0.0645161
7402,0.0645161
7403,0.0645161
7404,0.0645161
7405,0.0645161
7406,0.0967742
7407,0.16129
7408,0.0645161
7409,0.0967742
7410,0.0967742
7411,0.0967742
7412,0.16129
7413,0.0322581
7414,0.0322581
7415,0.0322581
7416,0.0322581
7417,0.0322581
7418,0.0645161
7419,0.129032
7420,0.0967742
7421,0.129032
7422,0.129032
7423,0.129032
7424,0.0967742
7425,0.193548
7426,0.225806
7427,0.193548
7428,0.129032
7429,0.129032
7430,0.129032
7431,0.0967742
7432,0.0645161
7433,0.0645161
7434,0.0322581
7435,0.129032
7436,0.225806
7437,0.129032
7438,0.16129
7439,0.0967742
7440,0.0967742
7441,0.0967742
7442,0.193548
7443,0.129032
7444,0.0967742
7445,0.0967742
7446,0.0967742
7447,0.0322581
7448,0.0645161
7449,0.129032
7450,0.0967742
7451,0.0967742
7452,0.16129
7453,0.0967742
7454,0.0967742
7455,0.193548
7456,0.0967742
7457,0.0967742
7458,0.258065
7459,0.258065
7460,0.258065
7461,0.258065
7462,0.258065
7463,0.290323
7464,0.258065
7465,0.16129
7466,0.193548
7467,0.129032
7468,0.129032
7469,0.0645161
7470,0.0967742
7471,0.0967742
7472,0.129032
7473,0.129032
7474,0.16129
7475,0.322581
7476,0.83871
7477,0.290323
7478,0.741935
7479,0.225806
7480,1
7481,0.290323
7482,0.290323
7483,0.709677
7484,0.419355
7485,0.612903
7486,0.290323
7487,0.806452
7488,0.709677
7489,0.483871
7490,0.677419
7491,0.387097
7492,0.258065
7493,0.322581
7494,0.354839
7495,0.451613
7496,0.935484
7497,0.225806
7498,0.258065
7499,0.322581
7500,0.387097
7501,0.451613
7502,0.290323
7503,0.354839
7504,0.451613
7505,0.419355
7506,0.322581
7507,0.322581
7508,0.354839
7509,0.193548
7510,0.290323
7511,0.193548
7512,0.16129
7513,0.290323
7514,0.129032
7515,0.225806
7516,0.258065
7517,0.193548
7518,0.129032
7519,0.322581
7520,0.354839
7521,0.258065
7522,0.419355
7523,0.16129
7524,0.225806
7525,0.258065
7526,0.451613
7527,0.225806
7528,0.225806
7529,0.193548
7530,0.225806
7531,0.290323
7532,0.193548
7533,0.0967742
7534,0.225806
7535,0.774194
7536,0.645161
7537,0.870968
7538,0.741935
7539,0.0967742
7540,0.483871
7541,0.193548
7542,0.419355
7543,0.290323
7544,0.193548
7545,0.0967742
7546,0.0645161
7547,0.0645161
7548,0.129032
7549,0.193548
7550,0.0967742
7551,0.193548
7552,0.16129
7553,0.225806
7554,0.16129
7555,0.0967742
7556,0.129032
7557,0.0967742
7558,0.0967742
7559,0.0967742
7560,0.0645161
7561,0.129032
7562,0.0645161
7563,0.0645161
7564,0.0322581
7565,0.0645161
7566,0.580645
7567,0.290323
7568,0.354839
7569,0.354839
7570,0.290323
7571,0.354839
7572,0.290323
7573,0.322581
7574,0.193548
7575,0.225806
7576,0.129032
7577,0.225806
7578,0.225806
7579,0.225806
7580,0.258065
7581,0.129032
7582,0.129032
7583,0.0967742
7584,0.322581
7585,0.225806
7586,0.129032
7587,0.225806
7588,0.225806
7589,0.225806
7590,0.129032
7591,0.16129
7592,0.193548
7593,0.129032
7594,0.0645161
7595,0.193548
7596,0.129032
7597,0.290323
7598,0.354839
7599,0.419355
7600,0.419355
7601,0.290323
7602,0.709677
7603,0.387097
7604,0.516129
7605,0.290323
7606,0.129032
7607,0.580645
7608,0.870968
7609,0.483871
7610,0.645161
7611,0.354839
7612,0.193548
7613,0.258065
7614,0.225806
7615,0.129032
7616,0.225806
7617,0.0967742
7618,0.225806
7619,0.129032
7620,0.225806
7621,0.225806
7622,0.258065
7623,0.258065
7624,0.290323
7625,0.16129
7626,0.225806
7627,0.16129
7628,0.645161
7629,0.387097
7630,0.483871
7631,0.193548
7632,0.483871
7633,0.290323
7634,0.290323
7635,0.290323
7636,0.548387
7637,0.129032
7638,0.193548
7639,0.0967742
7640,0.0645161
7641,0.0645161
7642,0.0645161
7643,0.0322581
7644,0.0322581
7645,0.0322581
7646,0.0322581
7647,0.0967742
7648,0.16129
7649,0.0967742
7650,0.129032
7651,0.0645161
7652,0.0645161
7653,0.0322581
7654,0.0322581
7655,0.0645161
7656,0.0967742
7657,0.0645161
7658,0.0645161
7659,0.0645161
7660,0.0645161
7661,0.16129
7662,0.0322581
7663,0.0322581
7664,0.0322581
7665,0.0322581
7666,0.0967742
7667,0.0645161
7668,0.129032
7669,0.129032
7670,0.129032
7671,0.225806
7672,0.645161
7673,0.258065
7674,0.16129
7675,0.0645161
7676,0.0967742
7677,0.16129
7678,0.483871
7679,0.774194
7680,0.516129
7681,0.387097
7682,0.258065
7683,0.225806
7684,0.129032
7685,0.225806
7686,0.16129
7687,0.193548
7688,0.0645161
7689,0.0322581
7690,0.258065
7691,0.129032
7692,0.0645161
7693,0.193548
7694,0.129032
7695,0.0967742
7696,0.129032
7697,0.129032
7698,0.193548
7699,0.129032
7700,0.16129
7701,0.193548
7702,0.129032
7703,0.129032
7704,0.0967742
7705,0.0645161
7706,0.0322581
7707,0.0645161
7708,0.0967742
7709,0.0322581
7710,0.0322581
7711,0.0645161
7712,0.129032
7713,0.0322581
7714,0.0645161
7715,0.0322581
7716,0.0645161
7717,0.0322581
7718,0.0967742
7719,0.0967742
7720,0.129032
7721,0.0645161
7722,0.16129
7723,0.16129
7724,0
7725,0.129032
7726,0.129032
7727,0.0322581
7728,0.0967742
7729,0.0967742
7730,0.129032
7731,0.129032
7732,0.0645161
7733,0.0322581
7734,0.0645161
7735,0.0645161
7736,0.0645161
7737,0.0967742
7738,0.0967742
7739,0.0967742
7740,0.0645161
7741,0.0322581
7742,0.0645161
7743,0.0645161
7744,0.322581
7745,0.225806
7746,0.0967742
7747,0.0645161
7748,0.129032
7749,0.0322581
7750,0.129032
7751,0.0645161
7752,0.0322581
7753,0.0967742
7754,0.0967742
7755,0.193548
7756,0.0967742
7757,0.0645161
7758,0.0645161
7759,0.0967742
7760,0.0322581
7761,0.0322581
7762,0.0322581
7763,0.0322581
7764,0.0322581
7765,0.0645161
7766,0.0322581
7767,0.0967742
7768,0.129032
7769,0.0322581
7770,0
7771,0.0645161
7772,0
7773,0
7774,0.0645161
7775,0.0645161
7776,0.0967742
7777,0.0322581
7778,0.0322581
7779,0.0322581
7780,0.0322581
7781,0
7782,0.0322581
7783,0.0967742
7784,0.0967742
7785,0.0967742
7786,0.0967742
7787,0.0322581
7788,0.0322581
7789,0
7790,0
7791,0.0322581
7792,0
7793,0.0645161
7794,0.0967742
7795,0.0967742
7796,0.0322581
7797,0.0322581
7798,0
7799,0
7800,0.129032
7801,0.129032
7802,0.129032
7803,0.129032
7804,0.129032
7805,0.129032
7806,0.129032
7807,0
7808,0
7809,0
7810,0
7811,0.258065
7812,0.516129
7813,0.419355
7814,0.612903
7815,0.354839
7816,0.774194
7817,0.354839
7818,0.387097
7819,0.225806
7820,0.16129
7821,0.290323
7822,0.16129
7823,0.935484
7824,0.193548
7825,0.258065
7826,0.193548
7827,0.129032
7828,0.0967742
7829,0.0967742
7830,0.0322581
7831,0
7832,0.0322581
7833,0
7834,0
7835,0
7836,0
7837,0.0322581
7838,0
7839,0.0645161
7840,0.0322581
7841,0.16129
7842,0.0645161
7843,0.0322581
7844,0.0322581
7845,0.0322581
7846,0.0322581
7847,0
7848,0
7849,0
7850,0
7851,0
7852,0
7853,0
7854,0.0322581
7855,0.0322581
7856,0.0322581
7857,0.0322581
7858,0.16129
7859,0.0322581
7860,0.0322581
7861,0
7862,0
7863,0
7864,0
7865,0.129032
7866,0.0322581
7867,0.0322581
7868,0.0322581
7869,0
7870,0.0322581
7871,0.0322581
7872,0.0322581
7873,0.0322581
7874,0.0322581
7875,0.0322581
7876,0.0322581
7877,0
7878,0
7879,0
7880,0
7881,0.0645161
7882,0.16129
7883,0.0967742
7884,0.129032
7885,0.0967742
7886,0.0645161
7887,0.0645161
7888,0.0645161
7889,0.16129
7890,0
7891,0.0322581
7892,0.0322581
7893,0.0967742
7894,0.0645161
7895,0.0967742
7896,0.0967742
7897,0.0967742
7898,0
7899,0.0645161
7900,0.0645161
7901,0
7902,0
7903,0
7904,0.193548
7905,0
7906,0.0322581
7907,0.0322581
7908,0.0322581
7909,0.0322581
7910,0.0322581
7911,0.0322581
7912,0.0322581
7913,0
7914,0
7915,0
7916,0
7917,0
7918,0
7919,0
7920,0
7921,0.0645161
7922,0
7923,0
7924,0.0645161
7925,0.0645161
7926,0.0645161
7927,0.0645161
7928,0.0645161
7929,0.0967742
7930,0.0645161
7931,0.0645161
7932,0.0645161
7933,0.0967742
7934,0.0322581
7935,0.0967742
7936,0.0322581
7937,0.0322581
7938,0.0322581
7939,0
7940,0.0645161
7941,0.0322581
7942,0.0322581
7943,0.0322581
7944,0.0967742
7945,0.0967742
7946,0.0967742
7947,0.0645161
7948,0.0322581
7949,0.0967742
7950,0.193548
7951,0.225806
7952,0.193548
7953,0.225806
7954,0.16129
7955,0.225806
7956,0.225806
7957,0.0967742
7958,0.0645161
7959,0.129032
7960,0.129032
7961,0.0967742
7962,0.0645161
7963,0.0967742
7964,0.0967742
7965,0.0967742
7966,0.0322581
7967,0.0322581
7968,0.0322581
7969,0.0322581
7970,0.0322581
7971,0.0322581
7972,0.129032
7973,0.129032
7974,0.0967742
7975,0.0967742
7976,0.16129
7977,0.225806
7978,0.129032
7979,0.16129
7980,0.16129
7981,0.129032
7982,0.0322581
7983,0.129032
7984,0.322581
7985,0.322581
7986,0.258065
7987,0.290323
7988,0.225806
7989,0.129032
7990,0.0967742
7991,0.193548
7992,0.193548
7993,0.193548
7994,0.193548
7995,0.129032
7996,0.129032
7997,0.193548
7998,0.0967742
7999,0
8000,0.0322581
8001,0.0967742
8002,0.0645161
8003,0.258065
8004,0.870968
8005,0.258065
8006,0.967742
8007,0.322581
8008,0.967742
8009,0.483871
8010,0.774194
8011,0.419355
8012,0.709677
8013,0.290323
8014,0.741935
8015,0.645161
8016,0.806452
8017,0.225806
8018,0.580645
8019,0.322581
8020,0.451613
8021,0.258065
8022,0.258065
8023,0.258065
8024,0.806452
8025,0.290323
8026,0.387097
8027,0.322581
8028,0.16129
8029,0.193548
8030,0.322581
8031,0.258065
8032,0.290323
8033,0.16129
8034,0.225806
8035,0.225806
8036,0.290323
8037,0.258065
8038,0.258065
8039,0.193548
8040,0.193548
8041,0.129032
8042,0.193548
8043,0.129032
8044,0.129032
8045,0.193548
8046,0.16129
8047,0.193548
8048,0.129032
8049,0.225806
8050,0.129032
8051,0.193548
8052,0.16129
8053,0.193548
8054,0.354839
8055,0.225806
8056,0.193548
8057,0.225806
8058,0.225806
8059,0.0645161
8060,0.129032
8061,0.129032
8062,0.322581
8063,1
8064,0.258065
8065,0.516129
8066,1
8067,0.193548
8068,0.548387
8069,0.322581
8070,0.483871
8071,0.354839
8072,0.16129
8073,0.129032
8074,0.0967742
8075,0.0645161
8076,0.193548
8077,0.129032
8078,0.193548
8079,0.129032
8080,0.258065
8081,0.225806
8082,0.193548
8083,0.258065
8084,0.16129
8085,0.0322581
8086,0.16129
8087,0.0645161
8088,0.0645161
8089,0.0322581
8090,0.322581
8091,0.516129
8092,0.419355
8093,0.322581
8094,0.419355
8095,0.193548
8096,0.258065
8097,0.322581
8098,0.290323
8099,0.354839
8100,0.290323
8101,0.193548
8102,0.225806
8103,0.258065
8104,0.387097
8105,0.322581
8106,0.193548
8107,0.225806
8108,0.193548
8109,0.290323
8110,0.258065
8111,0.290323
8112,0.193548
8113,0.258065
8114,0.322581
8115,0.193548
8116,0.258065
8117,0.258065
8118,0.225806
8119,0.16129
8120,0.354839
8121,0.419355
8122,0.387097
8123,0.419355
8124,0.548387
8125,0.451613
8126,0.451613
8127,0.290323
8128,0.225806
8129,0.548387
8130,0.16129
8131,0.387097
8132,0.580645
8133,1
8134,0.645161
8135,0.387097
8136,0.354839
8137,0.225806
8138,0.129032
8139,0.0967742
8140,0.0967742
8141,0.0967742
8142,0.16129
8143,0.193548
8144,0.16129
8145,0.129032
8146,0.193548
8147,0.225806
8148,0.16129
8149,0.129032
8150,0.193548
8151,0.225806
8152,0.129032
8153,0.645161
8154,0.193548
8155,0.419355
8156,0.419355
8157,0.258065
8158,0.290323
8159,0.354839
8160,0.322581
8161,0.0967742
8162,0.16129
8163,0.0645161
8164,0.0645161
8165,0.0645161
8166,0.0645161
8167,0.0645161
8168,0.0645161
8169,0.0645161
8170,0.0645161
8171,0.0322581
8172,0.0322581
8173,0.0322581
8174,0.0322581
8175,0.0645161
8176,0.0322581
8177,0.0322581
8178,0.0322581
8179,0.0322581
8180,0.0645161
8181,0.0645161
8182,0.16129
8183,0.0645161
8184,0.129032
8185,0.0645161
8186,0.16129
8187,0.0967742
8188,0.0322581
8189,0.0645161
8190,0.129032
8191,0.16129
8192,0.16129
8193,0.225806
8194,0.129032
8195,0.0322581
8196,0.0322581
8197,0.387097
8198,0.387097
8199,0.193548
8200,0.225806
8201,0.354839
8202,0.225806
8203,0.806452
8204,0.580645
8205,0.645161
8206,0.193548
8207,0.193548
8208,0.193548
8209,0.193548
8210,0.129032
8211,0.16129
8212,0.0967742
8213,0.0645161
8214,0.0322581
8215,0.0322581
8216,0.0322581
8217,0.0645161
8218,0.129032
8219,0.0645161
8220,0.16129
8221,0.16129
8222,0.16129
8223,0.193548
8224,0.193548
8225,0.0967742
8226,0.0645161
8227,0.0645161
8228,0.0322581
8229,0.0645161
8230,0.0967742
8231,0.0967742
8232,0.0322581
8233,0.129032
8234,0.0322581
8235,0.129032
8236,0.0645161
8237,0.0645161
8238,0.0967742
8239,0.0645161
8240,0.129032
8241,0.0967742
8242,0.129032
8243,0.129032
8244,0.129032
8245,0.0322581
8246,0.0645161
8247,0.0645161
8248,0.0322581
8249,0.0322581
8250,0.0322581
8251,0.0322581
8252,0.0645161
8253,0.0645161
8254,0.16129
8255,0.129032
8256,0.0967742
8257,0.0967742
8258,0.0967742
8259,0.0645161
8260,0.0322581
8261,0.0322581
8262,0.0967742
8263,0.129032
8264,0.129032
8265,0.0645161
8266,0.0645161
8267,0.0322581
8268,0.0322581
8269,0.354839
8270,0.193548
8271,0.129032
8272,0.0322581
8273,0.0322581
8274,0.0322581
8275,0.0645161
8276,0.0967742
8277,0.129032
8278,0.129032
8279,0.16129
8280,0.0645161
8281,0.0967742
8282,0.0645161
8283,0.0322581
8284,0.0322581
8285,0.0967742
8286,0
8287,0.193548
8288,0.16129
8289,0.0322581
8290,0.0322581
8291,0.0322581
8292,0.0322581
8293,0
8294,0
8295,0
8296,0
8297,0.0322581
8298,0
8299,0
8300,0.0322581
8301,0.0322581
8302,0.0645161
8303,0.0645161
8304,0.129032
8305,0.0322581
8306,0
8307,0
8308,0.0645161
8309,0
8310,0
8311,0
8312,0
8313,0
8314,0
8315,0.0645161
8316,0.0322581
8317,0.0322581
8318,0.0322581
8319,0
8320,0
8321,0
8322,0.0645161
8323,0.0645161
8324,0.129032
8325,0.193548
8326,0.129032
8327,0.129032
8328,0.129032
8329,0.129032
8330,0.129032
8331,0
8332,0
8333,0.258065
8334,0.709677
8335,0.193548
8336,1
8337,0.193548
8338,1
8339,0.258065
8340,0.419355
8341,0.0967742
8342,0.290323
8343,0.290323
8344,0.225806
8345,0.709677
8346,0.258065
8347,0.258065
8348,0.16129
8349,0.129032
8350,0.0967742
8351,0.0322581
8352,0.0322581
8353,0.0322581
8354,0.0322581
8355,0.0645161
8356,0
8357,0
8358,0
8359,0
8360,0.0322581
8361,0
8362,0.0322581
8363,0.0322581
8364,0.0645161
8365,0.0322581
8366,0.0322581
8367,0.0322581
8368,0.0322581
8369,0.0967742
8370,0
8371,0
8372,0
8373,0.0645161
8374,0.0322581
8375,0.0322581
8376,0.0322581
8377,0.0322581
8378,0.129032
8379,0.0645161
8380,0.0322581
8381,0
8382,0
8383,0
8384,0
8385,0
8386,0
8387,0
8388,0
8389,0
8390,0.0322581
8391,0
8392,0.0322581
8393,0.0322581
8394,0
8395,0.0322581
8396,0.0322581
8397,0.0322581
8398,0.0322581
8399,0.0322581
8400,0
8401,0
8402,0
8403,0
8404,0
8405,0
8406,0.0645161
8407,0.193548
8408,0.129032
8409,0.0645161
8410,0.0645161
8411,0.129032
8412,0.129032
8413,0.129032
8414,0.0967742
8415,0.0322581
8416,0
8417,0
8418,0
8419,0
8420,0
8421,0
8422,0
8423,0
8424,0
8425,0
8426,0
8427,0
8428,0.0322581
8429,0.129032
8430,0.129032
8431,0.129032
8432,0.129032
8433,0.0322581
8434,0.0967742
8435,0
8436,0.0645161
8437,0
8438,0
8439,0
8440,0
8441,0
8442,0
8443,0
8444,0
8445,0.0645161
8446,0.0645161
8447,0.0645161
8448,0.0645161
8449,0.0322581
8450,0.0645161
8451,0.0645161
8452,0.0967742
8453,0.0967742
8454,0.0645161
8455,0.0645161
8456,0.0322581
8457,0.0322581
8458,0.0322581
8459,0.0322581
8460,0
8461,0.129032
8462,0
8463,0
8464,0.0645161
8465,0.0645161
8466,0.0967742
8467,0.0967742
8468,0.0322581
8469,0.0967742
8470,0.193548
8471,0.129032
8472,0.258065
8473,0.193548
8474,0.16129
8475,0.193548
8476,0.129032
8477,0.129032
8478,0.193548
8479,0.0967742
8480,0.129032
8481,0.129032
8482,0.225806
8483,0.16129
8484,0.16129
8485,0.0967742
8486,0.129032
8487,0.129032
8488,0.129032
8489,0.0645161
8490,0.129032
8491,0.0322581
8492,0.0322581
8493,0.0322581
8494,0.0322581
8495,0.0645161
8496,0.0322581
8497,0.16129
8498,0.258065
8499,0.16129
8500,0.0645161
8501,0.0645161
8502,0.193548
8503,0.16129
8504,0.129032
8505,0.129032
8506,0.193548
8507,0.225806
8508,0.354839
8509,0.193548
8510,0.225806
8511,0.258065
8512,0.258065
8513,0.0967742
8514,0.193548
8515,0.290323
8516,0.258065
8517,0.225806
8518,0.258065
8519,0.258065
8520,0.16129
8521,0.193548
8522,0.129032
8523,0.0967742
8524,0.129032
8525,0.322581
8526,0.806452
8527,0.354839
8528,1
8529,0.322581
8530,1
8531,0.387097
8532,1
8533,0.16129
8534,0.580645
8535,0.16129
8536,0.483871
8537,0.516129
8538,0.645161
8539,0.129032
8540,0.580645
8541,0.0967742
8542,0.354839
8543,0.741935
8544,0.322581
8545,0.870968
8546,0.225806
8547,0.548387
8548,0.258065
8549,0.290323
8550,0.677419
8551,0.129032
8552,0.16129
8553,0.774194
8554,0.258065
8555,0.225806
8556,0.193548
8557,0.193548
8558,0.258065
8559,0.225806
8560,0.16129
8561,0.16129
8562,0.225806
8563,0.16129
8564,0.0967742
8565,0.0967742
8566,0.0322581
8567,0.129032
8568,0.0322581
8569,0.193548
8570,0.0967742
8571,0.225806
8572,0.129032
8573,0.225806
8574,0.258065
8575,0.290323
8576,0.258065
8577,0.16129
8578,0.129032
8579,0.225806
8580,0.16129
8581,0.0967742
8582,0.129032
8583,0.193548
8584,0.290323
8585,0.935484
8586,0.193548
8587,0.870968
8588,0.774194
8589,0.0322581
8590,0.677419
8591,0.258065
8592,0.354839
8593,0.451613
8594,0.193548
8595,0.193548
8596,0.16129
8597,0.0967742
8598,0.0967742
8599,0.129032
8600,0.129032
8601,0.193548
8602,0.16129
8603,0.225806
8604,0.258065
8605,0.193548
8606,0.129032
8607,0.0967742
8608,0.16129
8609,0.0967742
8610,0.0967742
8611,0.0645161
8612,0.0322581
8613,0.0322581
8614,0.0322581
8615,0.0322581
8616,0.645161
8617,0.16129
8618,0.387097
8619,0.387097
8620,0.322581
8621,0.387097
8622,0.193548
8623,0.16129
8624,0.193548
8625,0.16129
8626,0.16129
8627,0.193548
8628,0.16129
8629,0.258065
8630,0.16129
8631,0.129032
8632,0.16129
8633,0.0645161
8634,0.451613
8635,0.483871
8636,0.451613
8637,0.354839
8638,0.290323
8639,0.322581
8640,0.193548
8641,0.16129
8642,0.16129
8643,0.129032
8644,0.129032
8645,0.16129
8646,0.193548
8647,0.354839
8648,0.419355
8649,0.451613
8650,0.483871
8651,0.354839
8652,0.709677
8653,0.322581
8654,0.516129
8655,0.322581
8656,0.0967742
8657,0.129032
8658,1
8659,0.548387
8660,0.451613
8661,0.225806
8662,0.322581
8663,0.193548
8664,0.193548
8665,0.129032
8666,0.16129
8667,0.0322581
8668,0.225806
8669,0.193548
8670,0.225806
8671,0.258065
8672,0.16129
8673,0.258065
8674,0.258065
8675,0.129032
8676,0.225806
8677,0.193548
8678,0.0967742
8679,0.774194
8680,0.258065
8681,0.354839
8682,0.548387
8683,0.387097
8684,0.483871
8685,0.258065
8686,0.129032
8687,0.129032
8688,0.225806
8689,0.0645161
8690,0.0645161
8691,0.129032
8692,0.0322581
8693,0.0322581
8694,0.0322581
8695,0.0322581
8696,0.0322581
8697,0.0322581
8698,0.0322581
8699,0.0322581
8700,0.0645161
8701,0.0322581
8702,0.0322581
8703,0.0322581
8704,0
8705,0.0322581
8706,0.0645161
8707,0.0967742
8708,0.0967742
8709,0.0645161
8710,0
8711,0.16129
8712,0.0967742
8713,0.0645161
8714,0.0322581
8715,0.0322581
8716,0.0322581
8717,0.0967742
8718,0
8719,0.0645161
8720,0.0322581
8721,0.0645161
8722,0.419355
8723,0.258065
8724,0.225806
8725,0.0967742
8726,0.16129
8727,0.290323
8728,0.16129
8729,0.612903
8730,0.354839
8731,0.419355
8732,0.419355
8733,0.193548
8734,0.193548
8735,0.129032
8736,0.193548
8737,0.225806
8738,0.193548
8739,0.16129
8740,0.16129
8741,0.0967742
8742,0.0322581
8743,0
8744,0.225806
8745,0.16129
8746,0.290323
8747,0.258065
8748,0.193548
8749,0.129032
8750,0.0967742
8751,0.0322581
8752,0.129032
8753,0.0967742
8754,0.0645161
8755,0.0322581
8756,0.0967742
8757,0.0645161
8758,0.0967742
8759,0.0645161
8760,0.0967742
8761,0.0322581
8762,0.0645161
8763,0.0322581
8764,0.0322581
8765,0.0322581
8766,0.0322581
8767,0
8768,0.0322581
8769,0.0322581
8770,0.0967742
8771,0.0645161
8772,0.0967742
8773,0.16129
8774,0.0322581
8775,0.0645161
8776,0.0645161
8777,0.0645161
8778,0.0322581
8779,0.0645161
8780,0.0967742
8781,0.16129
8782,0.0967742
8783,0.0967742
8784,0.0645161
8785,0.0322581
8786,0.0322581
8787,0.129032
8788,0.129032
8789,0.0967742
8790,0.0645161
8791,0.0967742
8792,0.0967742
8793,0.0645161
8794,0.0645161
8795,0.322581
8796,0.0967742
8797,0.0645161
8798,0.0645161
8799,0.0967742
8800,0.0322581
8801,0.0645161
8802,0.16129
8803,0.290323
8804,0.193548
8805,0.0967742
8806,0.0967742
8807,0.0645161
8808,0.0645161
8809,0.0645161
8810,0.0967742
8811,0.0645161
8812,0.0645161
8813,0.0645161
8814,0.0322581
8815,0.0322581
8816,0
8817,0.0322581
8818,0.0967742
8819,0.0322581
8820,0
8821,0
8822,0
8823,0
8824,0
8825,0.0967742
8826,0
8827,0
8828,0.0645161
8829,0.0645161
8830,0.0322581
8831,0
8832,0.0967742
8833,0.0322581
8834,0.0322581
8835,0
8836,0
8837,0
8838,0
8839,0.0645161
8840,0.0322581
8841,0.129032
8842,0.0645161
8843,0
8844,0.129032
8845,0.0967742
8846,0.129032
8847,0.0645161
8848,0
8849,0.0645161
8850,0
8851,0.225806
8852,0.129032
8853,0.129032
8854,0.193548
8855,0.129032
8856,0.129032
8857,0.129032
8858,0
8859,0
8860,0.0645161
8861,0.290323
8862,0.354839
8863,0.645161
8864,0.16129
8865,0.612903
8866,0.387097
8867,0.677419
8868,0.225806
8869,0.225806
8870,0.387097
8871,0.193548
8872,0.322581
8873,0.806452
8874,0.225806
8875,0.387097
8876,0.193548
8877,0.0645161
8878,0.0645161
8879,0.0645161
8880,0
8881,0
8882,0
8883,0
8884,0
8885,0
8886,0.129032
8887,0.129032
8888,0.258065
8889,0.0322581
8890,0.0645161
8891,0.0645161
8892,0.0645161
8893,0.0645161
8894,0
8895,0
8896,0
8897,0
8898,0
8899,0.0322581
8900,0.0967742
8901,0.0645161
8902,0.0322581
8903,0.0645161
8904,0.0645161
8905,0
8906,0
8907,0
8908,0
8909,0.0645161
8910,0.0645161
8911,0
8912,0
8913,0
8914,0
8915,0.0322581
8916,0.0322581
8917,0.0322581
8918,0.0322581
8919,0.0322581
8920,0.0322581
8921,0.0322581
8922,0.0322581
8923,0
8924,0
8925,0
8926,0.0645161
8927,0.129032
8928,0.0645161
8929,0.129032
8930,0.0645161
8931,0.0645161
8932,0.0645161
8933,0
8934,0
8935,0
8936,0.0645161
8937,0.0645161
8938,0.0645161
8939,0.0645161
8940,0
8941,0
8942,0
8943,0
8944,0
8945,0
8946,0
8947,0
8948,0
8949,0
8950,0
8951,0
8952,0.0645161
8953,0
8954,0
8955,0
8956,0.0322581
8957,0.0322581
8958,0.0322581
8959,0.16129
8960,0.0322581
8961,0.0322581
8962,0.0322581
8963,0.0322581
8964,0.0322581
8965,0.129032
8966,0.0645161
8967,0
8968,0.0967742
8969,0.225806
8970,0.129032
8971,0.16129
8972,0.129032
8973,0.0645161
8974,0.0645161
8975,0.0967742
8976,0.129032
8977,0.0967742
8978,0.0322581
8979,0.0322581
8980,0.0322581
8981,0.0322581
8982,0.0322581
8983,0.0645161
8984,0.0645161
8985,0.0645161
8986,0.0645161
8987,0.0645161
8988,0.0645161
8989,0.0645161
8990,0
8991,0.0322581
8992,0.0967742
8993,0.0322581
8994,0.0967742
8995,0.129032
8996,0.129032
8997,0.0967742
8998,0.0645161
8999,0.129032
9000,0.129032
9001,0.16129
9002,0.16129
9003,0.193548
9004,0.129032
9005,0.16129
9006,0.16129
9007,0.129032
9008,0.0967742
9009,0.0967742
9010,0.0967742
9011,0.0322581
9012,0.0967742
9013,0.0967742
9014,0.0967742
9015,0.0967742
9016,0.0645161
9017,0.0645161
9018,0.0645161
9019,0.0322581
9020,0
9021,0.0645161
9022,0.0322581
9023,0.129032
9024,0.129032
9025,0.193548
9026,0.16129
9027,0.16129
9028,0.225806
9029,0.290323
9030,0.193548
9031,0.0967742
9032,0.0322581
9033,0.0322581
9034,0.0322581
9035,0.0322581
9036,0.193548
9037,0.193548
9038,0.129032
9039,0.129032
9040,0.129032
9041,0.193548
9042,0.322581
9043,0.16129
9044,0.16129
9045,0.16129
9046,0.16129
9047,0.0645161
9048,0.0645161
9049,0.0967742
9050,0.225806
9051,0.129032
9052,0
9053,0.290323
9054,0.645161
9055,0.290323
9056,0.903226
9057,0.483871
9058,0.967742
9059,0.548387
9060,0.483871
9061,0.548387
9062,0.0645161
9063,0.580645
9064,0.16129
9065,0.967742
9066,0.225806
9067,0.580645
9068,0.258065
9069,0.387097
9070,0.0967742
9071,0.580645
9072,0.516129
9073,0.225806
9074,1
9075,0.290323
9076,0.258065
9077,0.806452
9078,0.225806
9079,0.290323
9080,0.354839
9081,0.451613
9082,0.387097
9083,0.322581
9084,0.290323
9085,0.225806
9086,0.258065
9087,0.225806
9088,0.193548
9089,0.258065
9090,0.16129
9091,0.322581
9092,0.225806
9093,0.193548
9094,0.16129
9095,0.225806
9096,0.193548
9097,0.16129
9098,0.258065
9099,0.16129
9100,0.16129
9101,0.129032
9102,0.16129
9103,0.193548
9104,0.290323
9105,0.193548
9106,0.290323
9107,0.16129
9108,0.193548
9109,0.193548
9110,0.193548
9111,0.16129
9112,0.322581
9113,0.806452
9114,0.612903
9115,0.612903
9116,0.806452
9117,0.129032
9118,0.612903
9119,0.290323
9120,0.580645
9121,0.419355
9122,0.225806
9123,0.16129
9124,0.0967742
9125,0.0967742
9126,0.16129
9127,0.0645161
9128,0.129032
9129,0.0967742
9130,0.258065
9131,0.225806
9132,0.16129
9133,0.16129
9134,0.0645161
9135,0.0322581
9136,0.129032
9137,0.0967742
9138,0.0645161
9139,0.0645161
9140,0.580645
9141,0.258065
9142,0.451613
9143,0.258065
9144,0.322581
9145,0.225806
9146,0.290323
9147,0.258065
9148,0.322581
9149,0.322581
9150,0.354839
9151,0.193548
9152,0.193548
9153,0.225806
9154,0.258065
9155,0.290323
9156,0.290323
9157,0.16129
9158,0.290323
9159,0.290323
9160,0.225806
9161,0.16129
9162,0.193548
9163,0.225806
9164,0.258065
9165,0.322581
9166,0.354839
9167,0.193548
9168,0.129032
9169,0.225806
9170,0.193548
9171,0.129032
9172,0.322581
9173,0.258065
9174,0.193548
9175,0.258065
9176,0.193548
9177,0.16129
9178,0.193548
9179,0.387097
9180,0.16129
9181,0.419355
9182,1
9183,0.387097
9184,0.387097
9185,0.258065
9186,0.0967742
9187,0.193548
9188,0.16129
9189,0.16129
9190,0.0967742
9191,0.16129
9192,0.258065
9193,0.258065
9194,0.16129
9195,0.193548
9196,0.225806
9197,0.193548
9198,0.225806
9199,0.225806
9200,0.354839
9201,0.322581
9202,0.709677
9203,0.354839
9204,0.516129
9205,0.290323
9206,0.258065
9207,0.258065
9208,0.419355
9209,0.225806
9210,0.290323
9211,0.225806
9212,0.0967742
9213,0.0967742
9214,0.0645161
9215,0.0322581
9216,0.0645161
9217,0.0322581
9218,0.0322581
9219,0.0967742
9220,0.0967742
9221,0.0322581
9222,0.0322581
9223,0.0322581
9224,0.0645161
9225,0.0645161
9226,0.0322581
9227,0
9228,0
9229,0.0645161
9230,0.0322581
9231,0.193548
9232,0.0967742
9233,0.0967742
9234,0.0645161
9235,0.129032
9236,0.16129
9237,0.0322581
9238,0.0322581
9239,0.0322581
9240,0.0645161
9241,0.0645161
9242,0.0967742
9243,0.0322581
9244,0.0645161
9245,0.0645161
9246,0.451613
9247,0.322581
9248,0.193548
9249,0.225806
9250,0.322581
9251,0.451613
9252,0.709677
9253,0.935484
9254,0.258065
9255,0.129032
9256,0.16129
9257,0.0967742
9258,0.129032
9259,0.129032
9260,0.129032
9261,0.0322581
9262,0
9263,0.0322581
9264,0.0322581
9265,0.0322581
9266,0.0322581
9267,0.129032
9268,0.129032
9269,0.225806
9270,0.0967742
9271,0.193548
9272,0.16129
9273,0.129032
9274,0.0967742
9275,0.0967742
9276,0.16129
9277,0.0645161
9278,0.0322581
9279,0.0645161
9280,0.0645161
9281,0.0645161
9282,0.193548
9283,0.0645161
9284,0.0322581
9285,0.0322581
9286,0.0322581
9287,0.0322581
9288,0.129032
9289,0.16129
9290,0.0967742
9291,0.0967742
9292,0.16129
9293,0.129032
9294,0.0322581
9295,0
9296,0.0645161
9297,0.0645161
9298,0.225806
9299,0.16129
9300,0
9301,0.0322581
9302,0.0645161
9303,0.193548
9304,0.16129
9305,0.129032
9306,0.16129
9307,0.129032
9308,0.0322581
9309,0.0645161
9310,0.0967742
9311,0.0645161
9312,0.0967742
9313,0.0645161
9314,0.16129
9315,0.0322581
9316,0
9317,0
9318,0.354839
9319,0.0645161
9320,0.0322581
9321,0.129032
9322,0.129032
9323,0.193548
9324,0.193548
9325,0.0967742
9326,0.129032
9327,0.0967742
9328,0.0645161
9329,0.0645161
9330,0.0645161
9331,0.0645161
9332,0
9333,0
9334,0
9335,0
9336,0
9337,0
9338,0
9339,0
9340,0
9341,0.0967742
9342,0.0967742
9343,0.129032
9344,0
9345,0.0967742
9346,0
9347,0.0322581
9348,0.0322581
9349,0.0322581
9350,0.0322581
9351,0.0322581
9352,0
9353,0
9354,0
9355,0
9356,0
9357,0
9358,0
9359,0.0322581
9360,0.0322581
9361,0.0322581
9362,0
9363,0
9364,0
9365,0
9366,0
9367,0
9368,0
9369,0
9370,0
9371,0
9372,0.0645161
9373,0.0645161
9374,0.129032
9375,0.129032
9376,0.129032
9377,0.129032
9378,0.129032
9379,0.0645161
9380,0.129032
9381,0.0322581
9382,0.0322581
9383,0.322581
9384,0.322581
9385,0.483871
9386,0.483871
9387,0.0967742
9388,0.967742
9389,0.516129
9390,0.387097
9391,0.258065
9392,0.387097
9393,0.0967742
9394,0.419355
9395,0.548387
9396,0.258065
9397,0.225806
9398,0.16129
9399,0.0645161
9400,0.0645161
9401,0.0322581
9402,0.0967742
9403,0.16129
9404,0.193548
9405,0.0967742
9406,0
9407,0.0967742
9408,0.0645161
9409,0.0322581
9410,0.0322581
9411,0.0322581
9412,0.0645161
9413,0.0645161
9414,0.0645161
9415,0.0322581
9416,0
9417,0
9418,0
9419,0
9420,0
9421,0.0322581
9422,0.0322581
9423,0.0322581
9424,0.0322581
9425,0.129032
9426,0.0322581
9427,0
9428,0
9429,0
9430,0
9431,0.0967742
9432,0.0645161
9433,0
9434,0.0645161
9435,0.0322581
9436,0.0322581
9437,0.0967742
9438,0.0967742
9439,0.0322581
9440,0.0322581
9441,0.0322581
9442,0.0322581
9443,0.0322581
9444,0
9445,0
9446,0.0967742
9447,0
9448,0.0645161
9449,0.16129
9450,0.129032
9451,0.0322581
9452,0.129032
9453,0.0967742
9454,0.0645161
9455,0.0645161
9456,0.0645161
9457,0.0645161
9458,0.0967742
9459,0.0645161
9460,0.0322581
9461,0.0322581
9462,0.0645161
9463,0.0645161
9464,0
9465,0
9466,0
9467,0
9468,0
9469,0
9470,0
9471,0
9472,0
9473,0
9474,0.0322581
9475,0
9476,0.0322581
9477,0.0645161
9478,0.0645161
9479,0.0645161
9480,0.0645161
9481,0.0322581
9482,0.0322581
9483,0.0645161
9484,0
9485,0.0322581
9486,0.16129
9487,0.0967742
9488,0.0645161
9489,0.0645161
9490,0.0645161
9491,0.0967742
9492,0.0967742
9493,0.0967742
9494,0.0967742
9495,0.0645161
9496,0.0967742
9497,0.0967742
9498,0
9499,0.0645161
9500,0
9501,0.0967742
9502,0.0967742
9503,0.0645161
9504,0.129032
9505,0.129032
9506,0.129032
9507,0.0322581
9508,0.0322581
9509,0
9510,0.0322581
9511,0.129032
9512,0.16129
9513,0.0967742
9514,0.0967742
9515,0.0967742
9516,0.129032
9517,0.129032
9518,0.0322581
9519,0.0645161
9520,0.0967742
9521,0.129032
9522,0.0967742
9523,0.0967742
9524,0.129032
9525,0.129032
9526,0.16129
9527,0.129032
9528,0.0967742
9529,0.0967742
9530,0.0967742
9531,0.193548
9532,0.0322581
9533,0.0322581
9534,0.0322581
9535,0
9536,0
9537,0.0645161
9538,0.0645161
9539,0.16129
9540,0.0645161
9541,0.0645161
9542,0.0645161
9543,0.129032
9544,0.129032
9545,0.0967742
9546,0.0645161
9547,0.129032
9548,0.16129
9549,0.16129
9550,0.0322581
9551,0.193548
9552,0.16129
9553,0.16129
9554,0.129032
9555,0.129032
9556,0.129032
9557,0.129032
9558,0.16129
9559,0.193548
9560,0.16129
9561,0.0967742
9562,0.225806
9563,0.225806
9564,0.16129
9565,0.0645161
9566,0.0645161
9567,0.0645161
9568,0.129032
9569,0.129032
9570,0.129032
9571,0.16129
9572,0.0645161
9573,0.0645161
9574,0.0967742
9575,0.193548
9576,0.774194
9577,0.193548
9578,0.903226
9579,0.806452
9580,0.580645
9581,0.612903
9582,0.322581
9583,0.645161
9584,0.193548
9585,0.741935
9586,0.16129
9587,0.548387
9588,0.129032
9589,0.387097
9590,0.225806
9591,0.806452
9592,0.322581
9593,0.548387
9594,0.225806
9595,0.225806
9596,0.612903
9597,0.193548
9598,0.193548
9599,0.258065
9600,0.16129
9601,0.16129
9602,0.290323
9603,0.193548
9604,0.16129
9605,0.322581
9606,0.258065
9607,0.193548
9608,0.258065
9609,0.225806
9610,0.258065
9611,0.225806
9612,0.193548
9613,0.16129
9614,0.193548
9615,0.0645161
9616,0.0322581
9617,0.16129
9618,0.16129
9619,0.0967742
9620,0.0967742
9621,0.0967742
9622,0.129032
9623,0.0967742
9624,0.193548
9625,0.322581
9626,0.322581
9627,0.354839
9628,0.258065
9629,0.258065
9630,0.290323
9631,0.129032
9632,0.225806
9633,0.193548
9634,0.129032
9635,0.516129
9636,0.258065
9637,0.0967742
9638,0.709677
9639,0.290323
9640,0.322581
9641,0.516129
9642,0.193548
9643,0.290323
9644,0.193548
9645,0.0967742
9646,0.129032
9647,0.0967742
9648,0.193548
9649,0.16129
9650,0.129032
9651,0.0967742
9652,0.129032
9653,0.129032
9654,0.0967742
9655,0.0967742
9656,0.129032
9657,0.0645161
9658,0.0645161
9659,0.0645161
9660,0.0967742
9661,0.0645161
9662,0.0645161
9663,0.0645161
9664,0.0645161
9665,0.0967742
9666,0.0645161
9667,0.16129
9668,0.16129
9669,0.0967742
9670,0.0967742
9671,0.0967742
9672,0.129032
9673,0.225806
9674,0.0967742
9675,0.193548
9676,0.193548
9677,0.16129
9678,0.258065
9679,0.16129
9680,0.0967742
9681,0.16129
9682,0.0967742
9683,0.0967742
9684,0.129032
9685,0.0967742
9686,0.258065
9687,0.290323
9688,0.645161
9689,0.548387
9690,0.290323
9691,0.806452
9692,0.290323
9693,0.774194
9694,0.483871
9695,0.451613
9696,0.322581
9697,0.419355
9698,0.387097
9699,0.258065
9700,0.290323
9701,0.129032
9702,0.0967742
9703,0.16129
9704,0.387097
9705,0.258065
9706,0.290323
9707,0.225806
9708,0.16129
9709,0.16129
9710,0.16129
9711,0.129032
9712,0.0967742
9713,0.129032
9714,0.129032
9715,0.16129
9716,0.0967742
9717,0.258065
9718,0.225806
9719,0.258065
9720,0.16129
9721,0.290323
9722,0.322581
9723,0.322581
9724,0.129032
9725,0.225806
9726,0.129032
9727,0.193548
9728,0.16129
9729,0.290323
9730,0.16129
9731,0.193548
9732,0.290323
9733,0.258065
9734,0.258065
9735,0.16129
9736,0.0645161
9737,0.129032
9738,0.0645161
9739,0.258065
9740,0.225806
9741,0.290323
9742,0.225806
9743,0.322581
9744,0.193548
9745,0.290323
9746,0.129032
9747,0.16129
9748,0.0967742
9749,0.16129
9750,0.0967742
9751,0.129032
9752,0.193548
9753,0.0967742
9754,0.419355
9755,0.225806
9756,0.129032
9757,0.225806
9758,0.193548
9759,0.290323
9760,0.225806
9761,0.193548
9762,0.258065
9763,0.258065
9764,0.129032
9765,0.0645161
9766,0.0967742
9767,0.0645161
9768,0.0322581
9769,0.0645161
9770,0.0645161
9771,0.0645161
9772,0.0645161
9773,0.0645161
9774,0.0645161
9775,0.0322581
9776,0.0322581
9777,0.0322581
9778,0.0322581
9779,0.0322581
9780,0
9781,0.0645161
9782,0.0645161
9783,0.0645161
9784,0.0645161
9785,0.0645161
9786,0.0322581
9787,0.0322581
9788,0
9789,0
9790,0
9791,0
9792,0
9793,0
9794,0
9795,0
9796,0
9797,0.0322581
9798,0.0322581
9799,0.0322581
9800,0
9801,0
9802,0
9803,0
9804,0
9805,0
9806,0
9807,0
9808,0.129032
9809,0.129032
9810,0.193548
9811,0.129032
9812,0.129032
9813,0.16129
9814,0.129032
9815,0.0322581
9816,0.16129
9817,0.0322581
9818,0.0645161
9819,0.0967742
9820,0.0967742
9821,0.322581
9822,0.16129
9823,0.645161
9824,0.129032
9825,0.806452
9826,0.387097
9827,0.774194
9828,0.0967742
9829,0.354839
9830,0.354839
9831,0.322581
9832,0.290323
9833,0.967742
9834,0.225806
9835,0.354839
9836,0.0645161
9837,0.16129
9838,0.0967742
9839,0.0645161
9840,0.0645161
9841,0.129032
9842,0.129032
9843,0.0322581
9844,0.0967742
9845,0.0322581
9846,0.0645161
9847,0.0645161
9848,0.0645161
9849,0.129032
9850,0.0967742
9851,0.0967742
9852,0.0322581
9853,0
9854,0
9855,0.0967742
9856,0.0322581
9857,0.0967742
9858,0.0645161
9859,0.0645161
9860,0.0322581
9861,0.0645161
9862,0.0322581
9863,0
9864,0
9865,0
9866,0
9867,0
9868,0.0645161
9869,0.0645161
9870,0
9871,0
9872,0.0322581
9873,0.0322581
9874,0.0322581
9875,0.0322581
9876,0.129032
9877,0.0967742
9878,0.0967742
9879,0.0645161
9880,0.0645161
9881,0
9882,0
9883,0
9884,0
9885,0.0967742
9886,0.0967742
9887,0
9888,0
9889,0.0645161
9890,0.0645161
9891,0.0967742
9892,0.0967742
9893,0.0967742
9894,0.0967742
9895,0
9896,0
9897,0
9898,0
9899,0
9900,0
9901,0.0322581
9902,0.0322581
9903,0.0322581
9904,0
9905,0.0322581
9906,0
9907,0
9908,0
9909,0
9910,0
9911,0.0322581
9912,0.0322581
9913,0.0322581
9914,0.0322581
9915,0.0322581
9916,0.0322581
9917,0.0322581
9918,0
9919,0
9920,0
9921,0
9922,0.0645161
9923,0.0645161
9924,0.0645161
9925,0.0645161
9926,0.0645161
9927,0.0645161
9928,0.0645161
9929,0.0645161
9930,0.0967742
9931,0.0967742
9932,0.0967742
9933,0.16129
9934,0.0645161
9935,0.0967742
9936,0.129032
9937,0.0967742
9938,0.0967742
9939,0
9940,0.0967742
9941,0.0645161
9942,0.0645161
9943,0
9944,0.0322581
9945,0
9946,0
9947,0
9948,0.0967742
9949,0.129032
9950,0.0322581
9951,0.0645161
9952,0.0645161
9953,0.16129
9954,0.225806
9955,0.16129
9956,0.193548
9957,0.129032
9958,0.0967742
9959,0.129032
9960,0.16129
9961,0.129032
9962,0.129032
9963,0.0967742
9964,0.0967742
9965,0.0967742
9966,0.129032
9967,0.0645161
9968,0.0322581
9969,0.0322581
9970,0.0322581
9971,0.129032
9972,0.0645161
9973,0.0645161
9974,0.129032
9975,0.0967742
9976,0.193548
9977,0.0967742
9978,0.0967742
9979,0.129032
9980,0.0967742
9981,0.0967742
9982,0.129032
9983,0.193548
9984,0.16129
9985,0.225806
9986,0.129032
9987,0.16129
9988,0.0967742
9989,0.129032
9990,0.129032
9991,0.129032
9992,0.16129
9993,0.129032
9994,0.129032
9995,0.129032
9996,0.0967742
9997,0.129032
9998,0.129032
9999,0.129032
10000,0.0967742
10001,0.0322581
10002,0.0322581
10003,0.0645161
10004,0.0322581
10005,0.0645161
10006,0.0645161
10007,0.0645161
10008,0.0645161
10009,0.0645161
10010,0.0645161
10011,0.0645161
10012,0.548387
10013,0.129032
10014,0.677419
10015,0.258065
10016,1
10017,0.193548
10018,1
10019,0.0645161
10020,1
10021,0.129032
10022,1
10023,0.419355
10024,0.83871
10025,0.516129
10026,0.548387
10027,0.935484
10028,0.483871
10029,0.935484
10030,0.419355
10031,1
10032,0.354839
10033,1
10034,0.741935
10035,0.967742
10036,0.258065
10037,0.967742
10038,0.548387
10039,0.967742
10040,0.516129
10041,0.806452
10042,0.612903
10043,0.935484
10044,0.387097
10045,1
10046,0.645161
10047,0.967742
10048,0.419355
10049,1
10050,0.580645
10051,1
10052,0.580645
10053,0.870968
10054,0.548387
10055,0.967742
10056,0.483871
10057,1
10058,0.645161
10059,0.967742
10060,0.548387
10061,0.935484
10062,0.677419
10063,0.903226
10064,0.741935
10065,0.870968
10066,0.806452
10067,0.806452
10068,0.709677
10069,0.870968
10070,0.741935
10071,0.903226
10072,0.806452
10073,0.903226
10074,0.806452
10075,0.83871
10076,0.741935
10077,0.806452
10078,0.709677
10079,0.741935
10080,0.645161
10081,0.580645
10082,0.83871
10083,0.548387
10084,0.645161
10085,0.806452
10086,0.612903
10087,0.677419
10088,0.83871
10089,0.580645
10090,0.677419
10091,0.83871
10092,0.516129
10093,0.645161
10094,0.806452
10095,0.548387
10096,0.741935
10097,0.870968
10098,0.645161
10099,0.741935
10100,0.870968
10101,0.645161
10102,0.774194
10103,0.870968
10104,0.709677
10105,0.677419
10106,0.83871
10107,0.580645
10108,0.709677
10109,0.870968
10110,0.645161
10111,0.709677
10112,0.870968
10113,0.741935
10114,0.709677
10115,0.870968
10116,0.709677
10117,0.741935
10118,0.83871
10119,0.709677
10120,0.709677
10121,0.83871
10122,0.806452
10123,0.774194
10124,0.774194
10125,0.806452
10126,0.967742
10127,0.870968
10128,0.483871
10129,1
10130,0.612903
10131,0.870968
10132,0.451613
10133,0.903226
10134,0.354839
10135,0.903226
10136,0.322581
10137,0.806452
10138,0.677419
10139,0.741935
10140,0.709677
10141,0.741935
10142,0.774194
10143,0.83871
10144,0.774194
10145,0.645161
10146,0.709677
10147,0.677419
10148,0.806452
10149,0.774194
10150,0.709677
10151,0.709677
10152,0.709677
10153,0.645161
10154,0.612903
10155,0.612903
10156,0.612903
10157,0.677419
10158,0.709677
10159,0.612903
10160,0.774194
10161,0.645161
10162,0.741935
10163,0.612903
10164,0.709677
10165,0.645161
10166,0.612903
10167,0.645161
10168,0.580645
10169,0.645161
10170,0.645161
10171,0.677419
10172,0.645161
10173,0.645161
10174,0.645161
10175,0.612903
10176,0.677419
10177,0.612903
10178,0.741935
10179,0.580645
10180,0.83871
10181,0.516129
10182,0.677419
10183,0.580645
10184,0.516129
10185,0.580645
10186,0.612903
10187,0.612903
10188,0.677419
10189,0.612903
10190,0.580645
10191,0.903226
10192,0.580645
10193,0.580645
10194,0.612903
10195,0.548387
10196,0.645161
10197,0.580645
10198,0.548387
10199,0.483871
10200,0.580645
10201,0.483871
10202,0.548387
10203,0.483871
10204,0.548387
10205,0.483871
10206,0.548387
10207,0.483871
10208,0.548387
10209,0.516129
10210,0.612903
10211,0.483871
10212,0.612903
10213,0.548387
10214,0.580645
10215,0.516129
10216,0.580645
10217,0.483871
10218,0.548387
10219,0.516129
10220,0.612903
10221,0.483871
10222,0.580645
10223,0.451613
10224,0.516129
10225,0.451613
10226,0.548387
10227,0.483871
10228,0.548387
10229,0.419355
10230,0.516129
10231,0.451613
10232,0.516129
10233,0.451613
10234,0.516129
10235,0.451613
10236,0.516129
10237,0.451613
10238,0.516129
10239,0.451613
10240,0.516129
10241,0.451613
10242,0.516129
10243,0.580645
10244,0.580645
10245,0.419355
10246,0.612903
10247,0.419355
10248,0.612903
10249,0.516129
10250,0.483871
10251,0.419355
10252,0.483871
10253,0.580645
10254,0.806452
10255,0.451613
10256,1
10257,0.419355
10258,0.935484
10259,0.483871
10260,0.225806
10261,0.580645
10262,1
10263,0.387097
10264,0.967742
10265,0.322581
10266,0.645161
10267,0.645161
10268,0.580645
10269,0.548387
10270,0.516129
10271,0.677419
10272,0.612903
10273,0.612903
10274,0.580645
10275,0.612903
10276,0.612903
10277,0.612903
10278,0.580645
10279,0.516129
10280,0.548387
10281,0.451613
10282,0.483871
10283,0.483871
10284,0.483871
10285,0.451613
10286,0.451613
10287,0.451613
10288,0.451613
10289,0.451613
10290,0.548387
10291,0.387097
10292,0.354839
10293,0.354839
10294,0.322581
10295,0.322581
10296,0.322581
10297,0.322581
10298,0.354839
10299,0.322581
10300,0.354839
10301,0.322581
10302,0.322581
10303,0.290323
10304,0.290323
10305,0.258065
10306,0.258065
10307,0.225806
10308,0.258065
10309,0.225806
10310,0.225806
10311,0.225806
10312,0.225806
10313,0.193548
10314,0.225806
10315,0.258065
10316,0.258065
10317,0.290323
10318,0.258065
10319,0.225806
10320,0.193548
10321,0.225806
10322,0.225806
10323,0.193548
10324,0.225806
10325,0.193548
10326,0.193548
10327,0.193548
10328,0.16129
10329,0.0967742
10330,0.0645161
10331,0.129032
10332,0.0645161
10333,0.0645161
10334,0.0645161
10335,0.0967742
10336,0.0645161
10337,0.0645161
10338,0.0645161
10339,0.0645161
10340,0.0645161
10341,0.0645161
10342,0.0645161
10343,0.0645161
10344,0.0645161
10345,0.0645161
10346,0.0645161
10347,0.0645161
10348,0.0322581
10349,0.0322581
10350,0.0322581
10351,0.0322581
10352,0.0322581
10353,0.0322581
10354,0.0322581
10355,0.0322581
10356,0.0322581
10357,0.0322581
10358,0.0322581
10359,0.0645161
10360,0.0322581
10361,0.0322581
10362,0.0322581
10363,0.0322581
10364,0.0322581
10365,0.0322581
10366,0.0322581
10367,0.0322581
10368,0.0322581
10369,0
10370,0.0322581
10371,0
10372,0
10373,0.0322581
10374,0.0322581
10375,0.0322581
10376,0.0322581
10377,0.0322581
10378,0.0322581
10379,0.0322581
10380,0.0322581
10381,0.0322581
10382,0.0322581
10383,0.0322581
10384,0.0322581
10385,0.0322581
10386,0.0322581
10387,0.0322581
10388,0
10389,0.0322581
10390,0.0322581
10391,0.0322581
10392,0.0322581
10393,0.0322581
10394,0.0322581
10395,0.0322581
10396,0.0645161
10397,0.0645161
10398,0.0322581
10399,0.0322581
10400,0.0645161
10401,0.0645161
10402,0.0322581
10403,0.0322581
10404,0.0645161
10405,0
10406,0.0322581
10407,0.0322581
10408,0
10409,0.0645161
10410,0.0322581
10411,0.0322581
10412,0.0322581
10413,0.0322581
10414,0.0322581
10415,0.0322581
10416,0.0322581
10417,0.0322581
10418,0.0322581
10419,0.0322581
10420,0.0322581
10421,0.0322581
10422,0.0322581
10423,0.0322581
10424,0.0645161
10425,0.0645161
10426,0.0322581
10427,0.0322581
10428,0.16129
10429,0.129032
10430,0.0322581
10431,0.0322581
10432,0.0322581
10433,0.0645161
10434,0.0645161
10435,0.0645161
10436,0.193548
10437,0.193548
10438,0.193548
10439,0.16129
10440,0.16129
10441,0.16129
10442,0.16129
10443,0.16129
10444,0.225806
10445,0.322581
10446,0.741935
10447,0.225806
10448,0.903226
10449,0.806452
10450,0.967742
10451,0.483871
10452,0.806452
10453,0.645161
10454,0.903226
10455,0.322581
10456,1
10457,0.419355
10458,1
10459,0.451613
10460,1
10461,0.419355
10462,1
10463,0.290323
10464,1
10465,0.677419
10466,1
10467,0.387097
10468,1
10469,0.419355
10470,1
10471,0.580645
10472,0.903226
10473,0.645161
10474,0.935484
10475,0.419355
10476,1
10477,0.645161
10478,0.967742
10479,0.387097
10480,1
10481,0.580645
10482,1
10483,0.580645
10484,1
10485,0.483871
10486,1
10487,0.419355
10488,1
10489,0.645161
10490,0.935484
10491,0.612903
10492,0.967742
10493,0.612903
10494,0.967742
10495,0.677419
10496,0.935484
10497,0.741935
10498,0.903226
10499,0.677419
10500,0.903226
10501,0.774194
10502,0.903226
10503,0.741935
10504,0.83871
10505,0.83871
10506,0.935484
10507,0.774194
10508,0.870968
10509,0.645161
10510,0.903226
10511,0.741935
10512,0.677419
10513,0.903226
10514,0.548387
10515,0.677419
10516,0.870968
10517,0.548387
10518,0.677419
10519,0.870968
10520,0.612903
10521,0.709677
10522,0.806452
10523,0.612903
10524,0.612903
10525,0.83871
10526,0.580645
10527,0.677419
10528,0.83871
10529,0.580645
10530,0.709677
10531,0.870968
10532,0.612903
10533,0.806452
10534,0.870968
10535,0.83871
10536,0.709677
10537,0.903226
10538,0.677419
10539,0.709677
10540,0.870968
10541,0.612903
10542,0.741935
10543,0.870968
10544,0.645161
10545,0.774194
10546,0.870968
10547,0.741935
10548,0.709677
10549,0.83871
10550,0.677419
10551,0.709677
10552,0.83871
10553,0.677419
10554,0.709677
10555,0.83871
10556,0.935484
10557,0.612903
10558,0.935484
10559,0.967742
10560,0.709677
10561,0.967742
10562,0.387097
10563,1
10564,0.419355
10565,0.903226
10566,0.354839
10567,0.83871
10568,0.419355
10569,0.935484
10570,0.387097
10571,1
10572,0.419355
10573,0.870968
10574,0.741935
10575,0.709677
10576,0.806452
10577,0.870968
10578,0.741935
10579,0.741935
10580,0.741935
10581,0.741935
10582,0.774194
10583,0.741935
10584,0.709677
10585,0.774194
10586,0.774194
10587,0.612903
10588,0.709677
10589,0.645161
10590,0.645161
10591,0.709677
10592,0.677419
10593,0.741935
10594,0.612903
10595,0.870968
10596,0.677419
10597,0.645161
10598,0.83871
10599,0.548387
10600,0.709677
10601,0.612903
10602,0.741935
10603,0.645161
10604,0.645161
10605,0.612903
10606,0.677419
10607,0.677419
10608,0.709677
10609,0.677419
10610,0.709677
10611,0.677419
10612,0.677419
10613,0.645161
10614,0.677419
10615,0.645161
10616,0.677419
10617,0.580645
10618,0.645161
10619,0.612903
10620,0.612903
10621,0.741935
10622,0.774194
10623,0.548387
10624,1
10625,0.548387
10626,0.806452
10627,0.612903
10628,0.580645
10629,0.548387
10630,0.612903
10631,0.548387
10632,0.612903
10633,0.580645
10634,0.612903
10635,0.645161
10636,0.612903
10637,0.580645
10638,0.645161
10639,0.548387
10640,0.612903
10641,0.548387
10642,0.612903
10643,0.548387
10644,0.645161
10645,0.516129
10646,0.677419
10647,0.548387
10648,0.612903
10649,0.548387
10650,0.612903
10651,0.548387
10652,0.645161
10653,0.516129
10654,0.645161
10655,0.516129
10656,0.612903
10657,0.451613
10658,0.645161
10659,0.516129
10660,0.709677
10661,0.548387
10662,0.612903
10663,0.451613
10664,0.612903
10665,0.483871
10666,0.612903
10667,0.483871
10668,0.548387
10669,0.483871
10670,0.548387
10671,0.483871
10672,0.548387
10673,0.483871
10674,0.548387
10675,0.483871
10676,0.612903
10677,0.548387
10678,0.483871
10679,0.548387
10680,0.516129
10681,0.483871
10682,0.516129
10683,0.451613
10684,0.483871
10685,0.419355
10686,0.580645
10687,0.387097
10688,0.580645
10689,0.516129
10690,0.419355
10691,0.677419
10692,0.677419
10693,0.548387
10694,1
10695,0.387097
10696,0.935484
10697,0.483871
10698,0.354839
10699,0.774194
10700,0.870968
10701,0.483871
10702,0.967742
10703,0.322581
10704,0.645161
10705,0.645161
10706,0.645161
10707,0.612903
10708,0.580645
10709,0.612903
10710,0.612903
10711,0.612903
10712,0.580645
10713,0.645161
10714,0.580645
10715,0.580645
10716,0.580645
10717,0.580645
10718,0.483871
10719,0.451613
10720,0.451613
10721,0.483871
10722,0.483871
10723,0.483871
10724,0.483871
10725,0.483871
10726,0.483871
10727,0.483871
10728,0.451613
10729,0.516129
10730,0.354839
10731,0.354839
10732,0.387097
10733,0.354839
10734,0.354839
10735,0.354839
10736,0.322581
10737,0.290323
10738,0.290323
10739,0.387097
10740,0.258065
10741,0.258065
10742,0.225806
10743,0.258065
10744,0.258065
10745,0.225806
10746,0.225806
10747,0.225806
10748,0.258065
10749,0.193548
10750,0.290323
10751,0.193548
10752,0.193548
10753,0.193548
10754,0.193548
10755,0.193548
10756,0.193548
10757,0.193548
10758,0.193548
10759,0.193548
10760,0.16129
10761,0.16129
10762,0.16129
10763,0.16129
10764,0.0967742
10765,0.16129
10766,0.129032
10767,0.129032
10768,0.0645161
10769,0.0645161
10770,0.0645161
10771,0.0645161
10772,0.0645161
10773,0.0645161
10774,0.0645161
10775,0.0645161
10776,0.0645161
10777,0.0645161
10778,0.0645161
10779,0.0645161
10780,0.0645161
10781,0.0645161
10782,0.0322581
10783,0.0322581
10784,0.0322581
10785,0.0322581
10786,0.0322581
10787,0.0322581
10788,0.0322581
10789,0.0322581
10790,0.0322581
10791,0.0322581
10792,0.0322581
10793,0.0322581
10794,0.0322581
10795,0
10796,0.0322581
10797,0.0322581
10798,0.0322581
10799,0.0322581
10800,0.0322581
10801,0.0322581
10802,0.0322581
10803,0
10804,0.0322581
10805,0.0322581
10806,0.0322581
10807,0.0645161
10808,0.0645161
10809,0.0645161
10810,0.0322581
10811,0.0322581
10812,0.0322581
10813,0.0322581
10814,0.0322581
10815,0.129032
10816,0.129032
10817,0.0967742
10818,0.0322581
10819,0.0322581
10820,0.0322581
10821,0.0322581
10822,0.0322581
10823,0.0645161
10824,0.0322581
10825,0.0645161
10826,0.0645161
10827,0.0645161
10828,0.0322581
10829,0.0322581
10830,0.0645161
10831,0.0967742
10832,0.0967742
10833,0.0967742
10834,0.0967742
10835,0.0645161
10836,0.0967742
10837,0.0645161
10838,0.0967742
10839,0.0322581
10840,0.0645161
10841,0.0967742
10842,0.129032
10843,0.0322581
10844,0.0322581
10845,0.0322581
10846,0.0322581
10847,0.0322581
10848,0.0322581
10849,0.0967742
10850,0.0322581
10851,0.0322581
10852,0.0322581
10853,0.0645161
10854,0.0645161
10855,0.0645161
10856,0.0645161
10857,0.0645161
10858,0.0967742
10859,0.0645161
10860,0.129032
10861,0.0967742
10862,0.0322581
10863,0.0322581
10864,0.0967742
10865,0.0967742
10866,0.16129
10867,0.129032
10868,0.16129
10869,0.258065
10870,0.193548
10871,0.290323
10872,0.225806
10873,0.193548
10874,0.193548
10875,0.16129
10876,0.225806
10877,0.193548
10878,0.258065
10879,0.193548
10880,0.16129
10881,0.225806
10882,0.193548
10883,0.774194
10884,0.354839
10885,0.806452
10886,0.741935
10887,0.967742
10888,0.451613
10889,1
10890,0.677419
10891,0.83871
10892,0.290323
10893,1
10894,0.290323
10895,1
10896,0.516129
10897,0.935484
10898,0.387097
10899,1
10900,0.322581
10901,1
10902,0.709677
10903,1
10904,0.387097
10905,1
10906,0.354839
10907,1
10908,0.516129
10909,0.903226
10910,0.451613
10911,1
10912,0.419355
10913,1
10914,0.741935
10915,0.83871
10916,0.516129
10917,1
10918,0.516129
10919,0.935484
10920,0.548387
10921,0.806452
10922,0.741935
10923,0.935484
10924,0.451613
10925,1
10926,0.677419
10927,0.935484
10928,0.516129
10929,0.935484
10930,0.83871
10931,0.870968
10932,0.645161
10933,1
10934,0.645161
10935,0.870968
10936,0.83871
10937,0.935484
10938,0.709677
10939,0.935484
10940,0.774194
10941,0.83871
10942,0.83871
10943,0.870968
10944,0.741935
10945,0.967742
10946,0.741935
10947,0.903226
10948,0.83871
10949,0.709677
10950,0.709677
10951,0.548387
10952,0.645161
10953,0.870968
10954,0.677419
10955,0.645161
10956,0.83871
10957,0.548387
10958,0.645161
10959,0.870968
10960,0.612903
10961,0.709677
10962,0.774194
10963,0.516129
10964,0.645161
10965,0.806452
10966,0.580645
10967,0.806452
10968,0.870968
10969,0.645161
10970,0.741935
10971,0.870968
10972,0.741935
10973,0.741935
10974,0.903226
10975,0.774194
10976,0.677419
10977,0.903226
10978,0.83871
10979,0.677419
10980,0.870968
10981,0.709677
10982,0.709677
10983,0.903226
10984,0.870968
10985,0.774194
10986,0.83871
10987,0.741935
10988,0.709677
10989,0.83871
10990,0.709677
10991,0.741935
10992,0.83871
10993,0.677419
10994,0.870968
10995,0.806452
10996,0.83871
10997,0.935484
10998,0.870968
10999,0.451613
11000,1
11001,0.322581
11002,1
11003,0.322581
11004,0.903226
11005,0.516129
11006,0.870968
11007,0.548387
11008,0.806452
11009,0.83871
11010,0.806452
11011,0.806452
11012,0.774194
11013,0.870968
11014,0.741935
11015,0.870968
11016,0.806452
11017,0.774194
11018,0.806452
11019,0.806452
11020,0.677419
11021,0.741935
11022,0.806452
11023,0.709677
11024,0.677419
11025,0.612903
11026,0.677419
11027,0.709677
11028,0.741935
11029,0.612903
11030,0.741935
11031,0.709677
11032,0.806452
11033,0.741935
11034,0.677419
11035,0.83871
11036,0.612903
11037,0.870968
11038,0.612903
11039,0.935484
11040,0.612903
11041,0.903226
11042,0.580645
11043,0.83871
11044,0.741935
11045,0.645161
11046,0.677419
11047,0.806452
11048,0.741935
11049,0.677419
11050,0.645161
11051,0.774194
11052,0.741935
11053,0.774194
11054,0.677419
11055,0.709677
11056,0.677419
11057,0.709677
11058,0.645161
11059,0.709677
11060,0.645161
11061,1
11062,0.580645
11063,0.741935
11064,0.677419
11065,0.741935
11066,0.645161
11067,0.645161
11068,0.580645
11069,0.580645
11070,0.580645
11071,0.709677
11072,0.548387
11073,0.645161
11074,0.548387
11075,0.677419
11076,0.548387
11077,0.612903
11078,0.580645
11079,0.677419
11080,0.612903
11081,0.645161
11082,0.612903
11083,0.548387
11084,0.645161
11085,0.645161
11086,0.612903
11087,0.645161
11088,0.612903
11089,0.612903
11090,0.580645
11091,0.612903
11092,0.580645
11093,0.612903
11094,0.516129
11095,0.677419
11096,0.451613
11097,0.645161
11098,0.548387
11099,0.645161
11100,0.516129
11101,0.612903
11102,0.548387
11103,0.580645
11104,0.548387
11105,0.580645
11106,0.483871
11107,0.612903
11108,0.548387
11109,0.580645
11110,0.548387
11111,0.580645
11112,0.548387
11113,0.580645
11114,0.548387
11115,0.580645
11116,0.548387
11117,0.580645
11118,0.451613
11119,0.645161
11120,0.516129
11121,0.516129
11122,0.516129
11123,0.516129
11124,0.516129
11125,0.548387
11126,0.548387
11127,0.548387
11128,0.548387
11129,0.548387
11130,0.903226
11131,0.451613
11132,1
11133,0.451613
11134,0.935484
11135,0.451613
11136,0.322581
11137,0.580645
11138,1
11139,0.419355
11140,1
11141,0.322581
11142,0.709677
11143,0.677419
11144,0.709677
11145,0.645161
11146,0.645161
11147,0.677419
11148,0.645161
11149,0.580645
11150,0.580645
11151,0.580645
11152,0.580645
11153,0.580645
11154,0.580645
11155,0.580645
11156,0.548387
11157,0.580645
11158,0.580645
11159,0.548387
11160,0.548387
11161,0.516129
11162,0.419355
11163,0.548387
11164,0.548387
11165,0.516129
11166,0.451613
11167,0.419355
11168,0.419355
11169,0.419355
11170,0.354839
11171,0.322581
11172,0.387097
11173,0.354839
11174,0.354839
11175,0.354839
11176,0.322581
11177,0.419355
11178,0.290323
11179,0.290323
11180,0.290323
11181,0.322581
11182,0.290323
11183,0.322581
11184,0.290323
11185,0.290323
11186,0.258065
11187,0.354839
11188,0.290323
11189,0.258065
11190,0.290323
11191,0.290323
11192,0.290323
11193,0.258065
11194,0.290323
11195,0.193548
11196,0.225806
11197,0.354839
11198,0.225806
11199,0.193548
11200,0.16129
11201,0.225806
11202,0.225806
11203,0.193548
11204,0.129032
11205,0.0645161
11206,0.0645161
11207,0.0645161
11208,0.129032
11209,0.0645161
11210,0.0645161
11211,0.0645161
11212,0.0645161
11213,0.0967742
11214,0.0645161
11215,0.0645161
11216,0.0967742
11217,0.0967742
11218,0.0967742
11219,0.0645161
11220,0.0322581
11221,0.0322581
11222,0.129032
11223,0.0322581
11224,0.0322581
11225,0.0967742
11226,0.0645161
11227,0.0645161
11228,0.0322581
11229,0.0322581
11230,0.0322581
11231,0.0322581
11232,0.0322581
11233,0.0322581
11234,0.0322581
11235,0.0967742
11236,0.0645161
11237,0.0967742
11238,0.0322581
11239,0.0645161
11240,0.129032
11241,0.0645161
11242,0.0645161
11243,0.0322581
11244,0.129032
11245,0.0322581
11246,0.0322581
11247,0.0322581
11248,0.0967742
11249,0.16129
11250,0.129032
11251,0.16129
11252,0.129032
11253,0.0967742
11254,0.0967742
11255,0.0967742
11256,0.0967742
11257,0.0967742
11258,0.225806
11259,0.193548
11260,0.129032
11261,0.16129
11262,0.16129
11263,0.129032
11264,0.0322581
11265,0.16129
11266,0.16129
11267,0.0967742
11268,0.0967742
11269,0.0322581
11270,0.0645161
11271,0.129032
11272,0.0645161
11273,0.0322581
11274,0.0967742
11275,0.129032
11276,0.0322581
11277,0.0322581
11278,0.0967742
11279,0.0967742
11280,0.0967742
11281,0.0967742
11282,0.290323
11283,0.225806
11284,0.0967742
11285,0.16129
11286,0.16129
11287,0.0645161
11288,0.0645161
11289,0.0967742
11290,0.0967742
11291,0.0967742
11292,0.0967742
11293,0.0967742
11294,0.0967742
11295,0.16129
11296,0.16129
11297,0.16129
11298,0.16129
11299,0.225806
11300,0.16129
11301,0.225806
11302,0.129032
11303,0.129032
11304,0.129032
11305,0.258065
11306,0.290323
11307,0.258065
11308,0.258065
11309,0.258065
11310,0.354839
11311,0.322581
11312,0.193548
11313,0.290323
11314,0.322581
11315,0.258065
11316,0.193548
11317,0.387097
11318,0.451613
11319,0.935484
11320,0.258065
11321,0.935484
11322,0.806452
11323,0.903226
11324,0.483871
11325,0.870968
11326,0.806452
11327,0.645161
11328,0.580645
11329,0.806452
11330,0.709677
11331,0.903226
11332,0.548387
11333,0.870968
11334,0.548387
11335,0.935484
11336,0.387097
11337,1
11338,0.645161
11339,0.903226
11340,0.548387
11341,0.967742
11342,0.677419
11343,0.741935
11344,0.870968
11345,0.516129
11346,0.967742
11347,0.645161
11348,0.870968
11349,0.612903
11350,0.935484
11351,0.677419
11352,0.83871
11353,0.741935
11354,0.645161
11355,0.967742
11356,0.516129
11357,0.967742
11358,0.612903
11359,0.967742
11360,0.580645
11361,0.935484
11362,0.741935
11363,0.870968
11364,0.612903
11365,0.903226
11366,0.645161
11367,0.935484
11368,0.612903
11369,0.935484
11370,0.806452
11371,0.870968
11372,0.709677
11373,0.935484
11374,0.774194
11375,0.935484
11376,0.677419
11377,0.967742
11378,0.83871
11379,0.935484
11380,0.806452
11381,0.935484
11382,0.741935
11383,0.903226
11384,0.806452
11385,0.645161
11386,0.870968
11387,0.612903
11388,0.709677
11389,0.870968
11390,0.612903
11391,0.774194
11392,0.870968
11393,0.580645
11394,0.774194
11395,0.870968
11396,0.612903
11397,0.806452
11398,0.741935
11399,0.580645
11400,0.645161
11401,0.870968
11402,0.612903
11403,0.806452
11404,0.870968
11405,0.774194
11406,0.709677
11407,0.903226
11408,0.774194
11409,0.741935
11410,0.903226
11411,0.709677
11412,0.774194
11413,0.870968
11414,0.709677
11415,0.741935
11416,0.870968
11417,0.83871
11418,0.806452
11419,0.83871
11420,0.709677
11421,0.806452
11422,0.806452
11423,0.83871
11424,0.774194
11425,0.83871
11426,0.806452
11427,0.870968
11428,0.870968
11429,0.935484
11430,0.645161
11431,0.935484
11432,0.967742
11433,0.935484
11434,0.516129
11435,1
11436,0.516129
11437,1
11438,0.516129
11439,0.967742
11440,0.451613
11441,1
11442,0.451613
11443,1
11444,0.709677
11445,0.935484
11446,0.806452
11447,0.774194
11448,0.774194
11449,0.903226
11450,0.870968
11451,0.870968
11452,0.806452
11453,0.870968
11454,0.83871
11455,0.806452
11456,0.774194
11457,0.645161
11458,0.741935
11459,0.741935
11460,0.774194
11461,0.774194
11462,0.709677
11463,0.677419
11464,0.870968
11465,0.677419
11466,0.903226
11467,0.741935
11468,0.903226
11469,0.645161
11470,0.903226
11471,0.612903
11472,0.806452
11473,0.806452
11474,0.83871
11475,0.741935
11476,0.774194
11477,0.741935
11478,0.774194
11479,0.741935
11480,0.83871
11481,0.677419
11482,0.806452
11483,0.741935
11484,0.83871
11485,0.677419
11486,0.741935
11487,0.709677
11488,0.83871
11489,0.677419
11490,0.774194
11491,0.258065
11492,0.741935
11493,0.677419
11494,0.774194
11495,0.677419
11496,1
11497,0.806452
11498,0.709677
11499,0.741935
11500,0.806452
11501,0.322581
11502,0.419355
11503,0.645161
11504,0.709677
11505,0.290323
11506,0.677419
11507,0.548387
11508,0.677419
11509,0.612903
11510,0.677419
11511,0.645161
11512,0.645161
11513,0.612903
11514,0.645161
11515,0.612903
11516,0.645161
11517,0.612903
11518,0.677419
11519,0.645161
11520,0.645161
11521,0.612903
11522,0.645161
11523,0.580645
11524,0.645161
11525,0.645161
11526,0.645161
11527,0.580645
11528,0.580645
11529,0.548387
11530,0.580645
11531,0.548387
11532,0.645161
11533,0.258065
11534,0.580645
11535,0.548387
11536,0.580645
11537,0.548387
11538,0.612903
11539,0.580645
11540,0.225806
11541,0.548387
11542,0.580645
11543,0.451613
11544,0.645161
11545,0.258065
11546,0.580645
11547,0.548387
11548,0.548387
11549,0.612903
11550,0.290323
11551,0.419355
11552,0.548387
11553,0.516129
11554,0.548387
11555,0.580645
11556,0.322581
11557,0.419355
11558,0.580645
11559,0.516129
11560,0.548387
11561,0.677419
11562,0.548387
11563,0.580645
11564,1
11565,0.483871
11566,0.645161
11567,0.870968
11568,0.193548
11569,0.612903
11570,0.903226
11571,0.419355
11572,0.83871
11573,0.387097
11574,0.645161
11575,0.677419
11576,0.612903
11577,0.645161
11578,0.645161
11579,0.645161
11580,0.709677
11581,0.709677
11582,0.645161
11583,0.580645
11584,0.580645
11585,0.580645
11586,0.580645
11587,0.580645
11588,0.548387
11589,0.580645
11590,0.580645
11591,0.677419
11592,0.483871
11593,0.548387
11594,0.548387
11595,0.548387
11596,0.548387
11597,0.580645
11598,0.580645
11599,0.419355
11600,0.419355
11601,0.548387
11602,0.387097
11603,0.387097
11604,0.483871
11605,0.387097
11606,0.387097
11607,0.354839
11608,0.419355
11609,0.419355
11610,0.387097
11611,0.290323
11612,0.290323
11613,0.354839
11614,0.387097
11615,0.387097
11616,0.322581
11617,0.322581
11618,0.354839
11619,0.290323
11620,0.354839
11621,0.354839
11622,0.387097
11623,0.387097
11624,0.322581
11625,0.322581
11626,0.322581
11627,0.258065
11628,0.258065
11629,0.290323
11630,0.290323
11631,0.322581
11632,0.290323
11633,0.258065
11634,0.129032
11635,0.0967742
11636,0.129032
11637,0.16129
11638,0.16129
11639,0.129032
11640,0.129032
11641,0.0967742
11642,0.16129
11643,0.16129
11644,0.129032
11645,0.129032
11646,0.129032
11647,0.129032
11648,0.129032
11649,0.129032
11650,0.16129
11651,0.129032
11652,0.16129
11653,0.129032
11654,0.129032
11655,0.129032
11656,0.129032
11657,0.129032
11658,0.0645161
11659,0.0967742
11660,0.0967742
11661,0.0967742
11662,0.0967742
11663,0.0967742
11664,0.0967742
11665,0.0322581
11666,0.0645161
11667,0.0967742
11668,0.129032
11669,0.129032
11670,0.129032
11671,0.129032
11672,0.129032
11673,0.225806
11674,0.193548
11675,0.0967742
11676,0.0967742
11677,0.0967742
11678,0.16129
11679,0.16129
11680,0.225806
11681,0.193548
11682,0.0322581
11683,0.16129
11684,0.225806
11685,0.193548
11686,0.129032
11687,0.0967742
11688,0.0967742
11689,0.0967742
11690,0.0967742
11691,0.0967742
11692,0.0967742
11693,0.0967742
11694,0.129032
11695,0.129032
11696,0.193548
11697,0.258065
11698,0.258065
11699,0.258065
11700,0.16129
11701,0.193548
11702,0.258065
11703,0.225806
11704,0.193548
11705,0.0967742
11706,0.129032
11707,0.129032
11708,0.225806
11709,0.193548
11710,0.225806
11711,0.258065
11712,0.258065
11713,0.193548
11714,0.16129
11715,0.16129
11716,0.16129
11717,0.16129
11718,0.16129
11719,0.16129
11720,0.193548
11721,0.225806
11722,0.258065
11723,0.129032
11724,0.16129
11725,0.290323
11726,0.322581
11727,0.290323
11728,0.290323
11729,0.193548
11730,0.193548
11731,0.16129
11732,0.290323
11733,0.322581
11734,0.290323
11735,0.322581
11736,0.322581
11737,0.322581
11738,0.322581
11739,0.322581
11740,0.322581
11741,0.354839
11742,0.290323
11743,0.322581
11744,0.322581
11745,0.354839
11746,0.290323
11747,0.290323
11748,0.290323
11749,0.322581
11750,0.354839
11751,0.290323
11752,0.483871
11753,0.516129
11754,0.677419
11755,0.580645
11756,0.870968
11757,0.806452
11758,0.774194
11759,0.741935
11760,0.548387
11761,0.967742
11762,0.548387
11763,0.967742
11764,0.612903
11765,0.774194
11766,0.870968
11767,0.806452
11768,0.774194
11769,0.774194
11770,0.870968
11771,0.580645
11772,0.935484
11773,0.709677
11774,0.967742
11775,0.709677
11776,0.935484
11777,0.612903
11778,1
11779,0.709677
11780,0.967742
11781,0.677419
11782,0.935484
11783,0.580645
11784,1
11785,0.709677
11786,0.967742
11787,0.677419
11788,1
11789,0.774194
11790,0.935484
11791,0.709677
11792,0.935484
11793,0.709677
11794,0.967742
11795,0.645161
11796,1
11797,0.741935
11798,0.935484
11799,0.83871
11800,1
11801,0.83871
11802,0.967742
11803,0.774194
11804,1
11805,0.774194
11806,0.935484
11807,0.83871
11808,0.967742
11809,0.677419
11810,1
11811,0.83871
11812,0.935484
11813,0.806452
11814,0.935484
11815,0.806452
11816,0.967742
11817,0.774194
11818,0.870968
11819,0.83871
11820,0.806452
11821,0.903226
11822,0.774194
11823,0.774194
11824,0.903226
11825,0.741935
11826,0.870968
11827,0.870968
11828,0.677419
11829,0.83871
11830,0.870968
11831,0.806452
11832,0.774194
11833,0.870968
11834,0.774194
11835,0.741935
11836,0.870968
11837,0.83871
11838,0.806452
11839,0.870968
11840,0.83871
11841,0.709677
11842,0.903226
11843,0.935484
11844,0.806452
11845,0.903226
11846,0.83871
11847,0.870968
11848,0.903226
11849,0.83871
11850,0.870968
11851,0.903226
11852,0.935484
11853,0.903226
11854,0.903226
11855,0.903226
11856,0.83871
11857,0.806452
11858,0.903226
11859,0.774194
11860,0.870968
11861,0.83871
11862,0.870968
11863,0.870968
11864,0.83871
11865,0.870968
11866,0.870968
11867,0.774194
11868,0.967742
11869,0.645161
11870,1
11871,0.548387
11872,0.967742
11873,0.612903
11874,0.935484
11875,0.516129
11876,1
11877,0.741935
11878,0.83871
11879,0.870968
11880,0.806452
11881,1
11882,0.806452
11883,0.967742
11884,0.967742
11885,0.903226
11886,0.935484
11887,0.806452
11888,0.967742
11889,0.870968
11890,0.903226
11891,0.903226
11892,0.903226
11893,0.83871
11894,0.774194
11895,0.903226
11896,0.483871
11897,0.83871
11898,0.83871
11899,0.83871
11900,0.580645
11901,0.580645
11902,0.483871
11903,0.322581
11904,0.322581
11905,0.322581
11906,0.83871
11907,0.806452
11908,0.774194
11909,0.806452
11910,0.806452
11911,0.516129
11912,0.83871
11913,0.806452
11914,0.806452
11915,0.290323
11916,0.483871
11917,0.290323
11918,0.483871
11919,0.290323
11920,0.483871
11921,0.83871
11922,0.774194
11923,0.806452
11924,0.290323
11925,0.774194
11926,0.290323
11927,0.483871
11928,0.290323
11929,0.483871
11930,0.806452
11931,0.967742
11932,0.516129
11933,0.258065
11934,0.483871
11935,0.322581
11936,0.290323
11937,0.483871
11938,0.290323
11939,0.709677
11940,0.709677
11941,0.677419
11942,0.387097
11943,0.451613
11944,0.451613
11945,0.451613
11946,0.483871
11947,0.354839
11948,0.258065
11949,0.516129
11950,0.290323
11951,0.354839
11952,0.258065
11953,0.483871
11954,0.290323
11955,0.483871
11956,0.290323
11957,0.483871
11958,0.290323
11959,0.483871
11960,0.258065
11961,0.774194
11962,0.258065
11963,0.483871
11964,0.290323
11965,0.483871
11966,0.290323
11967,0.483871
11968,0.290323
11969,0.483871
11970,0.290323
11971,0.483871
11972,0.290323
11973,0.483871
11974,0.290323
11975,0.483871
11976,0.290323
11977,0.483871
11978,0.290323
11979,0.483871
11980,0.290323
11981,0.483871
11982,0.290323
11983,0.483871
11984,0.290323
11985,0.483871
11986,0.387097
11987,0.290323
11988,0.354839
11989,0.483871
11990,0.483871
11991,0.483871
11992,0.322581
11993,0.322581
11994,0.322581
11995,0.322581
11996,0.387097
11997,0.903226
11998,0.419355
11999,0.387097
12000,0.354839
12001,0.548387
12002,1
12003,0.419355
12004,0.741935
12005,0.580645
12006,0.483871
12007,0.645161
12008,0.967742
12009,0.451613
12010,0.903226
12011,0.645161
12012,0.709677
12013,0.967742
12014,0.322581
12015,0.741935
12016,1
12017,0.419355
12018,0.903226
12019,0.290323
12020,0.548387
12021,0.290323
12022,0.645161
12023,0.322581
12024,0.354839
12025,0.419355
12026,0.967742
12027,0.354839
12028,0.903226
12029,0.322581
12030,0.322581
12031,0.322581
12032,0.290323
12033,0.612903
12034,0.322581
12035,0.225806
12036,0.516129
12037,0.516129
12038,0.548387
12039,0.451613
12040,0.548387
12041,0.516129
12042,0.516129
12043,0.516129
12044,0.516129
12045,0.483871
12046,0.516129
12047,0.483871
12048,0.451613
12049,0.451613
12050,0.387097
12051,0.387097
12052,0.387097
12053,0.451613
12054,0.387097
12055,0.387097
12056,0.387097
12057,0.387097
12058,0.387097
12059,0.387097
12060,0.387097
12061,0.387097
12062,0.387097
12063,0.354839
12064,0.354839
12065,0.258065
12066,0.258065
12067,0.354839
12068,0.290323
12069,0.290323
12070,0.290323
12071,0.322581
12072,0.322581
12073,0.16129
12074,0.129032
12075,0.290323
12076,0.290323
12077,0.290323
12078,0.290323
12079,0.290323
12080,0.193548
12081,0.258065
12082,0.258065
12083,0.258065
12084,0.258065
12085,0.290323
12086,0.225806
12087,0.193548
12088,0.193548
12089,0.225806
12090,0.225806
12091,0.258065
12092,0.225806
12093,0.225806
12094,0.258065
12095,0.258065
12096,0.258065
12097,0.258065
12098,0.225806
12099,0.225806
12100,0.225806
12101,0.225806
12102,0.322581
12103,0.225806
12104,0.193548
12105,0.193548
12106,0.193548
12107,0.193548
12108,0.193548
12109,0.193548
12110,0.193548
12111,0.193548
12112,0.193548
12113,0.225806
12114,0.193548
12115,0.193548
12116,0.193548
12117,0.193548
12118,0.193548
12119,0.290323
12120,0.193548
12121,0.193548
12122,0.193548
12123,0.225806
12124,0.225806
12125,0.193548
12126,0.16129
12127,0.16129
12128,0.258065
12129,0.258065
12130,0.290323
12131,0.258065
12132,0.258065
12133,0.225806
12134,0.225806
12135,0.290323
12136,0.322581
12137,0.322581
12138,0.322581
12139,0.258065
12140,0.322581
12141,0.290323
12142,0.322581
12143,0.322581
12144,0.193548
12145,0.258065
12146,0.290323
12147,0.290323
12148,0.225806
12149,0.258065
12150,0.225806
12151,0.225806
12152,0.225806
12153,0.290323
12154,0.290323
12155,0.290323
12156,0.322581
12157,0.322581
12158,0.322581
12159,0.225806
12160,0.225806
12161,0.225806
12162,0.419355
12163,0.935484
12164,0.387097
12165,0.322581
12166,0.387097
12167,0.870968
12168,0.935484
12169,0.322581
12170,0.290323
12171,0.290323
12172,0.354839
12173,0.354839
12174,0.354839
12175,0.354839
12176,0.354839
12177,0.451613
12178,0.483871
12179,0.483871
12180,0.548387
12181,0.516129
12182,0.516129
12183,0.516129
12184,0.483871
12185,0.612903
12186,0.483871
12187,0.612903
12188,0.451613
12189,1
12190,0.806452
12191,0.709677
12192,0.903226
12193,0.741935
12194,0.741935
12195,0.967742
12196,0.709677
12197,0.935484
12198,0.741935
12199,0.935484
12200,0.387097
12201,1
12202,0.774194
12203,0.935484
12204,0.806452
12205,0.903226
12206,0.870968
12207,0.483871
12208,0.935484
12209,0.903226
12210,0.677419
12211,1
12212,0.709677
12213,0.967742
12214,0.612903
12215,0.967742
12216,0.677419
12217,1
12218,0.709677
12219,0.967742
12220,0.774194
12221,0.967742
12222,0.774194
12223,1
12224,0.774194
12225,1
12226,0.709677
12227,1
12228,0.387097
12229,1
12230,0.774194
12231,0.935484
12232,0.483871
12233,1
12234,0.83871
12235,1
12236,0.806452
12237,0.935484
12238,0.451613
12239,1
12240,0.806452
12241,0.935484
12242,0.903226
12243,0.580645
12244,0.967742
12245,0.870968
12246,0.903226
12247,0.870968
12248,0.935484
12249,0.935484
12250,0.870968
12251,0.580645
12252,1
12253,0.806452
12254,0.516129
12255,1
12256,0.870968
12257,0.935484
12258,0.516129
12259,1
12260,0.806452
12261,0.967742
12262,0.870968
12263,0.870968
12264,0.935484
12265,0.870968
12266,0.967742
12267,0.516129
12268,1
12269,0.935484
12270,0.870968
12271,0.419355
12272,1
12273,0.935484
12274,0.935484
12275,0.516129
12276,1
12277,0.870968
12278,0.967742
12279,0.935484
12280,1
12281,0.516129
12282,1
12283,0.870968
12284,0.935484
12285,0.516129
12286,0.903226
12287,0.935484
12288,0.516129
12289,1
12290,0.870968
12291,0.935484
12292,0.83871
12293,0.903226
12294,0.870968
12295,0.806452
12296,0.870968
12297,0.83871
12298,0.83871
12299,0.935484
12300,0.870968
12301,0.387097
12302,0.935484
12303,0.935484
12304,0.903226
12305,0.935484
12306,0.903226
12307,0.516129
12308,0.903226
12309,0.870968
12310,0.870968
12311,0.903226
12312,0.903226
12313,0.903226
12314,0.516129
12315,0.903226
12316,0.870968
12317,0.935484
12318,0.516129
12319,0.903226
12320,0.935484
12321,0.935484
12322,0.935484
12323,0.935484
12324,0.935484
12325,0.935484
12326,0.516129
12327,0.935484
12328,0.935484
12329,0.935484
12330,0.935484
12331,0.935484
12332,0.935484
12333,0.935484
12334,0.935484
12335,0.935484
12336,0.516129
12337,0.516129
12338,0.903226
12339,0.935484
12340,0.935484
12341,0.935484
12342,0.935484
12343,0.935484
12344,0.935484
12345,0.935484
12346,0.935484
12347,0.935484
12348,0.935484
12349,0.935484
12350,0.935484
12351,0.935484
12352,0.935484
12353,0.935484
12354,0.935484
12355,0.935484
12356,0.935484
12357,0.935484
12358,0.935484
12359,0.935484
12360,0.935484
12361,0.935484
12362,0.935484
12363,0.935484
12364,0.935484
12365,0.935484
12366,0.83871
12367,0.935484
12368,0.935484
12369,0.935484
12370,0.935484
12371,0.935484
12372,0.516129
12373,0.935484
12374,0.935484
12375,0.516129
12376,0.548387
12377,0.548387
12378,0.548387
12379,0.548387
12380,0.548387
12381,0.548387
12382,0.548387
12383,0.548387
12384,0.516129
12385,0.645161
12386,0.548387
12387,0.548387
12388,0.548387
12389,0.548387
12390,0.548387
12391,0.548387
12392,0.548387
12393,0.548387
12394,0.516129
12395,0.677419
12396,0.83871
12397,0.645161
12398,0.903226
12399,0.483871
12400,0.548387
12401,0.935484
12402,0.935484
12403,0.903226
12404,0.516129
12405,0.548387
12406,0.548387
12407,0.935484
12408,0.935484
12409,0.483871
12410,0.548387
12411,0.935484
12412,0.935484
12413,0.483871
12414,0.774194
12415,0.709677
12416,0.741935
12417,0.709677
12418,0.709677
12419,0.677419
12420,0.709677
12421,0.645161
12422,0.709677
12423,0.903226
12424,0.935484
12425,0.580645
12426,0.967742
12427,0.516129
12428,0.709677
12429,0.709677
12430,0.935484
12431,0.935484
12432,0.935484
12433,0.806452
12434,0.935484
12435,0.709677
12436,0.83871
12437,0.677419
12438,0.290323
12439,0.677419
12440,0.935484
12441,0.870968
12442,0.935484
12443,0.419355
12444,1
12445,0.83871
12446,0.935484
12447,0.935484
12448,0.516129
12449,0.548387
12450,0.935484
12451,0.935484
12452,0.935484
12453,0.903226
12454,0.935484
12455,0.516129
12456,0.83871
12457,0.83871
12458,0.83871
12459,0.935484
12460,0.483871
12461,0.967742
12462,0.451613
12463,0.935484
12464,0.935484
12465,0.935484
12466,0.451613
12467,0.741935
12468,0.774194
12469,0.741935
12470,0.709677
12471,0.709677
12472,0.709677
12473,0.741935
12474,0.903226
12475,0.451613
12476,0.612903
12477,0.645161
12478,0.612903
12479,0.645161
12480,0.612903
12481,0.612903
12482,0.903226
12483,0.451613
12484,0.580645
12485,0.645161
12486,0.645161
12487,0.903226
12488,0.451613
12489,0.580645
12490,0.645161
12491,0.612903
12492,0.645161
12493,0.580645
12494,0.580645
12495,0.580645
12496,0.580645
12497,0.516129
12498,0.580645
12499,0.548387
12500,0.483871
12501,0.483871
12502,0.483871
12503,0.451613
12504,0.451613
12505,0.451613
12506,0.483871
12507,0.451613
12508,0.451613
12509,0.935484
12510,0.935484
12511,0.451613
12512,0.419355
12513,0.451613
12514,0.483871
12515,0.967742
12516,0.935484
12517,0.451613
12518,0.903226
12519,0.354839
12520,0.903226
12521,0.935484
12522,0.451613
12523,0.419355
12524,0.419355
12525,0.419355
12526,0.483871
12527,0.419355
12528,0.419355
12529,0.419355
12530,0.419355
12531,0.419355
12532,0.483871
12533,0.935484
12534,0.935484
12535,0.451613
12536,0.419355
12537,0.419355
12538,0.419355
12539,0.419355
12540,0.419355
12541,0.419355
12542,0.903226
12543,0.935484
12544,0.935484
12545,0.935484
12546,0.451613
12547,0.903226
12548,0.935484
12549,0.935484
12550,0.935484
12551,0.935484
12552,0.935484
12553,0.935484
12554,0.935484
12555,0.935484
12556,0.935484
12557,0.935484
12558,0.935484
12559,0.935484
12560,0.935484
12561,0.935484
12562,0.451613
12563,0.451613
12564,0.935484
12565,0.935484
12566,0.935484
12567,0.935484
12568,0.935484
12569,0.935484
12570,0.935484
12571,0.935484
12572,0.935484
12573,0.935484
12574,0.935484
12575,0.935484
12576,0.935484
12577,0.935484
12578,0.935484
12579,0.935484
12580,0.935484
12581,0.935484
12582,0.935484
12583,0.935484
12584,0.935484
12585,0.903226
12586,0.935484
12587,0.935484
12588,0.935484
12589,0.935484
12590,0.935484
12591,0.935484
12592,0.935484
12593,0.935484
12594,0.935484
12595,0.935484
12596,0.935484
12597,0.935484
12598,0.935484
12599,0.935484
12600,0.935484
12601,0.935484
12602,0.935484
12603,0.935484
12604,0.935484
12605,0.935484
12606,0.935484
12607,0.935484
12608,0.516129
12609,0.516129
12610,0.451613
12611,0.709677
12612,0.483871
12613,0.548387
12614,1
12615,0.806452
12616,0.967742
12617,0.774194
12618,0.806452
12619,0.645161
12620,0.870968
12621,0.774194
12622,0.935484
12623,0.645161
12624,0.935484
12625,0.774194
12626,0.903226
12627,0.645161
12628,0.967742
12629,0.677419
12630,0.903226
12631,0.741935
12632,0.967742
12633,0.677419
12634,0.967742
12635,0.774194
12636,1
12637,0.741935
12638,0.967742
12639,0.677419
12640,0.967742
12641,0.709677
12642,0.903226
12643,0.645161
12644,1
12645,0.806452
12646,0.580645
12647,0.935484
12648,0.483871
12649,1
12650,0.903226
12651,0.741935
12652,0.967742
12653,0.419355
12654,1
12655,0.354839
12656,1
12657,0.83871
12658,0.483871
12659,1
12660,0.870968
12661,0.806452
12662,0.870968
12663,0.774194
12664,0.935484
12665,0.806452
12666,0.967742
12667,0.83871
12668,1
12669,0.741935
12670,0.903226
12671,0.83871
12672,0.935484
12673,0.741935
12674,0.935484
12675,0.774194
12676,0.870968
12677,0.935484
12678,0.516129
12679,1
12680,0.903226
12681,0.935484
12682,0.483871
12683,1
12684,0.870968
12685,0.935484
12686,0.935484
12687,0.935484
12688,0.903226
12689,0.935484
12690,0.935484
12691,0.935484
12692,0.935484
12693,0.935484
12694,0.935484
12695,0.935484
12696,0.903226
12697,0.935484
12698,0.935484
12699,0.935484
12700,0.903226
12701,0.935484
12702,0.935484
12703,0.903226
12704,0.516129
12705,1
12706,0.83871
12707,0.903226
12708,0.935484
12709,0.83871
12710,0.870968
12711,0.483871
12712,1
12713,0.83871
12714,0.870968
12715,0.870968
12716,0.935484
12717,0.483871
12718,0.967742
12719,0.451613
12720,1
12721,0.83871
12722,0.935484
12723,0.870968
12724,0.419355
12725,0.935484
12726,0.967742
12727,0.870968
12728,0.516129
12729,1
12730,0.806452
12731,0.483871
12732,1
12733,0.806452
12734,0.903226
12735,0.83871
12736,0.935484
12737,0.903226
12738,0.483871
12739,0.935484
12740,0.483871
12741,0.967742
12742,0.483871
12743,1
12744,0.903226
12745,0.935484
12746,0.516129
12747,0.870968
12748,0.903226
12749,0.483871
12750,0.903226
12751,0.483871
12752,1
12753,0.903226
12754,0.935484
12755,0.870968
12756,0.935484
12757,0.516129
12758,0.870968
12759,0.806452
12760,0.83871
12761,0.806452
12762,0.774194
12763,0.83871
12764,0.774194
12765,0.774194
12766,0.903226
12767,0.774194
12768,0.774194
12769,0.774194
12770,0.774194
12771,0.774194
12772,0.774194
12773,0.806452
12774,0.774194
12775,0.774194
12776,0.774194
12777,0.806452
12778,0.870968
12779,0.903226
12780,0.870968
12781,0.516129
12782,0.870968
12783,0.774194
12784,0.903226
12785,0.935484
12786,0.935484
12787,0.935484
12788,0.483871
12789,0.967742
12790,0.83871
12791,0.516129
12792,0.83871
12793,0.935484
12794,0.483871
12795,0.774194
12796,0.903226
12797,0.516129
12798,0.83871
12799,0.935484
12800,0.483871
12801,0.774194
12802,0.83871
12803,0.774194
12804,0.806452
12805,0.741935
12806,0.806452
12807,0.774194
12808,0.806452
12809,0.741935
12810,0.806452
12811,0.806452
12812,0.774194
12813,0.903226
12814,0.483871
12815,0.709677
12816,0.935484
12817,0.483871
12818,0.709677
12819,0.645161
12820,0.709677
12821,0.645161
12822,0.709677
12823,0.677419
12824,0.741935
12825,0.677419
12826,0.741935
12827,0.677419
12828,0.709677
12829,0.645161
12830,0.709677
12831,0.677419
12832,0.741935
12833,0.903226
12834,0.451613
12835,0.709677
12836,0.741935
12837,0.677419
12838,0.741935
12839,0.677419
12840,0.709677
12841,0.903226
12842,0.483871
12843,0.645161
12844,0.677419
12845,0.612903
12846,0.709677
12847,0.645161
12848,0.741935
12849,0.677419
12850,0.709677
12851,0.677419
12852,0.709677
12853,0.677419
12854,0.774194
12855,0.677419
12856,0.645161
12857,0.903226
12858,0.451613
12859,0.903226
12860,0.83871
12861,0.903226
12862,0.451613
12863,0.548387
12864,0.290323
12865,0.741935
12866,0.870968
12867,0.870968
12868,0.451613
12869,0.935484
12870,0.870968
12871,0.935484
12872,0.806452
12873,0.903226
12874,0.967742
12875,0.935484
12876,0.483871
12877,0.806452
12878,0.806452
12879,0.806452
12880,0.806452
12881,0.806452
12882,0.806452
12883,0.806452
12884,0.741935
12885,0.741935
12886,0.741935
12887,0.741935
12888,0.741935
12889,0.709677
12890,0.709677
12891,0.709677
12892,0.709677
12893,0.935484
12894,0.935484
12895,0.935484
12896,0.935484
12897,0.935484
12898,0.935484
12899,0.935484
12900,0.935484
12901,0.935484
12902,0.935484
12903,0.935484
12904,0.935484
12905,0.935484
12906,0.935484
12907,0.935484
12908,0.935484
12909,0.935484
12910,0.935484
12911,0.935484
12912,0.935484
12913,0.935484
12914,0.935484
12915,0.935484
12916,0.935484
12917,0.935484
12918,0.935484
12919,0.935484
12920,0.935484
12921,0.935484
12922,0.935484
12923,0.935484
12924,0.935484
12925,0.935484
12926,0.935484
12927,0.935484
12928,0.935484
12929,0.935484
12930,0.935484
12931,0.935484
12932,0.935484
12933,0.935484
12934,0.935484
12935,0.935484
12936,0.935484
12937,0.935484
12938,0.935484
12939,0.935484
12940,0.935484
12941,0.935484
12942,0.935484
12943,0.935484
12944,0.935484
12945,0.935484
12946,0.935484
12947,0.935484
12948,0.935484
12949,0.935484
12950,0.935484
12951,0.935484
12952,0.935484
12953,0.935484
12954,0.935484
12955,0.935484
12956,0.935484
12957,0.935484
12958,0.935484
12959,0.935484
12960,0.935484
12961,0.935484
12962,0.935484
12963,0.935484
12964,0.935484
12965,0.935484
12966,0.935484
12967,0.935484
12968,0.935484
12969,0.935484
12970,0.935484
12971,0.935484
12972,0.935484
12973,0.935484
12974,0.935484
12975,0.935484
12976,0.935484
12977,0.935484
12978,0.935484
12979,0.935484
12980,0.935484
12981,0.935484
12982,0.935484
12983,0.935484
12984,0.935484
12985,0.935484
12986,0.935484
12987,0.935484
12988,0.935484
12989,0.935484
12990,0.935484
12991,0.935484
12992,0.935484
12993,0.935484
12994,0.935484
12995,0.935484
12996,0.935484
12997,0.935484
12998,0.935484
12999,0.935484
13000,0.935484
13001,0.935484
13002,0.935484
13003,0.935484
13004,0.935484
13005,0.935484
13006,0.935484
13007,0.935484
13008,0.935484
13009,0.935484
13010,0.935484
13011,0.935484
13012,0.935484
13013,0.935484
13014,0.935484
13015,0.935484
13016,0.419355
13017,0.516129
13018,0.935484
13019,0.935484
13020,0.935484
13021,0.935484
13022,0.935484
13023,0.935484
13024,0.935484
13025,0.935484
13026,0.935484
13027,0.935484
13028,0.935484
13029,0.935484
13030,0.935484
13031,0.935484
13032,0.935484
13033,0.935484
13034,0.935484
13035,0.806452
13036,0.903226
13037,0.935484
13038,0.870968
13039,0.935484
13040,0.870968
13041,0.903226
13042,0.83871
13043,0.903226
13044,0.83871
13045,0.903226
13046,0.83871
13047,0.903226
13048,0.83871
13049,0.903226
13050,0.83871
13051,0.903226
13052,0.83871
13053,0.903226
13054,0.870968
13055,0.419355
13056,0.935484
13057,0.903226
13058,0.83871
13059,0.903226
13060,0.806452
13061,0.903226
13062,0.83871
13063,0.903226
13064,0.83871
13065,0.419355
13066,1
13067,0.806452
13068,0.387097
13069,1
13070,0.806452
13071,0.935484
13072,0.322581
13073,1
13074,0.774194
13075,1
13076,0.870968
13077,0.935484
13078,0.806452
13079,0.935484
13080,0.83871
13081,0.903226
13082,0.870968
13083,0.935484
13084,0.83871
13085,0.903226
13086,0.870968
13087,0.903226
13088,0.83871
13089,0.935484
13090,0.83871
13091,0.935484
13092,0.83871
13093,0.935484
13094,0.870968
13095,0.83871
13096,0.806452
13097,0.935484
13098,0.83871
13099,0.774194
13100,0.935484
13101,0.83871
13102,0.935484
13103,0.935484
13104,0.935484
13105,0.903226
13106,0.935484
13107,0.935484
13108,0.903226
13109,0.935484
13110,0.935484
13111,0.903226
13112,0.935484
13113,0.935484
13114,0.903226
13115,0.935484
13116,0.935484
13117,0.935484
13118,0.935484
13119,0.935484
13120,0.903226
13121,0.935484
13122,0.935484
13123,0.903226
13124,0.935484
13125,0.935484
13126,0.903226
13127,0.935484
13128,0.935484
13129,0.935484
13130,0.935484
13131,0.935484
13132,0.935484
13133,0.935484
13134,0.935484
13135,0.935484
13136,0.935484
13137,0.935484
13138,0.935484
13139,0.387097
13140,1
13141,0.806452
13142,0.935484
13143,0.935484
13144,0.903226
13145,0.935484
13146,0.903226
13147,0.935484
13148,0.903226
13149,0.870968
13150,0.935484
13151,0.935484
13152,0.870968
13153,0.935484
13154,0.870968
13155,0.935484
13156,0.903226
13157,0.935484
13158,0.903226
13159,0.903226
13160,0.903226
13161,0.903226
13162,0.548387
13163,0.935484
13164,0.903226
13165,0.935484
13166,0.903226
13167,0.451613
13168,1
13169,0.967742
13170,0.935484
13171,0.935484
13172,0.935484
13173,0.935484
13174,0.935484
13175,0.935484
13176,0.935484
13177,0.935484
13178,0.516129
13179,0.903226
13180,0.935484
13181,0.935484
13182,0.935484
13183,0.483871
13184,1
13185,0.935484
13186,0.483871
13187,1
13188,0.903226
13189,0.935484
13190,0.935484
13191,0.483871
13192,1
13193,0.935484
13194,0.483871
13195,1
13196,0.903226
13197,0.935484
13198,0.935484
13199,0.903226
13200,0.903226
13201,0.903226
13202,0.935484
13203,0.935484
13204,0.483871
13205,0.967742
13206,0.935484
13207,0.516129
13208,0.935484
13209,0.935484
13210,0.935484
13211,0.935484
13212,0.935484
13213,0.935484
13214,0.935484
13215,0.225806
13216,0.83871
13217,0.903226
13218,0.83871
13219,0.935484
13220,0.870968
13221,0.83871
13222,0.83871
13223,0.83871
13224,0.774194
13225,0.935484
13226,0.935484
13227,0.483871
13228,0.83871
13229,0.903226
13230,0.774194
13231,0.935484
13232,0.935484
13233,0.419355
13234,0.806452
13235,0.83871
13236,0.806452
13237,0.806452
13238,0.903226
13239,0.83871
13240,0.774194
13241,0.806452
13242,0.83871
13243,0.741935
13244,0.935484
13245,0.935484
13246,0.419355
13247,0.774194
13248,0.806452
13249,0.709677
13250,0.806452
13251,0.741935
13252,0.774194
13253,0.741935
13254,0.806452
13255,0.741935
13256,0.806452
13257,0.774194
13258,0.806452
13259,0.774194
13260,0.83871
13261,0.935484
13262,0.935484
13263,0.935484
13264,0.935484
13265,0.903226
13266,0.935484
13267,0.935484
13268,0.451613
13269,0.774194
13270,0.806452
13271,0.741935
13272,0.806452
13273,0.774194
13274,0.935484
13275,0.935484
13276,0.451613
13277,0.774194
13278,1
13279,0.741935
13280,1
13281,0.677419
13282,1
13283,0.806452
13284,0.387097
13285,0.83871
13286,1
13287,0.645161
13288,1
13289,0.612903
13290,0.935484
13291,0.967742
13292,0.935484
13293,0.870968
13294,0.870968
13295,0.935484
13296,0.903226
13297,0.83871
13298,0.903226
13299,0.935484
13300,0.935484
13301,0.483871
13302,0.870968
13303,0.83871
13304,0.83871
13305,0.83871
13306,0.83871
13307,0.83871
13308,0.806452
13309,0.806452
13310,0.806452
13311,0.806452
13312,0.83871
13313,0.935484
13314,0.935484
13315,0.935484
13316,0.935484
13317,0.935484
13318,0.935484
13319,0.935484
13320,0.935484
13321,0.935484
13322,0.935484
13323,0.935484
13324,0.935484
13325,0.935484
13326,0.935484
13327,0.935484
13328,0.935484
13329,0.935484
13330,0.935484
13331,0.935484
13332,0.935484
13333,0.935484
13334,0.935484
13335,0.419355
13336,0.645161
13337,0.741935
13338,0.935484
13339,0.935484
13340,0.935484
13341,0.935484
13342,0.935484
13343,0.451613
13344,0.967742
13345,0.935484
13346,0.935484
13347,0.935484
13348,0.935484
13349,0.387097
13350,0.870968
13351,0.935484
13352,0.935484
13353,0.935484
13354,0.935484
13355,0.935484
13356,0.935484
13357,0.935484
13358,0.935484
13359,0.935484
13360,0.935484
13361,0.935484
13362,0.354839
13363,0.903226
13364,0.935484
13365,0.935484
13366,0.419355
13367,0.935484
13368,0.935484
13369,0.935484
13370,0.354839
13371,0.903226
13372,0.935484
13373,0.935484
13374,0.935484
13375,0.935484
13376,0.935484
13377,0.935484
13378,0.935484
13379,0.935484
13380,0.935484
13381,0.935484
13382,0.935484
13383,0.935484
13384,0.935484
13385,0.935484
13386,0.935484
13387,0.451613
13388,0.967742
13389,0.935484
13390,0.935484
13391,0.419355
13392,0.967742
13393,0.935484
13394,0.935484
13395,0.935484
13396,0.935484
13397,0.935484
13398,0.935484
13399,0.935484
13400,0.935484
13401,0.935484
13402,0.935484
13403,0.935484
13404,0.935484
13405,0.935484
13406,0.935484
13407,0.935484
13408,0.935484
13409,0.935484
13410,0.935484
13411,0.935484
13412,0.935484
13413,0.935484
13414,0.935484
13415,0.935484
13416,0.935484
13417,0.935484
13418,0.935484
13419,0.935484
13420,0.935484
13421,0.935484
13422,0.935484
13423,0.935484
13424,0.935484
13425,0.935484
13426,0.935484
13427,0.935484
13428,0.935484
13429,0.935484
13430,0.935484
13431,0.935484
13432,0.935484
13433,0.935484
13434,0.935484
13435,0.935484
13436,0.935484
13437,0.935484
13438,0.935484
13439,0.935484
13440,0.935484
13441,0.935484
13442,0.935484
13443,0.935484
13444,0.935484
13445,0.935484
13446,0.935484
13447,0.935484
13448,0.935484
13449,0.935484
13450,0.935484
13451,0.935484
13452,0.935484
13453,0.935484
13454,0.935484
13455,0.935484
13456,0.935484
13457,0.935484
13458,0.935484
13459,0.806452
13460,0.903226
13461,0.935484
13462,0.870968
13463,0.935484
13464,0.354839
13465,1
13466,0.83871
13467,0.903226
13468,0.774194
13469,0.870968
13470,0.83871
13471,0.903226
13472,0.806452
13473,0.870968
13474,0.935484
13475,0.774194
13476,0.935484
13477,0.83871
13478,0.903226
13479,0.83871
13480,0.903226
13481,0.774194
13482,0.935484
13483,0.870968
13484,0.903226
13485,0.83871
13486,0.935484
13487,0.774194
13488,0.935484
13489,0.806452
13490,0.903226
13491,0.83871
13492,0.935484
13493,0.741935
13494,0.935484
13495,0.870968
13496,0.806452
13497,0.903226
13498,0.870968
13499,0.903226
13500,0.870968
13501,0.967742
13502,0.806452
13503,0.935484
13504,0.806452
13505,0.903226
13506,0.870968
13507,0.935484
13508,0.806452
13509,0.903226
13510,0.870968
13511,0.516129
13512,1
13513,0.806452
13514,0.935484
13515,0.903226
13516,0.870968
13517,0.935484
13518,0.83871
13519,0.83871
13520,0.903226
13521,0.935484
13522,0.870968
13523,0.290323
13524,0.903226
13525,0.903226
13526,0.935484
13527,0.935484
13528,0.935484
13529,0.903226
13530,0.935484
13531,0.935484
13532,0.903226
13533,0.935484
13534,0.935484
13535,0.903226
13536,0.935484
13537,0.935484
13538,0.935484
13539,0.935484
13540,0.935484
13541,0.935484
13542,0.935484
13543,0.935484
13544,0.903226
13545,0.935484
13546,0.935484
13547,0.903226
13548,0.935484
13549,0.935484
13550,0.903226
13551,0.935484
13552,0.935484
13553,0.935484
13554,0.935484
13555,0.935484
13556,0.935484
13557,0.935484
13558,0.935484
13559,0.935484
13560,0.935484
13561,0.935484
13562,0.935484
13563,0.903226
13564,0.935484
13565,0.903226
13566,0.935484
13567,0.903226
13568,0.935484
13569,0.903226
13570,0.935484
13571,0.935484
13572,0.870968
13573,0.483871
13574,0.935484
13575,0.935484
13576,0.935484
13577,0.903226
13578,0.935484
13579,0.903226
13580,0.935484
13581,0.903226
13582,0.935484
13583,0.870968
13584,0.935484
13585,0.903226
13586,0.935484
13587,0.935484
13588,0.903226
13589,0.935484
13590,0.935484
13591,0.935484
13592,0.935484
13593,0.935484
13594,0.935484
13595,0.935484
13596,0.935484
13597,0.935484
13598,0.935484
13599,0.935484
13600,0.935484
13601,0.935484
13602,0.935484
13603,0.935484
13604,0.935484
13605,0.935484
13606,0.935484
13607,0.935484
13608,0.935484
13609,0.935484
13610,0.935484
13611,0.935484
13612,0.935484
13613,0.935484
13614,0.935484
13615,0.935484
13616,0.935484
13617,0.935484
13618,0.935484
13619,0.935484
13620,0.935484
13621,0.935484
13622,0.935484
13623,0.935484
13624,0.935484
13625,0.935484
13626,0.935484
13627,0.935484
13628,0.935484
13629,0.935484
13630,0.935484
13631,0.483871
13632,0.935484
13633,0.935484
13634,0.935484
13635,0.935484
13636,0.935484
13637,0.935484
13638,0.870968
13639,0.935484
13640,0.935484
13641,0.935484
13642,0.935484
13643,0.935484
13644,0.935484
13645,0.935484
13646,0.935484
13647,0.935484
13648,0.935484
13649,0.935484
13650,0.935484
13651,0.935484
13652,0.935484
13653,0.935484
13654,0.935484
13655,0.935484
13656,0.935484
13657,0.935484
13658,0.935484
13659,0.935484
13660,0.935484
13661,0.935484
13662,0.935484
13663,0.935484
13664,0.935484
13665,0.935484
13666,0.935484
13667,0.935484
13668,0.935484
13669,0.935484
13670,0.935484
13671,0.935484
13672,0.935484
13673,0.935484
13674,0.935484
13675,0.935484
13676,0.935484
13677,0.935484
13678,0.935484
13679,0.935484
13680,0.935484
13681,0.935484
13682,0.935484
13683,0.935484
13684,0.935484
13685,0.935484
13686,0.935484
13687,0.935484
13688,0.935484
13689,0.935484
13690,0.935484
13691,0.935484
13692,0.935484
13693,0.935484
13694,0.935484
13695,0.935484
13696,0.935484
13697,0.935484
13698,0.935484
13699,0.935484
13700,0.935484
13701,0.935484
13702,0.935484
13703,0.935484
13704,0.935484
13705,0.806452
13706,0.935484
13707,0.935484
13708,0.451613
13709,0.741935
13710,0.258065
13711,1
13712,0.935484
13713,0.870968
13714,0.935484
13715,0.870968
13716,0.903226
13717,0.483871
13718,1
13719,0.935484
13720,0.935484
13721,0.483871
13722,0.967742
13723,0.935484
13724,0.935484
13725,0.935484
13726,0.935484
13727,0.935484
13728,0.935484
13729,0.935484
13730,0.935484
13731,0.935484
13732,0.935484
13733,0.935484
13734,0.935484
13735,0.935484
13736,0.935484
13737,0.935484
13738,0.935484
13739,0.935484
13740,0.935484
13741,0.935484
13742,0.935484
13743,0.935484
13744,0.935484
13745,0.451613
13746,0.806452
13747,0.83871
13748,0.806452
13749,0.83871
13750,0.967742
13751,0.935484
13752,0.322581
13753,0.322581
13754,0.322581
13755,0.322581
13756,0.322581
13757,0.870968
13758,0.935484
13759,0.322581
13760,0.322581
13761,0.322581
13762,0.322581
13763,0.322581
13764,0.322581
13765,0.322581
13766,0.322581
13767,0.322581
13768,0.258065
13769,0.645161
13770,0.290323
13771,0.290323
13772,0.483871
13773,0.322581
13774,0.451613
13775,0.483871
13776,0.322581
13777,0.258065
13778,0.387097
13779,0.516129
13780,0.322581
13781,0.258065
13782,0.483871
13783,0.451613
13784,0.419355
13785,0.419355
13786,0.419355
13787,0.419355
13788,0.451613
13789,0.451613
13790,0.387097
13791,0.387097
13792,0.387097
13793,0.387097
13794,0.483871
13795,0.870968
13796,0.225806
13797,0.483871
13798,0.354839
13799,0.290323
13800,0.354839
13801,0.258065
13802,0.387097
13803,0.387097
13804,0.387097
13805,0.451613
13806,0.903226
13807,0.354839
13808,0.483871
13809,0.290323
13810,0.451613
13811,0.322581
13812,0.322581
13813,0.322581
13814,0.322581
13815,0.290323
13816,0.322581
13817,0.322581
13818,0.322581
13819,0.322581
13820,0.322581
13821,0.322581
13822,0.322581
13823,0.322581
13824,0.322581
13825,0.322581
13826,0.322581
13827,0.322581
13828,0.322581
13829,0.903226
13830,0.322581
13831,0.322581
13832,0.322581
13833,0.322581
13834,0.322581
13835,0.354839
13836,0.322581
13837,0.322581
13838,0.322581
13839,0.322581
13840,0.322581
13841,0.322581
13842,0.322581
13843,0.322581
13844,0.322581
13845,0.322581
13846,0.322581
13847,0.322581
13848,0.322581
13849,0.322581
13850,0.322581
13851,0.322581
13852,0.322581
13853,0.322581
13854,0.322581
13855,0.322581
13856,0.322581
13857,0.322581
13858,0.387097
13859,0.612903
13860,0.548387
13861,0.580645
13862,0.548387
13863,0.516129
13864,0.903226
13865,0.935484
13866,0.387097
13867,0.548387
13868,0.548387
13869,0.516129
13870,0.322581
13871,0.322581
13872,0.322581
13873,0.354839
13874,0.903226
13875,0.354839
13876,0.387097
13877,0.935484
13878,0.935484
13879,0.935484
13880,0.419355
13881,0.935484
13882,0.483871
13883,0.935484
13884,0.935484
13885,0.935484
13886,0.870968
13887,0.354839
13888,1
13889,0.83871
13890,0.419355
13891,1
13892,0.741935
13893,1
13894,0.741935
13895,0.967742
13896,0.774194
13897,0.967742
13898,0.83871
13899,0.903226
13900,0.870968
13901,0.935484
13902,0.806452
13903,0.935484
13904,0.83871
13905,0.935484
13906,0.322581
13907,1
13908,0.806452
13909,1
13910,0.870968
13911,0.935484
13912,0.419355
13913,1
13914,0.806452
13915,1
13916,0.870968
13917,0.903226
13918,0.419355
13919,1
13920,0.83871
13921,0.967742
13922,0.774194
13923,1
13924,0.83871
13925,0.967742
13926,0.870968
13927,0.870968
13928,0.870968
13929,0.903226
13930,0.483871
13931,1
13932,0.83871
13933,1
13934,0.741935
13935,1
13936,0.774194
13937,1
13938,0.83871
13939,1
13940,0.774194
13941,1
13942,0.806452
13943,0.935484
13944,0.870968
13945,0.935484
13946,0.83871
13947,0.516129
13948,1
13949,0.83871
13950,0.677419
13951,0.548387
13952,1
13953,0.903226
13954,0.967742
13955,0.870968
13956,0.935484
13957,0.903226
13958,0.903226
13959,0.903226
13960,0.548387
13961,0.967742
13962,0.903226
13963,0.419355
13964,0.83871
13965,0.806452
13966,0.806452
13967,0.709677
13968,0.83871
13969,0.935484
13970,0.935484
13971,0.483871
13972,1
13973,0.870968
13974,1
13975,0.903226
13976,0.935484
13977,0.935484
13978,0.935484
13979,0.935484
13980,0.483871
13981,1
13982,0.935484
13983,0.967742
13984,0.935484
13985,0.935484
13986,0.483871
13987,1
13988,0.935484
13989,0.903226
13990,0.935484
13991,0.903226
13992,0.903226
13993,0.870968
13994,0.935484
13995,0.935484
13996,0.935484
13997,0.903226
13998,0.903226
13999,1
14000,1
14001,0.935484
14002,1
14003,0.903226
14004,0.935484
14005,0.935484
14006,0.935484
14007,0.935484
14008,0.935484
14009,0.516129
14010,0.935484
14011,0.516129
14012,0.967742
14013,0.903226
14014,0.935484
14015,0.935484
14016,0.483871
14017,0.935484
14018,0.935484
14019,0.516129
14020,0.967742
14021,0.935484
14022,0.935484
14023,0.935484
14024,0.935484
14025,0.935484
14026,0.935484
14027,0.483871
14028,0.903226
14029,0.935484
14030,0.935484
14031,0.935484
14032,0.935484
14033,0.935484
14034,0.935484
14035,0.935484
14036,0.935484
14037,0.935484
14038,0.935484
14039,0.935484
14040,0.935484
14041,0.935484
14042,0.935484
14043,0.935484
14044,0.935484
14045,0.935484
14046,0.935484
14047,0.935484
14048,0.935484
14049,0.935484
14050,0.935484
14051,0.935484
14052,0.935484
14053,0.935484
14054,0.935484
14055,0.935484
14056,0.935484
14057,0.935484
14058,0.935484
14059,0.935484
14060,0.935484
14061,0.935484
14062,0.935484
14063,0.935484
14064,0.935484
14065,0.903226
14066,0.935484
14067,0.935484
14068,0.935484
14069,0.935484
14070,0.935484
14071,0.935484
14072,0.935484
14073,0.935484
14074,0.935484
14075,0.935484
14076,0.935484
14077,0.935484
14078,0.935484
14079,0.935484
14080,0.935484
14081,0.935484
14082,0.935484
14083,0.935484
14084,0.935484
14085,0.935484
14086,0.935484
14087,0.935484
14088,0.935484
14089,0.935484
14090,0.935484
14091,0.935484
14092,0.935484
14093,0.935484
14094,0.935484
14095,0.935484
14096,0.935484
14097,0.935484
14098,0.935484
14099,0.935484
14100,0.935484
14101,0.935484
14102,0.935484
14103,0.935484
14104,0.935484
14105,0.935484
14106,0.935484
14107,0.935484
14108,0.935484
14109,0.935484
14110,0.935484
14111,0.935484
14112,0.935484
14113,0.935484
14114,0.935484
14115,0.935484
14116,0.935484
14117,0.935484
14118,0.935484
14119,0.935484
14120,0.935484
14121,0.935484
14122,0.935484
14123,0.935484
14124,0.935484
14125,0.935484
14126,0.935484
14127,0.935484
14128,0.935484
14129,0.935484
14130,0.935484
14131,0.83871
14132,0.935484
14133,0.935484
14134,0.451613
14135,0.806452
14136,0.258065
14137,1
14138,0.935484
14139,0.870968
14140,0.935484
14141,0.870968
14142,0.935484
14143,0.935484
14144,0.935484
14145,0.935484
14146,0.935484
14147,0.935484
14148,0.935484
14149,0.935484
14150,0.935484
14151,0.935484
14152,0.935484
14153,0.935484
14154,0.935484
14155,0.935484
14156,0.935484
14157,0.935484
14158,0.935484
14159,0.935484
14160,0.935484
14161,0.935484
14162,0.935484
14163,0.935484
14164,0.935484
14165,0.935484
14166,0.935484
14167,0.935484
14168,0.935484
14169,0.935484
14170,0.935484
14171,0.935484
14172,0.935484
14173,0.483871
14174,1
14175,0.354839
14176,0.774194
14177,0.774194
14178,0.774194
14179,0.774194
14180,0.774194
14181,0.774194
14182,0.774194
14183,0.774194
14184,0.741935
14185,0.741935
14186,0.774194
14187,0.935484
14188,0.290323
14189,0.709677
14190,0.322581
14191,0.322581
14192,0.741935
14193,0.709677
14194,0.709677
14195,0.709677
14196,0.645161
14197,0.741935
14198,0.419355
14199,0.612903
14200,0.741935
14201,0.709677
14202,0.612903
14203,0.580645
14204,0.548387
14205,0.612903
14206,0.419355
14207,0.516129
14208,0.580645
14209,0.322581
14210,0.612903
14211,0.580645
14212,0.548387
14213,0.548387
14214,0.580645
14215,0.548387
14216,0.645161
14217,0.903226
14218,0.322581
14219,0.322581
14220,0.322581
14221,0.322581
14222,0.322581
14223,0.322581
14224,0.322581
14225,0.322581
14226,0.322581
14227,0.322581
14228,0.322581
14229,0.322581
14230,0.290323
14231,0.419355
14232,0.516129
14233,0.516129
14234,0.516129
14235,0.516129
14236,0.516129
14237,0.548387
14238,0.548387
14239,0.516129
14240,0.516129
14241,0.516129
14242,0.516129
14243,0.516129
14244,0.516129
14245,0.612903
14246,0.903226
14247,0.419355
14248,0.677419
14249,0.741935
14250,0.709677
14251,0.612903
14252,0.290323
14253,0.322581
14254,0.354839
14255,0.580645
14256,0.290323
14257,0.322581
14258,0.322581
14259,0.322581
14260,0.322581
14261,0.322581
14262,0.322581
14263,0.354839
14264,0.612903
14265,0.580645
14266,0.290323
14267,0.322581
14268,0.451613
14269,0.935484
14270,0.354839
14271,0.322581
14272,0.322581
14273,0.322581
14274,0.322581
14275,0.290323
14276,0.354839
14277,0.322581
14278,0.322581
14279,0.322581
14280,0.322581
14281,0.322581
14282,0.322581
14283,0.419355
14284,0.967742
14285,0.322581
14286,0.322581
14287,0.290323
14288,0.290323
14289,0.290323
14290,0.322581
14291,0.645161
14292,0.645161
14293,0.322581
14294,0.290323
14295,0.290323
14296,0.290323
14297,0.290323
14298,0.290323
14299,0.354839
14300,0.903226
14301,0.935484
14302,0.935484
14303,0.935484
14304,0.935484
14305,0.354839
14306,0.870968
14307,0.354839
14308,0.322581
14309,0.709677
14310,0.935484
14311,0.935484
14312,0.935484
14313,0.935484
14314,0.935484
14315,0.935484
14316,0.451613
14317,0.967742
14318,1
14319,0.903226
14320,1
14321,0.935484
14322,0.451613
14323,0.870968
14324,1
14325,0.870968
14326,0.967742
14327,0.903226
14328,0.903226
14329,0.870968
14330,0.935484
14331,0.451613
14332,1
14333,0.903226
14334,1
14335,0.451613
14336,1
14337,0.903226
14338,1
14339,0.903226
14340,0.935484
14341,0.903226
14342,0.516129
14343,1
14344,0.967742
14345,0.870968
14346,0.612903
14347,0.967742
14348,0.870968
14349,0.870968
14350,0.451613
14351,0.967742
14352,0.419355
14353,0.967742
14354,0.967742
14355,0.935484
14356,0.967742
14357,0.870968
14358,1
14359,0.903226
14360,0.967742
14361,0.935484
14362,1
14363,0.870968
14364,0.935484
14365,0.645161
14366,1
14367,0.935484
14368,0.870968
14369,0.870968
14370,0.516129
14371,0.967742
14372,1
14373,0.935484
14374,0.967742
14375,0.83871
14376,0.903226
14377,0.516129
14378,1
14379,0.935484
14380,0.967742
14381,0.935484
14382,0.967742
14383,0.806452
14384,1
14385,1
14386,0.483871
14387,0.903226
14388,0.935484
14389,0.903226
14390,0.935484
14391,0.903226
14392,0.387097
14393,0.967742
14394,0.419355
14395,0.806452
14396,0.83871
14397,0.83871
14398,0.83871
14399,0.83871
14400,0.83871
14401,0.83871
14402,0.83871
14403,0.83871
14404,0.83871
14405,0.83871
14406,0.83871
14407,0.83871
14408,0.83871
14409,0.935484
14410,0.935484
14411,0.935484
14412,0.935484
14413,0.935484
14414,0.935484
14415,0.935484
14416,0.935484
14417,0.935484
14418,0.935484
14419,0.935484
14420,0.483871
14421,0.967742
14422,0.903226
14423,0.419355
14424,0.903226
14425,0.903226
14426,0.387097
14427,0.935484
14428,0.870968
14429,0.935484
14430,0.419355
14431,0.967742
14432,0.967742
14433,0.967742
14434,0.967742
14435,0.967742
14436,1
14437,0.806452
14438,0.935484
14439,0.83871
14440,0.774194
14441,0.83871
14442,0.741935
14443,0.741935
14444,0.774194
14445,0.774194
14446,0.806452
14447,0.870968
14448,0.451613
14449,0.967742
14450,1
14451,1
14452,0.967742
14453,1
14454,0.903226
14455,0.935484
14456,0.935484
14457,0.935484
14458,0.935484
14459,0.935484
14460,0.935484
14461,0.935484
14462,0.935484
14463,0.935484
14464,0.935484
14465,0.935484
14466,0.483871
14467,0.967742
14468,0.451613
14469,0.967742
14470,0.903226
14471,0.935484
14472,0.935484
14473,0.935484
14474,0.935484
14475,0.935484
14476,0.935484
14477,0.935484
14478,0.935484
14479,0.935484
14480,0.935484
14481,0.483871
14482,0.935484
14483,0.935484
14484,0.935484
14485,0.935484
14486,0.935484
14487,0.935484
14488,0.935484
14489,0.935484
14490,0.935484
14491,0.935484
14492,0.935484
14493,0.935484
14494,0.612903
14495,0.935484
14496,0.935484
14497,0.935484
14498,0.935484
14499,0.935484
14500,0.935484
14501,0.935484
14502,0.935484
14503,0.935484
14504,0.935484
14505,0.935484
14506,0.935484
14507,0.935484
14508,0.935484
14509,0.935484
14510,0.935484
14511,0.935484
14512,0.935484
14513,0.935484
14514,0.935484
14515,0.935484
14516,0.935484
14517,0.935484
14518,0.935484
14519,0.935484
14520,0.935484
14521,0.935484
14522,0.935484
14523,0.935484
14524,0.935484
14525,0.935484
14526,0.935484
14527,0.935484
14528,0.935484
14529,0.935484
14530,0.935484
14531,0.935484
14532,0.935484
14533,0.935484
14534,0.935484
14535,0.935484
14536,0.935484
14537,0.935484
14538,0.935484
14539,0.935484
14540,0.935484
14541,0.935484
14542,0.935484
14543,0.935484
14544,0.935484
14545,0.935484
14546,0.935484
14547,0.935484
14548,0.935484
14549,0.935484
14550,0.935484
14551,0.935484
14552,0.935484
14553,0.935484
14554,0.935484
14555,0.935484
14556,0.935484
14557,0.935484
14558,0.935484
14559,0.935484
14560,0.935484
14561,0.935484
14562,0.903226
14563,0.806452
14564,0.935484
14565,0.870968
14566,0.451613
14567,0.741935
14568,0.225806
14569,0.967742
14570,0.935484
14571,0.903226
14572,0.935484
14573,0.870968
14574,0.935484
14575,0.903226
14576,0.903226
14577,0.903226
14578,0.935484
14579,0.935484
14580,0.935484
14581,0.935484
14582,0.935484
14583,0.935484
14584,0.935484
14585,0.935484
14586,0.935484
14587,0.935484
14588,0.935484
14589,0.935484
14590,0.935484
14591,0.935484
14592,0.935484
14593,0.935484
14594,0.935484
14595,0.935484
14596,0.903226
14597,0.935484
14598,0.935484
14599,0.419355
14600,0.967742
14601,1
14602,1
14603,1
14604,1
14605,1
14606,0.709677
14607,1
14608,0.774194
14609,0.387097
14610,0.83871
14611,0.290323
14612,0.290323
14613,0.258065
14614,0.387097
14615,0.677419
14616,0.709677
14617,0.709677
14618,0.774194
14619,0.290323
14620,0.225806
14621,0.677419
14622,0.709677
14623,0.709677
14624,0.677419
14625,1
14626,1
14627,0.258065
14628,0.741935
14629,0.258065
14630,0.419355
14631,0.354839
14632,0.967742
14633,1
14634,1
14635,1
14636,1
14637,1
14638,1
14639,1
14640,0.225806
14641,0.677419
14642,0.741935
14643,1
14644,1
14645,0.709677
14646,0.774194
14647,0.290323
14648,0.290323
14649,0.290323
14650,0.290323
14651,0.290323
14652,0.290323
14653,0.387097
14654,0.741935
14655,1
14656,0.903226
14657,0.935484
14658,0.870968
14659,0.322581
14660,0.516129
14661,0.903226
14662,0.258065
14663,0.709677
14664,0.483871
14665,0.322581
14666,0.290323
14667,0.290323
14668,0.290323
14669,0.290323
14670,0.290323
14671,0.290323
14672,0.290323
14673,0.290323
14674,0.290323
14675,0.290323
14676,0.290323
14677,0.290323
14678,0.290323
14679,0.290323
14680,0.290323
14681,0.290323
14682,0.290323
14683,0.290323
14684,0.290323
14685,0.290323
14686,0.290323
14687,0.83871
14688,0.322581
14689,0.290323
14690,0.290323
14691,0.290323
14692,0.419355
14693,0.935484
14694,0.419355
14695,0.967742
14696,1
14697,1
14698,1
14699,1
14700,1
14701,1
14702,1
14703,1
14704,1
14705,1
14706,1
14707,0.709677
14708,0.322581
14709,0.290323
14710,0.290323
14711,0.83871
14712,0.419355
14713,0.806452
14714,0.935484
14715,0.935484
14716,0.451613
14717,0.935484
14718,0.354839
14719,0.290323
14720,0.387097
14721,0.935484
14722,0.387097
14723,0.935484
14724,1
14725,1
14726,0.935484
14727,0.354839
14728,0.83871
14729,0.935484
14730,0.419355
14731,0.967742
14732,0.967742
14733,1
14734,1
14735,1
14736,1
14737,0.935484
14738,0.451613
14739,0.870968
14740,0.354839
14741,0.741935
14742,0.935484
14743,0.451613
14744,0.967742
14745,1
14746,0.935484
14747,0.83871
14748,0.935484
14749,0.935484
14750,0.903226
14751,0.419355
14752,0.935484
14753,0.903226
14754,0.354839
14755,0.967742
14756,0.870968
14757,0.903226
14758,0.870968
14759,0.419355
14760,1
14761,0.419355
14762,1
14763,0.83871
14764,0.935484
14765,0.483871
14766,1
14767,0.83871
14768,0.935484
14769,0.870968
14770,0.935484
14771,0.870968
14772,0.935484
14773,0.870968
14774,0.967742
14775,0.870968
14776,0.903226
14777,0.870968
14778,0.935484
14779,0.83871
14780,0.935484
14781,0.903226
14782,0.935484
14783,0.870968
14784,0.935484
14785,0.870968
14786,0.903226
14787,0.83871
14788,0.935484
14789,0.870968
14790,0.451613
14791,0.967742
14792,0.870968
14793,0.903226
14794,0.903226
14795,0.483871
14796,1
14797,0.451613
14798,1
14799,0.870968
14800,0.903226
14801,0.903226
14802,0.903226
14803,0.548387
14804,1
14805,0.935484
14806,0.935484
14807,0.903226
14808,0.967742
14809,0.967742
14810,0.903226
14811,0.548387
14812,1
14813,0.83871
14814,0.935484
14815,0.903226
14816,0.935484
14817,0.483871
14818,0.967742
14819,0.967742
14820,1
14821,0.903226
14822,0.483871
14823,0.967742
14824,0.903226
14825,0.903226
14826,0.903226
14827,0.903226
14828,0.935484
14829,0.903226
14830,0.935484
14831,0.870968
14832,0.935484
14833,0.83871
14834,0.935484
14835,0.451613
14836,0.967742
14837,0.967742
14838,1
14839,0.903226
14840,0.483871
14841,0.967742
14842,0.935484
14843,0.935484
14844,0.935484
14845,0.935484
14846,0.935484
14847,0.483871
14848,0.967742
14849,0.870968
14850,0.935484
14851,0.935484
14852,0.935484
14853,0.935484
14854,0.935484
14855,0.935484
14856,0.935484
14857,0.935484
14858,0.935484
14859,0.935484
14860,0.935484
14861,0.935484
14862,0.935484
14863,0.935484
14864,0.935484
14865,0.935484
14866,0.935484
14867,0.935484
14868,0.935484
14869,0.935484
14870,0.935484
14871,0.935484
14872,0.935484
14873,0.935484
14874,0.935484
14875,0.935484
14876,0.935484
14877,0.935484
14878,0.935484
14879,0.935484
14880,0.935484
14881,0.935484
14882,0.935484
14883,0.935484
14884,0.935484
14885,0.935484
14886,0.935484
14887,0.935484
14888,0.935484
14889,0.935484
14890,0.935484
14891,0.935484
14892,0.935484
14893,0.935484
14894,0.935484
14895,0.935484
14896,0.935484
14897,0.935484
14898,0.935484
14899,0.83871
14900,0.580645
14901,0.935484
14902,0.935484
14903,0.935484
14904,0.935484
14905,0.935484
14906,0.935484
14907,0.935484
14908,0.935484
14909,0.935484
14910,0.935484
14911,0.935484
14912,0.903226
14913,0.935484
14914,0.935484
14915,0.935484
14916,0.935484
14917,0.935484
14918,0.935484
14919,0.935484
14920,0.935484
14921,0.935484
14922,0.935484
14923,0.935484
14924,0.935484
14925,0.935484
14926,0.935484
14927,0.935484
14928,0.935484
14929,0.935484
14930,0.935484
14931,0.935484
14932,0.935484
14933,0.935484
14934,0.935484
14935,0.935484
14936,0.935484
14937,0.935484
14938,0.935484
14939,0.935484
14940,0.935484
14941,0.935484
14942,0.935484
14943,0.935484
14944,0.935484
14945,0.935484
14946,0.935484
14947,0.935484
14948,0.935484
14949,0.935484
14950,0.935484
14951,0.935484
14952,0.935484
14953,0.935484
14954,0.935484
14955,0.935484
14956,0.935484
14957,0.935484
14958,0.935484
14959,0.935484
14960,0.935484
14961,0.935484
14962,0.935484
14963,0.935484
14964,0.935484
14965,0.935484
14966,0.935484
14967,0.935484
14968,0.935484
14969,0.935484
14970,0.935484
14971,0.935484
14972,0.935484
14973,0.935484
14974,0.935484
14975,0.935484
14976,0.935484
14977,0.935484
14978,0.935484
14979,0.935484
14980,0.935484
14981,0.935484
14982,0.935484
14983,0.935484
14984,0.935484
14985,0.935484
14986,0.935484
14987,0.935484
14988,0.935484
14989,0.935484
14990,0.935484
14991,0.935484
14992,0.935484
14993,0.935484
14994,0.935484
14995,0.83871
14996,0.935484
14997,0.935484
14998,0.451613
14999,0.774194
15000,0.193548
15001,1
15002,0.935484
15003,0.870968
15004,0.935484
15005,0.870968
15006,0.870968
15007,0.935484
15008,0.935484
15009,0.935484
15010,0.935484
15011,0.935484
15012,0.935484
15013,0.935484
15014,0.935484
15015,0.935484
15016,0.935484
15017,0.935484
15018,0.935484
15019,0.935484
15020,0.935484
15021,0.935484
15022,0.935484
15023,0.935484
15024,0.935484
15025,0.935484
15026,0.935484
15027,0.935484
15028,0.935484
15029,0.935484
15030,0.935484
15031,0.935484
15032,0.935484
15033,0.935484
15034,0.935484
15035,0.451613
15036,0.83871
15037,1
15038,0.354839
15039,0.709677
15040,0.741935
15041,0.935484
15042,0.290323
15043,0.709677
15044,0.935484
15045,0.225806
15046,0.645161
15047,0.290323
15048,0.580645
15049,0.387097
15050,0.645161
15051,0.225806
15052,0.580645
15053,0.645161
15054,0.258065
15055,0.548387
15056,0.677419
15057,0.645161
15058,0.612903
15059,0.548387
15060,0.612903
15061,0.419355
15062,0.516129
15063,0.580645
15064,0.322581
15065,0.322581
15066,0.580645
15067,0.645161
15068,0.645161
15069,0.645161
15070,0.580645
15071,0.612903
15072,0.354839
15073,0.903226
15074,0.258065
15075,0.548387
15076,0.483871
15077,0.322581
15078,0.290323
15079,0.419355
15080,0.419355
15081,0.419355
15082,0.419355
15083,0.483871
15084,0.290323
15085,0.451613
15086,0.354839
15087,0.516129
15088,0.516129
15089,0.516129
15090,0.612903
15091,0.903226
15092,0.322581
15093,0.290323
15094,0.419355
15095,0.516129
15096,0.548387
15097,0.612903
15098,0.612903
15099,0.290323
15100,0.322581
15101,0.322581
15102,0.322581
15103,0.258065
15104,0.580645
15105,0.903226
15106,0.225806
15107,0.354839
15108,0.516129
15109,0.290323
15110,0.258065
15111,0.419355
15112,0.483871
15113,0.903226
15114,0.322581
15115,0.290323
15116,0.483871
15117,0.903226
15118,0.322581
15119,0.322581
15120,0.322581
15121,0.322581
15122,0.322581
15123,0.322581
15124,0.322581
15125,0.322581
15126,0.322581
15127,0.322581
15128,0.322581
15129,0.322581
15130,0.903226
15131,0.322581
15132,0.322581
15133,0.322581
15134,0.354839
15135,0.322581
15136,0.290323
15137,0.354839
15138,0.354839
15139,0.483871
15140,0.322581
15141,0.387097
15142,0.903226
15143,0.258065
15144,0.419355
15145,0.419355
15146,0.483871
15147,0.903226
15148,0.354839
15149,0.483871
15150,0.451613
15151,0.419355
15152,0.419355
15153,0.419355
15154,0.548387
15155,0.516129
15156,0.645161
15157,0.903226
15158,0.419355
15159,0.645161
15160,0.935484
15161,0.419355
15162,0.935484
15163,0.935484
15164,0.322581
15165,0.322581
15166,0.322581
15167,0.322581
15168,0.354839
15169,0.322581
15170,0.290323
15171,0.774194
15172,0.548387
15173,1
15174,0.83871
15175,0.451613
15176,1
15177,0.903226
15178,0.806452
15179,1
15180,0.774194
15181,1
15182,0.741935
15183,0.967742
15184,0.806452
15185,1
15186,0.709677
15187,1
15188,0.774194
15189,0.967742
15190,0.806452
15191,1
15192,0.741935
15193,1
15194,0.774194
15195,0.967742
15196,0.741935
15197,1
15198,0.83871
15199,0.516129
15200,1
15201,0.419355
15202,0.806452
15203,1
15204,0.806452
15205,1
15206,0.774194
15207,1
15208,0.548387
15209,1
15210,0.806452
15211,0.967742
15212,0.83871
15213,1
15214,0.83871
15215,0.935484
15216,0.806452
15217,1
15218,0.806452
15219,1
15220,0.83871
15221,1
15222,0.741935
15223,0.967742
15224,0.451613
15225,1
15226,0.870968
15227,0.580645
15228,1
15229,0.645161
15230,0.935484
15231,0.83871
15232,0.83871
15233,0.935484
15234,0.806452
15235,0.516129
15236,1
15237,0.741935
15238,1
15239,0.903226
15240,0.935484
15241,0.903226
15242,0.935484
15243,0.774194
15244,0.806452
15245,0.774194
15246,0.774194
15247,0.83871
15248,0.741935
15249,0.806452
15250,0.83871
15251,0.774194
15252,0.806452
15253,0.83871
15254,0.806452
15255,0.806452
15256,0.709677
15257,0.83871
15258,0.774194
15259,0.83871
15260,0.806452
15261,0.774194
15262,0.83871
15263,0.806452
15264,0.806452
15265,0.83871
15266,0.806452
15267,0.870968
15268,0.903226
15269,0.935484
15270,0.935484
15271,0.483871
15272,0.935484
15273,0.935484
15274,0.419355
15275,0.83871
15276,0.774194
15277,0.806452
15278,0.774194
15279,0.741935
15280,0.83871
15281,0.774194
15282,0.580645
15283,0.83871
15284,0.83871
15285,0.806452
15286,0.83871
15287,0.903226
15288,0.451613
15289,1
15290,0.967742
15291,1
15292,0.387097
15293,0.935484
15294,0.806452
15295,0.967742
15296,0.903226
15297,0.935484
15298,0.387097
15299,0.677419
15300,0.677419
15301,0.677419
15302,0.677419
15303,0.741935
15304,0.935484
15305,0.354839
15306,0.774194
15307,0.935484
15308,0.935484
15309,0.935484
15310,0.935484
15311,0.935484
15312,0.935484
15313,0.935484
15314,0.935484
15315,0.451613
15316,1
15317,0.935484
15318,0.903226
15319,0.903226
15320,0.935484
15321,0.903226
15322,0.903226
15323,0.903226
15324,0.903226
15325,0.935484
15326,0.483871
15327,0.935484
15328,0.935484
15329,0.483871
15330,0.967742
15331,0.935484
15332,0.935484
15333,0.451613
15334,0.967742
15335,0.935484
15336,0.387097
15337,0.935484
15338,0.387097
15339,0.935484
15340,0.935484
15341,0.935484
15342,0.935484
15343,0.935484
15344,0.451613
15345,1
15346,0.903226
15347,0.935484
15348,0.83871
15349,0.451613
15350,0.935484
15351,0.935484
15352,0.935484
15353,0.935484
15354,0.935484
15355,0.935484
15356,0.935484
15357,0.935484
15358,0.354839
15359,0.935484
15360,0.387097
15361,0.677419
15362,0.774194
15363,0.935484
15364,0.387097
15365,0.935484
15366,0.387097
15367,0.935484
15368,0.935484
15369,0.935484
15370,0.935484
15371,0.935484
15372,0.451613
15373,0.967742
15374,0.935484
15375,0.935484
15376,0.935484
15377,0.935484
15378,0.483871
15379,0.870968
15380,0.870968
15381,1
15382,0.935484
15383,0.935484
15384,0.935484
15385,0.451613
15386,0.83871
15387,0.870968
15388,0.935484
15389,0.935484
15390,0.451613
15391,0.870968
15392,0.935484
15393,0.935484
15394,0.935484
15395,0.935484
15396,0.516129
15397,0.967742
15398,0.387097
15399,0.709677
15400,0.516129
15401,0.612903
15402,0.935484
15403,0.935484
15404,0.935484
15405,0.935484
15406,0.935484
15407,0.935484
15408,0.935484
15409,0.935484
15410,0.935484
15411,0.935484
15412,0.935484
15413,0.935484
15414,0.451613
15415,1
15416,0.451613
15417,1
15418,0.935484
15419,0.870968
15420,0.967742
15421,0.903226
15422,0.935484
15423,0.870968
15424,0.935484
15425,0.870968
15426,0.419355
15427,0.967742
15428,1
15429,0.451613
15430,1
15431,0.645161
15432,1
15433,0.83871
15434,0.935484
15435,0.83871
15436,0.935484
15437,0.870968
15438,0.935484
15439,0.870968
15440,1
15441,0.419355
15442,1
15443,0.83871
15444,1
15445,0.870968
15446,0.451613
15447,1
15448,0.419355
15449,1
15450,0.806452
15451,0.903226
15452,0.967742
15453,0.806452
15454,0.935484
15455,0.806452
15456,0.903226
15457,0.870968
15458,0.935484
15459,0.580645
15460,1
15461,0.612903
15462,0.806452
15463,0.903226
15464,0.290323
15465,1
15466,0.903226
15467,0.83871
15468,0.677419
15469,0.967742
15470,0.83871
15471,0.548387
15472,1
15473,0.870968
15474,1
15475,1
15476,0.935484
15477,0.387097
15478,1
15479,0.935484
15480,0.516129
15481,0.967742
15482,0.935484
15483,0.419355
15484,0.935484
15485,0.516129
15486,1
15487,1
15488,1
15489,0.935484
15490,1
15491,1
15492,1
15493,1
15494,1
15495,1
15496,0.967742
15497,1
15498,1
15499,0.967742
15500,1
15501,0.967742
15502,1
15503,1
15504,0.967742
15505,0.967742
15506,0.935484
15507,0.967742
15508,1
15509,0.935484
15510,0.935484
15511,0.903226
15512,0.967742
15513,0.935484
15514,0.967742
15515,0.903226
15516,0.967742
15517,0.903226
15518,0.903226
15519,0.903226
15520,0.741935
15521,0.580645
15522,0.967742
15523,0.967742
15524,0.935484
15525,0.935484
15526,0.967742
15527,0.83871
15528,0.870968
15529,0.870968
15530,0.870968
15531,0.903226
15532,0.967742
15533,0.903226
15534,0.967742
15535,0.967742
15536,1
15537,1
15538,1
15539,1
15540,1
15541,1
15542,0.935484
15543,0.903226
15544,0.967742
15545,0.870968
15546,0.903226
15547,0.903226
15548,0.870968
15549,1
15550,1
15551,1
15552,1
15553,0.967742
15554,0.967742
15555,0.903226
15556,1
15557,0.967742
15558,0.967742
15559,0.935484
15560,0.967742
15561,0.967742
15562,0.967742
15563,0.967742
15564,0.935484
15565,0.935484
15566,0.967742
15567,0.935484
15568,0.903226
15569,0.935484
15570,0.967742
15571,0.935484
15572,0.935484
15573,0.677419
15574,0.903226
15575,0.870968
15576,0.83871
15577,0.870968
15578,0.225806
15579,0.709677
15580,0.709677
15581,0.806452
15582,0.903226
15583,0.83871
15584,1
15585,0.935484
15586,0.935484
15587,0.774194
15588,0.83871
15589,0.83871
15590,0.870968
15591,0.806452
15592,0.870968
15593,0.83871
15594,0.677419
15595,0.83871
15596,0.677419
15597,0.806452
15598,0.258065
15599,0.709677
15600,0.645161
15601,0.774194
15602,0.806452
15603,0.709677
15604,0.741935
15605,0.741935
15606,0.806452
15607,0.677419
15608,0.83871
15609,0.741935
15610,0.806452
15611,0.806452
15612,0.806452
15613,0.741935
15614,0.870968
15615,0.741935
15616,0.774194
15617,0.774194
15618,0.677419
15619,0.741935
15620,0.709677
15621,0.741935
15622,0.677419
15623,0.709677
15624,0.709677
15625,0.741935
15626,0.709677
15627,0.741935
15628,0.709677
15629,0.774194
15630,0.709677
15631,0.741935
15632,0.709677
15633,0.741935
15634,0.709677
15635,0.741935
15636,0.709677
15637,0.741935
15638,0.709677
15639,0.774194
15640,0.741935
15641,0.741935
15642,0.709677
15643,0.774194
15644,0.741935
15645,0.806452
15646,0.741935
15647,0.741935
15648,0.774194
15649,0.741935
15650,0.741935
15651,0.741935
15652,0.741935
15653,0.774194
15654,0.677419
15655,0.645161
15656,1
15657,0.645161
15658,0.258065
15659,0.580645
15660,0.806452
15661,0.612903
15662,0.935484
15663,0.516129
15664,0.903226
15665,0.677419
15666,0.774194
15667,0.709677
15668,0.774194
15669,0.709677
15670,0.741935
15671,0.709677
15672,0.709677
15673,0.709677
15674,0.709677
15675,0.709677
15676,0.709677
15677,0.709677
15678,0.709677
15679,0.709677
15680,0.709677
15681,0.709677
15682,0.709677
15683,0.709677
15684,0.709677
15685,0.709677
15686,0.677419
15687,0.677419
15688,0.677419
15689,0.677419
15690,0.677419
15691,0.677419
15692,0.677419
15693,0.677419
15694,0.645161
15695,0.677419
15696,0.709677
15697,0.612903
15698,0.612903
15699,0.612903
15700,0.516129
15701,0.548387
15702,0.548387
15703,0.516129
15704,0.548387
15705,0.548387
15706,0.516129
15707,0.548387
15708,0.516129
15709,0.580645
15710,0.580645
15711,0.548387
15712,0.516129
15713,0.516129
15714,0.516129
15715,0.516129
15716,0.516129
15717,0.516129
15718,0.419355
15719,0.451613
15720,0.451613
15721,0.580645
15722,0.548387
15723,0.451613
15724,0.580645
15725,0.451613
15726,0.548387
15727,0.387097
15728,0.548387
15729,0.387097
15730,0.387097
15731,0.548387
15732,0.483871
15733,0.419355
15734,0.419355
15735,0.419355
15736,0.419355
15737,0.387097
15738,0.387097
15739,0.387097
15740,0.387097
15741,0.387097
15742,0.322581
15743,0.322581
15744,0.322581
15745,0.322581
15746,0.290323
15747,0.354839
15748,0.387097
15749,0.354839
15750,0.387097
15751,0.354839
15752,0.354839
15753,0.354839
15754,0.354839
15755,0.322581
15756,0.290323
15757,0.290323
15758,0.451613
15759,0.419355
15760,0.419355
15761,0.290323
15762,0.290323
15763,0.354839
15764,0.387097
15765,0.354839
15766,0.354839
15767,0.322581
15768,0.322581
15769,0.322581
15770,0.322581
15771,0.419355
15772,0.225806
15773,0.322581
15774,0.290323
15775,0.290323
15776,0.290323
15777,0.322581
15778,0.290323
15779,0.290323
15780,0.354839
15781,0.322581
15782,0.354839
15783,0.354839
15784,0.354839
15785,0.354839
15786,0.387097
15787,0.322581
15788,0.354839
15789,0.322581
15790,0.322581
15791,0.354839
15792,0.322581
15793,0.322581
15794,0.322581
15795,0.322581
15796,0.322581
15797,0.322581
15798,0.322581
15799,0.322581
15800,0.322581
15801,0.322581
15802,0.322581
15803,0.322581
15804,0.419355
15805,0.387097
15806,0.387097
15807,0.322581
15808,0.290323
15809,0.322581
15810,0.354839
15811,0.354839
15812,0.354839
15813,0.354839
15814,0.354839
15815,0.354839
15816,0.354839
15817,0.290323
15818,0.290323
15819,0.290323
15820,0.290323
15821,0.290323
15822,0.419355
15823,0.387097
15824,0.354839
15825,0.290323
15826,0.387097
15827,0.290323
15828,0.290323
15829,0.290323
15830,0.290323
15831,0.290323
15832,0.387097
15833,0.354839
15834,0.354839
15835,0.354839
15836,0.354839
15837,0.483871
15838,0.419355
15839,0.451613
15840,0.483871
15841,0.451613
15842,0.387097
15843,0.451613
15844,0.516129
15845,0.483871
15846,0.870968
15847,0.451613
15848,1
15849,0.677419
15850,1
15851,0.516129
15852,0.290323
15853,0.741935
15854,0.967742
15855,0.612903
15856,0.870968
15857,0.774194
15858,0.903226
15859,0.967742
15860,0.774194
15861,0.935484
15862,0.612903
15863,1
15864,0.677419
15865,1
15866,0.83871
15867,1
15868,0.548387
15869,1
15870,0.645161
15871,0.774194
15872,0.806452
15873,0.580645
15874,0.612903
15875,0.935484
15876,0.612903
15877,0.774194
15878,0.870968
15879,0.612903
15880,0.612903
15881,0.903226
15882,0.612903
15883,0.677419
15884,0.870968
15885,0.516129
15886,0.548387
15887,0.677419
15888,0.548387
15889,0.580645
15890,0.806452
15891,0.483871
15892,0.612903
15893,1
15894,0.483871
15895,0.580645
15896,0.870968
15897,0.612903
15898,0.677419
15899,0.967742
15900,0.483871
15901,0.741935
15902,0.967742
15903,0.677419
15904,0.935484
15905,0.935484
15906,0.677419
15907,0.967742
15908,0.483871
15909,0.903226
15910,0.0967742
15911,0.774194
15912,0.258065
15913,0.741935
15914,0.419355
15915,0.709677
15916,0.451613
15917,0.677419
15918,0.419355
15919,0.612903
15920,0.580645
15921,0.580645
15922,0.612903
15923,0.677419
15924,0.645161
15925,0.645161
15926,0.548387
15927,0.548387
15928,0.516129
15929,0.548387
15930,0.548387
15931,0.548387
15932,0.548387
15933,0.548387
15934,0.580645
15935,0.580645
15936,0.548387
15937,0.580645
15938,0.612903
15939,0.645161
15940,0.709677
15941,0.516129
15942,0.677419
15943,0.548387
15944,0.645161
15945,0.580645
15946,0.612903
15947,0.483871
15948,0.548387
15949,0.483871
15950,0.516129
15951,0.483871
15952,0.516129
15953,0.483871
15954,0.516129
15955,0.645161
15956,0.516129
15957,0.483871
15958,0.677419
15959,0.483871
15960,0.580645
15961,0.516129
15962,0.580645
15963,0.483871
15964,0.580645
15965,0.419355
15966,0.516129
15967,0.387097
15968,0.483871
15969,0.612903
15970,0.483871
15971,0.451613
15972,0.903226
15973,0.580645
15974,0.483871
15975,0.677419
15976,0.645161
15977,0.548387
15978,0.612903
15979,0.580645
15980,0.612903
15981,0.580645
15982,0.612903
15983,0.580645
15984,0.580645
15985,0.612903
15986,0.677419
15987,0.645161
15988,0.83871
15989,0.741935
15990,0.774194
15991,0.580645
15992,0.967742
15993,0.580645
15994,0.903226
15995,0.419355
15996,1
15997,0.516129
15998,1
15999,0.516129
16000,1
16001,0.419355
16002,0.903226
16003,0.387097
16004,0.83871
16005,0.387097
16006,0.774194
16007,0.419355
16008,0.83871
16009,0.322581
16010,0.774194
16011,0.290323
16012,0.774194
16013,0.322581
16014,0.870968
16015,0.354839
16016,0.903226
16017,0.419355
16018,0.870968
16019,0.451613
16020,0.83871
16021,0.580645
16022,0.903226
16023,0.645161
16024,0.806452
16025,0.903226
16026,0.709677
16027,0.967742
16028,0.580645
16029,1
16030,0.709677
16031,0.903226
16032,0.774194
16033,0.741935
16034,0.83871
16035,0.741935
16036,0.741935
16037,0.870968
16038,0.741935
16039,0.806452
16040,0.83871
16041,0.83871
16042,0.806452
16043,0.806452
16044,0.83871
16045,0.83871
16046,0.806452
16047,0.774194
16048,0.903226
16049,0.806452
16050,0.870968
16051,0.83871
16052,0.870968
16053,0.903226
16054,0.935484
16055,0.806452
16056,0.83871
16057,0.806452
16058,0.903226
16059,0.903226
16060,0.774194
16061,0.967742
16062,0.903226
16063,0.741935
16064,0.806452
16065,1
16066,0.774194
16067,0.774194
16068,0.967742
16069,0.741935
16070,0.741935
16071,1
16072,0.774194
16073,0.967742
16074,1
16075,0.83871
16076,1
16077,0.83871
16078,0.903226
16079,0.903226
16080,0.870968
16081,1
16082,0.903226
16083,0.83871
16084,0.967742
16085,0.870968
16086,0.83871
16087,0.903226
16088,0.903226
16089,0.935484
16090,0.774194
16091,0.806452
16092,0.83871
16093,0.83871
16094,0.83871
16095,0.83871
16096,0.806452
16097,0.83871
16098,0.83871
16099,0.935484
16100,0.83871
16101,0.83871
16102,0.935484
16103,0.677419
16104,1
16105,0.483871
16106,1
16107,0.548387
16108,1
16109,0.612903
16110,1
16111,0.612903
16112,0.967742
16113,0.645161
16114,0.935484
16115,0.870968
16116,0.806452
16117,0.935484
16118,0.870968
16119,0.967742
16120,0.935484
16121,0.903226
16122,0.967742
16123,1
16124,0.935484
16125,0.967742
16126,0.870968
16127,0.903226
16128,0.903226
16129,0.903226
16130,0.870968
16131,0.322581
16132,0.387097
16133,0.870968
16134,0.903226
16135,0.806452
16136,0.903226
16137,0.806452
16138,0.290323
16139,0.451613
16140,0.451613
16141,0.451613
16142,0.387097
16143,0.83871
16144,0.83871
16145,0.83871
16146,0.806452
16147,0.806452
16148,0.83871
16149,0.806452
16150,0.83871
16151,0.83871
16152,0.290323
16153,0.483871
16154,0.290323
16155,0.451613
16156,0.451613
16157,0.451613
16158,0.451613
16159,0.387097
16160,0.870968
16161,0.290323
16162,0.387097
16163,0.709677
16164,0.806452
16165,0.806452
16166,0.193548
16167,1
16168,0.806452
16169,0.774194
16170,0.903226
16171,0.322581
16172,0.451613
16173,0.387097
16174,0.741935
16175,0.677419
16176,0.741935
16177,0.677419
16178,0.709677
16179,0.677419
16180,0.774194
16181,0.290323
16182,0.451613
16183,0.387097
16184,0.741935
16185,0.645161
16186,0.774194
16187,0.290323
16188,0.451613
16189,0.451613
16190,0.451613
16191,0.387097
16192,0.741935
16193,0.677419
16194,0.741935
16195,0.612903
16196,0.741935
16197,0.612903
16198,0.741935
16199,0.225806
16200,0.645161
16201,0.548387
16202,0.580645
16203,0.774194
16204,0.580645
16205,0.709677
16206,0.645161
16207,0.322581
16208,0.387097
16209,0.645161
16210,0.580645
16211,0.612903
16212,0.612903
16213,0.645161
16214,0.645161
16215,0.354839
16216,0.645161
16217,0.645161
16218,0.612903
16219,0.645161
16220,0.645161
16221,0.225806
16222,0.612903
16223,0.322581
16224,0.612903
16225,0.645161
16226,0.580645
16227,0.645161
16228,0.580645
16229,0.677419
16230,0.612903
16231,0.645161
16232,0.645161
16233,0.580645
16234,0.548387
16235,0.645161
16236,0.741935
16237,0.451613
16238,1
16239,0.548387
16240,0.290323
16241,0.580645
16242,0.451613
16243,0.612903
16244,0.741935
16245,0.483871
16246,1
16247,0.322581
16248,0.709677
16249,0.741935
16250,0.709677
16251,0.741935
16252,0.645161
16253,0.709677
16254,0.709677
16255,0.709677
16256,0.709677
16257,0.677419
16258,0.451613
16259,0.451613
16260,0.419355
16261,0.677419
16262,0.645161
16263,0.645161
16264,0.645161
16265,0.645161
16266,0.645161
16267,0.645161
16268,0.612903
16269,0.612903
16270,0.612903
16271,0.612903
16272,0.612903
16273,0.516129
16274,0.548387
16275,0.548387
16276,0.516129
16277,0.516129
16278,0.451613
16279,0.483871
16280,0.516129
16281,0.516129
16282,0.419355
16283,0.419355
16284,0.419355
16285,0.580645
16286,0.483871
16287,0.483871
16288,0.483871
16289,0.419355
16290,0.451613
16291,0.451613
16292,0.451613
16293,0.451613
16294,0.451613
16295,0.451613
16296,0.451613
16297,0.548387
16298,1
16299,1
16300,1
16301,1
16302,0.516129
16303,1
16304,1
16305,1
16306,1
16307,1
16308,1
16309,1
16310,1
16311,1
16312,1
16313,1
16314,1
16315,1
16316,1
16317,1
16318,1
16319,1
16320,1
16321,1
16322,1
16323,1
16324,1
16325,1
16326,1
16327,1
16328,1
16329,1
16330,1
16331,1
16332,1
16333,1
16334,1
16335,1
16336,1
16337,1
16338,1
16339,1
16340,1
16341,1
16342,1
16343,1
16344,1
16345,1
16346,1
16347,1
16348,1
16349,1
16350,1
16351,1
16352,1
16353,1
16354,1
16355,1
16356,1
16357,1
16358,1
16359,1
16360,1
16361,1
16362,1
16363,1
16364,1
16365,1
16366,1
16367,1
16368,1
16369,1
16370,1
16371,1
16372,1
16373,1
16374,1
16375,1
16376,1
16377,1
16378,1
16379,1
16380,1
16381,1
16382,1
16383,1
16384,1
16385,1
16386,1
16387,1
16388,1
16389,1
16390,1
16391,1
16392,1
16393,1
16394,1
16395,1
16396,1
16397,1
16398,1
16399,1
16400,1
16401,1
16402,1
16403,1
16404,1
16405,1
16406,1
16407,1
16408,1
16409,1
16410,1
16411,1
16412,1
16413,1
16414,1
16415,1
16416,1
16417,1
16418,1
16419,1
16420,1
16421,1
16422,1
16423,1
16424,0.903226
16425,1
16426,0.935484
16427,0.935484
16428,0.870968
16429,1
16430,0.935484
16431,0.967742
16432,0.935484
16433,1
16434,0.935484
16435,1
16436,0.935484
16437,1
16438,0.935484
16439,1
16440,0.935484
16441,1
16442,0.935484
16443,1
16444,0.935484
16445,1
16446,0.935484
16447,0.967742
16448,0.935484
16449,1
16450,0.935484
16451,1
16452,0.903226
16453,1
16454,0.935484
16455,1
16456,0.935484
16457,1
16458,0.935484
16459,1
16460,0.935484
16461,1
16462,0.935484
16463,1
16464,0.935484
16465,1
16466,0.935484
16467,1
16468,0.903226
16469,1
16470,0.935484
16471,1
16472,0.935484
16473,1
16474,0.935484
16475,1
16476,0.935484
16477,1
16478,0.935484
16479,1
16480,0.935484
16481,0.967742
16482,0.903226
16483,0.935484
16484,0.935484
16485,1
16486,0.903226
16487,1
16488,0.967742
16489,0.967742
16490,1
16491,1
16492,1
16493,1
16494,1
16495,1
16496,1
16497,1
16498,1
16499,1
16500,1
16501,1
16502,1
16503,1
16504,1
16505,1
16506,1
16507,1
16508,1
16509,0.580645
16510,0.870968
16511,1
16512,1
16513,1
16514,0.322581
16515,0.419355
16516,0.290323
16517,0.387097
16518,0.290323
16519,0.903226
16520,1
16521,1
16522,0.322581
16523,0.419355
16524,0.290323
16525,0.387097
16526,0.290323
16527,0.322581
16528,0.290323
16529,0.935484
16530,0.967742
16531,1
16532,0.967742
16533,0.290323
16534,0.387097
16535,0.290323
16536,0.290323
16537,0.935484
16538,0.322581
16539,0.387097
16540,0.225806
16541,0.903226
16542,1
16543,0.741935
16544,0.741935
16545,0.419355
16546,0.645161
16547,0.709677
16548,0.645161
16549,1
16550,1
16551,1
16552,0.258065
16553,0.903226
16554,1
16555,0.193548
16556,0.870968
16557,0.741935
16558,0.709677
16559,0.709677
16560,0.709677
16561,0.741935
16562,0.419355
16563,0.645161
16564,0.709677
16565,0.709677
16566,0.709677
16567,0.709677
16568,0.709677
16569,0.709677
16570,0.709677
16571,0.774194
16572,0.225806
16573,0.645161
16574,0.451613
16575,0.387097
16576,0.645161
16577,0.709677
16578,0.709677
16579,0.709677
16580,0.709677
16581,0.709677
16582,0.709677
16583,0.709677
16584,0.709677
16585,0.709677
16586,0.741935
16587,0.419355
16588,0.645161
16589,0.709677
16590,0.709677
16591,0.806452
16592,0.258065
16593,0.354839
16594,0.387097
16595,0.645161
16596,0.709677
16597,0.709677
16598,0.709677
16599,0.709677
16600,0.709677
16601,0.709677
16602,0.709677
16603,0.419355
16604,0.709677
16605,0.451613
16606,0.354839
16607,0.387097
16608,0.225806
16609,0.419355
16610,0.225806
16611,0.419355
16612,0.225806
16613,0.419355
16614,0.225806
16615,0.419355
16616,0.225806
16617,0.419355
16618,0.225806
16619,0.419355
16620,0.225806
16621,0.419355
16622,0.225806
16623,0.419355
16624,0.225806
16625,0.419355
16626,0.225806
16627,0.419355
16628,0.225806
16629,0.419355
16630,0.322581
16631,0.193548
16632,0.258065
16633,0.258065
16634,0.258065
16635,0.258065
16636,0.258065
16637,0.258065
16638,0.290323
16639,0.16129
16640,0.387097
16641,0.225806
16642,0.419355
16643,0.225806
16644,0.419355
16645,0.225806
16646,0.419355
16647,0.258065
16648,0.225806
16649,0.419355
16650,0.225806
16651,0.419355
16652,0.225806
16653,0.419355
16654,0.225806
16655,0.419355
16656,0.322581
16657,0.193548
16658,0.258065
16659,0.258065
16660,0.290323
16661,0.16129
16662,0.451613
16663,0.870968
16664,0.419355
16665,0.83871
16666,0.935484
16667,0.935484
16668,0.935484
16669,0.967742
16670,1
16671,0.967742
16672,0.935484
16673,0.806452
16674,0.483871
16675,0.935484
16676,0.903226
16677,1
16678,0.935484
16679,1
16680,0.935484
16681,1
16682,0.967742
16683,1
16684,1
16685,0.935484
16686,0.935484
16687,0.935484
16688,0.967742
16689,0.354839
16690,0.193548
16691,0.322581
16692,0.290323
16693,0.806452
16694,0.903226
16695,0.903226
16696,0.903226
16697,0.903226
16698,0.903226
16699,0.903226
16700,0.903226
16701,0.903226
16702,0.903226
16703,0.903226
16704,0.903226
16705,0.903226
16706,0.903226
16707,0.903226
16708,0.903226
16709,0.903226
16710,0.903226
16711,0.903226
16712,0.903226
16713,0.903226
16714,0.903226
16715,0.903226
16716,0.903226
16717,0.903226
16718,0.903226
16719,0.903226
16720,0.903226
16721,0.903226
16722,0.903226
16723,0.903226
16724,0.903226
16725,0.903226
16726,0.903226
16727,0.903226
16728,0.903226
16729,0.903226
16730,0.903226
16731,0.903226
16732,0.903226
16733,0.16129
16734,0.870968
16735,1
16736,1
16737,1
16738,1
16739,1
16740,1
16741,1
16742,0.677419
16743,1
16744,1
16745,1
16746,0.645161
16747,1
16748,1
16749,1
16750,1
16751,1
16752,0.677419
16753,1
16754,1
16755,1
16756,0.645161
16757,1
16758,1
16759,1
16760,1
16761,1
16762,1
16763,1
16764,1
16765,1
16766,1
16767,0.741935
16768,0.645161
16769,1
16770,1
16771,1
16772,1
16773,1
16774,1
16775,1
16776,1
16777,1
16778,1
16779,1
16780,1
16781,1
16782,1
16783,1
16784,1
16785,1
16786,0.741935
16787,0.709677
16788,0.709677
16789,0.709677
16790,0.709677
16791,0.709677
16792,0.709677
16793,0.645161
16794,1
16795,1
16796,0.741935
16797,0.709677
16798,0.709677
16799,0.709677
16800,0.709677
16801,0.645161
16802,1
16803,1
16804,0.741935
16805,0.709677
16806,0.645161
16807,1
16808,0.741935
16809,0.709677
16810,0.709677
16811,0.709677
16812,0.709677
16813,0.709677
16814,0.741935
16815,0.451613
16816,0.419355
16817,0.419355
16818,0.419355
16819,0.419355
16820,0.419355
16821,0.419355
16822,0.419355
16823,0.419355
16824,0.419355
16825,0.419355
16826,0.419355
16827,0.419355
16828,0.419355
16829,0.419355
16830,0.354839
16831,0.935484
16832,0.290323
16833,0.354839
16834,0.354839
16835,0.387097
16836,0.419355
16837,0.419355
16838,0.419355
16839,0.354839
16840,0.935484
16841,0.290323
16842,0.419355
16843,0.225806
16844,0.903226
16845,1
16846,0.290323
16847,0.419355
16848,0.290323
16849,0.322581
16850,0.935484
16851,0.225806
16852,0.83871
16853,0.322581
16854,0.419355
16855,0.354839
16856,0.225806
16857,0.258065
16858,0.258065
16859,0.258065
16860,0.225806
16861,0.935484
16862,1
16863,0.967742
16864,0.709677
16865,0.612903
16866,0.290323
16867,0.903226
16868,0.419355
16869,0.935484
16870,0.967742
16871,0.903226
16872,0.774194
16873,1
16874,1
16875,0.903226
16876,1
16877,1
16878,0.290323
16879,0.419355
16880,0.290323
16881,0.483871
16882,0.354839
16883,0.258065
16884,0.193548
16885,0.258065
16886,0.258065
16887,0.225806
16888,0.354839
16889,0.612903
16890,1
16891,1
16892,1
16893,1
16894,1
16895,1
16896,0.967742
16897,1
16898,1
16899,1
16900,1
16901,1
16902,1
16903,1
16904,1
16905,1
16906,1
16907,1
16908,1
16909,1
16910,1
16911,1
16912,0.967742
16913,0.967742
16914,1
16915,0.967742
16916,1
16917,1
16918,1
16919,0.935484
16920,0.967742
16921,0.967742
16922,0.967742
16923,1
16924,0.935484
16925,1
16926,0.967742
16927,1
16928,0.967742
16929,1
16930,0.967742
16931,0.967742
16932,0.967742
16933,0.967742
16934,1
16935,1
16936,1
16937,1
16938,1
16939,1
16940,1
16941,1
16942,1
16943,1
16944,1
16945,1
16946,1
16947,0.903226
16948,1
16949,0.903226
16950,1
16951,0.903226
16952,1
16953,0.903226
16954,1
16955,0.903226
16956,1
16957,0.903226
16958,1
16959,0.935484
16960,1
16961,0.903226
16962,1
16963,0.903226
16964,1
16965,0.903226
16966,1
16967,0.935484
16968,1
16969,0.935484
16970,1
16971,0.935484
16972,1
16973,0.935484
16974,1
16975,0.935484
16976,1
16977,0.935484
16978,1
16979,0.935484
16980,0.967742
16981,0.935484
16982,0.967742
16983,0.935484
16984,0.967742
16985,0.935484
16986,0.967742
16987,0.967742
16988,0.645161
16989,0.967742
16990,0.967742
16991,0.935484
16992,0.935484
16993,1
16994,0.903226
16995,1
16996,0.935484
16997,1
16998,0.935484
16999,1
17000,0.935484
17001,1
17002,0.935484
17003,1
17004,0.903226
17005,1
17006,0.935484
17007,1
17008,0.903226
17009,1
17010,0.967742
17011,1
17012,0.935484
17013,0.967742
17014,1
17015,1
17016,1
17017,1
17018,1
17019,1
17020,1
17021,1
17022,1
17023,1
17024,1
17025,1
17026,1
17027,1
17028,1
17029,1
17030,1
17031,1
17032,1
17033,1
17034,1
17035,1
17036,1
17037,1
17038,1
17039,1
17040,1
17041,1
17042,1
17043,1
17044,1
17045,1
17046,1
17047,1
17048,1
17049,1
17050,1
17051,1
17052,0.935484
17053,0.967742
17054,0.935484
17055,1
17056,0.967742
17057,1
17058,0.967742
17059,1
17060,1
17061,0.967742
17062,0.903226
17063,0.935484
17064,0.774194
17065,0.193548
17066,0.903226
17067,1
17068,1
17069,0.967742
17070,0.935484
17071,0.967742
17072,1
17073,0.935484
17074,1
17075,0.967742
17076,0.322581
17077,0.16129
17078,0.935484
17079,0.967742
17080,0.967742
17081,0.612903
17082,1
17083,0.967742
17084,0.967742
17085,0.645161
17086,1
17087,0.967742
17088,0.967742
17089,1
17090,0.967742
17091,1
17092,0.967742
17093,0.677419
17094,1
17095,1
17096,0.967742
17097,0.645161
17098,1
17099,0.967742
17100,1
17101,0.967742
17102,1
17103,0.967742
17104,1
17105,0.612903
17106,1
17107,0.967742
17108,1
17109,0.967742
17110,1
17111,1
17112,0.967742
17113,1
17114,0.967742
17115,1
17116,1
17117,1
17118,1
17119,1
17120,1
17121,0.967742
17122,1
17123,0.967742
17124,1
17125,1
17126,0.677419
17127,0.16129
17128,1
17129,0.967742
17130,1
17131,0.967742
17132,1
17133,0.967742
17134,1
17135,0.967742
17136,1
17137,0.967742
17138,1
17139,0.967742
17140,1
17141,0.967742
17142,1
17143,0.967742
17144,1
17145,0.967742
17146,1
17147,0.967742
17148,1
17149,0.967742
17150,1
17151,0.967742
17152,1
17153,0.967742
17154,1
17155,1
17156,1
17157,1
17158,1
17159,1
17160,1
17161,1
17162,1
17163,0.193548
17164,0.258065
17165,0.225806
17166,0.935484
17167,0.193548
17168,0.258065
17169,0.258065
17170,0.290323
17171,0.193548
17172,0.16129
17173,0.16129
17174,0.193548
17175,0.193548
17176,0.16129
17177,0.16129
17178,0.16129
17179,0.16129
17180,0.16129
17181,0.16129
17182,0.225806
17183,0.322581
17184,0.451613
17185,0.387097
17186,0.16129
17187,0.258065
17188,0.258065
17189,0.419355
17190,0.483871
17191,0.967742
17192,0.903226
17193,1
17194,0.354839
17195,0.612903
17196,0.741935
17197,0.290323
17198,0.903226
17199,1
17200,0.935484
17201,1
17202,0.935484
17203,1
17204,0.967742
17205,0.967742
17206,0.967742
17207,0.967742
17208,0.354839
17209,0.354839
17210,0.387097
17211,0.290323
17212,0.354839
17213,0.354839
17214,0.354839
17215,0.387097
17216,0.290323
17217,0.354839
17218,0.354839
17219,0.354839
17220,0.354839
17221,0.354839
17222,0.354839
17223,0.354839
17224,0.354839
17225,0.354839
17226,0.354839
17227,0.354839
17228,0.354839
17229,0.354839
17230,0.354839
17231,0.354839
17232,0.354839
17233,0.354839
17234,0.322581
17235,0.483871
17236,0.387097
17237,0.322581
17238,0.451613
17239,0.516129
17240,0.387097
17241,0.354839
17242,0.354839
17243,0.354839
17244,0.354839
17245,0.354839
17246,0.354839
17247,0.354839
17248,0.354839
17249,0.387097
17250,0.387097
17251,0.387097
17252,0.387097
17253,0.387097
17254,0.387097
17255,0.387097
17256,0.387097
17257,0.354839
17258,0.387097
17259,0.387097
17260,0.354839
17261,0.354839
17262,0.387097
17263,0.387097
17264,0.387097
17265,0.387097
17266,0.387097
17267,0.387097
17268,0.387097
17269,0.387097
17270,0.387097
17271,0.387097
17272,0.387097
17273,0.387097
17274,0.387097
17275,0.387097
17276,0.387097
17277,0.387097
17278,0.387097
17279,0.387097
17280,0.387097
17281,0.387097
17282,0.387097
17283,0.387097
17284,0.387097
17285,0.387097
17286,0.387097
17287,0.387097
17288,0.387097
17289,0.387097
17290,0.419355
17291,0.322581
17292,0.387097
17293,0.387097
17294,0.387097
17295,0.387097
17296,0.387097
17297,0.387097
17298,0.387097
17299,0.387097
17300,0.387097
17301,0.387097
17302,0.354839
17303,0.548387
17304,0.419355
17305,0.354839
17306,0.354839
17307,0.354839
17308,0.354839
17309,0.322581
17310,0.354839
17311,0.516129
17312,0.419355
17313,0.419355
17314,0.354839
17315,0.322581
17316,0.387097
17317,0.354839
17318,0.354839
17319,0.322581
17320,0.387097
17321,0.387097
17322,0.387097
17323,0.387097
17324,0.387097
17325,0.387097
17326,0.387097
17327,0.387097
17328,0.419355
17329,0.354839
17330,0.322581
17331,0.354839
17332,0.354839
17333,0.354839
17334,0.387097
17335,0.387097
17336,0.387097
17337,0.387097
17338,0.387097
17339,0.387097
17340,0.387097
17341,0.387097
17342,0.419355
17343,0.354839
17344,0.354839
17345,0.322581
17346,0.387097
17347,0.387097
17348,0.419355
17349,0.387097
17350,0.387097
17351,0.387097
17352,0.387097
17353,0.354839
17354,0.354839
17355,0.387097
17356,0.354839
17357,0.419355
17358,0.387097
17359,0.387097
17360,0.387097
17361,0.354839
17362,0.419355
17363,0.387097
17364,0.354839
17365,0.419355
17366,0.354839
17367,0.419355
17368,0.354839
17369,0.322581
17370,0.354839
17371,0.354839
17372,0.354839
17373,0.354839
17374,0.354839
17375,0.322581
17376,0.548387
17377,0.354839
17378,0.354839
17379,0.354839
17380,0.387097
17381,0.322581
17382,0.290323
17383,0.935484
17384,1
17385,0.935484
17386,0.967742
17387,0.903226
17388,1
17389,0.903226
17390,1
17391,0.935484
17392,1
17393,0.870968
17394,1
17395,0.935484
17396,1
17397,0.870968
17398,0.967742
17399,0.935484
17400,0.935484
17401,0.903226
17402,0.935484
17403,0.903226
17404,1
17405,0.935484
17406,0.903226
17407,1
17408,0.935484
17409,1
17410,0.967742
17411,0.903226
17412,1
17413,0.935484
17414,0.935484
17415,1
17416,0.935484
17417,0.967742
17418,0.903226
17419,1
17420,0.935484
17421,1
17422,0.935484
17423,1
17424,0.870968
17425,1
17426,0.935484
17427,1
17428,0.935484
17429,1
17430,0.903226
17431,1
17432,0.935484
17433,1
17434,0.935484
17435,1
17436,0.903226
17437,1
17438,0.935484
17439,1
17440,0.903226
17441,1
17442,0.903226
17443,1
17444,0.935484
17445,1
17446,0.967742
17447,0.322581
17448,0.935484
17449,0.967742
17450,1
17451,0.387097
17452,0.419355
17453,0.354839
17454,0.387097
17455,0.354839
17456,0.387097
17457,0.387097
17458,0.419355
17459,0.354839
17460,0.419355
17461,0.387097
17462,0.387097
17463,0.387097
17464,0.387097
17465,0.387097
17466,0.387097
17467,0.387097
17468,0.354839
17469,0.387097
17470,0.419355
17471,0.387097
17472,0.387097
17473,0.354839
17474,0.387097
17475,0.419355
17476,0.354839
17477,0.419355
17478,0.354839
17479,0.387097
17480,0.387097
17481,0.387097
17482,0.387097
17483,0.387097
17484,0.387097
17485,0.387097
17486,0.387097
17487,0.387097
17488,0.387097
17489,0.387097
17490,0.354839
17491,0.387097
17492,0.387097
17493,0.387097
17494,0.387097
17495,0.387097
17496,0.387097
17497,0.419355
17498,0.387097
17499,0.387097
17500,0.387097
17501,0.387097
17502,0.387097
17503,0.387097
17504,0.387097
17505,0.387097
17506,0.387097
17507,0.387097
17508,0.354839
17509,0.354839
17510,0.354839
17511,0.354839
17512,0.354839
17513,0.354839
17514,0.387097
17515,0.387097
17516,0.387097
17517,0.387097
17518,0.387097
17519,0.354839
17520,0.451613
17521,0.516129
17522,0.516129
17523,0.516129
17524,0.516129
17525,0.516129
17526,0.516129
17527,0.516129
17528,0.516129
17529,0.516129
17530,0.516129
17531,0.516129
17532,0.516129
17533,0.516129
17534,0.516129
17535,0.516129
17536,0.516129
17537,0.516129
17538,0.516129
17539,0.516129
17540,0.516129
17541,0.516129
17542,0.516129
17543,0.516129
17544,0.516129
17545,0.548387
17546,0.419355
17547,0.322581
17548,0.483871
17549,0.387097
17550,0.483871
17551,0.419355
17552,0.354839
17553,0.290323
17554,0.83871
17555,0.387097
17556,0.322581
17557,0.451613
17558,0.870968
17559,0.83871
17560,0.612903
17561,0.16129
17562,0.419355
17563,0.322581
17564,0.806452
17565,0.83871
17566,0.83871
17567,0.225806
17568,0.290323
17569,0.258065
17570,0.83871
17571,0.83871
17572,0.322581
17573,0.83871
17574,0.83871
17575,0.83871
17576,0.419355
17577,0.935484
17578,0.806452
17579,0.193548
17580,0.225806
17581,0.354839
17582,0.83871
17583,0.83871
17584,0.83871
17585,0.83871
17586,0.83871
17587,0.83871
17588,0.83871
17589,0.806452
17590,0.225806
17591,0.774194
17592,0.806452
17593,0.774194
17594,0.774194
17595,0.774194
17596,0.806452
17597,0.193548
17598,0.290323
17599,0.193548
17600,0.258065
17601,0.225806
17602,0.935484
17603,0.83871
17604,0.258065
17605,0.83871
17606,0.258065
17607,0.806452
17608,0.83871
17609,0.258065
17610,0.806452
17611,0.774194
17612,0.225806
17613,0.16129
17614,0.16129
17615,0.16129
17616,0.16129
17617,0.16129
17618,0.16129
17619,0.16129
17620,0.129032
17621,0.290323
17622,0.193548
17623,0.129032
17624,0.258065
17625,0.258065
17626,0.258065
17627,0.258065
17628,0.290323
17629,0.935484
17630,0.903226
17631,1
17632,0.258065
17633,0.580645
17634,0.83871
17635,1
17636,0.903226
17637,1
17638,0.935484
17639,1
17640,0.967742
17641,0.967742
17642,0.967742
17643,1
17644,1
17645,1
17646,0.193548
17647,0.258065
17648,0.258065
17649,0.258065
17650,0.258065
17651,0.258065
17652,0.258065
17653,0.258065
17654,0.258065
17655,0.258065
17656,0.258065
17657,0.322581
17658,0.193548
17659,0.16129
17660,0.193548
17661,0.16129
17662,0.16129
17663,0.129032
17664,0.258065
17665,0.290323
17666,0.290323
17667,0.258065
17668,0.290323
17669,0.193548
17670,0.16129
17671,0.16129
17672,0.16129
17673,0.16129
17674,0.16129
17675,0.225806
17676,0.419355
17677,0.225806
17678,0.16129
17679,0.16129
17680,0.16129
17681,0.16129
17682,0.16129
17683,0.290323
17684,0.129032
17685,0.354839
17686,0.387097
17687,0.806452
17688,0.290323
17689,0.354839
17690,0.83871
17691,0.83871
17692,0.419355
17693,0.387097
17694,0.16129
17695,0.258065
17696,0.290323
17697,0.83871
17698,0.83871
17699,0.83871
17700,0.83871
17701,1
17702,0.806452
17703,0.258065
17704,0.258065
17705,0.322581
17706,0.322581
17707,0.387097
17708,0.387097
17709,0.806452
17710,0.258065
17711,0.193548
17712,0.225806
17713,0.193548
17714,0.16129
17715,0.16129
17716,0.16129
17717,0.16129
17718,0.129032
17719,0.129032
17720,0.258065
17721,0.354839
17722,0.387097
17723,0.16129
17724,0.258065
17725,0.354839
17726,0.387097
17727,0.193548
17728,0.16129
17729,0.16129
17730,0.16129
17731,0.16129
17732,0.16129
17733,0.129032
17734,0.290323
17735,0.193548
17736,0.16129
17737,0.16129
17738,0.16129
17739,0.193548
17740,0.193548
17741,0.129032
17742,0.129032
17743,0.258065
17744,0.354839
17745,0.354839
17746,0.387097
17747,0.193548
17748,0.16129
17749,0.16129
17750,0.16129
17751,0.16129
17752,0.0967742
17753,0.903226
17754,1
17755,0.225806
17756,0.129032
17757,0.903226
17758,0.225806
17759,0.193548
17760,0.16129
17761,0.193548
17762,0.129032
17763,0.290323
17764,0.16129
17765,0.258065
17766,0.290323
17767,0.16129
17768,0.258065
17769,0.225806
17770,0.935484
17771,0.193548
17772,0.290323
17773,0.16129
17774,0.225806
17775,0.935484
17776,0.193548
17777,0.258065
17778,0.354839
17779,0.935484
17780,1
17781,1
17782,1
17783,1
17784,1
17785,1
17786,1
17787,1
17788,1
17789,1
17790,1
17791,1
17792,1
17793,1
17794,1
17795,1
17796,1
17797,1
17798,1
17799,1
17800,1
17801,1
17802,1
17803,1
17804,1
17805,1
17806,1
17807,1
17808,1
17809,1
17810,1
17811,0.16129
17812,1
17813,1
17814,1
17815,1
17816,1
17817,1
17818,1
17819,1
17820,1
17821,0.806452
17822,0.935484
17823,1
17824,0.903226
17825,1
17826,0.774194
17827,1
17828,0.83871
17829,1
17830,0.806452
17831,1
17832,0.83871
17833,1
17834,0.83871
17835,1
17836,0.870968
17837,1
17838,0.83871
17839,1
17840,0.903226
17841,1
17842,0.806452
17843,1
17844,0.806452
17845,1
17846,0.83871
17847,1
17848,0.903226
17849,0.935484
17850,0.903226
17851,1
17852,0.903226
17853,0.967742
17854,0.870968
17855,1
17856,0.935484
17857,0.967742
17858,0.903226
17859,1
17860,0.903226
17861,1
17862,0.935484
17863,1
17864,0.935484
17865,0.967742
17866,0.903226
17867,0.967742
17868,0.935484
17869,1
17870,0.935484
17871,0.967742
17872,0.903226
17873,1
17874,0.935484
17875,1
17876,0.903226
17877,0.967742
17878,0.903226
17879,0.967742
17880,0.935484
17881,1
17882,0.935484
17883,0.967742
17884,0.967742
17885,1
17886,0.903226
17887,0.967742
17888,1
17889,0.967742
17890,1
17891,0.967742
17892,1
17893,1
17894,0.967742
17895,1
17896,1
17897,0.967742
17898,1
17899,1
17900,0.967742
17901,0.967742
17902,1
17903,0.967742
17904,0.967742
17905,1
17906,1
17907,1
17908,1
17909,1
17910,1
17911,1
17912,1
17913,1
17914,1
17915,1
17916,1
17917,1
17918,1
17919,1
17920,1
17921,1
17922,1
17923,1
17924,0.967742
17925,1
17926,0.967742
17927,0.580645
17928,1
17929,0.612903
17930,0.83871
17931,0.870968
17932,0.612903
17933,0.870968
17934,0.870968
17935,0.935484
17936,0.967742
17937,0.903226
17938,0.967742
17939,0.967742
17940,0.935484
17941,0.967742
17942,0.935484
17943,0.935484
17944,0.967742
17945,0.935484
17946,0.935484
17947,0.967742
17948,1
17949,1
17950,1
17951,0.967742
17952,0.967742
17953,1
17954,0.935484
17955,1
17956,0.967742
17957,1
17958,1
17959,1
17960,1
17961,0.967742
17962,1
17963,1
17964,1
17965,0.903226
17966,1
17967,0.935484
17968,0.967742
17969,0.935484
17970,0.967742
17971,0.967742
17972,0.935484
17973,0.967742
17974,0.967742
17975,0.935484
17976,0.935484
17977,0.935484
17978,0.935484
17979,0.935484
17980,0.935484
17981,0.935484
17982,0.935484
17983,0.935484
17984,0.935484
17985,0.967742
17986,0.935484
17987,0.935484
17988,0.935484
17989,0.935484
17990,0.935484
17991,0.935484
17992,0.935484
17993,0.935484
17994,0.935484
17995,0.935484
17996,0.935484
17997,0.935484
17998,1
17999,0.967742
18000,0.774194
18001,0.967742
18002,0.967742
18003,0.967742
18004,0.967742
18005,0.967742
18006,0.967742
18007,0.193548
18008,0.322581
18009,0.322581
18010,0.290323
18011,0.967742
18012,0.967742
18013,0.967742
18014,0.967742
18015,0.193548
18016,0.322581
18017,0.322581
18018,0.322581
18019,0.322581
18020,0.322581
18021,0.322581
18022,0.354839
18023,0.225806
18024,0.225806
18025,0.193548
18026,0.322581
18027,0.322581
18028,0.354839
18029,0.290323
18030,0.290323
18031,0.193548
18032,0.322581
18033,0.322581
18034,0.322581
18035,0.322581
18036,0.354839
18037,0.225806
18038,0.322581
18039,0.354839
18040,0.483871
18041,0.903226
18042,0.83871
18043,0.83871
18044,0.83871
18045,0.83871
18046,0.83871
18047,0.451613
18048,0.516129
18049,0.516129
18050,0.516129
18051,0.516129
18052,0.580645
18053,0.419355
18054,0.322581
18055,0.483871
18056,0.516129
18057,0.903226
18058,0.451613
18059,0.903226
18060,1
18061,0.354839
18062,0.483871
18063,0.903226
18064,0.83871
18065,0.387097
18066,0.419355
18067,0.387097
18068,0.967742
18069,1
18070,0.709677
18071,0.806452
18072,0.677419
18073,1
18074,0.903226
18075,1
18076,0.903226
18077,0.967742
18078,0.967742
18079,1
18080,0.967742
18081,1
18082,1
18083,1
18084,0.387097
18085,0.387097
18086,0.387097
18087,0.387097
18088,0.387097
18089,0.387097
18090,0.354839
18091,0.483871
18092,0.580645
18093,0.387097
18094,0.419355
18095,0.387097
18096,0.354839
18097,0.387097
18098,0.387097
18099,0.419355
18100,0.387097
18101,0.387097
18102,0.419355
18103,0.387097
18104,0.419355
18105,0.419355
18106,0.419355
18107,0.419355
18108,0.419355
18109,0.419355
18110,0.419355
18111,0.419355
18112,0.419355
18113,0.387097
18114,0.387097
18115,0.354839
18116,0.387097
18117,0.354839
18118,0.516129
18119,0.419355
18120,0.419355
18121,0.354839
18122,0.387097
18123,0.387097
18124,0.387097
18125,0.387097
18126,0.387097
18127,0.387097
18128,0.387097
18129,0.387097
18130,0.419355
18131,0.354839
18132,0.419355
18133,0.322581
18134,0.483871
18135,0.516129
18136,0.516129
18137,0.548387
18138,0.387097
18139,0.483871
18140,0.548387
18141,0.451613
18142,0.387097
18143,0.387097
18144,0.354839
18145,0.387097
18146,0.387097
18147,0.387097
18148,0.419355
18149,0.387097
18150,0.419355
18151,0.387097
18152,0.387097
18153,0.387097
18154,0.387097
18155,0.387097
18156,0.387097
18157,0.387097
18158,0.387097
18159,0.387097
18160,0.419355
18161,0.387097
18162,0.387097
18163,0.419355
18164,0.419355
18165,0.354839
18166,0.387097
18167,0.387097
18168,0.387097
18169,0.387097
18170,0.387097
18171,0.451613
18172,0.451613
18173,0.419355
18174,0.387097
18175,0.354839
18176,0.387097
18177,0.354839
18178,0.548387
18179,0.387097
18180,0.387097
18181,0.387097
18182,0.387097
18183,0.387097
18184,0.419355
18185,0.419355
18186,0.387097
18187,0.387097
18188,0.387097
18189,0.387097
18190,0.387097
18191,0.387097
18192,0.387097
18193,0.354839
18194,0.387097
18195,0.387097
18196,0.419355
18197,0.387097
18198,0.419355
18199,0.419355
18200,0.354839
18201,0.387097
18202,0.387097
18203,0.419355
18204,0.419355
18205,0.387097
18206,0.387097
18207,0.387097
18208,0.387097
18209,0.387097
18210,0.387097
18211,0.387097
18212,0.354839
18213,0.387097
18214,0.387097
18215,0.387097
18216,0.387097
18217,0.387097
18218,0.387097
18219,0.387097
18220,0.387097
18221,0.387097
18222,0.387097
18223,0.354839
18224,0.354839
18225,0.387097
18226,0.387097
18227,0.387097
18228,0.354839
18229,0.483871
18230,0.548387
18231,0.580645
18232,0.548387
18233,0.354839
18234,0.516129
18235,0.548387
18236,0.354839
18237,0.516129
18238,0.419355
18239,0.354839
18240,0.483871
18241,0.548387
18242,0.548387
18243,0.548387
18244,0.419355
18245,0.387097
18246,0.387097
18247,0.387097
18248,0.387097
18249,0.387097
18250,0.387097
18251,0.387097
18252,0.387097
18253,0.387097
18254,0.387097
18255,0.387097
18256,0.387097
18257,0.709677
18258,0.419355
18259,0.451613
18260,0.935484
18261,1
18262,0.935484
18263,1
18264,0.935484
18265,1
18266,0.83871
18267,1
18268,0.870968
18269,1
18270,0.903226
18271,1
18272,0.870968
18273,1
18274,0.870968
18275,1
18276,0.935484
18277,1
18278,0.903226
18279,1
18280,0.83871
18281,1
18282,0.935484
18283,1
18284,0.903226
18285,1
18286,0.903226
18287,1
18288,0.935484
18289,1
18290,0.935484
18291,1
18292,0.870968
18293,1
18294,0.935484
18295,1
18296,0.903226
18297,1
18298,0.903226
18299,1
18300,0.935484
18301,1
18302,0.903226
18303,0.967742
18304,0.870968
18305,0.967742
18306,0.935484
18307,1
18308,0.903226
18309,0.967742
18310,0.903226
18311,0.967742
18312,0.935484
18313,1
18314,0.903226
18315,0.935484
18316,0.935484
18317,0.967742
18318,0.935484
18319,1
18320,0.935484
18321,0.967742
18322,0.935484
18323,0.967742
18324,0.967742
18325,1
18326,0.967742
18327,0.387097
18328,0.451613
18329,0.645161
18330,0.645161
18331,0.419355
18332,0.387097
18333,0.387097
18334,0.322581
18335,0.870968
18336,1
18337,0.83871
18338,1
18339,0.967742
18340,0.483871
18341,0.935484
18342,0.548387
18343,0.451613
18344,0.290323
18345,0.870968
18346,0.16129
18347,0.967742
18348,0.354839
18349,0.387097
18350,0.387097
18351,0.193548
18352,0.387097
18353,0.290323
18354,0.870968
18355,0.451613
18356,0.483871
18357,0.516129
18358,0.516129
18359,0.516129
18360,0.516129
18361,0.516129
18362,0.516129
18363,0.516129
18364,0.516129
18365,0.903226
18366,0.806452
18367,0.83871
18368,0.741935
18369,0.741935
18370,0.935484
18371,0.645161
18372,0.322581
18373,0.967742
18374,0.774194
18375,0.83871
18376,0.612903
18377,0.967742
18378,0.548387
18379,0.967742
18380,0.806452
18381,0.741935
18382,1
18383,0.709677
18384,0.774194
18385,0.774194
18386,0.903226
18387,0.741935
18388,0.935484
18389,0.774194
18390,1
18391,0.580645
18392,1
18393,0.806452
18394,0.774194
18395,0.709677
18396,0.83871
18397,0.677419
18398,0.903226
18399,0.83871
18400,0.935484
18401,0.774194
18402,0.935484
18403,0.967742
18404,0.83871
18405,1
18406,0.741935
18407,1
18408,0.870968
18409,0.935484
18410,0.806452
18411,1
18412,0.677419
18413,1
18414,0.709677
18415,0.870968
18416,0.741935
18417,0.870968
18418,0.354839
18419,0.806452
18420,0.580645
18421,1
18422,0.967742
18423,0.806452
18424,0.903226
18425,0.967742
18426,0.903226
18427,0.580645
18428,0.870968
18429,1
18430,1
18431,0.967742
18432,1
18433,0.870968
18434,0.935484
18435,0.870968
18436,0.903226
18437,0.419355
18438,0.967742
18439,1
18440,0.935484
18441,0.903226
18442,0.903226
18443,0.935484
18444,0.516129
18445,0.967742
18446,0.258065
18447,0.967742
18448,1
18449,1
18450,1
18451,1
18452,1
18453,1
18454,1
18455,1
18456,1
18457,1
18458,1
18459,0.967742
18460,1
18461,0.935484
18462,1
18463,0.967742
18464,0.967742
18465,1
18466,0.935484
18467,1
18468,0.935484
18469,0.935484
18470,0.935484
18471,0.935484
18472,0.935484
18473,0.935484
18474,0.935484
18475,0.935484
18476,0.935484
18477,0.935484
18478,0.935484
18479,0.935484
18480,0.935484
18481,0.935484
18482,0.935484
18483,0.935484
18484,0.935484
18485,0.967742
18486,0.16129
18487,1
18488,0.935484
18489,1
18490,1
18491,1
18492,1
18493,0.967742
18494,1
18495,0.967742
18496,1
18497,0.967742
18498,1
18499,0.967742
18500,1
18501,0.967742
18502,1
18503,0.967742
18504,0.967742
18505,0.774194
18506,1
18507,0.935484
18508,0.516129
18509,0.548387
18510,0.709677
18511,0.258065
18512,0.967742
18513,1
18514,0.935484
18515,1
18516,0.870968
18517,1
18518,0.935484
18519,1
18520,1
18521,1
18522,1
18523,1
18524,0.16129
18525,0.967742
18526,1
18527,1
18528,1
18529,1
18530,1
18531,1
18532,0.193548
18533,0.258065
18534,0.967742
18535,1
18536,1
18537,0.16129
18538,0.967742
18539,0.193548
18540,0.451613
18541,0.225806
18542,0.225806
18543,0.967742
18544,0.967742
18545,0.419355
18546,0.483871
18547,0.516129
18548,0.516129
18549,0.516129
18550,0.548387
18551,0.451613
18552,0.354839
18553,0.387097
18554,0.387097
18555,0.387097
18556,0.387097
18557,0.387097
18558,0.387097
18559,0.387097
18560,0.387097
18561,0.387097
18562,0.387097
18563,0.387097
18564,0.419355
18565,0.419355
18566,0.387097
18567,0.387097
18568,0.387097
18569,0.387097
18570,0.387097
18571,0.387097
18572,0.354839
18573,0.419355
18574,0.419355
18575,0.387097
18576,0.387097
18577,0.387097
18578,0.387097
18579,0.387097
18580,0.387097
18581,0.387097
18582,0.387097
18583,0.354839
18584,0.419355
18585,0.419355
18586,0.387097
18587,0.387097
18588,0.387097
18589,0.387097
18590,0.387097
18591,0.387097
18592,0.387097
18593,0.387097
18594,0.387097
18595,0.387097
18596,0.387097
18597,0.387097
18598,0.387097
18599,0.387097
18600,0.387097
18601,0.354839
18602,0.387097
18603,0.387097
18604,0.903226
18605,0.419355
18606,0.387097
18607,0.387097
18608,0.387097
18609,0.387097
18610,0.387097
18611,0.387097
18612,0.387097
18613,0.387097
18614,0.387097
18615,0.354839
18616,0.419355
18617,0.419355
18618,0.354839
18619,0.419355
18620,0.419355
18621,0.387097
18622,0.387097
18623,0.387097
18624,0.387097
18625,0.354839
18626,0.387097
18627,0.387097
18628,0.354839
18629,0.419355
18630,0.387097
18631,0.419355
18632,0.451613
18633,0.387097
18634,0.387097
18635,0.419355
18636,0.419355
18637,1
18638,1
18639,0.903226
18640,1
18641,0.903226
18642,1
18643,0.935484
18644,0.935484
18645,0.903226
18646,1
18647,0.903226
18648,1
18649,0.903226
18650,1
18651,0.935484
18652,1
18653,0.935484
18654,1
18655,0.870968
18656,1
18657,0.935484
18658,1
18659,0.870968
18660,1
18661,0.903226
18662,1
18663,0.903226
18664,1
18665,0.903226
18666,1
18667,0.903226
18668,1
18669,0.935484
18670,1
18671,0.935484
18672,1
18673,0.870968
18674,1
18675,0.935484
18676,1
18677,0.935484
18678,1
18679,0.935484
18680,1
18681,0.903226
18682,1
18683,0.903226
18684,1
18685,0.935484
18686,1
18687,0.935484
18688,1
18689,0.935484
18690,1
18691,0.935484
18692,1
18693,0.935484
18694,1
18695,0.935484
18696,1
18697,0.935484
18698,1
18699,0.903226
18700,1
18701,0.83871
18702,0.935484
18703,0.935484
18704,1
18705,0.967742
18706,0.806452
18707,0.903226
18708,0.870968
18709,0.870968
18710,1
18711,0.645161
18712,0.645161
18713,0.903226
18714,0.83871
18715,1
18716,0.967742
18717,1
18718,0.83871
18719,0.645161
18720,0.870968
18721,0.645161
18722,0.870968
18723,1
18724,0.83871
18725,0.645161
18726,0.903226
18727,1
18728,1
18729,0.645161
18730,0.677419
18731,0.677419
18732,0.677419
18733,0.645161
18734,0.903226
18735,0.903226
18736,0.645161
18737,0.903226
18738,0.903226
18739,0.903226
18740,0.870968
18741,0.387097
18742,0.387097
18743,0.419355
18744,0.870968
18745,0.870968
18746,0.870968
18747,0.903226
18748,0.387097
18749,0.387097
18750,0.387097
18751,0.516129
18752,0.419355
18753,0.387097
18754,0.387097
18755,0.387097
18756,0.387097
18757,0.387097
18758,0.387097
18759,0.387097
18760,0.387097
18761,0.387097
18762,0.387097
18763,0.387097
18764,0.387097
18765,0.419355
18766,0.419355
18767,0.387097
18768,0.387097
18769,0.387097
18770,0.354839
18771,0.548387
18772,0.419355
18773,0.387097
18774,0.322581
18775,0.870968
18776,0.387097
18777,0.419355
18778,0.387097
18779,0.387097
18780,0.322581
18781,0.354839
18782,0.419355
18783,0.387097
18784,0.322581
18785,0.870968
18786,0.387097
18787,0.419355
18788,0.387097
18789,0.322581
18790,0.870968
18791,0.354839
18792,0.516129
18793,0.354839
18794,0.870968
18795,0.387097
18796,0.419355
18797,0.387097
18798,0.387097
18799,0.387097
18800,0.322581
18801,0.870968
18802,0.387097
18803,0.419355
18804,0.322581
18805,0.870968
18806,0.387097
18807,0.419355
18808,0.387097
18809,0.387097
18810,0.387097
18811,0.387097
18812,0.322581
18813,0.870968
18814,0.83871
18815,0.193548
18816,0.870968
18817,0.83871
18818,0.258065
18819,0.967742
18820,0.419355
18821,0.870968
18822,0.387097
18823,0.387097
18824,0.387097
18825,0.387097
18826,0.322581
18827,0.870968
18828,1
18829,0.322581
18830,0.870968
18831,0.83871
18832,0.83871
18833,0.83871
18834,0.83871
18835,0.322581
18836,0.870968
18837,0.83871
18838,0.83871
18839,0.419355
18840,0.290323
18841,0.870968
18842,0.387097
18843,0.322581
18844,0.870968
18845,0.354839
18846,0.516129
18847,0.419355
18848,0.322581
18849,0.870968
18850,0.83871
18851,0.83871
18852,0.387097
18853,0.387097
18854,0.322581
18855,0.870968
18856,0.387097
18857,0.322581
18858,0.83871
18859,1
18860,0.83871
18861,0.387097
18862,0.322581
18863,0.870968
18864,0.419355
18865,0.967742
18866,0.354839
18867,0.548387
18868,0.419355
18869,0.322581
18870,0.548387
18871,0.354839
18872,0.483871
18873,0.580645
18874,0.354839
18875,0.483871
18876,0.451613
18877,0.967742
18878,0.83871
18879,0.451613
18880,0.483871
18881,0.483871
18882,0.967742
18883,0.258065
18884,0.967742
18885,0.935484
18886,0.741935
18887,0.935484
18888,0.580645
18889,0.516129
18890,1
18891,1
18892,0.935484
18893,1
18894,0.903226
18895,1
18896,1
18897,1
18898,1
18899,1
18900,1
18901,0.419355
18902,0.483871
18903,0.483871
18904,0.967742
18905,1
18906,1
18907,1
18908,0.387097
18909,0.967742
18910,0.258065
18911,0.225806
18912,0.225806
18913,0.387097
18914,0.16129
18915,0.387097
18916,0.870968
18917,0.258065
18918,0.967742
18919,0.483871
18920,0.387097
18921,0.387097
18922,0.322581
18923,0.483871
18924,0.580645
18925,0.387097
18926,0.419355
18927,0.419355
18928,0.354839
18929,0.387097
18930,0.387097
18931,0.387097
18932,0.322581
18933,0.870968
18934,0.83871
18935,0.387097
18936,0.387097
18937,0.387097
18938,0.387097
18939,0.419355
18940,0.387097
18941,0.387097
18942,0.387097
18943,0.387097
18944,0.387097
18945,0.387097
18946,0.387097
18947,0.387097
18948,0.387097
18949,0.419355
18950,0.387097
18951,0.387097
18952,0.387097
18953,0.225806
18954,0.387097
18955,0.387097
18956,0.387097
18957,0.387097
18958,0.354839
18959,0.354839
18960,0.870968
18961,0.354839
18962,0.548387
18963,0.419355
18964,0.387097
18965,0.387097
18966,0.387097
18967,0.387097
18968,0.322581
18969,0.483871
18970,0.483871
18971,1
18972,0.387097
18973,1
18974,1
18975,0.483871
18976,0.387097
18977,0.387097
18978,0.516129
18979,0.516129
18980,0.516129
18981,0.483871
18982,1
18983,0.419355
18984,0.483871
18985,0.516129
18986,0.516129
18987,0.516129
18988,0.419355
18989,0.322581
18990,0.225806
18991,0.193548
18992,0.516129
18993,0.419355
18994,0.193548
18995,0.322581
18996,0.354839
18997,0.516129
18998,0.354839
18999,0.967742
19000,0.225806
19001,0.225806
19002,0.225806
19003,0.193548
19004,0.322581
19005,0.322581
19006,0.258065
19007,0.967742
19008,0.193548
19009,0.322581
19010,0.322581
19011,0.322581
19012,0.322581
19013,0.322581
19014,0.322581
19015,0.322581
19016,0.322581
19017,0.322581
19018,0.322581
19019,0.322581
19020,0.322581
19021,0.322581
19022,0.322581
19023,0.322581
19024,0.322581
19025,0.354839
19026,0.193548
19027,0.322581
19028,0.322581
19029,0.322581
19030,0.322581
19031,0.322581
19032,0.322581
19033,0.322581
19034,0.322581
19035,0.322581
19036,0.322581
19037,0.322581
19038,0.322581
19039,0.322581
19040,0.322581
19041,0.322581
19042,0.322581
19043,0.258065
19044,0.967742
19045,1
19046,0.16129
19047,0.935484
19048,1
19049,1
19050,1
19051,1
19052,1
19053,1
19054,0.193548
19055,0.354839
19056,0.225806
19057,1
19058,1
19059,1
19060,1
19061,0.193548
19062,0.290323
19063,1
19064,1
19065,1
19066,0.903226
19067,1
19068,0.83871
19069,0.935484
19070,0.903226
19071,0.935484
19072,0.870968
19073,1
19074,0.903226
19075,1
19076,0.903226
19077,0.967742
19078,0.83871
19079,1
19080,0.935484
19081,0.967742
19082,0.83871
19083,1
19084,0.83871
19085,1
19086,0.903226
19087,1
19088,0.903226
19089,1
19090,0.83871
19091,1
19092,0.903226
19093,1
19094,0.903226
19095,1
19096,0.935484
19097,1
19098,0.935484
19099,1
19100,0.935484
19101,0.967742
19102,0.903226
19103,1
19104,0.935484
19105,1
19106,0.935484
19107,1
19108,0.935484
19109,1
19110,0.935484
19111,1
19112,0.935484
19113,0.967742
19114,0.870968
19115,0.967742
19116,0.935484
19117,1
19118,0.903226
19119,0.967742
19120,0.935484
19121,0.967742
19122,0.935484
19123,1
19124,0.903226
19125,1
19126,0.935484
19127,0.967742
19128,0.967742
19129,0.709677
19130,1
19131,0.935484
19132,1
19133,0.967742
19134,0.967742
19135,1
19136,0.967742
19137,0.967742
19138,1
19139,0.935484
19140,0.967742
19141,1
19142,0.967742
19143,0.967742
19144,1
19145,1
19146,0.967742
19147,1
19148,0.935484
19149,0.967742
19150,1
19151,0.967742
19152,1
19153,1
19154,0.967742
19155,1
19156,1
19157,1
19158,1
19159,1
19160,1
19161,1
19162,1
19163,1
19164,0.967742
19165,1
19166,1
19167,1
19168,1
19169,1
19170,0.967742
19171,1
19172,0.967742
19173,1
19174,0.967742
19175,0.967742
19176,1
19177,0.935484
19178,0.709677
19179,0.967742
19180,0.83871
19181,0.967742
19182,0.16129
19183,0.258065
19184,1
19185,0.967742
19186,0.935484
19187,1
19188,1
19189,0.16129
19190,0.967742
19191,1
19192,1
19193,0.967742
19194,1
19195,0.967742
19196,1
19197,1
19198,1
19199,1
19200,1
19201,1
19202,0.16129
19203,0.903226
19204,1
19205,1
19206,1
19207,1
19208,1
19209,1
19210,1
19211,1
19212,1
19213,1
19214,1
19215,1
19216,1
19217,1
19218,1
19219,1
19220,0.967742
19221,1
19222,0.967742
19223,1
19224,1
19225,1
19226,0.967742
19227,1
19228,0.967742
19229,1
19230,0.967742
19231,1
19232,0.967742
19233,1
19234,0.967742
19235,1
19236,0.967742
19237,0.967742
19238,0.967742
19239,0.967742
19240,0.967742
19241,1
19242,0.967742
19243,1
19244,0.967742
19245,1
19246,0.548387
19247,1
19248,1
19249,1
19250,1
19251,1
19252,1
19253,1
19254,1
19255,1
19256,1
19257,1
19258,1
19259,1
19260,0.967742
19261,1
19262,1
19263,1
19264,1
19265,0.83871
19266,1
19267,1
19268,0.967742
19269,0.967742
19270,0.967742
19271,1
19272,1
19273,1
19274,0.354839
19275,0.451613
19276,1
19277,0.967742
19278,0.419355
19279,0.451613
19280,0.967742
19281,1
19282,0.967742
19283,1
19284,0.967742
19285,0.419355
19286,0.451613
19287,0.967742
19288,0.419355
19289,0.193548
19290,0.16129
19291,0.967742
19292,0.387097
19293,0.354839
19294,0.451613
19295,1
19296,0.967742
19297,0.419355
19298,0.483871
19299,0.903226
19300,0.419355
19301,0.967742
19302,0.419355
19303,0.483871
19304,0.516129
19305,0.548387
19306,0.258065
19307,0.322581
19308,0.419355
19309,0.387097
19310,0.967742
19311,0.903226
19312,0.709677
19313,0.83871
19314,0.645161
19315,1
19316,0.935484
19317,0.967742
19318,0.935484
19319,0.967742
19320,0.935484
19321,1
19322,1
19323,1
19324,1
19325,1
19326,0.419355
19327,0.483871
19328,0.903226
19329,0.774194
19330,1
19331,0.83871
19332,1
19333,0.419355
19334,0.483871
19335,0.483871
19336,0.580645
19337,0.419355
19338,0.354839
19339,0.451613
19340,0.258065
19341,0.967742
19342,1
19343,0.419355
19344,0.387097
19345,0.387097
19346,0.387097
19347,0.387097
19348,0.354839
19349,0.387097
19350,0.387097
19351,0.387097
19352,0.387097
19353,0.322581
19354,0.870968
19355,0.387097
19356,0.387097
19357,0.387097
19358,0.322581
19359,0.870968
19360,0.83871
19361,0.387097
19362,0.387097
19363,0.387097
19364,0.322581
19365,0.870968
19366,0.322581
19367,0.870968
19368,0.83871
19369,0.83871
19370,0.387097
19371,0.387097
19372,0.322581
19373,0.870968
19374,0.774194
19375,0.677419
19376,0.451613
19377,0.451613
19378,0.451613
19379,0.806452
19380,0.677419
19381,0.354839
19382,0.806452
19383,0.548387
19384,0.451613
19385,0.774194
19386,0.870968
19387,0.709677
19388,0.903226
19389,0.83871
19390,0.870968
19391,0.741935
19392,0.741935
19393,0.419355
19394,0.451613
19395,0.451613
19396,0.451613
19397,0.806452
19398,0.903226
19399,0.774194
19400,0.741935
19401,0.354839
19402,0.806452
19403,0.548387
19404,0.451613
19405,0.774194
19406,0.935484
19407,0.774194
19408,0.935484
19409,0.774194
19410,0.935484
19411,0.451613
19412,0.774194
19413,0.83871
19414,0.83871
19415,0.870968
19416,0.903226
19417,0.774194
19418,0.83871
19419,0.83871
19420,0.903226
19421,0.806452
19422,0.741935
19423,0.774194
19424,0.903226
19425,0.774194
19426,1
19427,0.709677
19428,0.935484
19429,0.548387
19430,0.741935
19431,0.83871
19432,0.903226
19433,0.967742
19434,0.870968
19435,0.967742
19436,0.935484
19437,0.903226
19438,0.967742
19439,1
19440,0.774194
19441,1
19442,0.870968
19443,0.451613
19444,0.774194
19445,0.774194
19446,0.935484
19447,0.354839
19448,0.677419
19449,0.935484
19450,0.903226
19451,0.967742
19452,1
19453,0.967742
19454,1
19455,1
19456,1
19457,0.967742
19458,1
19459,1
19460,0.806452
19461,1
19462,1
19463,1
19464,1
19465,1
19466,1
19467,1
19468,1
19469,0.677419
19470,0.645161
19471,0.774194
19472,0.774194
19473,0.741935
19474,0.83871
19475,0.677419
19476,0.645161
19477,0.903226
19478,0.903226
19479,1
19480,0.774194
19481,1
19482,0.967742
19483,1
19484,0.967742
19485,0.387097
19486,0.387097
19487,0.451613
19488,0.354839
19489,0.387097
19490,0.387097
19491,0.387097
19492,0.322581
19493,0.870968
19494,0.419355
19495,0.483871
19496,0.870968
19497,0.83871
19498,0.419355
19499,0.483871
19500,0.516129
19501,0.516129
19502,0.451613
19503,0.580645
19504,0.516129
19505,0.903226
19506,0.806452
19507,0.83871
19508,0.83871
19509,0.451613
19510,0.548387
19511,0.354839
19512,0.451613
19513,1
19514,0.967742
19515,0.83871
19516,0.83871
19517,1
19518,0.806452
19519,0.322581
19520,0.870968
19521,0.322581
19522,0.870968
19523,0.83871
19524,0.83871
19525,0.83871
19526,0.83871
19527,0.83871
19528,0.83871
19529,1
19530,1
19531,1
19532,1
19533,1
19534,0.83871
19535,0.83871
19536,0.83871
19537,0.83871
19538,1
19539,1
19540,1
19541,0.83871
19542,0.83871
19543,0.83871
19544,0.83871
19545,0.83871
19546,0.83871
19547,0.806452
19548,0.83871
19549,0.83871
19550,0.83871
19551,0.806452
19552,0.741935
19553,0.806452
19554,0.741935
19555,0.806452
19556,0.741935
19557,0.806452
19558,0.548387
19559,0.83871
19560,0.83871
19561,0.83871
19562,0.83871
19563,0.83871
19564,0.83871
19565,0.83871
19566,0.83871
19567,0.83871
19568,0.548387
19569,0.83871
19570,0.83871
19571,0.83871
19572,0.83871
19573,0.83871
19574,0.451613
19575,0.870968
19576,0.83871
19577,0.774194
19578,1
19579,0.354839
19580,0.483871
19581,0.516129
19582,0.483871
19583,0.967742
19584,1
19585,0.387097
19586,0.387097
19587,0.387097
19588,0.387097
19589,0.387097
19590,0.258065
19591,0.967742
19592,0.83871
19593,0.419355
19594,0.967742
19595,0.83871
19596,1
19597,0.83871
19598,1
19599,0.83871
19600,0.83871
19601,1
19602,1
19603,1
19604,0.967742
19605,1
19606,1
19607,1
19608,0.967742
19609,1
19610,0.83871
19611,1
19612,1
19613,1
19614,1
19615,0.16129
19616,0.967742
19617,1
19618,0.967742
19619,1
19620,1
19621,1
19622,0.967742
19623,0.193548
19624,0.354839
19625,0.322581
19626,1
19627,0.967742
19628,0.967742
19629,0.967742
19630,0.967742
19631,0.967742
19632,0.967742
19633,0.903226
19634,0.903226
19635,1
19636,0.548387
19637,0.580645
19638,1
19639,1
19640,0.935484
19641,1
19642,0.903226
19643,1
19644,0.903226
19645,0.967742
19646,0.967742
19647,0.935484
19648,1
19649,1
19650,1
19651,1
19652,1
19653,1
19654,1
19655,1
19656,1
19657,0.16129
19658,0.967742
19659,1
19660,1
19661,1
19662,1
19663,1
19664,1
19665,1
19666,1
19667,1
19668,1
19669,1
19670,1
19671,1
19672,1
19673,1
19674,1
19675,1
19676,0.16129
19677,0.967742
19678,0.83871
19679,1
19680,1
19681,1
19682,1
19683,0.83871
19684,0.451613
19685,0.451613
19686,0.967742
19687,1
19688,1
19689,1
19690,0.419355
19691,0.354839
19692,0.354839
19693,0.483871
19694,0.580645
19695,0.419355
19696,0.387097
19697,0.387097
19698,0.354839
19699,0.387097
19700,0.419355
19701,0.419355
19702,0.387097
19703,0.322581
19704,0.548387
19705,0.354839
19706,0.483871
19707,0.516129
19708,0.580645
19709,0.419355
19710,0.419355
19711,0.419355
19712,0.387097
19713,0.419355
19714,0.451613
19715,0.451613
19716,0.451613
19717,0.451613
19718,0.451613
19719,0.451613
19720,0.419355
19721,0.354839
19722,0.451613
19723,0.451613
19724,0.387097
19725,0.419355
19726,0.451613
19727,0.451613
19728,0.451613
19729,0.451613
19730,0.451613
19731,0.451613
19732,0.451613
19733,0.451613
19734,0.451613
19735,0.451613
19736,0.451613
19737,0.451613
19738,0.451613
19739,0.451613
19740,0.451613
19741,0.451613
19742,0.451613
19743,0.451613
19744,0.451613
19745,0.451613
19746,0.451613
19747,0.451613
19748,0.451613
19749,0.419355
19750,0.451613
19751,0.419355
19752,0.419355
19753,0.451613
19754,0.451613
19755,0.451613
19756,0.419355
19757,0.419355
19758,0.451613
19759,0.451613
19760,0.451613
19761,0.419355
19762,0.419355
19763,0.451613
19764,0.451613
19765,0.451613
19766,0.451613
19767,0.451613
19768,0.451613
19769,0.451613
19770,0.451613
19771,0.451613
19772,0.451613
19773,0.419355
19774,0.387097
19775,0.387097
19776,0.387097
19777,0.387097
19778,0.387097
19779,0.387097
19780,0.419355
19781,0.451613
19782,0.451613
19783,0.451613
19784,0.419355
19785,0.419355
19786,0.419355
19787,0.387097
19788,0.387097
19789,0.387097
19790,0.387097
19791,0.419355
19792,0.419355
19793,0.387097
19794,0.419355
19795,0.419355
19796,0.387097
19797,0.387097
19798,0.387097
19799,0.387097
19800,0.387097
19801,0.387097
19802,0.387097
19803,0.387097
19804,0.387097
19805,0.387097
19806,0.387097
19807,0.387097
19808,0.419355
19809,0.419355
19810,0.354839
19811,0.387097
19812,0.387097
19813,0.387097
19814,0.387097
19815,0.387097
19816,0.387097
19817,0.387097
19818,0.387097
19819,0.387097
19820,0.387097
19821,0.387097
19822,0.387097
19823,0.387097
19824,0.387097
19825,0.419355
19826,0.903226
19827,1
19828,0.709677
19829,1
19830,0.645161
19831,1
19832,0.83871
19833,0.935484
19834,0.935484
19835,0.935484
19836,0.870968
19837,1
19838,0.967742
19839,0.935484
19840,1
19841,0.935484
19842,0.83871
19843,0.387097
19844,0.387097
19845,0.419355
19846,0.419355
19847,0.419355
19848,0.419355
19849,0.419355
19850,0.451613
19851,0.419355
19852,0.419355
19853,0.419355
19854,0.419355
19855,0.419355
19856,0.419355
19857,0.419355
19858,0.419355
19859,0.451613
19860,0.451613
19861,0.419355
19862,0.419355
19863,0.419355
19864,0.419355
19865,0.419355
19866,0.419355
19867,0.419355
19868,0.419355
19869,0.419355
19870,0.387097
19871,0.387097
19872,0.387097
19873,0.387097
19874,0.419355
19875,0.387097
19876,0.387097
19877,0.387097
19878,0.387097
19879,0.387097
19880,0.387097
19881,0.354839
19882,0.419355
19883,0.387097
19884,0.419355
19885,0.387097
19886,0.419355
19887,0.387097
19888,0.387097
19889,0.419355
19890,0.387097
19891,0.387097
19892,0.419355
19893,0.419355
19894,0.419355
19895,0.419355
19896,0.419355
19897,0.419355
19898,0.419355
19899,0.419355
19900,0.419355
19901,0.354839
19902,0.387097
19903,0.419355
19904,0.387097
19905,0.387097
19906,0.419355
19907,0.419355
19908,0.387097
19909,0.387097
19910,0.322581
19911,0.516129
19912,0.419355
19913,0.387097
19914,0.387097
19915,0.387097
19916,0.419355
19917,0.419355
19918,0.419355
19919,0.419355
19920,0.419355
19921,0.419355
19922,0.419355
19923,0.387097
19924,0.419355
19925,0.419355
19926,0.419355
19927,0.419355
19928,0.419355
19929,0.419355
19930,0.419355
19931,0.419355
19932,0.419355
19933,0.419355
19934,0.419355
19935,0.419355
19936,0.419355
19937,0.419355
19938,0.419355
19939,0.419355
19940,0.419355
19941,0.419355
19942,0.419355
19943,0.419355
19944,0.419355
19945,0.419355
19946,0.419355
19947,0.419355
19948,0.387097
19949,0.387097
19950,0.387097
19951,0.419355
19952,0.16129
19953,0.419355
19954,0.387097
19955,0.387097
19956,0.387097
19957,0.387097
19958,0.387097
19959,0.387097
19960,0.387097
19961,0.387097
19962,0.387097
19963,0.387097
19964,0.387097
19965,0.290323
19966,0.870968
19967,0.419355
19968,0.387097
19969,0.387097
19970,0.193548
19971,0.322581
19972,0.354839
19973,0.516129
19974,0.387097
19975,0.483871
19976,0.516129
19977,0.516129
19978,0.516129
19979,0.516129
19980,0.516129
19981,0.516129
19982,0.516129
19983,0.516129
19984,0.516129
19985,0.419355
19986,0.387097
19987,0.387097
19988,0.387097
19989,0.322581
19990,0.483871
19991,0.516129
19992,0.516129
19993,0.516129
19994,0.516129
19995,0.419355
19996,0.225806
19997,0.193548
19998,0.354839
19999,0.290323
20000,0.290323
20001,0.225806
20002,0.193548
20003,0.322581
20004,0.451613
20005,0.193548
20006,0.354839
20007,0.225806
20008,0.322581
20009,0.225806
20010,0.193548
20011,0.322581
20012,0.322581
20013,0.322581
20014,0.322581
20015,0.322581
20016,0.322581
20017,0.322581
20018,0.967742
20019,1
20020,0.645161
20021,0.677419
20022,0.967742
20023,1
20024,0.903226
20025,1
20026,0.935484
20027,1
20028,0.903226
20029,1
20030,1
20031,1
20032,1
20033,1
20034,0.193548
20035,0.322581
20036,0.322581
20037,0.322581
20038,0.322581
20039,0.322581
20040,0.322581
20041,0.322581
20042,0.322581
20043,0.322581
20044,0.322581
20045,0.354839
20046,0.225806
20047,0.225806
20048,0.225806
20049,0.193548
20050,0.322581
20051,0.322581
20052,0.322581
20053,0.354839
20054,0.193548
20055,0.354839
20056,0.225806
20057,0.225806
20058,0.225806
20059,0.225806
20060,0.225806
20061,0.290323
20062,0.387097
20063,0.870968
20064,0.83871
20065,0.806452
20066,0.225806
20067,0.225806
20068,0.322581
20069,0.354839
20070,0.483871
20071,0.419355
20072,0.290323
20073,0.387097
20074,0.870968
20075,0.806452
20076,0.290323
20077,0.387097
20078,0.870968
20079,0.354839
20080,0.225806
20081,0.225806
20082,0.193548
20083,0.354839
20084,0.225806
20085,0.225806
20086,0.290323
20087,0.258065
20088,0.354839
20089,0.193548
20090,0.322581
20091,0.322581
20092,0.322581
20093,0.322581
20094,0.322581
20095,0.322581
20096,0.322581
20097,0.322581
20098,0.322581
20099,0.322581
20100,0.322581
20101,0.322581
20102,0.322581
20103,0.322581
20104,0.322581
20105,0.322581
20106,0.322581
20107,0.322581
20108,0.322581
20109,0.322581
20110,0.322581
20111,0.322581
20112,0.290323
20113,0.967742
20114,0.193548
20115,0.322581
20116,0.225806
20117,0.967742
20118,0.193548
20119,0.322581
20120,0.290323
20121,0.967742
20122,1
20123,0.193548
20124,0.322581
20125,0.322581
20126,0.258065
20127,0.967742
20128,1
20129,1
20130,1
20131,1
20132,1
20133,1
20134,1
20135,1
20136,1
20137,1
20138,1
20139,1
20140,1
20141,1
20142,1
20143,1
20144,1
20145,1
20146,1
20147,1
20148,1
20149,1
20150,1
20151,1
20152,1
20153,1
20154,1
20155,1
20156,1
20157,1
20158,0.16129
20159,1
20160,1
20161,1
20162,1
20163,1
20164,1
20165,1
20166,1
20167,1
20168,1
20169,1
20170,1
20171,1
20172,1
20173,1
20174,1
20175,0.16129
20176,1
20177,0.903226
20178,1
20179,0.903226
20180,1
20181,0.935484
20182,0.935484
20183,0.870968
20184,1
20185,0.903226
20186,0.935484
20187,0.903226
20188,1
20189,0.903226
20190,1
20191,0.935484
20192,0.967742
20193,0.903226
20194,1
20195,0.935484
20196,1
20197,0.903226
20198,0.935484
20199,0.903226
20200,1
20201,0.83871
20202,0.967742
20203,0.903226
20204,1
20205,0.903226
20206,1
20207,0.903226
20208,1
20209,0.903226
20210,1
20211,0.903226
20212,1
20213,0.903226
20214,1
20215,0.935484
20216,0.967742
20217,0.903226
20218,1
20219,0.903226
20220,1
20221,0.903226
20222,1
20223,0.903226
20224,1
20225,0.903226
20226,1
20227,0.903226
20228,1
20229,0.903226
20230,1
20231,0.903226
20232,1
20233,0.903226
20234,1
20235,0.935484
20236,1
20237,0.935484
20238,0.967742
20239,0.935484
20240,0.903226
20241,1
20242,0.903226
20243,1
20244,0.967742
20245,1
20246,0.967742
20247,1
20248,0.967742
20249,1
20250,1
20251,1
20252,1
20253,1
20254,0.967742
20255,0.967742
20256,1
20257,0.967742
20258,0.967742
20259,1
20260,0.967742
20261,1
20262,1
20263,1
20264,1
20265,1
20266,0.967742
20267,0.967742
20268,1
20269,0.967742
20270,1
20271,1
20272,0.967742
20273,1
20274,1
20275,0.967742
20276,0.935484
20277,1
20278,0.967742
20279,0.967742
20280,1
20281,0.967742
20282,0.967742
20283,1
20284,0.967742
20285,1
20286,0.967742
20287,1
20288,0.967742
20289,1
20290,0.967742
20291,0.903226
20292,0.967742
20293,0.967742
20294,0.967742
20295,1
20296,0.967742
20297,1
20298,0.967742
20299,1
20300,0.967742
20301,1
20302,0.967742
20303,1
20304,1
20305,1
20306,1
20307,1
20308,0.193548
20309,0.322581
20310,0.354839
20311,0.967742
20312,0.806452
20313,1
20314,1
20315,0.806452
20316,0.83871
20317,1
20318,1
20319,0.225806
20320,0.967742
20321,0.193548
20322,0.322581
20323,0.322581
20324,0.322581
20325,0.322581
20326,0.322581
20327,0.322581
20328,0.354839
20329,0.967742
20330,1
20331,0.322581
20332,0.83871
20333,0.225806
20334,0.225806
20335,0.225806
20336,0.225806
20337,0.387097
20338,0.322581
20339,0.483871
20340,0.548387
20341,0.322581
20342,0.870968
20343,0.83871
20344,0.83871
20345,0.83871
20346,0.451613
20347,0.516129
20348,0.483871
20349,0.483871
20350,0.516129
20351,0.419355
20352,0.322581
20353,0.870968
20354,0.419355
20355,0.387097
20356,0.387097
20357,0.0645161
20358,0.387097
20359,0.354839
20360,0.548387
20361,0.387097
20362,0.387097
20363,0.387097
20364,0.387097
20365,0.322581
20366,0.483871
20367,0.870968
20368,0.322581
20369,0.870968
20370,0.419355
20371,0.387097
20372,0.387097
20373,0.387097
20374,0.290323
20375,0.870968
20376,0.419355
20377,0.322581
20378,0.516129
20379,0.387097
20380,0.387097
20381,0.387097
20382,0.322581
20383,0.870968
20384,0.387097
20385,0.387097
20386,0.419355
20387,0.387097
20388,0.354839
20389,0.387097
20390,0.387097
20391,0.322581
20392,0.870968
20393,0.387097
20394,0.419355
20395,0.387097
20396,0.387097
20397,0.387097
20398,0.387097
20399,0.290323
20400,0.870968
20401,0.419355
20402,0.387097
20403,0.354839
20404,0.387097
20405,0.387097
20406,0.387097
20407,0.387097
20408,0.387097
20409,0.387097
20410,0.387097
20411,0.419355
20412,0.354839
20413,0.387097
20414,0.387097
20415,0.419355
20416,0.322581
20417,0.516129
20418,0.225806
20419,0.354839
20420,0.967742
20421,1
20422,0.387097
20423,0.806452
20424,0.645161
20425,1
20426,0.903226
20427,1
20428,0.935484
20429,1
20430,0.935484
20431,0.935484
20432,1
20433,1
20434,1
20435,0.741935
20436,0.419355
20437,0.387097
20438,0.387097
20439,0.387097
20440,0.193548
20441,0.322581
20442,0.419355
20443,0.387097
20444,0.387097
20445,0.387097
20446,0.451613
20447,0.516129
20448,0.516129
20449,0.516129
20450,0.483871
20451,0.483871
20452,0.419355
20453,0.419355
20454,0.419355
20455,0.419355
20456,0.419355
20457,0.419355
20458,0.419355
20459,0.387097
20460,0.387097
20461,0.387097
20462,0.387097
20463,0.387097
20464,0.387097
20465,0.387097
20466,0.387097
20467,0.387097
20468,0.387097
20469,0.387097
20470,0.387097
20471,0.387097
20472,0.387097
20473,0.387097
20474,0.387097
20475,0.387097
20476,0.387097
20477,0.387097
20478,0.387097
20479,0.387097
20480,0.387097
20481,0.387097
20482,0.387097
20483,0.387097
20484,0.387097
20485,0.387097
20486,0.387097
20487,0.354839
20488,0.387097
20489,0.387097
20490,0.387097
20491,0.387097
20492,0.387097
20493,0.387097
20494,0.387097
20495,0.387097
20496,0.387097
20497,0.387097
20498,0.387097
20499,0.387097
20500,0.387097
20501,0.387097
20502,0.387097
20503,0.387097
20504,0.387097
20505,0.387097
20506,0.387097
20507,0.387097
20508,0.387097
20509,0.387097
20510,0.419355
20511,0.387097
20512,0.387097
20513,0.354839
20514,0.387097
20515,0.387097
20516,0.387097
20517,0.387097
20518,0.387097
20519,0.387097
20520,0.387097
20521,0.387097
20522,0.387097
20523,0.322581
20524,0.870968
20525,0.419355
20526,0.387097
20527,0.387097
20528,0.387097
20529,0.387097
20530,0.387097
20531,0.387097
20532,0.387097
20533,0.387097
20534,0.387097
20535,0.322581
20536,0.483871
20537,0.516129
20538,0.516129
20539,0.483871
20540,0.870968
20541,0.83871
20542,0.451613
20543,0.483871
20544,0.516129
20545,0.516129
20546,0.516129
20547,0.516129
20548,0.516129
20549,0.387097
20550,0.516129
20551,0.419355
20552,0.387097
20553,0.16129
20554,0.354839
20555,0.322581
20556,0.354839
20557,0.483871
20558,0.483871
20559,0.483871
20560,0.903226
20561,0.83871
20562,0.83871
20563,0.806452
20564,0.225806
20565,0.225806
20566,0.225806
20567,0.225806
20568,0.225806
20569,0.225806
20570,0.225806
20571,0.225806
20572,0.225806
20573,0.193548
20574,0.322581
20575,0.322581
20576,0.322581
20577,0.322581
20578,0.322581
20579,0.322581
20580,0.322581
20581,0.322581
20582,0.322581
20583,0.322581
20584,0.322581
20585,0.322581
20586,0.322581
20587,0.322581
20588,0.322581
20589,0.322581
20590,0.322581
20591,0.322581
20592,0.322581
20593,0.322581
20594,0.322581
20595,0.322581
20596,0.322581
20597,0.322581
20598,0.322581
20599,0.322581
20600,0.322581
20601,0.322581
20602,0.322581
20603,0.322581
20604,0.322581
20605,0.967742
20606,1
20607,0.83871
20608,1
20609,0.870968
20610,1
20611,0.935484
20612,0.903226
20613,0.935484
20614,1
20615,0.83871
20616,1
20617,0.935484
20618,0.935484
20619,0.903226
20620,1
20621,0.870968
20622,1
20623,0.870968
20624,0.935484
20625,0.935484
20626,0.903226
20627,0.935484
20628,0.870968
20629,0.967742
20630,0.935484
20631,0.903226
20632,1
20633,0.83871
20634,1
20635,0.903226
20636,0.935484
20637,0.935484
20638,0.967742
20639,0.83871
20640,1
20641,0.903226
20642,0.935484
20643,0.870968
20644,1
20645,0.935484
20646,0.935484
20647,1
20648,0.903226
20649,1
20650,0.935484
20651,0.935484
20652,0.903226
20653,1
20654,0.903226
20655,0.935484
20656,0.935484
20657,0.903226
20658,0.935484
20659,0.967742
20660,0.83871
20661,0.967742
20662,0.903226
20663,0.870968
20664,0.903226
20665,0.935484
20666,0.870968
20667,0.967742
20668,0.935484
20669,0.903226
20670,0.903226
20671,0.967742
20672,0.903226
20673,1
20674,0.967742
20675,0.903226
20676,1
20677,0.967742
20678,0.903226
20679,1
20680,0.967742
20681,0.903226
20682,1
20683,0.967742
20684,0.903226
20685,1
20686,0.967742
20687,0.935484
20688,0.967742
20689,1
20690,0.903226
20691,1
20692,0.967742
20693,0.935484
20694,0.967742
20695,1
20696,0.903226
20697,1
20698,0.967742
20699,0.903226
20700,1
20701,0.967742
20702,0.903226
20703,0.806452
20704,1
20705,0.903226
20706,1
20707,0.967742
20708,0.935484
20709,0.967742
20710,0.967742
20711,0.903226
20712,0.967742
20713,0.967742
20714,0.903226
20715,0.967742
20716,1
20717,0.903226
20718,0.935484
20719,0.967742
20720,1
20721,1
20722,1
20723,1
20724,1
20725,1
20726,1
20727,1
20728,1
20729,1
20730,1
20731,1
20732,1
20733,1
20734,1
20735,1
20736,1
20737,1
20738,1
20739,1
20740,1
20741,1
20742,1
20743,1
20744,1
20745,1
20746,1
20747,1
20748,1
20749,1
20750,1
20751,1
20752,1
20753,1
20754,1
20755,1
20756,1
20757,1
20758,1
20759,1
20760,1
20761,1
20762,1
20763,1
20764,1
20765,1
20766,1
20767,1
20768,1
20769,1
20770,1
20771,1
20772,1
20773,1
20774,1
20775,1
20776,1
20777,1
20778,1
20779,1
20780,1
20781,1
20782,1
20783,1
20784,0.548387
20785,1
20786,1
20787,1
20788,1
20789,1
20790,1
20791,1
20792,1
20793,1
20794,1
20795,1
20796,1
20797,1
20798,1
20799,1
20800,1
20801,1
20802,1
20803,1
20804,1
20805,1
20806,1
20807,1
20808,1
20809,1
20810,1
20811,1
20812,0.193548
20813,0.322581
20814,0.322581
20815,0.354839
20816,0.967742
20817,1
20818,0.806452
20819,1
20820,1
20821,1
20822,0.806452
20823,1
20824,0.806452
20825,0.935484
20826,0.322581
20827,0.870968
20828,0.354839
20829,0.483871
20830,0.483871
20831,0.483871
20832,0.483871
20833,0.516129
20834,0.967742
20835,0.548387
20836,0.870968
20837,0.387097
20838,0.387097
20839,0.387097
20840,0.451613
20841,0.419355
20842,0.451613
20843,0.548387
20844,0.645161
20845,0.677419
20846,0.645161
20847,0.419355
20848,0.387097
20849,0.387097
20850,0.419355
20851,0.677419
20852,0.967742
20853,1
20854,0.677419
20855,0.870968
20856,0.645161
20857,0.83871
20858,0.903226
20859,1
20860,0.903226
20861,1
20862,0.935484
20863,0.967742
20864,1
20865,1
20866,1
20867,1
20868,0.645161
20869,0.677419
20870,0.677419
20871,0.677419
20872,0.677419
20873,0.677419
20874,0.677419
20875,0.677419
20876,0.677419
20877,0.677419
20878,0.741935
20879,0.516129
20880,0.483871
20881,0.483871
20882,0.483871
20883,0.483871
20884,0.483871
20885,0.483871
20886,0.483871
20887,0.483871
20888,0.483871
20889,0.483871
20890,0.483871
20891,0.483871
20892,0.483871
20893,0.483871
20894,0.483871
20895,0.483871
20896,0.483871
20897,0.483871
20898,0.483871
20899,0.483871
20900,0.483871
20901,0.483871
20902,0.483871
20903,0.483871
20904,0.451613
20905,0.612903
20906,0.483871
20907,0.483871
20908,0.483871
20909,0.483871
20910,0.483871
20911,0.483871
20912,0.516129
20913,0.516129
20914,0.516129
20915,0.483871
20916,0.516129
20917,0.516129
20918,0.516129
20919,0.516129
20920,0.516129
20921,0.483871
20922,0.483871
20923,0.483871
20924,0.483871
20925,0.516129
20926,0.483871
20927,0.806452
20928,0.83871
20929,0.516129
20930,0.483871
20931,0.483871
20932,0.483871
20933,0.451613
20934,0.580645
20935,0.612903
20936,0.516129
20937,0.483871
20938,0.483871
20939,0.451613
20940,0.612903
20941,0.516129
20942,0.83871
20943,0.516129
20944,0.483871
20945,0.483871
20946,0.483871
20947,0.483871
20948,0.483871
20949,0.483871
20950,0.483871
20951,0.483871
20952,0.483871
20953,0.483871
20954,0.483871
20955,0.451613
20956,0.806452
20957,0.83871
20958,0.870968
20959,0.516129
20960,0.451613
20961,0.83871
20962,0.870968
20963,0.483871
20964,0.580645
20965,0.612903
20966,0.612903
20967,0.580645
20968,0.709677
20969,0.516129
20970,0.483871
20971,0.451613
20972,0.806452
20973,0.709677
20974,0.612903
20975,0.612903
20976,0.870968
20977,0.548387
20978,0.612903
20979,0.516129
20980,0.483871
20981,0.451613
20982,0.548387
20983,0.677419
20984,0.677419
20985,0.677419
20986,0.677419
20987,0.677419
20988,0.677419
20989,0.677419
20990,0.677419
20991,0.645161
20992,0.903226
20993,0.677419
20994,1
20995,0.677419
20996,0.83871
20997,0.645161
20998,0.935484
20999,0.387097
21000,0.645161
21001,0.677419
21002,0.677419
21003,0.677419
21004,0.677419
21005,0.677419
21006,0.677419
21007,0.677419
21008,0.677419
21009,0.677419
21010,0.677419
21011,0.677419
21012,0.677419
21013,0.677419
21014,0.709677
21015,0.870968
21016,0.83871
21017,0.677419
21018,0.677419
21019,0.677419
21020,0.677419
21021,0.677419
21022,0.709677
21023,0.870968
21024,0.83871
21025,1
21026,0.870968
21027,0.870968
21028,0.83871
21029,0.677419
21030,0.677419
21031,0.709677
21032,0.806452
21033,0.967742
21034,0.870968
21035,0.903226
21036,0.935484
21037,0.870968
21038,0.967742
21039,0.83871
21040,1
21041,0.903226
21042,0.903226
21043,0.935484
21044,0.903226
21045,0.870968
21046,0.870968
21047,0.935484
21048,0.83871
21049,0.935484
21050,0.967742
21051,0.83871
21052,0.967742
21053,0.935484
21054,0.903226
21055,0.903226
21056,0.967742
21057,0.806452
21058,1
21059,0.903226
21060,0.935484
21061,0.903226
21062,1
21063,0.870968
21064,1
21065,0.935484
21066,1
21067,0.935484
21068,1
21069,0.870968
21070,1
21071,0.903226
21072,0.967742
21073,0.935484
21074,0.967742
21075,0.903226
21076,1
21077,0.935484
21078,0.870968
21079,0.935484
21080,0.967742
21081,0.870968
21082,0.967742
21083,0.935484
21084,0.903226
21085,0.935484
21086,0.967742
21087,0.83871
21088,1
21089,0.903226
21090,0.870968
21091,0.870968
21092,0.935484
21093,0.870968
21094,1
21095,0.903226
21096,0.935484
21097,0.870968
21098,0.967742
21099,0.870968
21100,1
21101,0.677419
21102,0.645161
21103,0.741935
21104,0.741935
21105,0.677419
21106,0.741935
21107,0.741935
21108,0.645161
21109,0.870968
21110,0.83871
21111,0.774194
21112,0.870968
21113,0.741935
21114,0.677419
21115,0.741935
21116,0.709677
21117,0.806452
21118,0.870968
21119,0.870968
21120,0.741935
21121,1
21122,0.83871
21123,0.806452
21124,0.870968
21125,0.83871
21126,0.806452
21127,0.83871
21128,0.870968
21129,0.774194
21130,0.870968
21131,0.83871
21132,0.774194
21133,1
21134,0.967742
21135,0.903226
21136,0.967742
21137,0.967742
21138,0.903226
21139,0.967742
21140,0.967742
21141,0.903226
21142,0.967742
21143,0.967742
21144,0.903226
21145,0.903226
21146,0.806452
21147,1
21148,0.967742
21149,0.967742
21150,0.967742
21151,0.967742
21152,0.967742
21153,0.967742
21154,0.967742
21155,1
21156,0.967742
21157,1
21158,0.967742
21159,1
21160,0.967742
21161,1
21162,0.967742
21163,1
21164,1
21165,1
21166,0.83871
21167,1
21168,1
21169,1
21170,0.83871
21171,1
21172,1
21173,1
21174,1
21175,0.83871
21176,1
21177,1
21178,0.612903
21179,0.903226
21180,0.903226
21181,0.903226
21182,0.903226
21183,1
21184,0.83871
21185,1
21186,1
21187,0.83871
21188,1
21189,0.83871
21190,0.903226
21191,1
21192,0.806452
21193,1
21194,1
21195,0.870968
21196,0.83871
21197,0.677419
21198,0.677419
21199,0.677419
21200,0.677419
21201,0.677419
21202,0.612903
21203,1
21204,1
21205,1
21206,1
21207,1
21208,1
21209,1
21210,0.741935
21211,0.16129
21212,1
21213,1
21214,0.83871
21215,0.677419
21216,0.677419
21217,0.612903
21218,1
21219,1
21220,1
21221,0.967742
21222,1
21223,0.870968
21224,1
21225,1
21226,1
21227,1
21228,1
21229,0.806452
21230,0.83871
21231,1
21232,0.806452
21233,0.903226
21234,0.967742
21235,1
21236,1
21237,1
21238,1
21239,1
21240,0.806452
21241,1
21242,1
21243,1
21244,1
21245,1
21246,1
21247,1
21248,1
21249,0.483871
21250,0.83871
21251,0.548387
21252,0.548387
21253,0.548387
21254,0.548387
21255,0.83871
21256,0.83871
21257,0.83871
21258,0.83871
21259,0.83871
21260,0.83871
21261,0.83871
21262,0.83871
21263,0.83871
21264,0.83871
21265,0.83871
21266,0.83871
21267,1
21268,1
21269,0.806452
21270,0.83871
21271,1
21272,1
21273,1
21274,1
21275,1
21276,1
21277,0.870968
21278,1
21279,0.935484
21280,0.774194
21281,0.935484
21282,0.322581
21283,0.548387
21284,0.967742
21285,1
21286,0.935484
21287,1
21288,0.935484
21289,0.967742
21290,1
21291,0.967742
21292,1
21293,1
21294,1
21295,1
21296,1
21297,1
21298,1
21299,1
21300,1
21301,1
21302,1
21303,1
21304,1
21305,1
21306,1
21307,1
21308,1
21309,1
21310,1
21311,1
21312,1
21313,1
21314,1
21315,1
21316,1
21317,1
21318,1
21319,1
21320,1
21321,1
21322,1
21323,0.806452
21324,0.83871
21325,0.83871
21326,0.83871
21327,0.903226
21328,0.903226
21329,1
21330,1
21331,1
21332,1
21333,0.548387
21334,1
21335,0.83871
21336,1
21337,1
21338,1
21339,0.612903
21340,0.903226
21341,1
21342,0.580645
21343,1
21344,0.83871
21345,0.903226
21346,0.903226
21347,0.903226
21348,0.903226
21349,0.903226
21350,0.903226
21351,0.903226
21352,0.903226
21353,0.903226
21354,0.903226
21355,0.548387
21356,0.709677
21357,0.580645
21358,0.677419
21359,0.677419
21360,0.677419
21361,0.677419
21362,0.677419
21363,0.677419
21364,0.677419
21365,0.677419
21366,0.677419
21367,0.677419
21368,0.677419
21369,0.677419
21370,0.677419
21371,0.677419
21372,0.677419
21373,0.677419
21374,0.677419
21375,0.677419
21376,0.677419
21377,0.677419
21378,0.677419
21379,0.677419
21380,0.677419
21381,0.677419
21382,0.677419
21383,0.677419
21384,0.677419
21385,0.677419
21386,0.677419
21387,0.677419
21388,0.677419
21389,0.677419
21390,0.677419
21391,0.677419
21392,0.677419
21393,0.677419
21394,0.677419
21395,0.677419
21396,0.645161
21397,0.903226
21398,0.677419
21399,0.677419
21400,0.677419
21401,0.677419
21402,0.677419
21403,0.677419
21404,0.677419
21405,0.677419
21406,0.677419
21407,0.677419
21408,0.645161
21409,0.903226
21410,0.677419
21411,0.677419
21412,0.677419
21413,0.677419
21414,0.677419
21415,0.677419
21416,0.677419
21417,0.677419
21418,0.677419
21419,0.709677
21420,0.870968
21421,0.870968
21422,0.870968
21423,0.83871
21424,0.645161
21425,0.903226
21426,0.870968
21427,0.677419
21428,0.709677
21429,0.870968
21430,0.870968
21431,0.83871
21432,1
21433,0.870968
21434,0.870968
21435,0.83871
21436,0.677419
21437,0.677419
21438,1
21439,1
21440,0.870968
21441,0.83871
21442,0.967742
21443,1
21444,1
21445,0.870968
21446,0.870968
21447,0.870968
21448,0.870968
21449,0.870968
21450,0.870968
21451,0.83871
21452,0.709677
21453,0.870968
21454,0.870968
21455,0.870968
21456,0.83871
21457,1
21458,0.870968
21459,0.83871
21460,0.967742
21461,0.870968
21462,0.903226
21463,1
21464,0.83871
21465,1
21466,0.83871
21467,1
21468,0.870968
21469,0.935484
21470,0.935484
21471,1
21472,0.774194
21473,0.935484
21474,0.83871
21475,0.870968
21476,0.83871
21477,0.903226
21478,0.774194
21479,0.935484
21480,0.83871
21481,0.83871
21482,0.870968
21483,0.870968
21484,0.774194
21485,0.935484
21486,0.83871
21487,0.870968
21488,0.870968
21489,0.903226
21490,0.806452
21491,0.967742
21492,0.903226
21493,0.903226
21494,0.903226
21495,0.967742
21496,0.83871
21497,0.967742
21498,0.903226
21499,0.870968
21500,0.903226
21501,1
21502,0.806452
21503,0.935484
21504,0.935484
21505,0.903226
21506,0.935484
21507,0.935484
21508,0.83871
21509,0.967742
21510,0.83871
21511,0.903226
21512,0.870968
21513,0.967742
21514,0.83871
21515,0.935484
21516,0.935484
21517,0.806452
21518,0.870968
21519,0.935484
21520,0.806452
21521,0.903226
21522,0.935484
21523,0.870968
21524,0.870968
21525,0.903226
21526,0.870968
21527,0.967742
21528,0.870968
21529,0.903226
21530,0.903226
21531,0.677419
21532,0.677419
21533,0.741935
21534,0.709677
21535,0.677419
21536,0.709677
21537,0.677419
21538,0.645161
21539,0.709677
21540,0.709677
21541,0.645161
21542,0.709677
21543,0.677419
21544,0.645161
21545,0.709677
21546,0.677419
21547,0.645161
21548,0.709677
21549,0.709677
21550,0.645161
21551,0.709677
21552,0.83871
21553,0.774194
21554,0.806452
21555,0.806452
21556,0.774194
21557,0.83871
21558,0.806452
21559,0.903226
21560,0.967742
21561,0.967742
21562,0.903226
21563,0.967742
21564,0.83871
21565,0.774194
21566,0.806452
21567,0.967742
21568,0.903226
21569,0.967742
21570,0.967742
21571,0.903226
21572,0.967742
21573,0.967742
21574,0.903226
21575,0.967742
21576,0.935484
21577,0.967742
21578,0.967742
21579,0.967742
21580,0.967742
21581,0.967742
21582,0.967742
21583,0.967742
21584,0.967742
21585,0.967742
21586,0.967742
21587,0.967742
21588,0.967742
21589,0.967742
21590,0.967742
21591,0.967742
21592,0.967742
21593,1
21594,1
21595,1
21596,1
21597,1
21598,1
21599,1
21600,1
21601,1
21602,1
21603,1
21604,1
21605,1
21606,1
21607,1
21608,1
21609,1
21610,1
21611,1
21612,1
21613,1
21614,1
21615,1
21616,1
21617,1
21618,1
21619,1
21620,1
21621,1
21622,1
21623,1
21624,1
21625,1
21626,1
21627,1
21628,1
21629,1
21630,1
21631,1
21632,1
21633,1
21634,1
21635,1
21636,1
21637,1
21638,1
21639,1
21640,1
21641,0.709677
21642,0.16129
21643,1
21644,1
21645,1
21646,1
21647,1
21648,1
21649,1
21650,1
21651,1
21652,1
21653,1
21654,1
21655,1
21656,1
21657,1
21658,1
21659,1
21660,1
21661,1
21662,1
21663,1
21664,1
21665,1
21666,1
21667,1
21668,1
21669,1
21670,1
21671,1
21672,1
21673,1
21674,1
21675,0.967742
21676,1
21677,1
21678,1
21679,0.806452
21680,0.870968
21681,1
21682,1
21683,1
21684,1
21685,1
21686,1
21687,1
21688,1
21689,1
21690,1
21691,1
21692,0.806452
21693,0.83871
21694,0.83871
21695,1
21696,1
21697,1
21698,1
21699,1
21700,1
21701,1
21702,1
21703,1
21704,1
21705,1
21706,1
21707,1
21708,1
21709,0.870968
21710,0.967742
21711,1
21712,0.741935
21713,0.677419
21714,0.741935
21715,0.580645
21716,0.967742
21717,1
21718,0.903226
21719,1
21720,0.935484
21721,0.935484
21722,1
21723,0.935484
21724,1
21725,0.935484
21726,1
21727,1
21728,1
21729,1
21730,1
21731,1
21732,1
21733,1
21734,1
21735,1
21736,1
21737,1
21738,1
21739,1
21740,1
21741,1
21742,1
21743,1
21744,1
21745,1
21746,1
21747,1
21748,1
21749,1
21750,1
21751,1
21752,1
21753,1
21754,1
21755,1
21756,1
21757,0.967742
21758,0.806452
21759,0.83871
21760,0.83871
21761,0.903226
21762,1
21763,1
21764,1
21765,1
21766,1
21767,1
21768,1
21769,1
21770,1
21771,1
21772,1
21773,1
21774,1
21775,0.806452
21776,0.83871
21777,0.903226
21778,0.967742
21779,1
21780,1
21781,1
21782,1
21783,1
21784,1
21785,1
21786,1
21787,1
21788,1
21789,1
21790,1
21791,1
21792,1
21793,1
21794,1
21795,1
21796,1
21797,0.806452
21798,0.903226
21799,0.967742
21800,0.83871
21801,1
21802,1
21803,1
21804,0.83871
21805,1
21806,1
21807,0.870968
21808,0.967742
21809,0.806452
21810,1
21811,1
21812,1
21813,1
21814,1
21815,1
21816,1
21817,0.806452
21818,0.83871
21819,0.83871
21820,0.83871
21821,0.83871
21822,0.83871
21823,0.83871
21824,0.83871
21825,0.83871
21826,0.83871
21827,0.83871
21828,0.83871
21829,0.83871
21830,0.870968
21831,1
21832,0.806452
21833,0.83871
21834,0.83871
21835,0.83871
21836,0.83871
21837,0.83871
21838,0.83871
21839,0.83871
21840,0.83871
21841,0.83871
21842,0.83871
21843,1
21844,1
21845,0.806452
21846,0.83871
21847,1
21848,0.806452
21849,0.83871
21850,1
21851,1
21852,1
21853,1
21854,1
21855,0.806452
21856,1
21857,1
21858,0.806452
21859,0.83871
21860,0.83871
21861,0.83871
21862,1
21863,1
21864,1
21865,1
21866,1
21867,1
21868,1
21869,1
21870,1
21871,1
21872,1
21873,1
21874,1
21875,1
21876,0.806452
21877,1
21878,1
21879,1
21880,1
21881,1
21882,1
21883,1
21884,1
21885,1
21886,1
21887,1
21888,0.83871
21889,1
21890,0.903226
21891,0.903226
21892,0.935484
21893,0.935484
21894,1
21895,0.806452
21896,1
21897,0.870968
21898,0.935484
21899,0.870968
21900,0.870968
21901,0.935484
21902,0.870968
21903,0.967742
21904,0.870968
21905,0.935484
21906,1
21907,0.806452
21908,1
21909,0.870968
21910,0.935484
21911,0.870968
21912,1
21913,0.83871
21914,1
21915,0.870968
21916,0.935484
21917,0.903226
21918,1
21919,0.83871
21920,1
21921,0.903226
21922,0.935484
21923,0.903226
21924,1
21925,0.83871
21926,1
21927,0.903226
21928,0.935484
21929,0.935484
21930,1
21931,0.83871
21932,1
21933,0.903226
21934,0.903226
21935,0.935484
21936,0.967742
21937,0.806452
21938,0.967742
21939,0.903226
21940,0.903226
21941,0.903226
21942,0.967742
21943,0.83871
21944,0.967742
21945,0.903226
21946,0.870968
21947,0.903226
21948,0.935484
21949,0.83871
21950,0.967742
21951,0.903226
21952,0.903226
21953,0.870968
21954,0.967742
21955,0.870968
21956,0.967742
21957,0.967742
21958,0.903226
21959,0.967742
21960,0.967742
21961,0.903226
21962,0.967742
21963,0.967742
21964,0.903226
21965,0.967742
21966,0.967742
21967,0.903226
21968,0.967742
21969,0.967742
21970,0.903226
21971,0.967742
21972,0.967742
21973,0.903226
21974,0.967742
21975,0.967742
21976,0.903226
21977,0.83871
21978,0.870968
21979,0.741935
21980,0.967742
21981,0.967742
21982,0.903226
21983,0.967742
21984,0.967742
21985,0.903226
21986,0.967742
21987,0.774194
21988,0.903226
21989,0.967742
21990,0.774194
21991,0.903226
21992,0.967742
21993,0.967742
21994,0.903226
21995,0.967742
21996,0.967742
21997,0.903226
21998,0.967742
21999,0.967742
22000,0.903226
22001,0.967742
22002,0.935484
22003,0.935484
22004,1
22005,0.967742
22006,0.967742
22007,1
22008,0.967742
22009,1
22010,0.967742
22011,0.967742
22012,0.967742
22013,0.967742
22014,1
22015,0.967742
22016,1
22017,0.967742
22018,0.967742
22019,1
22020,1
22021,0.935484
22022,1
22023,1
22024,1
22025,1
22026,1
22027,1
22028,1
22029,1
22030,1
22031,1
22032,1
22033,1
22034,1
22035,1
22036,1
22037,1
22038,1
22039,1
22040,1
22041,1
22042,1
22043,1
22044,1
22045,1
22046,1
22047,1
22048,1
22049,1
22050,1
22051,1
22052,1
22053,1
22054,1
22055,1
22056,1
22057,1
22058,1
22059,1
22060,1
22061,1
22062,1
22063,1
22064,1
22065,1
22066,1
22067,1
22068,0.516129
22069,1
22070,1
22071,1
22072,1
22073,1
22074,1
22075,1
22076,1
22077,1
22078,1
22079,1
22080,1
22081,1
22082,1
22083,1
22084,1
22085,1
22086,1
22087,1
22088,1
22089,1
22090,1
22091,1
22092,0.806452
22093,0.83871
22094,1
22095,1
22096,1
22097,1
22098,1
22099,1
22100,1
22101,1
22102,1
22103,0.806452
22104,0.903226
22105,1
22106,1
22107,1
22108,1
22109,1
22110,1
22111,1
22112,1
22113,1
22114,1
22115,1
22116,1
22117,0.83871
22118,0.870968
22119,1
22120,0.580645
22121,0.870968
22122,0.903226
22123,1
22124,0.83871
22125,0.903226
22126,0.903226
22127,0.903226
22128,0.903226
22129,0.903226
22130,0.903226
22131,0.903226
22132,1
22133,1
22134,1
22135,0.83871
22136,1
22137,1
22138,0.709677
22139,0.903226
22140,0.709677
22141,1
22142,0.903226
22143,1
22144,0.903226
22145,0.967742
22146,0.870968
22147,0.967742
22148,0.967742
22149,0.967742
22150,0.967742
22151,0.903226
22152,0.870968
22153,0.419355
22154,0.935484
22155,0.935484
22156,0.967742
22157,0.967742
22158,0.967742
22159,0.935484
22160,0.967742
22161,0.967742
22162,0.967742
22163,0.967742
22164,0.967742
22165,0.967742
22166,0.967742
22167,0.967742
22168,0.774194
22169,0.806452
22170,0.967742
22171,0.774194
22172,0.83871
22173,0.806452
22174,0.83871
22175,0.806452
22176,0.83871
22177,0.806452
22178,0.83871
22179,0.774194
22180,0.83871
22181,0.806452
22182,0.83871
22183,0.677419
22184,0.677419
22185,0.806452
22186,0.451613
22187,0.806452
22188,0.806452
22189,0.83871
22190,0.806452
22191,0.83871
22192,0.83871
22193,0.83871
22194,0.677419
22195,0.83871
22196,0.870968
22197,0.709677
22198,0.83871
22199,0.387097
22200,0.580645
22201,0.806452
22202,0.387097
22203,0.806452
22204,0.83871
22205,0.83871
22206,0.516129
22207,0.83871
22208,0.741935
22209,0.83871
22210,0.741935
22211,0.83871
22212,0.774194
22213,0.806452
22214,0.774194
22215,0.806452
22216,0.774194
22217,0.774194
22218,0.387097
22219,0.612903
22220,0.83871
22221,0.774194
22222,0.451613
22223,0.580645
22224,0.612903
22225,0.580645
22226,0.645161
22227,0.83871
22228,0.774194
22229,0.419355
22230,0.612903
22231,0.677419
22232,0.806452
22233,0.741935
22234,0.83871
22235,0.387097
22236,0.612903
22237,0.645161
22238,0.870968
22239,0.419355
22240,0.870968
22241,0.419355
22242,0.580645
22243,0.612903
22244,0.612903
22245,0.612903
22246,0.612903
22247,0.612903
22248,0.612903
22249,0.645161
22250,0.677419
22251,0.548387
22252,0.83871
22253,0.967742
22254,0.806452
22255,0.870968
22256,0.870968
22257,0.967742
22258,0.967742
22259,0.806452
22260,0.870968
22261,0.870968
22262,0.870968
22263,0.612903
22264,0.870968
22265,0.870968
22266,0.870968
22267,0.870968
22268,0.870968
22269,0.870968
22270,0.870968
22271,0.870968
22272,0.870968
22273,0.870968
22274,0.870968
22275,0.870968
22276,0.870968
22277,0.870968
22278,0.967742
22279,0.806452
22280,0.870968
22281,0.870968
22282,0.870968
22283,0.870968
22284,0.870968
22285,0.967742
22286,0.935484
22287,0.967742
22288,0.806452
22289,0.967742
22290,0.806452
22291,0.870968
22292,0.870968
22293,0.967742
22294,0.967742
22295,0.967742
22296,0.967742
22297,0.774194
22298,0.870968
22299,0.83871
22300,0.967742
22301,0.935484
22302,0.967742
22303,0.967742
22304,0.967742
22305,0.967742
22306,0.935484
22307,0.967742
22308,0.935484
22309,0.967742
22310,0.935484
22311,0.967742
22312,0.83871
22313,0.870968
22314,0.870968
22315,0.870968
22316,0.967742
22317,0.677419
22318,0.451613
22319,0.935484
22320,0.774194
22321,0.935484
22322,0.806452
22323,0.741935
22324,0.903226
22325,0.709677
22326,0.83871
22327,0.870968
22328,0.870968
22329,0.741935
22330,0.903226
22331,0.806452
22332,0.806452
22333,0.903226
22334,0.83871
22335,0.741935
22336,0.935484
22337,0.741935
22338,0.83871
22339,0.83871
22340,0.903226
22341,0.709677
22342,0.967742
22343,0.774194
22344,0.83871
22345,0.870968
22346,0.83871
22347,0.806452
22348,0.967742
22349,0.903226
22350,0.83871
22351,0.967742
22352,0.870968
22353,0.870968
22354,0.967742
22355,0.83871
22356,0.83871
22357,0.967742
22358,0.870968
22359,0.83871
22360,0.935484
22361,0.903226
22362,0.83871
22363,0.387097
22364,0.935484
22365,0.806452
22366,0.967742
22367,0.870968
22368,0.774194
22369,0.870968
22370,0.870968
22371,0.83871
22372,0.935484
22373,0.83871
22374,0.806452
22375,0.935484
22376,0.870968
22377,0.741935
22378,0.903226
22379,0.806452
22380,0.806452
22381,0.83871
22382,0.870968
22383,0.774194
22384,0.903226
22385,0.806452
22386,0.83871
22387,0.83871
22388,0.903226
22389,0.741935
22390,0.870968
22391,0.870968
22392,0.774194
22393,0.935484
22394,0.83871
22395,0.83871
22396,0.83871
22397,0.903226
22398,0.774194
22399,0.903226
22400,0.83871
22401,0.83871
22402,0.870968
22403,0.870968
22404,0.774194
22405,0.935484
22406,0.83871
22407,0.83871
22408,0.83871
22409,0.903226
22410,0.774194
22411,0.903226
22412,0.83871
22413,0.83871
22414,0.870968
22415,0.870968
22416,0.774194
22417,0.935484
22418,0.83871
22419,0.83871
22420,0.83871
22421,0.903226
22422,0.774194
22423,0.903226
22424,0.83871
22425,0.83871
22426,0.870968
22427,0.870968
22428,0.774194
22429,0.935484
22430,0.83871
22431,0.83871
22432,0.258065
22433,0.709677
22434,0.645161
22435,0.709677
22436,0.709677
22437,0.516129
22438,0.612903
22439,0.580645
22440,0.580645
22441,0.612903
22442,0.612903
22443,0.548387
22444,0.612903
22445,0.580645
22446,0.580645
22447,0.612903
22448,0.612903
22449,0.548387
22450,0.677419
22451,0.612903
22452,0.612903
22453,0.677419
22454,0.612903
22455,0.612903
22456,0.677419
22457,0.677419
22458,0.548387
22459,0.677419
22460,0.612903
22461,0.612903
22462,0.709677
22463,0.677419
22464,0.612903
22465,0.709677
22466,0.709677
22467,0.580645
22468,0.806452
22469,0.451613
22470,0.870968
22471,0.967742
22472,0.935484
22473,0.870968
22474,0.967742
22475,0.935484
22476,0.870968
22477,0.967742
22478,0.935484
22479,0.870968
22480,0.967742
22481,0.935484
22482,0.806452
22483,0.741935
22484,0.967742
22485,0.967742
22486,0.935484
22487,0.935484
22488,0.935484
22489,0.935484
22490,0.935484
22491,0.935484
22492,0.935484
22493,0.935484
22494,0.935484
22495,0.935484
22496,0.935484
22497,0.935484
22498,0.935484
22499,0.935484
22500,0.967742
22501,0.967742
22502,0.967742
22503,0.967742
22504,0.967742
22505,0.967742
22506,0.967742
22507,0.967742
22508,0.967742
22509,0.967742
22510,0.967742
22511,0.967742
22512,0.967742
22513,0.967742
22514,0.967742
22515,0.967742
22516,0.967742
22517,0.967742
22518,0.967742
22519,0.967742
22520,0.967742
22521,0.967742
22522,0.967742
22523,0.806452
22524,0.645161
22525,0.645161
22526,0.677419
22527,0.677419
22528,0.677419
22529,0.612903
22530,1
22531,1
22532,1
22533,1
22534,1
22535,1
22536,1
22537,0.548387
22538,1
22539,0.548387
22540,1
22541,1
22542,1
22543,0.516129
22544,0.580645
22545,0.580645
22546,0.580645
22547,0.580645
22548,0.354839
22549,0.580645
22550,0.580645
22551,0.548387
22552,0.83871
22553,0.870968
22554,0.516129
22555,0.83871
22556,0.83871
22557,0.83871
22558,0.83871
22559,0.83871
22560,0.806452
22561,0.741935
22562,0.451613
22563,0.451613
22564,0.741935
22565,0.741935
22566,0.322581
22567,0.516129
22568,0.83871
22569,0.83871
22570,0.258065
22571,0.258065
22572,0.258065
22573,0.83871
22574,0.451613
22575,0.935484
22576,0.774194
22577,0.967742
22578,0.967742
22579,0.967742
22580,0.967742
22581,0.967742
22582,0.967742
22583,0.967742
22584,0.967742
22585,0.967742
22586,0.193548
22587,0.322581
22588,0.935484
22589,0.967742
22590,0.225806
22591,0.935484
22592,0.774194
22593,0.806452
22594,0.806452
22595,0.225806
22596,0.225806
22597,0.290323
22598,0.354839
22599,0.935484
22600,0.806452
22601,0.806452
22602,0.83871
22603,0.387097
22604,0.387097
22605,0.387097
22606,0.387097
22607,0.419355
22608,0.83871
22609,0.83871
22610,0.967742
22611,0.967742
22612,0.354839
22613,0.516129
22614,0.387097
22615,0.419355
22616,0.935484
22617,0.967742
22618,0.709677
22619,0.870968
22620,0.645161
22621,0.612903
22622,0.935484
22623,0.967742
22624,0.870968
22625,0.967742
22626,0.870968
22627,0.967742
22628,0.967742
22629,0.967742
22630,0.806452
22631,0.870968
22632,0.548387
22633,0.935484
22634,0.967742
22635,0.967742
22636,0.967742
22637,0.967742
22638,0.967742
22639,0.935484
22640,0.83871
22641,0.677419
22642,0.741935
22643,0.580645
22644,0.483871
22645,0.580645
22646,0.483871
22647,0.548387
22648,0.258065
22649,0.612903
22650,0.677419
22651,0.612903
22652,0.548387
22653,0.612903
22654,0.645161
22655,0.645161
22656,0.645161
22657,0.645161
22658,0.645161
22659,0.645161
22660,0.645161
22661,0.645161
22662,0.645161
22663,0.645161
22664,0.645161
22665,0.645161
22666,0.645161
22667,0.870968
22668,0.419355
22669,0.548387
22670,0.612903
22671,0.645161
22672,0.83871
22673,0.741935
22674,0.83871
22675,0.709677
22676,0.83871
22677,0.741935
22678,0.83871
22679,0.741935
22680,0.83871
22681,0.354839
22682,0.935484
22683,0.967742
22684,0.967742
22685,0.451613
22686,0.806452
22687,0.774194
22688,0.806452
22689,0.774194
22690,0.806452
22691,0.774194
22692,0.806452
22693,0.774194
22694,0.806452
22695,0.774194
22696,0.806452
22697,0.774194
22698,0.387097
22699,0.548387
22700,0.580645
22701,0.580645
22702,0.580645
22703,0.580645
22704,0.580645
22705,0.612903
22706,0.419355
22707,0.83871
22708,0.354839
22709,0.548387
22710,0.83871
22711,0.354839
22712,0.548387
22713,0.580645
22714,0.580645
22715,0.580645
22716,0.580645
22717,0.580645
22718,0.580645
22719,0.580645
22720,0.580645
22721,0.580645
22722,0.83871
22723,0.741935
22724,0.83871
22725,0.354839
22726,0.83871
22727,0.354839
22728,0.387097
22729,0.387097
22730,0.806452
22731,0.354839
22732,0.387097
22733,0.387097
22734,0.387097
22735,0.387097
22736,0.83871
22737,0.354839
22738,0.83871
22739,0.741935
22740,0.83871
22741,0.741935
22742,0.83871
22743,0.709677
22744,0.806452
22745,0.354839
22746,0.387097
22747,0.774194
22748,0.709677
22749,0.83871
22750,0.354839
22751,0.387097
22752,0.774194
22753,0.741935
22754,0.387097
22755,0.935484
22756,0.83871
22757,0.967742
22758,0.83871
22759,0.322581
22760,0.483871
22761,0.483871
22762,0.483871
22763,0.774194
22764,0.741935
22765,0.322581
22766,0.83871
22767,0.483871
22768,0.935484
22769,0.83871
22770,0.322581
22771,0.935484
22772,0.967742
22773,0.935484
22774,0.419355
22775,0.483871
22776,0.483871
22777,0.483871
22778,0.483871
22779,0.483871
22780,0.483871
22781,0.516129
22782,0.935484
22783,0.935484
22784,0.967742
22785,0.935484
22786,0.967742
22787,0.935484
22788,0.967742
22789,0.935484
22790,0.967742
22791,0.935484
22792,0.83871
22793,0.967742
22794,0.419355
22795,0.483871
22796,0.516129
22797,0.935484
22798,0.967742
22799,0.967742
22800,0.967742
22801,0.967742
22802,0.967742
22803,0.870968
22804,0.967742
22805,0.387097
22806,0.870968
22807,0.935484
22808,0.806452
22809,0.967742
22810,0.612903
22811,0.774194
22812,0.516129
22813,0.419355
22814,0.806452
22815,0.935484
22816,0.806452
22817,0.806452
22818,0.903226
22819,0.870968
22820,0.774194
22821,0.903226
22822,0.903226
22823,0.806452
22824,0.935484
22825,0.903226
22826,0.83871
22827,0.967742
22828,0.903226
22829,0.903226
22830,1
22831,0.967742
22832,0.903226
22833,1
22834,0.967742
22835,0.741935
22836,0.903226
22837,0.870968
22838,0.806452
22839,0.903226
22840,0.870968
22841,0.870968
22842,0.967742
22843,0.935484
22844,0.903226
22845,0.967742
22846,0.935484
22847,0.870968
22848,0.967742
22849,0.935484
22850,0.870968
22851,0.967742
22852,0.935484
22853,0.870968
22854,0.967742
22855,0.935484
22856,0.870968
22857,0.83871
22858,0.322581
22859,0.870968
22860,0.83871
22861,0.967742
22862,0.870968
22863,0.903226
22864,0.935484
22865,0.967742
22866,0.935484
22867,0.935484
22868,0.935484
22869,0.935484
22870,0.935484
22871,0.935484
22872,0.935484
22873,0.935484
22874,0.935484
22875,0.935484
22876,0.935484
22877,0.935484
22878,0.935484
22879,0.935484
22880,0.967742
22881,0.967742
22882,0.903226
22883,0.967742
22884,0.967742
22885,0.967742
22886,0.967742
22887,0.967742
22888,0.967742
22889,0.967742
22890,0.967742
22891,0.967742
22892,0.967742
22893,0.967742
22894,0.967742
22895,0.967742
22896,0.967742
22897,0.967742
22898,0.967742
22899,0.967742
22900,0.967742
22901,0.967742
22902,0.967742
22903,0.967742
22904,0.967742
22905,0.967742
22906,0.967742
22907,0.967742
22908,0.967742
22909,0.967742
22910,0.967742
22911,0.967742
22912,0.967742
22913,0.967742
22914,0.967742
22915,0.967742
22916,0.967742
22917,0.967742
22918,0.967742
22919,0.967742
22920,0.967742
22921,0.967742
22922,0.967742
22923,0.967742
22924,0.967742
22925,0.967742
22926,0.967742
22927,0.967742
22928,0.967742
22929,0.483871
22930,0.935484
22931,0.967742
22932,0.967742
22933,0.967742
22934,0.967742
22935,0.967742
22936,0.967742
22937,0.967742
22938,0.967742
22939,0.806452
22940,0.870968
22941,0.870968
22942,0.870968
22943,0.870968
22944,0.903226
22945,0.870968
22946,0.83871
22947,0.677419
22948,0.548387
22949,0.903226
22950,0.870968
22951,0.903226
22952,0.870968
22953,0.903226
22954,0.870968
22955,0.903226
22956,0.870968
22957,0.83871
22958,0.645161
22959,0.645161
22960,0.677419
22961,0.677419
22962,0.677419
22963,0.677419
22964,0.677419
22965,0.612903
22966,1
22967,1
22968,1
22969,1
22970,1
22971,1
22972,0.870968
22973,0.903226
22974,1
22975,1
22976,0.516129
22977,0.612903
22978,1
22979,1
22980,1
22981,0.516129
22982,0.580645
22983,0.612903
22984,1
22985,1
22986,0.83871
22987,1
22988,1
22989,1
22990,1
22991,0.967742
22992,0.903226
22993,0.451613
22994,1
22995,1
22996,1
22997,0.580645
22998,0.903226
22999,1
23000,0.903226
23001,1
23002,0.709677
23003,0.709677
23004,0.83871
23005,0.129032
23006,0.935484
23007,0.83871
23008,0.903226
23009,0.967742
23010,0.903226
23011,0.967742
23012,0.935484
23013,0.935484
23014,0.967742
23015,0.967742
23016,0.967742
23017,0.967742
23018,0.967742
23019,0.967742
23020,0.967742
23021,0.967742
23022,0.967742
23023,0.967742
23024,0.967742
23025,0.967742
23026,0.967742
23027,0.967742
23028,0.967742
23029,0.967742
23030,0.967742
23031,0.967742
23032,0.967742
23033,0.967742
23034,0.967742
23035,0.967742
23036,0.967742
23037,0.967742
23038,0.967742
23039,0.967742
23040,0.967742
23041,0.967742
23042,0.967742
23043,0.903226
23044,0.967742
23045,0.806452
23046,0.967742
23047,0.903226
23048,0.967742
23049,0.903226
23050,0.967742
23051,0.903226
23052,0.967742
23053,0.903226
23054,0.967742
23055,0.967742
23056,0.967742
23057,0.677419
23058,0.967742
23059,0.967742
23060,0.967742
23061,0.967742
23062,0.967742
23063,0.967742
23064,0.83871
23065,0.387097
23066,0.935484
23067,0.967742
23068,0.967742
23069,0.967742
23070,0.967742
23071,0.967742
23072,0.967742
23073,0.967742
23074,0.967742
23075,0.83871
23076,0.354839
23077,0.935484
23078,0.967742
23079,0.967742
23080,0.967742
23081,0.967742
23082,0.83871
23083,0.741935
23084,0.419355
23085,0.935484
23086,0.967742
23087,0.870968
23088,0.387097
23089,0.935484
23090,0.935484
23091,0.83871
23092,0.741935
23093,0.806452
23094,0.419355
23095,0.935484
23096,0.935484
23097,0.83871
23098,0.774194
23099,0.451613
23100,0.935484
23101,0.935484
23102,0.967742
23103,0.935484
23104,0.967742
23105,0.935484
23106,0.967742
23107,0.935484
23108,0.967742
23109,0.935484
23110,0.967742
23111,0.967742
23112,0.870968
23113,0.451613
23114,0.967742
23115,0.935484
23116,0.935484
23117,0.935484
23118,0.935484
23119,0.935484
23120,0.935484
23121,0.967742
23122,0.935484
23123,0.967742
23124,0.935484
23125,0.967742
23126,0.967742
23127,0.806452
23128,0.451613
23129,0.967742
23130,0.935484
23131,0.870968
23132,0.387097
23133,0.935484
23134,0.935484
23135,0.967742
23136,0.935484
23137,0.967742
23138,0.935484
23139,0.903226
23140,0.451613
23141,0.935484
23142,0.83871
23143,0.451613
23144,0.967742
23145,0.967742
23146,0.967742
23147,0.935484
23148,0.967742
23149,0.967742
23150,0.967742
23151,0.967742
23152,0.967742
23153,0.967742
23154,0.935484
23155,0.903226
23156,0.451613
23157,0.967742
23158,0.935484
23159,0.967742
23160,0.967742
23161,0.967742
23162,0.967742
23163,0.967742
23164,0.967742
23165,0.967742
23166,0.935484
23167,0.967742
23168,0.935484
23169,0.967742
23170,0.967742
23171,0.967742
23172,0.967742
23173,0.967742
23174,0.967742
23175,0.967742
23176,0.967742
23177,0.83871
23178,0.516129
23179,0.967742
23180,0.967742
23181,0.967742
23182,0.967742
23183,0.870968
23184,0.967742
23185,0.870968
23186,0.967742
23187,0.83871
23188,1
23189,0.774194
23190,0.83871
23191,0.806452
23192,0.870968
23193,0.741935
23194,0.967742
23195,0.806452
23196,0.774194
23197,0.483871
23198,0.83871
23199,0.677419
23200,0.935484
23201,0.806452
23202,0.774194
23203,0.451613
23204,0.870968
23205,0.741935
23206,0.903226
23207,0.806452
23208,0.83871
23209,0.870968
23210,0.903226
23211,0.741935
23212,0.967742
23213,0.741935
23214,0.83871
23215,0.709677
23216,0.903226
23217,0.612903
23218,0.903226
23219,0.677419
23220,0.83871
23221,0.741935
23222,0.903226
23223,0.612903
23224,0.903226
23225,0.677419
23226,0.83871
23227,0.709677
23228,0.870968
23229,0.612903
23230,0.903226
23231,0.677419
23232,0.806452
23233,0.774194
23234,0.870968
23235,0.645161
23236,0.903226
23237,0.677419
23238,0.806452
23239,0.83871
23240,0.741935
23241,0.741935
23242,0.83871
23243,0.677419
23244,0.774194
23245,0.806452
23246,0.870968
23247,0.354839
23248,0.935484
23249,0.806452
23250,0.709677
23251,0.806452
23252,0.806452
23253,0.677419
23254,0.83871
23255,0.741935
23256,0.741935
23257,0.806452
23258,0.806452
23259,0.677419
23260,0.83871
23261,0.741935
23262,0.709677
23263,0.870968
23264,0.709677
23265,0.774194
23266,0.870968
23267,0.645161
23268,0.419355
23269,0.903226
23270,0.806452
23271,0.741935
23272,0.870968
23273,0.612903
23274,0.677419
23275,0.419355
23276,0.903226
23277,0.709677
23278,0.903226
23279,0.709677
23280,0.387097
23281,0.903226
23282,0.806452
23283,0.774194
23284,0.903226
23285,0.870968
23286,0.774194
23287,0.83871
23288,0.806452
23289,0.741935
23290,0.741935
23291,0.387097
23292,0.806452
23293,0.935484
23294,0.870968
23295,0.709677
23296,0.419355
23297,0.935484
23298,0.83871
23299,0.419355
23300,0.870968
23301,0.935484
23302,0.935484
23303,0.935484
23304,0.870968
23305,0.870968
23306,0.903226
23307,0.870968
23308,0.419355
23309,0.935484
23310,0.935484
23311,0.935484
23312,0.935484
23313,0.967742
23314,0.935484
23315,0.322581
23316,0.935484
23317,0.935484
23318,0.967742
23319,0.935484
23320,0.903226
23321,0.774194
23322,0.83871
23323,0.774194
23324,0.83871
23325,0.774194
23326,0.387097
23327,0.935484
23328,0.935484
23329,0.774194
23330,0.83871
23331,0.774194
23332,0.83871
23333,0.774194
23334,0.806452
23335,0.774194
23336,0.354839
23337,0.935484
23338,0.935484
23339,0.774194
23340,0.83871
23341,0.774194
23342,0.83871
23343,0.741935
23344,0.806452
23345,0.741935
23346,0.83871
23347,0.741935
23348,0.806452
23349,0.387097
23350,0.903226
23351,0.322581
23352,0.935484
23353,0.935484
23354,0.967742
23355,0.935484
23356,0.967742
23357,0.935484
23358,0.967742
23359,0.935484
23360,0.258065
23361,0.935484
23362,0.129032
23363,0.935484
23364,0.935484
23365,0.967742
23366,0.935484
23367,0.967742
23368,0.935484
23369,0.967742
23370,0.935484
23371,0.967742
23372,0.935484
23373,0.967742
23374,0.935484
23375,0.967742
23376,0.935484
23377,0.967742
23378,0.935484
23379,0.967742
23380,0.935484
23381,0.967742
23382,0.935484
23383,0.967742
23384,0.935484
23385,0.967742
23386,0.935484
23387,0.967742
23388,0.935484
23389,0.967742
23390,0.935484
23391,0.967742
23392,0.935484
23393,0.967742
23394,0.935484
23395,0.967742
23396,0.935484
23397,1
23398,0.967742
23399,0.935484
23400,0.967742
23401,0.935484
23402,1
23403,0.935484
23404,0.967742
23405,1
23406,0.967742
23407,1
23408,0.935484
23409,1
23410,0.935484
23411,1
23412,0.967742
23413,1
23414,0.935484
23415,1
23416,0.967742
23417,1
23418,0.967742
23419,1
23420,0.967742
23421,1
23422,0.967742
23423,1
23424,0.967742
23425,1
23426,0.903226
23427,0.967742
23428,0.774194
23429,0.83871
23430,0.870968
23431,0.258065
23432,1
23433,0.967742
23434,0.870968
23435,1
23436,0.903226
23437,0.935484
23438,0.935484
23439,0.967742
23440,0.935484
23441,1
23442,0.967742
23443,1
23444,0.935484
23445,1
23446,0.967742
23447,0.935484
23448,1
23449,0.935484
23450,1
23451,0.935484
23452,0.967742
23453,0.967742
23454,0.903226
23455,0.967742
23456,0.967742
23457,0.967742
23458,0.967742
23459,0.935484
23460,0.967742
23461,0.967742
23462,0.935484
23463,0.967742
23464,0.935484
23465,0.967742
23466,0.935484
23467,0.967742
23468,0.935484
23469,0.967742
23470,0.935484
23471,0.290323
23472,0.935484
23473,0.935484
23474,0.967742
23475,0.935484
23476,0.967742
23477,0.935484
23478,0.967742
23479,0.935484
23480,0.741935
23481,0.806452
23482,0.83871
23483,0.774194
23484,0.83871
23485,0.741935
23486,0.870968
23487,0.741935
23488,0.354839
23489,0.935484
23490,0.935484
23491,0.967742
23492,0.935484
23493,0.967742
23494,0.935484
23495,0.967742
23496,0.935484
23497,0.967742
23498,0.935484
23499,0.967742
23500,0.935484
23501,0.967742
23502,0.967742
23503,0.967742
23504,0.967742
23505,0.967742
23506,0.967742
23507,0.967742
23508,0.967742
23509,0.83871
23510,0.451613
23511,0.935484
23512,0.967742
23513,0.967742
23514,0.967742
23515,0.967742
23516,0.967742
23517,0.967742
23518,0.451613
23519,0.935484
23520,0.935484
23521,0.83871
23522,0.870968
23523,0.870968
23524,0.451613
23525,0.935484
23526,0.967742
23527,0.967742
23528,0.935484
23529,0.83871
23530,0.451613
23531,0.935484
23532,0.967742
23533,0.451613
23534,0.903226
23535,0.870968
23536,0.483871
23537,0.967742
23538,0.935484
23539,0.870968
23540,0.451613
23541,0.967742
23542,0.903226
23543,0.451613
23544,0.967742
23545,0.967742
23546,0.967742
23547,0.935484
23548,0.451613
23549,0.967742
23550,0.903226
23551,0.903226
23552,0.483871
23553,0.935484
23554,0.483871
23555,0.967742
23556,0.967742
23557,0.967742
23558,0.967742
23559,0.967742
23560,0.967742
23561,0.967742
23562,0.451613
23563,0.935484
23564,0.870968
23565,0.903226
23566,0.83871
23567,0.83871
23568,0.903226
23569,0.903226
23570,0.903226
23571,0.903226
23572,0.903226
23573,0.903226
23574,0.903226
23575,0.451613
23576,0.967742
23577,0.967742
23578,0.935484
23579,0.935484
23580,0.935484
23581,0.935484
23582,0.935484
23583,0.935484
23584,0.935484
23585,0.935484
23586,0.935484
23587,0.870968
23588,0.451613
23589,0.935484
23590,0.935484
23591,0.935484
23592,0.935484
23593,0.935484
23594,0.935484
23595,0.935484
23596,0.935484
23597,0.870968
23598,0.870968
23599,0.451613
23600,0.935484
23601,0.935484
23602,0.935484
23603,0.935484
23604,0.935484
23605,0.935484
23606,0.870968
23607,0.451613
23608,0.903226
23609,0.935484
23610,0.935484
23611,0.935484
23612,0.903226
23613,0.870968
23614,0.870968
23615,0.870968
23616,0.870968
23617,0.419355
23618,0.903226
23619,0.806452
23620,0.516129
23621,0.645161
23622,0.709677
23623,0.258065
23624,0.774194
23625,0.870968
23626,0.741935
23627,0.419355
23628,0.967742
23629,0.290323
23630,0.774194
23631,0.903226
23632,0.870968
23633,0.806452
23634,0.935484
23635,0.451613
23636,0.774194
23637,1
23638,0.870968
23639,0.741935
23640,0.741935
23641,0.806452
23642,0.709677
23643,0.903226
23644,0.806452
23645,0.677419
23646,0.774194
23647,0.806452
23648,0.419355
23649,0.967742
23650,0.774194
23651,0.645161
23652,0.903226
23653,0.483871
23654,0.774194
23655,0.967742
23656,0.870968
23657,0.806452
23658,1
23659,0.870968
23660,0.806452
23661,1
23662,0.83871
23663,0.774194
23664,0.967742
23665,0.83871
23666,0.774194
23667,0.967742
23668,0.83871
23669,0.774194
23670,0.967742
23671,0.83871
23672,0.774194
23673,0.967742
23674,0.83871
23675,0.774194
23676,0.870968
23677,0.774194
23678,1
23679,0.903226
23680,0.903226
23681,0.903226
23682,0.903226
23683,0.903226
23684,0.903226
23685,0.903226
23686,0.903226
23687,0.903226
23688,0.903226
23689,0.903226
23690,0.903226
23691,0.903226
23692,0.903226
23693,0.903226
23694,0.903226
23695,0.935484
23696,0.935484
23697,0.935484
23698,0.935484
23699,0.83871
23700,0.935484
23701,0.806452
23702,0.935484
23703,0.83871
23704,0.935484
23705,0.806452
23706,0.935484
23707,0.387097
23708,0.935484
23709,0.870968
23710,0.903226
23711,0.806452
23712,0.935484
23713,0.83871
23714,0.451613
23715,0.903226
23716,0.451613
23717,0.903226
23718,0.419355
23719,0.83871
23720,0.870968
23721,0.741935
23722,0.870968
23723,0.806452
23724,0.870968
23725,0.774194
23726,0.870968
23727,0.774194
23728,0.83871
23729,0.709677
23730,0.516129
23731,0.83871
23732,0.451613
23733,0.903226
23734,0.83871
23735,0.741935
23736,0.870968
23737,0.387097
23738,0.903226
23739,0.741935
23740,0.870968
23741,0.709677
23742,0.870968
23743,0.806452
23744,0.83871
23745,0.741935
23746,0.903226
23747,0.645161
23748,0.903226
23749,0.354839
23750,0.806452
23751,0.741935
23752,0.806452
23753,0.387097
23754,0.903226
23755,0.709677
23756,0.709677
23757,0.806452
23758,0.709677
23759,0.741935
23760,0.806452
23761,0.741935
23762,0.83871
23763,0.709677
23764,0.806452
23765,0.741935
23766,0.83871
23767,0.806452
23768,0.741935
23769,0.83871
23770,0.806452
23771,0.741935
23772,0.83871
23773,0.83871
23774,0.741935
23775,0.83871
23776,0.709677
23777,0.741935
23778,0.83871
23779,0.806452
23780,0.741935
23781,0.83871
23782,0.806452
23783,0.741935
23784,0.83871
23785,0.806452
23786,0.741935
23787,0.419355
23788,0.870968
23789,0.709677
23790,0.83871
23791,0.774194
23792,0.741935
23793,0.83871
23794,0.774194
23795,0.709677
23796,0.774194
23797,0.741935
23798,0.677419
23799,0.387097
23800,0.870968
23801,0.709677
23802,0.83871
23803,0.806452
23804,0.612903
23805,0.774194
23806,0.419355
23807,0.806452
23808,0.967742
23809,0.806452
23810,0.387097
23811,0.903226
23812,0.806452
23813,0.903226
23814,0.451613
23815,0.903226
23816,0.903226
23817,0.903226
23818,0.709677
23819,0.806452
23820,0.709677
23821,0.741935
23822,0.806452
23823,0.774194
23824,0.806452
23825,0.774194
23826,0.774194
23827,0.774194
23828,0.419355
23829,0.903226
23830,0.935484
23831,0.935484
23832,0.774194
23833,0.419355
23834,0.903226
23835,0.935484
23836,0.935484
23837,0.935484
23838,0.935484
23839,0.935484
23840,0.935484
23841,0.935484
23842,0.935484
23843,0.935484
23844,0.935484
23845,0.935484
23846,0.935484
23847,0.935484
23848,0.935484
23849,0.935484
23850,0.935484
23851,0.935484
23852,0.935484
23853,0.903226
23854,0.935484
23855,0.935484
23856,0.935484
23857,0.935484
23858,0.935484
23859,0.935484
23860,0.935484
23861,0.967742
23862,0.935484
23863,1
23864,0.967742
23865,0.967742
23866,0.967742
23867,0.806452
23868,0.322581
23869,1
23870,0.258065
23871,1
23872,0.903226
23873,0.806452
23874,0.806452
23875,0.322581
23876,1
23877,0.903226
23878,0.967742
23879,0.903226
23880,0.903226
23881,0.354839
23882,1
23883,0.903226
23884,0.967742
23885,0.903226
23886,0.935484
23887,0.967742
23888,0.903226
23889,0.967742
23890,0.903226
23891,0.967742
23892,0.903226
23893,0.935484
23894,0.774194
23895,0.806452
23896,0.774194
23897,0.806452
23898,0.741935
23899,0.806452
23900,0.290323
23901,1
23902,0.322581
23903,0.903226
23904,0.741935
23905,0.806452
23906,0.806452
23907,0.322581
23908,1
23909,0.903226
23910,0.967742
23911,0.903226
23912,1
23913,0.83871
23914,0.322581
23915,1
23916,0.903226
23917,1
23918,0.903226
23919,1
23920,0.806452
23921,0.806452
23922,0.258065
23923,0.870968
23924,0.322581
23925,0.903226
23926,0.903226
23927,0.935484
23928,0.903226
23929,0.935484
23930,0.903226
23931,0.935484
23932,0.903226
23933,0.935484
23934,0.903226
23935,0.935484
23936,0.903226
23937,0.935484
23938,0.903226
23939,0.935484
23940,0.322581
23941,0.903226
23942,0.774194
23943,0.935484
23944,0.677419
23945,0.806452
23946,0.806452
23947,0.258065
23948,0.903226
23949,0.935484
23950,0.870968
23951,0.935484
23952,0.83871
23953,0.387097
23954,0.83871
23955,0.870968
23956,0.322581
23957,0.903226
23958,0.935484
23959,0.83871
23960,0.774194
23961,0.451613
23962,0.83871
23963,0.709677
23964,0.774194
23965,0.741935
23966,0.451613
23967,0.83871
23968,0.83871
23969,0.83871
23970,0.870968
23971,0.83871
23972,0.806452
23973,0.774194
23974,0.483871
23975,0.870968
23976,0.806452
23977,0.483871
23978,0.870968
23979,0.870968
23980,0.870968
23981,0.83871
23982,0.870968
23983,0.870968
23984,0.870968
23985,0.870968
23986,0.935484
23987,0.935484
23988,0.870968
23989,0.870968
23990,0.870968
23991,0.935484
23992,0.935484
23993,0.935484
23994,0.935484
23995,0.935484
23996,0.935484
23997,0.935484
23998,0.870968
23999,0.870968
24000,0.870968
24001,0.870968
24002,0.935484
24003,0.903226
24004,0.419355
24005,0.903226
24006,0.935484
24007,0.870968
24008,0.387097
24009,0.903226
24010,0.935484
24011,0.935484
24012,0.935484
24013,0.935484
24014,0.935484
24015,0.935484
24016,0.935484
24017,0.935484
24018,0.935484
24019,0.935484
24020,0.903226
24021,0.935484
24022,0.387097
24023,0.903226
24024,0.806452
24025,0.419355
24026,0.903226
24027,0.903226
24028,0.935484
24029,0.903226
24030,0.935484
24031,0.903226
24032,0.935484
24033,0.903226
24034,0.935484
24035,0.903226
24036,0.935484
24037,0.903226
24038,0.419355
24039,0.903226
24040,0.903226
24041,0.935484
24042,0.903226
24043,0.935484
24044,0.903226
24045,0.870968
24046,0.741935
24047,0.870968
24048,0.387097
24049,0.903226
24050,0.870968
24051,0.83871
24052,0.806452
24053,0.387097
24054,0.903226
24055,0.903226
24056,0.387097
24057,0.903226
24058,0.903226
24059,0.903226
24060,0.870968
24061,0.870968
24062,0.387097
24063,0.903226
24064,0.903226
24065,0.935484
24066,0.806452
24067,0.419355
24068,0.903226
24069,0.903226
24070,0.935484
24071,0.903226
24072,0.935484
24073,0.903226
24074,0.419355
24075,0.903226
24076,0.903226
24077,0.935484
24078,0.903226
24079,0.935484
24080,0.774194
24081,0.419355
24082,0.903226
24083,0.903226
24084,0.387097
24085,0.903226
24086,0.935484
24087,0.935484
24088,0.935484
24089,0.870968
24090,0.935484
24091,0.903226
24092,0.935484
24093,0.83871
24094,0.419355
24095,0.903226
24096,0.935484
24097,0.935484
24098,0.903226
24099,0.419355
24100,0.935484
24101,0.903226
24102,0.935484
24103,0.903226
24104,0.935484
24105,0.903226
24106,0.870968
24107,0.870968
24108,0.903226
24109,0.967742
24110,0.935484
24111,0.967742
24112,0.935484
24113,0.387097
24114,0.935484
24115,0.935484
24116,0.903226
24117,0.935484
24118,0.870968
24119,0.354839
24120,0.935484
24121,0.935484
24122,0.967742
24123,0.967742
24124,0.967742
24125,0.903226
24126,0.903226
24127,0.967742
24128,0.967742
24129,0.903226
24130,0.903226
24131,0.967742
24132,0.83871
24133,0.387097
24134,0.870968
24135,0.83871
24136,0.612903
24137,0.419355
24138,0.354839
24139,0.16129
24140,0.967742
24141,0.903226
24142,0.741935
24143,0.935484
24144,0.83871
24145,0.645161
24146,0.806452
24147,0.903226
24148,0.709677
24149,0.935484
24150,0.903226
24151,0.83871
24152,0.83871
24153,0.903226
24154,0.741935
24155,0.387097
24156,0.870968
24157,0.774194
24158,0.354839
24159,0.935484
24160,0.806452
24161,0.870968
24162,0.483871
24163,0.903226
24164,0.903226
24165,0.903226
24166,0.806452
24167,0.903226
24168,0.903226
24169,0.709677
24170,0.419355
24171,0.870968
24172,0.774194
24173,0.870968
24174,0.870968
24175,0.387097
24176,0.83871
24177,0.387097
24178,0.83871
24179,0.870968
24180,0.83871
24181,0.322581
24182,0.709677
24183,0.548387
24184,0.806452
24185,0.322581
24186,0.870968
24187,0.774194
24188,0.83871
24189,0.870968
24190,0.741935
24191,0.83871
24192,0.870968
24193,0.774194
24194,0.774194
24195,0.935484
24196,0.870968
24197,0.83871
24198,0.83871
24199,0.83871
24200,0.83871
24201,0.83871
24202,0.83871
24203,0.83871
24204,0.83871
24205,0.83871
24206,0.387097
24207,0.83871
24208,0.83871
24209,0.83871
24210,0.83871
24211,0.83871
24212,0.870968
24213,0.870968
24214,0.83871
24215,0.870968
24216,0.870968
24217,0.870968
24218,0.870968
24219,0.870968
24220,0.451613
24221,0.806452
24222,0.83871
24223,0.451613
24224,0.83871
24225,0.806452
24226,0.451613
24227,0.83871
24228,0.83871
24229,0.870968
24230,0.806452
24231,0.774194
24232,0.83871
24233,0.806452
24234,0.83871
24235,0.83871
24236,0.741935
24237,0.83871
24238,0.741935
24239,0.83871
24240,0.741935
24241,0.83871
24242,0.741935
24243,0.83871
24244,0.354839
24245,0.83871
24246,0.709677
24247,0.870968
24248,0.709677
24249,0.83871
24250,0.451613
24251,0.870968
24252,0.677419
24253,0.451613
24254,0.83871
24255,0.774194
24256,0.451613
24257,0.83871
24258,0.741935
24259,0.870968
24260,0.741935
24261,0.451613
24262,0.451613
24263,0.83871
24264,0.645161
24265,0.516129
24266,0.83871
24267,0.806452
24268,0.419355
24269,0.870968
24270,0.709677
24271,0.451613
24272,0.935484
24273,0.709677
24274,0.806452
24275,0.83871
24276,0.451613
24277,0.903226
24278,0.354839
24279,0.806452
24280,0.83871
24281,0.806452
24282,0.322581
24283,0.903226
24284,0.677419
24285,0.741935
24286,0.806452
24287,0.741935
24288,0.677419
24289,0.83871
24290,0.709677
24291,0.709677
24292,0.83871
24293,0.741935
24294,0.709677
24295,0.741935
24296,0.419355
24297,0.774194
24298,0.483871
24299,0.741935
24300,0.677419
24301,0.83871
24302,0.774194
24303,0.774194
24304,0.774194
24305,0.774194
24306,0.741935
24307,0.774194
24308,0.774194
24309,0.774194
24310,0.903226
24311,0.741935
24312,0.709677
24313,0.83871
24314,0.709677
24315,0.677419
24316,0.483871
24317,0.83871
24318,0.612903
24319,0.774194
24320,0.451613
24321,0.806452
24322,0.806452
24323,0.774194
24324,0.709677
24325,0.741935
24326,0.451613
24327,0.677419
24328,0.806452
24329,0.806452
24330,0.677419
24331,0.83871
24332,0.774194
24333,0.677419
24334,0.806452
24335,0.774194
24336,0.677419
24337,0.806452
24338,0.806452
24339,0.677419
24340,0.806452
24341,0.774194
24342,0.677419
24343,0.806452
24344,0.774194
24345,0.83871
24346,0.935484
24347,0.806452
24348,0.516129
24349,0.967742
24350,0.903226
24351,0.806452
24352,0.516129
24353,0.967742
24354,0.83871
24355,0.83871
24356,0.83871
24357,0.806452
24358,0.741935
24359,0.774194
24360,0.741935
24361,0.516129
24362,0.903226
24363,0.483871
24364,0.83871
24365,0.774194
24366,0.806452
24367,0.806452
24368,0.83871
24369,0.451613
24370,0.83871
24371,0.870968
24372,0.83871
24373,0.83871
24374,0.870968
24375,0.870968
24376,0.870968
24377,0.806452
24378,0.709677
24379,0.870968
24380,0.709677
24381,0.903226
24382,0.967742
24383,0.967742
24384,0.83871
24385,0.483871
24386,1
24387,0.83871
24388,0.903226
24389,0.870968
24390,0.935484
24391,0.870968
24392,0.967742
24393,0.935484
24394,0.774194
24395,0.741935
24396,0.451613
24397,0.935484
24398,0.935484
24399,1
24400,0.935484
24401,1
24402,0.935484
24403,1
24404,0.935484
24405,0.870968
24406,0.870968
24407,0.935484
24408,0.935484
24409,0.903226
24410,0.451613
24411,0.903226
24412,0.83871
24413,0.870968
24414,0.83871
24415,0.935484
24416,0.83871
24417,0.774194
24418,0.741935
24419,0.83871
24420,0.903226
24421,0.774194
24422,0.83871
24423,0.451613
24424,0.774194
24425,0.935484
24426,0.903226
24427,0.935484
24428,0.83871
24429,0.483871
24430,0.774194
24431,0.870968
24432,0.451613
24433,0.774194
24434,0.935484
24435,0.83871
24436,0.483871
24437,0.903226
24438,0.451613
24439,0.83871
24440,0.806452
24441,0.483871
24442,0.903226
24443,0.967742
24444,0.935484
24445,0.903226
24446,0.935484
24447,0.903226
24448,0.935484
24449,0.903226
24450,0.870968
24451,0.935484
24452,0.935484
24453,0.935484
24454,0.935484
24455,0.935484
24456,0.870968
24457,0.83871
24458,0.419355
24459,0.903226
24460,0.774194
24461,0.83871
24462,0.419355
24463,0.903226
24464,0.935484
24465,0.935484
24466,0.870968
24467,0.903226
24468,0.870968
24469,0.870968
24470,1
24471,0.903226
24472,0.419355
24473,0.903226
24474,0.935484
24475,0.870968
24476,0.806452
24477,0.870968
24478,0.83871
24479,0.83871
24480,0.903226
24481,0.16129
24482,0.935484
24483,0.870968
24484,0.870968
24485,0.870968
24486,0.83871
24487,0.419355
24488,0.83871
24489,0.774194
24490,0.806452
24491,0.806452
24492,0.83871
24493,0.645161
24494,0.83871
24495,0.741935
24496,0.774194
24497,0.354839
24498,0.83871
24499,0.709677
24500,0.451613
24501,0.83871
24502,0.806452
24503,0.83871
24504,0.677419
24505,0.870968
24506,0.806452
24507,0.806452
24508,0.709677
24509,0.741935
24510,0.419355
24511,0.83871
24512,0.709677
24513,0.741935
24514,0.419355
24515,0.806452
24516,0.354839
24517,0.612903
24518,0.741935
24519,0.677419
24520,0.870968
24521,0.774194
24522,0.741935
24523,0.709677
24524,0.774194
24525,0.709677
24526,0.83871
24527,0.774194
24528,0.774194
24529,0.774194
24530,0.709677
24531,0.709677
24532,0.709677
24533,0.806452
24534,0.741935
24535,0.806452
24536,0.741935
24537,0.774194
24538,0.774194
24539,0.709677
24540,0.709677
24541,0.741935
24542,0.806452
24543,0.741935
24544,0.806452
24545,0.741935
24546,0.806452
24547,0.741935
24548,0.806452
24549,0.741935
24550,0.741935
24551,0.806452
24552,0.741935
24553,0.806452
24554,0.709677
24555,0.806452
24556,0.741935
24557,0.774194
24558,0.741935
24559,0.774194
24560,0.806452
24561,0.709677
24562,0.806452
24563,0.709677
24564,0.774194
24565,0.774194
24566,0.774194
24567,0.774194
24568,0.83871
24569,0.741935
24570,0.774194
24571,0.806452
24572,0.741935
24573,0.774194
24574,0.774194
24575,0.806452
24576,0.774194
24577,0.83871
24578,0.806452
24579,0.709677
24580,0.806452
24581,0.709677
24582,0.806452
24583,0.709677
24584,0.806452
24585,0.709677
24586,0.806452
24587,0.709677
24588,0.806452
24589,0.774194
24590,0.806452
24591,0.774194
24592,0.806452
24593,0.774194
24594,0.774194
24595,0.774194
24596,0.806452
24597,0.354839
24598,0.645161
24599,0.677419
24600,0.645161
24601,0.903226
24602,0.935484
24603,0.806452
24604,0.83871
24605,0.419355
24606,0.870968
24607,0.419355
24608,0.903226
24609,0.774194
24610,0.419355
24611,0.903226
24612,0.806452
24613,0.387097
24614,0.83871
24615,0.741935
24616,0.83871
24617,0.419355
24618,0.903226
24619,0.935484
24620,0.806452
24621,0.419355
24622,0.903226
24623,0.935484
24624,0.935484
24625,0.903226
24626,0.806452
24627,0.419355
24628,0.903226
24629,0.935484
24630,0.935484
24631,0.935484
24632,0.935484
24633,0.935484
24634,0.935484
24635,0.935484
24636,0.935484
24637,0.935484
24638,0.935484
24639,0.935484
24640,0.903226
24641,0.419355
24642,0.903226
24643,0.935484
24644,0.935484
24645,0.935484
24646,0.935484
24647,0.935484
24648,0.935484
24649,0.935484
24650,0.935484
24651,0.935484
24652,0.935484
24653,0.870968
24654,0.419355
24655,0.903226
24656,0.903226
24657,0.935484
24658,0.935484
24659,0.935484
24660,0.935484
24661,0.935484
24662,0.935484
24663,0.935484
24664,0.903226
24665,0.870968
24666,0.483871
24667,0.935484
24668,0.83871
24669,0.83871
24670,0.903226
24671,0.870968
24672,0.935484
24673,0.193548
24674,0.83871
24675,0.935484
24676,0.774194
24677,0.806452
24678,0.935484
24679,0.774194
24680,0.387097
24681,0.967742
24682,0.806452
24683,0.806452
24684,1
24685,0.83871
24686,0.806452
24687,1
24688,0.806452
24689,0.451613
24690,0.967742
24691,0.83871
24692,0.806452
24693,0.935484
24694,0.83871
24695,0.774194
24696,0.83871
24697,0.870968
24698,0.741935
24699,0.870968
24700,0.870968
24701,0.806452
24702,1
24703,0.870968
24704,0.806452
24705,1
24706,0.870968
24707,0.419355
24708,0.967742
24709,0.903226
24710,0.870968
24711,1
24712,0.903226
24713,0.83871
24714,0.967742
24715,0.903226
24716,0.83871
24717,0.967742
24718,0.903226
24719,0.83871
24720,0.967742
24721,0.903226
24722,0.83871
24723,0.967742
24724,0.903226
24725,0.806452
24726,0.774194
24727,0.806452
24728,0.645161
24729,0.516129
24730,0.903226
24731,0.903226
24732,0.967742
24733,0.967742
24734,0.967742
24735,0.967742
24736,0.83871
24737,0.83871
24738,0.451613
24739,0.967742
24740,0.967742
24741,0.967742
24742,0.903226
24743,0.903226
24744,0.903226
24745,0.903226
24746,0.935484
24747,0.903226
24748,0.935484
24749,0.903226
24750,0.935484
24751,0.903226
24752,0.935484
24753,0.903226
24754,0.935484
24755,0.83871
24756,0.483871
24757,0.935484
24758,0.903226
24759,0.935484
24760,0.903226
24761,0.935484
24762,0.967742
24763,0.967742
24764,0.967742
24765,1
24766,0.83871
24767,1
24768,0.83871
24769,1
24770,0.83871
24771,1
24772,0.83871
24773,1
24774,0.83871
24775,0.483871
24776,0.967742
24777,0.967742
24778,0.903226
24779,0.967742
24780,0.419355
24781,1
24782,0.903226
24783,0.967742
24784,0.903226
24785,0.967742
24786,0.903226
24787,1
24788,0.903226
24789,1
24790,0.903226
24791,1
24792,0.83871
24793,0.451613
24794,1
24795,0.645161
24796,0.870968
24797,1
24798,0.870968
24799,1
24800,0.645161
24801,0.419355
24802,1
24803,0.806452
24804,0.870968
24805,0.774194
24806,0.83871
24807,0.741935
24808,0.451613
24809,0.870968
24810,0.322581
24811,0.903226
24812,0.709677
24813,0.806452
24814,0.741935
24815,0.83871
24816,0.612903
24817,0.806452
24818,0.612903
24819,0.645161
24820,0.741935
24821,0.612903
24822,0.645161
24823,0.709677
24824,0.677419
24825,0.419355
24826,0.870968
24827,0.709677
24828,0.741935
24829,0.774194
24830,0.870968
24831,0.580645
24832,0.516129
24833,0.806452
24834,0.612903
24835,0.741935
24836,0.677419
24837,0.451613
24838,0.741935
24839,0.806452
24840,0.677419
24841,0.83871
24842,0.741935
24843,0.677419
24844,0.774194
24845,0.709677
24846,0.709677
24847,0.483871
24848,0.806452
24849,0.387097
24850,0.83871
24851,0.709677
24852,0.806452
24853,0.806452
24854,0.709677
24855,0.709677
24856,0.774194
24857,0.741935
24858,0.677419
24859,0.806452
24860,0.741935
24861,0.354839
24862,0.83871
24863,0.709677
24864,0.709677
24865,0.483871
24866,0.774194
24867,0.645161
24868,0.83871
24869,0.774194
24870,0.387097
24871,0.774194
24872,0.774194
24873,0.645161
24874,0.83871
24875,0.709677
24876,0.677419
24877,0.806452
24878,0.774194
24879,0.354839
24880,0.870968
24881,0.483871
24882,0.870968
24883,0.741935
24884,0.483871
24885,0.903226
24886,0.83871
24887,0.741935
24888,0.451613
24889,0.935484
24890,0.806452
24891,0.774194
24892,0.741935
24893,0.83871
24894,0.451613
24895,0.903226
24896,0.903226
24897,0.935484
24898,0.903226
24899,0.935484
24900,0.903226
24901,0.935484
24902,0.935484
24903,0.935484
24904,0.903226
24905,0.935484
24906,0.903226
24907,0.935484
24908,0.935484
24909,0.225806
24910,1
24911,0.967742
24912,0.903226
24913,0.935484
24914,0.903226
24915,0.935484
24916,0.903226
24917,1
24918,0.903226
24919,0.935484
24920,0.903226
24921,0.935484
24922,0.903226
24923,0.935484
24924,0.903226
24925,0.935484
24926,0.903226
24927,0.935484
24928,0.903226
24929,0.870968
24930,0.419355
24931,0.903226
24932,0.903226
24933,1
24934,0.967742
24935,1
24936,0.967742
24937,0.935484
24938,0.806452
24939,0.387097
24940,0.903226
24941,0.483871
24942,0.935484
24943,0.935484
24944,0.354839
24945,0.967742
24946,0.967742
24947,0.903226
24948,0.83871
24949,0.387097
24950,0.935484
24951,0.870968
24952,0.83871
24953,0.387097
24954,0.935484
24955,0.870968
24956,0.83871
24957,0.387097
24958,0.935484
24959,0.967742
24960,0.967742
24961,0.967742
24962,0.870968
24963,0.387097
24964,0.935484
24965,0.967742
24966,0.967742
24967,0.903226
24968,0.387097
24969,0.935484
24970,0.967742
24971,0.967742
24972,0.903226
24973,0.387097
24974,0.967742
24975,0.935484
24976,1
24977,0.967742
24978,0.967742
24979,0.903226
24980,0.83871
24981,0.451613
24982,0.935484
24983,0.967742
24984,0.967742
24985,0.967742
24986,0.903226
24987,0.387097
24988,0.903226
24989,1
24990,1
24991,1
24992,0.967742
24993,0.967742
24994,1
24995,1
24996,1
24997,1
24998,1
24999,1
25000,1
25001,1
25002,1
25003,1
25004,1
25005,1
25006,1
25007,1
25008,1
25009,1
25010,0.935484
25011,1
25012,0.967742
25013,0.451613
25014,0.612903
25015,0.741935
25016,0.935484
25017,1
25018,0.935484
25019,1
25020,0.806452
25021,0.451613
25022,0.967742
25023,0.967742
25024,1
25025,1
25026,1
25027,1
25028,1
25029,1
25030,1
25031,0.935484
25032,0.935484
25033,0.483871
25034,0.935484
25035,0.870968
25036,0.483871
25037,0.935484
25038,0.935484
25039,0.935484
25040,0.903226
25041,1
25042,0.870968
25043,0.870968
25044,0.935484
25045,0.903226
25046,0.935484
25047,0.935484
25048,0.83871
25049,0.83871
25050,0.387097
25051,0.903226
25052,0.870968
25053,0.935484
25054,0.903226
25055,0.83871
25056,0.935484
25057,0.903226
25058,0.935484
25059,1
25060,0.935484
25061,0.967742
25062,0.967742
25063,1
25064,0.967742
25065,1
25066,0.935484
25067,0.967742
25068,1
25069,0.935484
25070,1
25071,0.967742
25072,0.451613
25073,0.967742
25074,0.967742
25075,0.870968
25076,1
25077,0.935484
25078,0.967742
25079,0.935484
25080,0.967742
25081,0.870968
25082,1
25083,0.935484
25084,0.935484
25085,1
25086,0.935484
25087,0.870968
25088,1
25089,0.935484
25090,0.967742
25091,1
25092,0.967742
25093,0.870968
25094,1
25095,1
25096,1
25097,1
25098,1
25099,1
25100,0.967742
25101,1
25102,0.741935
25103,0.935484
25104,0.935484
25105,0.419355
25106,0.935484
25107,0.967742
25108,0.935484
25109,0.903226
25110,0.483871
25111,0.870968
25112,0.548387
25113,0.83871
25114,1
25115,0.903226
25116,0.870968
25117,0.903226
25118,0.483871
25119,0.580645
25120,0.580645
25121,0.516129
25122,0.612903
25123,0.935484
25124,0.483871
25125,0.580645
25126,0.645161
25127,0.516129
25128,0.516129
25129,0.483871
25130,0.935484
25131,0.451613
25132,0.935484
25133,0.870968
25134,0.516129
25135,0.935484
25136,0.451613
25137,0.580645
25138,0.645161
25139,0.483871
25140,0.903226
25141,0.83871
25142,0.903226
25143,0.83871
25144,0.870968
25145,0.870968
25146,0.903226
25147,0.83871
25148,0.483871
25149,0.903226
25150,0.870968
25151,0.83871
25152,0.903226
25153,0.419355
25154,0.903226
25155,0.419355
25156,0.709677
25157,0.741935
25158,0.741935
25159,0.741935
25160,0.741935
25161,0.709677
25162,0.483871
25163,0.709677
25164,0.483871
25165,0.516129
25166,0.516129
25167,0.516129
25168,1
25169,0.677419
25170,0.709677
25171,0.774194
25172,0.83871
25173,0.419355
25174,0.903226
25175,0.870968
25176,0.903226
25177,0.387097
25178,0.870968
25179,0.870968
25180,0.387097
25181,0.903226
25182,1
25183,0.935484
25184,1
25185,0.967742
25186,0.935484
25187,0.870968
25188,0.903226
25189,0.870968
25190,0.935484
25191,0.419355
25192,0.967742
25193,0.967742
25194,0.806452
25195,1
25196,0.967742
25197,1
25198,0.967742
25199,0.967742
25200,0.967742
25201,0.870968
25202,0.83871
25203,0.903226
25204,0.83871
25205,0.387097
25206,0.903226
25207,0.419355
25208,0.967742
25209,0.935484
25210,0.903226
25211,0.967742
25212,0.903226
25213,0.387097
25214,0.935484
25215,1
25216,1
25217,0.967742
25218,0.967742
25219,0.935484
25220,0.967742
25221,0.935484
25222,0.967742
25223,0.935484
25224,0.967742
25225,0.903226
25226,0.354839
25227,0.903226
25228,0.419355
25229,0.935484
25230,0.935484
25231,0.903226
25232,0.483871
25233,0.967742
25234,0.935484
25235,0.967742
25236,0.967742
25237,0.903226
25238,0.419355
25239,0.870968
25240,0.419355
25241,0.935484
25242,0.967742
25243,0.870968
25244,0.419355
25245,0.935484
25246,0.774194
25247,0.935484
25248,0.935484
25249,0.967742
25250,0.967742
25251,0.935484
25252,0.967742
25253,0.967742
25254,0.935484
25255,0.967742
25256,0.935484
25257,0.967742
25258,0.935484
25259,0.967742
25260,0.935484
25261,0.870968
25262,0.387097
25263,0.935484
25264,0.612903
25265,0.967742
25266,0.935484
25267,0.967742
25268,0.935484
25269,0.967742
25270,0.935484
25271,0.870968
25272,0.387097
25273,0.935484
25274,0.806452
25275,0.870968
25276,0.387097
25277,0.935484
25278,0.935484
25279,0.967742
25280,0.903226
25281,0.806452
25282,0.419355
25283,0.935484
25284,0.903226
25285,0.870968
25286,0.387097
25287,0.935484
25288,0.903226
25289,0.419355
25290,0.935484
25291,0.935484
25292,0.967742
25293,0.935484
25294,0.967742
25295,0.83871
25296,0.419355
25297,0.935484
25298,0.935484
25299,0.967742
25300,0.935484
25301,0.967742
25302,0.935484
25303,0.935484
25304,0.870968
25305,0.935484
25306,0.903226
25307,0.967742
25308,0.903226
25309,0.967742
25310,0.83871
25311,0.903226
25312,0.967742
25313,0.870968
25314,0.967742
25315,0.870968
25316,0.935484
25317,0.903226
25318,0.806452
25319,0.870968
25320,0.935484
25321,0.967742
25322,0.870968
25323,0.774194
25324,0.83871
25325,0.83871
25326,0.741935
25327,0.935484
25328,0.774194
25329,0.387097
25330,0.935484
25331,0.83871
25332,0.741935
25333,0.935484
25334,0.806452
25335,0.806452
25336,0.806452
25337,0.870968
25338,0.709677
25339,0.387097
25340,0.870968
25341,0.806452
25342,0.83871
25343,0.870968
25344,0.741935
25345,0.935484
25346,0.83871
25347,0.774194
25348,0.935484
25349,0.774194
25350,0.806452
25351,0.870968
25352,0.870968
25353,0.741935
25354,0.354839
25355,0.870968
25356,0.709677
25357,0.935484
25358,0.774194
25359,0.806452
25360,0.870968
25361,0.774194
25362,0.741935
25363,0.935484
25364,0.774194
25365,0.774194
25366,0.870968
25367,0.83871
25368,0.806452
25369,0.83871
25370,0.83871
25371,0.806452
25372,0.903226
25373,0.870968
25374,0.806452
25375,0.935484
25376,0.83871
25377,0.741935
25378,0.774194
25379,0.806452
25380,0.709677
25381,0.806452
25382,0.806452
25383,0.709677
25384,0.83871
25385,0.870968
25386,0.774194
25387,0.806452
25388,0.83871
25389,0.774194
25390,0.806452
25391,0.419355
25392,0.870968
25393,0.935484
25394,0.935484
25395,0.870968
25396,0.967742
25397,0.903226
25398,0.387097
25399,0.967742
25400,0.935484
25401,0.774194
25402,0.806452
25403,0.806452
25404,0.387097
25405,0.967742
25406,0.903226
25407,0.870968
25408,0.967742
25409,0.967742
25410,0.903226
25411,0.967742
25412,0.967742
25413,0.903226
25414,0.967742
25415,0.935484
25416,0.709677
25417,0.903226
25418,0.935484
25419,0.967742
25420,0.967742
25421,0.967742
25422,0.967742
25423,0.83871
25424,0.419355
25425,0.935484
25426,0.387097
25427,0.967742
25428,0.903226
25429,0.387097
25430,0.935484
25431,0.419355
25432,0.903226
25433,0.806452
25434,0.419355
25435,0.935484
25436,0.83871
25437,0.419355
25438,0.935484
25439,0.935484
25440,0.935484
25441,0.451613
25442,0.967742
25443,0.870968
25444,0.967742
25445,0.967742
25446,0.935484
25447,0.935484
25448,0.451613
25449,0.967742
25450,0.967742
25451,0.935484
25452,0.741935
25453,1
25454,0.967742
25455,0.967742
25456,0.903226
25457,0.935484
25458,0.935484
25459,0.903226
25460,0.903226
25461,0.806452
25462,0.967742
25463,0.935484
25464,0.967742
25465,0.935484
25466,0.967742
25467,0.903226
25468,0.967742
25469,0.903226
25470,0.451613
25471,0.806452
25472,0.903226
25473,0.612903
25474,0.903226
25475,0.967742
25476,0.967742
25477,0.935484
25478,0.967742
25479,0.903226
25480,0.806452
25481,0.870968
25482,0.677419
25483,0.16129
25484,0.967742
25485,0.580645
25486,0.516129
25487,0.612903
25488,0.935484
25489,0.870968
25490,0.451613
25491,0.935484
25492,0.516129
25493,0.935484
25494,0.451613
25495,0.580645
25496,0.612903
25497,0.903226
25498,0.903226
25499,0.451613
25500,0.935484
25501,0.451613
25502,0.483871
25503,0.903226
25504,0.83871
25505,0.870968
25506,0.870968
25507,0.83871
25508,0.870968
25509,0.451613
25510,0.483871
25511,0.709677
25512,0.483871
25513,0.483871
25514,0.483871
25515,0.903226
25516,0.451613
25517,0.516129
25518,1
25519,0.709677
25520,0.741935
25521,0.709677
25522,1
25523,1
25524,0.483871
25525,0.483871
25526,0.483871
25527,0.903226
25528,0.451613
25529,0.709677
25530,0.741935
25531,0.709677
25532,1
25533,0.709677
25534,0.741935
25535,0.741935
25536,0.741935
25537,0.741935
25538,0.741935
25539,0.741935
25540,0.870968
25541,0.451613
25542,0.709677
25543,0.903226
25544,0.451613
25545,1
25546,0.677419
25547,0.612903
25548,0.677419
25549,0.870968
25550,0.387097
25551,0.935484
25552,0.741935
25553,0.451613
25554,0.870968
25555,0.16129
25556,0.935484
25557,0.451613
25558,0.935484
25559,0.774194
25560,0.451613
25561,0.935484
25562,0.935484
25563,0.935484
25564,0.935484
25565,0.935484
25566,0.451613
25567,0.645161
25568,0.612903
25569,0.903226
25570,0.903226
25571,0.83871
25572,0.483871
25573,0.645161
25574,0.709677
25575,0.967742
25576,0.645161
25577,0.709677
25578,0.741935
25579,0.903226
25580,0.483871
25581,0.806452
25582,0.741935
25583,0.967742
25584,0.419355
25585,0.935484
25586,0.967742
25587,0.967742
25588,0.967742
25589,0.967742
25590,0.870968
25591,0.935484
25592,0.419355
25593,0.903226
25594,0.903226
25595,0.419355
25596,0.935484
25597,0.967742
25598,0.967742
25599,0.903226
25600,0.419355
25601,0.935484
25602,0.967742
25603,0.967742
25604,0.967742
25605,0.967742
25606,0.967742
25607,0.967742
25608,0.870968
25609,0.419355
25610,0.903226
25611,0.806452
25612,0.419355
25613,0.935484
25614,0.935484
25615,0.967742
25616,0.935484
25617,0.967742
25618,0.612903
25619,0.967742
25620,0.935484
25621,0.967742
25622,0.935484
25623,0.903226
25624,0.387097
25625,0.935484
25626,0.83871
25627,0.419355
25628,0.935484
25629,0.774194
25630,0.870968
25631,0.354839
25632,0.935484
25633,0.935484
25634,0.967742
25635,0.935484
25636,0.935484
25637,0.935484
25638,0.903226
25639,0.774194
25640,0.387097
25641,0.935484
25642,0.935484
25643,0.935484
25644,0.935484
25645,0.935484
25646,0.806452
25647,0.322581
25648,0.677419
25649,0.870968
25650,0.354839
25651,0.870968
25652,0.806452
25653,0.806452
25654,0.806452
25655,0.83871
25656,0.354839
25657,0.935484
25658,0.935484
25659,0.903226
25660,0.806452
25661,0.83871
25662,0.806452
25663,0.83871
25664,0.419355
25665,0.903226
25666,0.354839
25667,0.935484
25668,0.935484
25669,0.935484
25670,0.903226
25671,0.83871
25672,0.387097
25673,0.935484
25674,0.935484
25675,0.935484
25676,0.903226
25677,0.645161
25678,0.903226
25679,0.83871
25680,0.354839
25681,0.935484
25682,0.935484
25683,0.935484
25684,0.83871
25685,0.387097
25686,0.935484
25687,0.935484
25688,0.935484
25689,0.935484
25690,0.83871
25691,0.83871
25692,0.354839
25693,0.935484
25694,0.935484
25695,0.935484
25696,0.935484
25697,0.935484
25698,0.935484
25699,0.935484
25700,0.935484
25701,0.935484
25702,0.935484
25703,0.935484
25704,0.935484
25705,0.935484
25706,0.935484
25707,0.935484
25708,0.935484
25709,0.935484
25710,0.935484
25711,0.935484
25712,0.935484
25713,0.935484
25714,0.935484
25715,0.935484
25716,0.935484
25717,0.935484
25718,0.935484
25719,0.935484
25720,0.935484
25721,0.935484
25722,0.935484
25723,0.935484
25724,0.935484
25725,0.935484
25726,0.935484
25727,0.935484
25728,0.935484
25729,0.935484
25730,0.935484
25731,0.935484
25732,0.935484
25733,0.935484
25734,0.935484
25735,0.967742
25736,0.935484
25737,0.935484
25738,0.967742
25739,0.935484
25740,0.967742
25741,0.935484
25742,0.870968
25743,0.83871
25744,0.806452
25745,0.903226
25746,0.741935
25747,0.16129
25748,0.806452
25749,0.967742
25750,0.83871
25751,0.806452
25752,0.354839
25753,0.387097
25754,0.677419
25755,0.967742
25756,0.903226
25757,0.83871
25758,0.387097
25759,0.870968
25760,0.870968
25761,0.967742
25762,0.903226
25763,0.83871
25764,0.903226
25765,0.903226
25766,0.83871
25767,0.967742
25768,0.903226
25769,0.83871
25770,0.967742
25771,0.903226
25772,0.83871
25773,0.967742
25774,0.870968
25775,0.419355
25776,0.935484
25777,0.451613
25778,0.903226
25779,0.967742
25780,0.870968
25781,0.451613
25782,0.935484
25783,0.967742
25784,0.903226
25785,0.967742
25786,0.935484
25787,0.387097
25788,0.967742
25789,0.935484
25790,0.870968
25791,0.967742
25792,0.935484
25793,0.870968
25794,0.967742
25795,0.935484
25796,0.870968
25797,0.967742
25798,0.935484
25799,0.83871
25800,0.322581
25801,0.935484
25802,0.870968
25803,0.967742
25804,0.967742
25805,0.967742
25806,0.967742
25807,0.967742
25808,0.967742
25809,0.967742
25810,0.967742
25811,0.387097
25812,0.967742
25813,0.967742
25814,0.967742
25815,0.935484
25816,0.935484
25817,0.935484
25818,0.387097
25819,0.935484
25820,0.935484
25821,0.967742
25822,0.967742
25823,0.967742
25824,1
25825,1
25826,1
25827,1
25828,0.903226
25829,0.870968
25830,0.870968
25831,0.903226
25832,0.419355
25833,0.967742
25834,1
25835,0.387097
25836,1
25837,0.419355
25838,0.967742
25839,0.870968
25840,0.967742
25841,0.870968
25842,0.967742
25843,0.870968
25844,0.967742
25845,0.83871
25846,0.967742
25847,0.903226
25848,0.967742
25849,0.870968
25850,0.967742
25851,0.903226
25852,0.967742
25853,0.870968
25854,0.967742
25855,0.83871
25856,0.935484
25857,0.903226
25858,0.967742
25859,0.870968
25860,0.516129
25861,0.935484
25862,0.451613
25863,0.870968
25864,0.903226
25865,0.774194
25866,0.935484
25867,0.83871
25868,0.451613
25869,0.870968
25870,1
25871,0.903226
25872,0.935484
25873,0.645161
25874,0.870968
25875,0.709677
25876,0.903226
25877,0.83871
25878,0.354839
25879,0.935484
25880,0.806452
25881,0.709677
25882,0.483871
25883,0.870968
25884,0.645161
25885,0.870968
25886,0.774194
25887,0.677419
25888,0.935484
25889,0.419355
25890,0.83871
25891,0.806452
25892,0.83871
25893,0.645161
25894,0.935484
25895,0.741935
25896,0.709677
25897,0.709677
25898,0.451613
25899,0.774194
25900,0.83871
25901,0.516129
25902,0.645161
25903,0.870968
25904,0.870968
25905,0.806452
25906,0.903226
25907,0.83871
25908,0.483871
25909,0.870968
25910,0.483871
25911,0.806452
25912,0.903226
25913,0.870968
25914,0.774194
25915,0.935484
25916,0.83871
25917,0.806452
25918,0.903226
25919,0.870968
25920,0.741935
25921,0.806452
25922,0.516129
25923,0.806452
25924,0.806452
25925,0.806452
25926,0.774194
25927,0.83871
25928,0.83871
25929,0.774194
25930,0.83871
25931,0.83871
25932,0.774194
25933,0.870968
25934,0.870968
25935,0.806452
25936,0.967742
25937,0.83871
25938,0.774194
25939,0.709677
25940,0.806452
25941,0.451613
25942,0.935484
25943,0.935484
25944,0.935484
25945,0.774194
25946,0.741935
25947,0.451613
25948,1
25949,0.935484
25950,0.870968
25951,0.83871
25952,0.483871
25953,1
25954,0.935484
25955,0.935484
25956,0.903226
25957,0.677419
25958,0.903226
25959,0.83871
25960,0.483871
25961,1
25962,0.677419
25963,1
25964,0.935484
25965,0.709677
25966,0.806452
25967,0.709677
25968,1
25969,0.83871
25970,0.870968
25971,0.451613
25972,0.903226
25973,0.806452
25974,0.419355
25975,1
25976,0.870968
25977,0.451613
25978,0.774194
25979,0.419355
25980,1
25981,0.645161
25982,0.903226
25983,0.419355
25984,0.903226
25985,0.806452
25986,0.806452
25987,0.806452
25988,0.387097
25989,1
25990,0.806452
25991,0.387097
25992,1
25993,0.903226
25994,0.83871
25995,0.903226
25996,0.645161
25997,0.935484
25998,0.935484
25999,0.935484
26000,0.903226
26001,0.774194
26002,0.806452
26003,0.354839
26004,0.903226
26005,0.387097
26006,0.870968
26007,0.354839
26008,1
26009,0.870968
26010,1
26011,0.870968
26012,0.967742
26013,0.903226
26014,0.774194
26015,0.806452
26016,0.451613
26017,1
26018,0.870968
26019,1
26020,0.870968
26021,0.967742
26022,0.870968
26023,1
26024,1
26025,0.967742
26026,0.967742
26027,0.967742
26028,0.967742
26029,0.83871
26030,0.419355
26031,0.935484
26032,0.967742
26033,0.967742
26034,0.967742
26035,0.967742
26036,0.967742
26037,0.967742
26038,0.419355
26039,0.935484
26040,0.967742
26041,0.903226
26042,0.870968
26043,0.419355
26044,0.935484
26045,0.967742
26046,0.967742
26047,0.967742
26048,0.967742
26049,0.967742
26050,0.967742
26051,0.903226
26052,0.483871
26053,0.870968
26054,0.451613
26055,0.935484
26056,0.967742
26057,0.967742
26058,0.967742
26059,0.967742
26060,0.967742
26061,0.967742
26062,0.967742
26063,0.967742
26064,0.967742
26065,0.967742
26066,0.967742
26067,0.967742
26068,0.967742
26069,0.967742
26070,0.967742
26071,0.903226
26072,0.451613
26073,0.935484
26074,0.967742
26075,0.967742
26076,0.967742
26077,0.935484
26078,0.870968
26079,0.967742
26080,0.903226
26081,0.967742
26082,0.83871
26083,0.709677
26084,0.935484
26085,0.967742
26086,0.870968
26087,0.935484
26088,0.354839
26089,0.870968
26090,0.903226
26091,0.967742
26092,0.935484
26093,0.967742
26094,0.967742
26095,0.967742
26096,0.967742
26097,0.967742
26098,0.967742
26099,0.967742
26100,0.967742
26101,0.967742
26102,0.903226
26103,0.870968
26104,0.451613
26105,0.903226
26106,0.451613
26107,0.935484
26108,0.967742
26109,0.967742
26110,0.967742
26111,0.967742
26112,0.967742
26113,0.967742
26114,0.967742
26115,0.967742
26116,0.935484
26117,0.903226
26118,0.451613
26119,0.935484
26120,0.967742
26121,0.967742
26122,0.903226
26123,0.451613
26124,0.935484
26125,0.806452
26126,0.83871
26127,0.387097
26128,0.870968
26129,0.387097
26130,0.935484
26131,0.967742
26132,0.935484
26133,0.870968
26134,0.354839
26135,0.483871
26136,0.483871
26137,0.516129
26138,0.870968
26139,0.83871
26140,0.741935
26141,0.806452
26142,0.83871
26143,0.387097
26144,0.516129
26145,0.806452
26146,0.774194
26147,0.806452
26148,0.806452
26149,0.806452
26150,0.806452
26151,0.806452
26152,0.806452
26153,0.83871
26154,0.322581
26155,0.645161
26156,0.806452
26157,0.83871
26158,0.83871
26159,0.806452
26160,0.83871
26161,0.83871
26162,0.806452
26163,0.83871
26164,0.774194
26165,0.806452
26166,0.83871
26167,0.322581
26168,0.483871
26169,0.83871
26170,0.322581
26171,0.935484
26172,0.935484
26173,0.967742
26174,0.935484
26175,0.870968
26176,0.322581
26177,0.935484
26178,0.935484
26179,0.967742
26180,0.935484
26181,0.967742
26182,0.935484
26183,0.967742
26184,0.935484
26185,0.967742
26186,0.935484
26187,0.967742
26188,0.935484
26189,0.967742
26190,0.806452
26191,0.387097
26192,0.935484
26193,0.419355
26194,0.483871
26195,0.806452
26196,0.967742
26197,0.967742
26198,0.967742
26199,0.870968
26200,0.870968
26201,0.387097
26202,0.935484
26203,0.967742
26204,0.967742
26205,0.967742
26206,0.967742
26207,0.967742
26208,0.967742
26209,0.967742
26210,0.903226
26211,0.967742
26212,0.903226
26213,0.967742
26214,0.903226
26215,0.967742
26216,0.935484
26217,0.967742
26218,0.935484
26219,0.967742
26220,0.903226
26221,0.354839
26222,0.935484
26223,0.935484
26224,0.967742
26225,0.935484
26226,0.967742
26227,0.903226
26228,0.903226
26229,0.419355
26230,0.935484
26231,0.903226
26232,0.935484
26233,0.935484
26234,0.967742
26235,0.903226
26236,0.935484
26237,0.935484
26238,0.935484
26239,0.935484
26240,0.935484
26241,0.935484
26242,0.935484
26243,0.935484
26244,0.935484
26245,0.935484
26246,0.935484
26247,0.935484
26248,0.935484
26249,0.935484
26250,0.935484
26251,0.935484
26252,0.935484
26253,0.935484
26254,0.935484
26255,0.935484
26256,0.967742
26257,0.935484
26258,0.967742
26259,0.935484
26260,0.967742
26261,0.935484
26262,0.967742
26263,0.935484
26264,0.967742
26265,0.967742
26266,0.935484
26267,0.935484
26268,0.419355
26269,0.935484
26270,0.741935
26271,0.903226
26272,0.774194
26273,0.419355
26274,0.774194
26275,0.225806
26276,0.870968
26277,0.419355
26278,0.806452
26279,0.935484
26280,0.806452
26281,0.354839
26282,0.83871
26283,0.870968
26284,0.83871
26285,0.83871
26286,0.83871
26287,0.419355
26288,0.935484
26289,0.903226
26290,0.83871
26291,0.903226
26292,0.903226
26293,0.83871
26294,0.967742
26295,0.903226
26296,0.419355
26297,0.935484
26298,0.967742
26299,0.967742
26300,1
26301,0.870968
26302,0.83871
26303,0.903226
26304,0.419355
26305,0.967742
26306,0.935484
26307,0.903226
26308,0.935484
26309,0.935484
26310,0.935484
26311,0.903226
26312,0.451613
26313,0.967742
26314,0.967742
26315,0.967742
26316,1
26317,0.935484
26318,0.387097
26319,0.967742
26320,0.967742
26321,0.967742
26322,0.967742
26323,0.870968
26324,0.903226
26325,0.419355
26326,0.870968
26327,0.903226
26328,0.935484
26329,0.354839
26330,0.935484
26331,0.903226
26332,0.419355
26333,0.967742
26334,0.935484
26335,0.967742
26336,0.935484
26337,0.967742
26338,0.967742
26339,0.967742
26340,0.903226
26341,0.870968
26342,0.870968
26343,0.870968
26344,0.354839
26345,0.967742
26346,0.967742
26347,0.967742
26348,1
26349,1
26350,1
26351,1
26352,1
26353,1
26354,1
26355,1
26356,1
26357,1
26358,1
26359,0.83871
26360,0.419355
26361,0.967742
26362,1
26363,1
26364,0.83871
26365,0.870968
26366,0.967742
26367,0.83871
26368,0.354839
26369,1
26370,0.806452
26371,0.903226
26372,0.935484
26373,0.83871
26374,0.322581
26375,1
26376,0.83871
26377,0.774194
26378,0.322581
26379,1
26380,0.709677
26381,0.322581
26382,1
26383,0.225806
26384,1
26385,0.290323
26386,1
26387,0.806452
26388,0.967742
26389,0.677419
26390,0.354839
26391,1
26392,0.870968
26393,0.870968
26394,0.935484
26395,0.870968
26396,0.967742
26397,0.322581
26398,1
26399,0.774194
26400,0.903226
26401,0.806452
26402,0.354839
26403,1
26404,0.741935
26405,0.806452
26406,0.903226
26407,0.774194
26408,0.967742
26409,0.677419
26410,0.741935
26411,0.709677
26412,0.774194
26413,0.548387
26414,0.806452
26415,0.580645
26416,0.677419
26417,0.677419
26418,0.677419
26419,0.580645
26420,0.806452
26421,0.516129
26422,0.677419
26423,0.709677
26424,0.419355
26425,0.806452
26426,0.645161
26427,0.612903
26428,0.290323
26429,0.83871
26430,0.548387
26431,0.451613
26432,0.83871
26433,0.322581
26434,0.774194
26435,0.645161
26436,0.741935
26437,0.612903
26438,0.774194
26439,0.677419
26440,0.612903
26441,0.419355
26442,0.935484
26443,0.580645
26444,0.774194
26445,0.387097
26446,0.935484
26447,0.322581
26448,0.967742
26449,0.677419
26450,0.645161
26451,0.645161
26452,0.645161
26453,0.870968
26454,0.806452
26455,0.322581
26456,0.935484
26457,0.870968
26458,0.806452
26459,0.903226
26460,0.83871
26461,0.806452
26462,0.935484
26463,0.870968
26464,0.806452
26465,0.967742
26466,0.967742
26467,0.870968
26468,0.903226
26469,0.83871
26470,0.774194
26471,0.967742
26472,0.967742
26473,0.870968
26474,0.83871
26475,0.322581
26476,0.870968
26477,0.741935
26478,0.322581
26479,0.935484
26480,0.967742
26481,0.967742
26482,0.774194
26483,0.83871
26484,0.774194
26485,0.354839
26486,0.967742
26487,0.903226
26488,0.354839
26489,0.967742
26490,0.903226
26491,0.935484
26492,0.354839
26493,0.935484
26494,0.935484
26495,0.935484
26496,0.903226
26497,0.935484
26498,0.387097
26499,0.935484
26500,0.935484
26501,0.387097
26502,0.935484
26503,0.935484
26504,0.967742
26505,0.935484
26506,0.967742
26507,0.935484
26508,0.967742
26509,0.935484
26510,0.967742
26511,0.935484
26512,0.967742
26513,0.935484
26514,0.967742
26515,0.967742
26516,0.967742
26517,0.935484
26518,0.967742
26519,0.967742
26520,0.967742
26521,0.806452
26522,0.387097
26523,0.967742
26524,0.967742
26525,0.967742
26526,0.967742
26527,0.967742
26528,0.967742
26529,0.967742
26530,0.967742
26531,0.967742
26532,0.935484
26533,0.935484
26534,0.967742
26535,0.935484
26536,0.967742
26537,0.935484
26538,0.967742
26539,0.935484
26540,1
26541,0.935484
26542,0.967742
26543,0.709677
26544,0.290323
26545,1
26546,0.967742
26547,0.967742
26548,0.935484
26549,1
26550,0.967742
26551,0.870968
26552,0.290323
26553,0.967742
26554,0.290323
26555,0.903226
26556,0.322581
26557,0.967742
26558,0.967742
26559,0.903226
26560,0.322581
26561,0.935484
26562,0.967742
26563,1
26564,0.967742
26565,1
26566,0.967742
26567,1
26568,0.967742
26569,0.935484
26570,0.322581
26571,0.967742
26572,0.967742
26573,1
26574,0.967742
26575,1
26576,0.967742
26577,1
26578,0.83871
26579,0.806452
26580,0.322581
26581,1
26582,0.903226
26583,1
26584,0.903226
26585,1
26586,0.806452
26587,0.354839
26588,0.935484
26589,0.290323
26590,0.935484
26591,0.290323
26592,1
26593,0.870968
26594,0.322581
26595,1
26596,0.903226
26597,1
26598,0.903226
26599,1
26600,0.806452
26601,0.870968
26602,0.354839
26603,1
26604,0.935484
26605,1
26606,0.870968
26607,0.354839
26608,0.903226
26609,0.967742
26610,0.870968
26611,0.258065
26612,1
26613,0.774194
26614,0.354839
26615,0.903226
26616,0.774194
26617,0.193548
26618,1
26619,0.774194
26620,0.903226
26621,0.870968
26622,0.83871
26623,0.806452
26624,0.806452
26625,0.935484
26626,0.774194
26627,0.935484
26628,0.935484
26629,0.774194
26630,0.903226
26631,0.774194
26632,0.354839
26633,0.903226
26634,0.903226
26635,0.935484
26636,0.774194
26637,0.935484
26638,0.322581
26639,0.935484
26640,0.903226
26641,0.967742
26642,0.967742
26643,0.903226
26644,0.967742
26645,0.83871
26646,0.774194
26647,0.354839
26648,0.935484
26649,0.903226
26650,0.774194
26651,0.806452
26652,0.354839
26653,0.83871
26654,0.322581
26655,0.935484
26656,0.967742
26657,0.967742
26658,0.967742
26659,0.967742
26660,0.967742
26661,0.935484
26662,0.967742
26663,0.967742
26664,0.967742
26665,0.806452
26666,0.903226
26667,0.419355
26668,0.935484
26669,0.967742
26670,0.83871
26671,0.806452
26672,0.967742
26673,0.967742
26674,0.967742
26675,0.967742
26676,0.870968
26677,0.903226
26678,0.903226
26679,0.548387
26680,0.870968
26681,0.903226
26682,0.935484
26683,0.903226
26684,0.483871
26685,0.967742
26686,0.903226
26687,0.870968
26688,0.935484
26689,0.516129
26690,0.935484
26691,0.935484
26692,0.516129
26693,0.903226
26694,0.935484
26695,0.935484
26696,0.967742
26697,0.774194
26698,0.516129
26699,0.516129
26700,0.548387
26701,0.903226
26702,0.548387
26703,0.806452
26704,0.903226
26705,0.903226
26706,0.548387
26707,0.806452
26708,0.806452
26709,0.741935
26710,0.967742
26711,0.935484
26712,0.741935
26713,0.967742
26714,0.935484
26715,0.935484
26716,0.935484
26717,0.483871
26718,0.903226
26719,0.935484
26720,0.806452
26721,0.806452
26722,0.806452
26723,0.774194
26724,0.451613
26725,0.774194
26726,0.903226
26727,0.483871
26728,0.967742
26729,0.935484
26730,0.774194
26731,0.451613
26732,0.806452
26733,0.967742
26734,0.935484
26735,0.903226
26736,0.483871
26737,0.967742
26738,0.935484
26739,0.806452
26740,0.774194
26741,0.548387
26742,0.709677
26743,0.774194
26744,0.83871
26745,0.548387
26746,0.806452
26747,0.741935
26748,0.903226
26749,0.548387
26750,0.806452
26751,0.806452
26752,0.806452
26753,0.806452
26754,0.806452
26755,0.806452
26756,0.741935
26757,0.967742
26758,0.806452
26759,0.806452
26760,0.806452
26761,0.741935
26762,0.967742
26763,0.935484
26764,0.806452
26765,0.741935
26766,0.967742
26767,0.741935
26768,0.903226
26769,0.516129
26770,0.516129
26771,0.516129
26772,0.419355
26773,0.870968
26774,0.580645
26775,0.967742
26776,0.806452
26777,0.806452
26778,0.774194
26779,0.967742
26780,0.774194
26781,0.935484
26782,0.903226
26783,0.903226
26784,0.903226
26785,0.935484
26786,0.935484
26787,0.903226
26788,0.516129
26789,0.935484
26790,0.903226
26791,0.935484
26792,0.935484
26793,0.935484
26794,0.903226
26795,0.903226
26796,0.903226
26797,0.935484
26798,0.903226
26799,0.903226
26800,0.903226
26801,0.935484
26802,0.806452
26803,0.903226
26804,0.806452
26805,1
26806,0.806452
26807,0.903226
26808,0.806452
26809,0.451613
26810,0.870968
26811,0.967742
26812,0.83871
26813,0.870968
26814,0.935484
26815,0.903226
26816,0.774194
26817,0.903226
26818,0.483871
26819,0.870968
26820,0.935484
26821,0.903226
26822,0.83871
26823,0.967742
26824,0.774194
26825,0.870968
26826,0.419355
26827,0.903226
26828,0.935484
26829,0.419355
26830,0.870968
26831,0.870968
26832,0.935484
26833,0.903226
26834,0.870968
26835,1
26836,0.774194
26837,0.870968
26838,0.935484
26839,0.903226
26840,0.741935
26841,1
26842,0.83871
26843,0.870968
26844,0.870968
26845,0.451613
26846,0.83871
26847,0.903226
26848,0.83871
26849,0.806452
26850,0.451613
26851,0.967742
26852,0.870968
26853,1
26854,0.806452
26855,0.83871
26856,0.806452
26857,0.709677
26858,0.419355
26859,0.935484
26860,0.419355
26861,0.83871
26862,0.83871
26863,0.774194
26864,0.806452
26865,0.451613
26866,0.870968
26867,0.677419
26868,0.483871
26869,0.870968
26870,0.741935
26871,0.483871
26872,0.903226
26873,0.741935
26874,0.903226
26875,0.774194
26876,0.419355
26877,0.870968
26878,0.709677
26879,0.741935
26880,0.419355
26881,0.83871
26882,0.677419
26883,0.483871
26884,0.903226
26885,0.741935
26886,0.903226
26887,0.806452
26888,0.741935
26889,0.516129
26890,0.935484
26891,0.903226
26892,0.903226
26893,0.83871
26894,0.806452
26895,1
26896,0.935484
26897,0.935484
26898,0.967742
26899,0.870968
26900,0.83871
26901,0.451613
26902,0.903226
26903,0.451613
26904,1
26905,0.903226
26906,0.419355
26907,0.967742
26908,0.935484
26909,0.903226
26910,1
26911,0.935484
26912,0.935484
26913,1
26914,0.935484
26915,0.806452
26916,0.419355
26917,0.967742
26918,0.870968
26919,0.83871
26920,0.419355
26921,0.83871
26922,0.419355
26923,0.935484
26924,0.935484
26925,0.935484
26926,0.935484
26927,0.935484
26928,0.935484
26929,0.935484
26930,0.935484
26931,0.935484
26932,0.967742
26933,0.967742
26934,0.967742
26935,0.967742
26936,0.967742
26937,0.967742
26938,0.967742
26939,0.967742
26940,0.967742
26941,0.967742
26942,0.967742
26943,0.967742
26944,0.967742
26945,0.967742
26946,0.935484
26947,0.967742
26948,0.967742
26949,0.967742
26950,0.967742
26951,0.967742
26952,0.935484
26953,0.903226
26954,1
26955,0.903226
26956,0.967742
26957,0.967742
26958,0.903226
26959,1
26960,0.903226
26961,1
26962,0.903226
26963,1
26964,0.741935
26965,0.387097
26966,1
26967,0.741935
26968,0.903226
26969,0.774194
26970,0.83871
26971,0.322581
26972,1
26973,0.806452
26974,0.806452
26975,0.83871
26976,0.322581
26977,1
26978,0.774194
26979,0.387097
26980,0.903226
26981,0.806452
26982,0.903226
26983,0.806452
26984,1
26985,0.709677
26986,0.903226
26987,0.645161
26988,0.677419
26989,0.612903
26990,0.903226
26991,0.903226
26992,0.774194
26993,0.322581
26994,0.967742
26995,0.322581
26996,0.903226
26997,0.903226
26998,0.322581
26999,0.903226
27000,0.806452
27001,0.903226
27002,0.806452
27003,0.903226
27004,0.806452
27005,0.903226
27006,0.806452
27007,0.903226
27008,0.774194
27009,0.870968
27010,0.774194
27011,0.870968
27012,0.870968
27013,0.806452
27014,0.903226
27015,0.806452
27016,0.903226
27017,0.806452
27018,0.677419
27019,0.645161
27020,0.645161
27021,0.645161
27022,0.612903
27023,0.870968
27024,0.935484
27025,0.967742
27026,0.935484
27027,0.967742
27028,0.935484
27029,0.806452
27030,0.935484
27031,0.967742
27032,0.935484
27033,0.967742
27034,0.870968
27035,0.354839
27036,0.935484
27037,0.967742
27038,0.322581
27039,0.903226
27040,0.322581
27041,0.935484
27042,0.935484
27043,0.967742
27044,0.935484
27045,0.967742
27046,0.935484
27047,0.967742
27048,0.935484
27049,0.935484
27050,0.774194
27051,0.967742
27052,0.806452
27053,0.967742
27054,0.709677
27055,0.193548
27056,0.935484
27057,0.935484
27058,0.83871
27059,0.935484
27060,0.903226
27061,0.870968
27062,0.967742
27063,0.967742
27064,0.967742
27065,0.967742
27066,0.967742
27067,0.967742
27068,0.967742
27069,0.967742
27070,0.967742
27071,0.967742
27072,0.967742
27073,0.967742
27074,0.967742
27075,0.967742
27076,0.967742
27077,0.967742
27078,0.967742
27079,0.967742
27080,0.967742
27081,0.967742
27082,0.967742
27083,0.967742
27084,0.967742
27085,0.967742
27086,0.903226
27087,0.516129
27088,0.967742
27089,0.83871
27090,0.83871
27091,0.83871
27092,0.967742
27093,0.903226
27094,0.903226
27095,0.483871
27096,0.935484
27097,0.967742
27098,0.967742
27099,0.967742
27100,0.967742
27101,0.967742
27102,0.967742
27103,0.967742
27104,0.967742
27105,0.967742
27106,0.967742
27107,0.967742
27108,0.967742
27109,0.967742
27110,0.967742
27111,0.967742
27112,0.967742
27113,0.806452
27114,0.741935
27115,0.967742
27116,0.967742
27117,0.967742
27118,0.967742
27119,0.903226
27120,0.548387
27121,0.741935
27122,0.967742
27123,0.967742
27124,0.967742
27125,0.967742
27126,0.935484
27127,0.967742
27128,0.741935
27129,0.967742
27130,0.967742
27131,0.806452
27132,0.741935
27133,0.967742
27134,0.967742
27135,0.967742
27136,0.967742
27137,0.709677
27138,0.870968
27139,0.483871
27140,0.967742
27141,0.967742
27142,0.935484
27143,0.774194
27144,0.806452
27145,0.774194
27146,0.935484
27147,0.870968
27148,0.935484
27149,0.870968
27150,0.967742
27151,0.903226
27152,0.903226
27153,0.967742
27154,0.870968
27155,0.903226
27156,0.870968
27157,0.967742
27158,0.903226
27159,0.903226
27160,0.967742
27161,0.903226
27162,0.935484
27163,0.935484
27164,0.870968
27165,0.451613
27166,0.967742
27167,0.903226
27168,0.903226
27169,0.967742
27170,0.903226
27171,0.967742
27172,0.903226
27173,0.967742
27174,0.903226
27175,0.967742
27176,0.451613
27177,0.967742
27178,0.935484
27179,0.903226
27180,0.451613
27181,0.967742
27182,0.870968
27183,0.935484
27184,0.903226
27185,0.903226
27186,0.516129
27187,0.967742
27188,0.935484
27189,0.612903
27190,0.967742
27191,0.935484
27192,0.967742
27193,0.903226
27194,0.935484
27195,0.967742
27196,0.451613
27197,0.967742
27198,0.870968
27199,0.967742
27200,0.967742
27201,0.903226
27202,0.451613
27203,0.967742
27204,0.967742
27205,0.709677
27206,0.83871
27207,0.967742
27208,0.967742
27209,0.967742
27210,0.967742
27211,0.870968
27212,0.870968
27213,0.483871
27214,0.83871
27215,0.806452
27216,0.967742
27217,0.967742
27218,0.967742
27219,0.967742
27220,0.967742
27221,0.967742
27222,0.967742
27223,0.967742
27224,0.967742
27225,0.967742
27226,0.967742
27227,0.935484
27228,0.967742
27229,0.967742
27230,0.967742
27231,0.967742
27232,0.967742
27233,0.967742
27234,0.967742
27235,0.967742
27236,0.967742
27237,0.967742
27238,0.967742
27239,0.967742
27240,0.806452
27241,0.967742
27242,0.83871
27243,0.83871
27244,0.870968
27245,0.903226
27246,0.83871
27247,0.903226
27248,0.709677
27249,0.935484
27250,0.774194
27251,0.806452
27252,0.967742
27253,0.741935
27254,0.419355
27255,0.967742
27256,0.806452
27257,0.774194
27258,0.935484
27259,0.774194
27260,0.935484
27261,0.741935
27262,0.419355
27263,0.806452
27264,0.870968
27265,0.774194
27266,0.83871
27267,0.870968
27268,0.935484
27269,0.741935
27270,1
27271,0.774194
27272,0.83871
27273,0.870968
27274,0.903226
27275,0.806452
27276,1
27277,0.774194
27278,0.83871
27279,0.83871
27280,0.903226
27281,0.645161
27282,0.870968
27283,0.709677
27284,0.83871
27285,0.709677
27286,0.419355
27287,0.774194
27288,0.354839
27289,0.870968
27290,0.774194
27291,0.806452
27292,0.870968
27293,0.645161
27294,0.903226
27295,0.709677
27296,0.645161
27297,0.387097
27298,0.870968
27299,0.677419
27300,0.741935
27301,0.322581
27302,0.806452
27303,0.83871
27304,0.354839
27305,0.806452
27306,0.806452
27307,0.322581
27308,0.806452
27309,0.870968
27310,0.806452
27311,0.741935
27312,0.870968
27313,0.806452
27314,0.741935
27315,0.870968
27316,0.741935
27317,0.354839
27318,0.935484
27319,0.806452
27320,0.741935
27321,0.870968
27322,0.806452
27323,0.741935
27324,0.741935
27325,0.709677
27326,0.645161
27327,0.387097
27328,0.870968
27329,0.741935
27330,0.870968
27331,0.806452
27332,0.741935
27333,0.580645
27334,0.774194
27335,0.387097
27336,0.935484
27337,0.806452
27338,0.741935
27339,0.903226
27340,0.709677
27341,0.806452
27342,0.741935
27343,0.677419
27344,0.483871
27345,0.612903
27346,0.548387
27347,0.516129
27348,0.774194
27349,0.548387
27350,0.516129
27351,0.83871
27352,0.451613
27353,0.677419
27354,0.774194
27355,0.806452
27356,0.774194
27357,0.806452
27358,0.806452
27359,0.677419
27360,0.677419
27361,0.806452
27362,0.806452
27363,0.806452
27364,0.774194
27365,0.83871
27366,0.806452
27367,0.806452
27368,0.806452
27369,0.774194
27370,0.967742
27371,0.806452
27372,0.580645
27373,0.741935
27374,0.548387
27375,0.741935
27376,0.709677
27377,0.741935
27378,0.741935
27379,0.612903
27380,0.580645
27381,0.612903
27382,0.580645
27383,0.612903
27384,0.612903
27385,0.612903
27386,0.580645
27387,0.774194
27388,0.580645
27389,0.580645
27390,0.741935
27391,0.741935
27392,0.709677
27393,0.774194
27394,0.580645
27395,0.612903
27396,0.612903
27397,0.548387
27398,0.774194
27399,0.548387
27400,0.774194
27401,0.516129
27402,0.870968
27403,0.83871
27404,0.870968
27405,0.83871
27406,0.870968
27407,0.83871
27408,0.83871
27409,0.967742
27410,0.870968
27411,0.83871
27412,0.870968
27413,0.83871
27414,0.870968
27415,0.83871
27416,0.870968
27417,0.83871
27418,0.870968
27419,0.83871
27420,0.774194
27421,0.806452
27422,1
27423,0.935484
27424,0.967742
27425,0.967742
27426,0.935484
27427,0.967742
27428,0.967742
27429,0.935484
27430,0.967742
27431,0.935484
27432,0.967742
27433,0.935484
27434,1
27435,0.774194
27436,0.903226
27437,0.870968
27438,1
27439,0.870968
27440,0.967742
27441,0.870968
27442,0.967742
27443,0.870968
27444,0.967742
27445,0.935484
27446,0.967742
27447,0.967742
27448,0.935484
27449,0.967742
27450,0.967742
27451,0.935484
27452,0.967742
27453,0.935484
27454,0.967742
27455,0.935484
27456,0.967742
27457,0.935484
27458,0.967742
27459,0.935484
27460,0.967742
27461,0.935484
27462,0.967742
27463,0.935484
27464,0.967742
27465,0.935484
27466,0.967742
27467,0.935484
27468,0.967742
27469,0.741935
27470,0.83871
27471,0.774194
27472,0.451613
27473,0.935484
27474,0.967742
27475,0.935484
27476,0.967742
27477,0.935484
27478,0.967742
27479,0.419355
27480,0.935484
27481,0.967742
27482,0.967742
27483,0.967742
27484,0.967742
27485,0.967742
27486,0.967742
27487,0.967742
27488,0.870968
27489,0.967742
27490,0.870968
27491,0.806452
27492,0.83871
27493,0.258065
27494,0.935484
27495,0.419355
27496,0.935484
27497,0.870968
27498,0.903226
27499,0.967742
27500,0.741935
27501,0.870968
27502,0.451613
27503,0.967742
27504,0.903226
27505,0.903226
27506,0.903226
27507,0.83871
27508,0.935484
27509,0.935484
27510,0.870968
27511,0.516129
27512,0.903226
27513,0.612903
27514,0.870968
27515,0.870968
27516,0.612903
27517,0.870968
27518,0.645161
27519,0.935484
27520,0.935484
27521,0.870968
27522,0.870968
27523,0.612903
27524,0.903226
27525,0.903226
27526,0.935484
27527,0.677419
27528,0.967742
27529,0.903226
27530,0.903226
27531,0.903226
27532,0.935484
27533,0.935484
27534,0.83871
27535,0.612903
27536,0.967742
27537,0.967742
27538,0.967742
27539,0.967742
27540,0.870968
27541,0.580645
27542,0.967742
27543,0.967742
27544,0.967742
27545,0.967742
27546,0.967742
27547,0.967742
27548,0.967742
27549,0.967742
27550,0.967742
27551,0.967742
27552,0.967742
27553,0.967742
27554,0.967742
27555,0.967742
27556,0.967742
27557,0.967742
27558,0.935484
27559,0.612903
27560,0.935484
27561,0.580645
27562,0.935484
27563,0.83871
27564,0.612903
27565,0.967742
27566,0.870968
27567,0.516129
27568,0.967742
27569,0.967742
27570,0.967742
27571,0.967742
27572,0.967742
27573,0.967742
27574,0.967742
27575,0.967742
27576,0.967742
27577,0.967742
27578,0.967742
27579,0.967742
27580,0.967742
27581,0.967742
27582,0.967742
27583,0.903226
27584,0.83871
27585,0.870968
27586,0.516129
27587,0.967742
27588,0.967742
27589,0.870968
27590,0.483871
27591,0.967742
27592,0.967742
27593,0.967742
27594,0.903226
27595,0.83871
27596,0.516129
27597,0.967742
27598,0.967742
27599,0.967742
27600,0.967742
27601,0.967742
27602,0.967742
27603,0.967742
27604,0.967742
27605,0.903226
27606,0.870968
27607,0.516129
27608,0.967742
27609,0.967742
27610,0.967742
27611,0.967742
27612,0.903226
27613,0.516129
27614,0.967742
27615,0.935484
27616,0.967742
27617,0.935484
27618,0.967742
27619,0.935484
27620,0.967742
27621,0.967742
27622,0.967742
27623,0.967742
27624,0.967742
27625,0.967742
27626,0.935484
27627,0.870968
27628,0.516129
27629,0.967742
27630,0.935484
27631,0.903226
27632,0.580645
27633,0.967742
27634,0.83871
27635,0.935484
27636,0.967742
27637,0.967742
27638,0.967742
27639,0.967742
27640,0.967742
27641,0.903226
27642,0.935484
27643,0.903226
27644,0.903226
27645,0.967742
27646,0.903226
27647,0.903226
27648,0.548387
27649,0.967742
27650,0.967742
27651,0.903226
27652,0.935484
27653,0.903226
27654,0.935484
27655,0.967742
27656,0.903226
27657,0.967742
27658,0.903226
27659,0.967742
27660,0.903226
27661,0.967742
27662,0.903226
27663,0.967742
27664,0.903226
27665,0.483871
27666,0.967742
27667,0.870968
27668,0.903226
27669,0.548387
27670,0.935484
27671,0.548387
27672,0.967742
27673,0.967742
27674,0.935484
27675,0.516129
27676,0.935484
27677,0.548387
27678,0.967742
27679,0.935484
27680,0.806452
27681,0.967742
27682,0.870968
27683,0.903226
27684,0.870968
27685,0.741935
27686,1
27687,0.774194
27688,0.83871
27689,0.935484
27690,0.516129
27691,0.806452
27692,0.967742
27693,0.806452
27694,0.83871
27695,0.935484
27696,0.903226
27697,0.741935
27698,0.967742
27699,0.774194
27700,0.83871
27701,0.935484
27702,0.870968
27703,0.677419
27704,0.935484
27705,0.806452
27706,0.806452
27707,0.806452
27708,0.903226
27709,0.709677
27710,0.935484
27711,0.774194
27712,0.83871
27713,0.806452
27714,0.903226
27715,0.677419
27716,0.935484
27717,0.83871
27718,0.806452
27719,0.741935
27720,0.903226
27721,0.709677
27722,0.903226
27723,0.774194
27724,0.83871
27725,0.870968
27726,0.870968
27727,0.677419
27728,0.903226
27729,0.806452
27730,0.741935
27731,0.870968
27732,0.806452
27733,0.709677
27734,0.903226
27735,0.709677
27736,0.806452
27737,0.83871
27738,0.806452
27739,0.645161
27740,0.806452
27741,0.806452
27742,0.806452
27743,0.83871
27744,0.806452
27745,0.741935
27746,0.451613
27747,0.903226
27748,0.709677
27749,0.870968
27750,0.83871
27751,0.741935
27752,0.806452
27753,0.870968
27754,0.709677
27755,0.870968
27756,0.83871
27757,0.741935
27758,0.774194
27759,0.806452
27760,0.774194
27761,0.903226
27762,0.806452
27763,0.774194
27764,0.903226
27765,0.806452
27766,0.774194
27767,0.774194
27768,0.387097
27769,0.806452
27770,0.870968
27771,0.83871
27772,0.741935
27773,0.870968
27774,0.83871
27775,0.741935
27776,0.870968
27777,0.83871
27778,0.741935
27779,0.870968
27780,0.83871
27781,0.741935
27782,0.870968
27783,0.83871
27784,0.741935
27785,0.870968
27786,0.806452
27787,0.741935
27788,0.870968
27789,0.83871
27790,0.741935
27791,0.774194
27792,0.774194
27793,0.774194
27794,0.935484
27795,0.903226
27796,0.806452
27797,0.387097
27798,1
27799,0.774194
27800,0.387097
27801,1
27802,0.870968
27803,0.83871
27804,0.322581
27805,0.967742
27806,0.387097
27807,1
27808,0.870968
27809,0.935484
27810,0.806452
27811,0.387097
27812,1
27813,0.870968
27814,0.870968
27815,0.354839
27816,1
27817,0.806452
27818,0.419355
27819,0.935484
27820,0.419355
27821,0.741935
27822,0.645161
27823,0.870968
27824,0.806452
27825,0.870968
27826,0.806452
27827,0.870968
27828,0.806452
27829,1
27830,0.870968
27831,0.83871
27832,0.806452
27833,0.83871
27834,0.935484
27835,1
27836,0.870968
27837,1
27838,0.935484
27839,1
27840,0.870968
27841,1
27842,0.870968
27843,1
27844,0.870968
27845,0.870968
27846,0.741935
27847,0.935484
27848,0.322581
27849,1
27850,0.870968
27851,0.967742
27852,0.903226
27853,0.967742
27854,0.870968
27855,0.967742
27856,0.935484
27857,0.774194
27858,0.935484
27859,1
27860,0.870968
27861,0.967742
27862,0.903226
27863,0.967742
27864,0.967742
27865,0.774194
27866,0.677419
27867,0.709677
27868,0.709677
27869,0.709677
27870,0.258065
27871,0.774194
27872,0.709677
27873,0.677419
27874,0.709677
27875,0.709677
27876,0.709677
27877,0.709677
27878,0.709677
27879,0.709677
27880,0.709677
27881,0.709677
27882,0.677419
27883,0.677419
27884,0.548387
27885,0.290323
27886,0.806452
27887,0.741935
27888,0.709677
27889,0.258065
27890,0.806452
27891,0.709677
27892,0.741935
27893,0.741935
27894,0.709677
27895,0.709677
27896,0.709677
27897,0.709677
27898,0.709677
27899,0.709677
27900,0.741935
27901,0.709677
27902,0.709677
27903,0.774194
27904,0.741935
27905,0.741935
27906,0.709677
27907,0.774194
27908,0.741935
27909,0.741935
27910,0.709677
27911,0.741935
27912,0.709677
27913,0.774194
27914,0.709677
27915,0.709677
27916,0.677419
27917,0.83871
27918,0.903226
27919,0.903226
27920,0.903226
27921,0.935484
27922,0.935484
27923,0.935484
27924,0.935484
27925,0.903226
27926,0.516129
27927,0.870968
27928,0.870968
27929,0.903226
27930,0.935484
27931,0.935484
27932,0.903226
27933,0.806452
27934,0.483871
27935,0.903226
27936,0.483871
27937,0.870968
27938,0.967742
27939,0.903226
27940,0.967742
27941,0.967742
27942,0.967742
27943,0.967742
27944,0.806452
27945,0.774194
27946,0.903226
27947,0.967742
27948,0.548387
27949,0.903226
27950,0.870968
27951,0.870968
27952,0.870968
27953,0.870968
27954,0.806452
27955,0.806452
27956,0.806452
27957,0.935484
27958,0.903226
27959,0.548387
27960,0.870968
27961,0.83871
27962,0.967742
27963,0.903226
27964,0.774194
27965,0.903226
27966,0.580645
27967,0.741935
27968,0.870968
27969,0.548387
27970,0.903226
27971,0.580645
27972,0.677419
27973,0.935484
27974,0.806452
27975,0.935484
27976,0.935484
27977,0.935484
27978,0.935484
27979,0.548387
27980,0.903226
27981,0.548387
27982,0.935484
27983,0.83871
27984,0.548387
27985,0.83871
27986,0.870968
27987,0.83871
27988,0.548387
27989,0.935484
27990,0.83871
27991,0.516129
27992,0.774194
27993,0.83871
27994,0.806452
27995,0.935484
27996,0.870968
27997,0.580645
27998,0.83871
27999,0.548387
28000,0.806452
28001,0.806452
28002,0.806452
28003,0.774194
28004,0.903226
28005,0.83871
28006,0.806452
28007,0.580645
28008,0.903226
28009,0.806452
28010,0.548387
28011,0.709677
28012,0.806452
28013,0.516129
28014,0.83871
28015,0.516129
28016,0.806452
28017,0.451613
28018,0.903226
28019,0.806452
28020,0.806452
28021,0.967742
28022,0.967742
28023,0.967742
28024,0.967742
28025,0.967742
28026,0.903226
28027,0.870968
28028,0.903226
28029,0.903226
28030,0.806452
28031,0.967742
28032,0.967742
28033,0.870968
28034,0.967742
28035,0.806452
28036,0.903226
28037,0.83871
28038,0.903226
28039,0.83871
28040,0.967742
28041,0.870968
28042,0.967742
28043,0.870968
28044,0.903226
28045,0.774194
28046,0.903226
28047,0.83871
28048,0.903226
28049,0.806452
28050,0.903226
28051,0.677419
28052,0.903226
28053,0.774194
28054,0.903226
28055,0.83871
28056,0.677419
28057,0.935484
28058,0.709677
28059,0.83871
28060,0.741935
28061,0.903226
28062,0.741935
28063,0.83871
28064,0.83871
28065,0.387097
28066,0.903226
28067,0.806452
28068,0.741935
28069,0.870968
28070,0.806452
28071,0.709677
28072,0.806452
28073,0.870968
28074,0.387097
28075,0.870968
28076,0.806452
28077,0.806452
28078,0.806452
28079,0.903226
28080,0.709677
28081,0.935484
28082,0.774194
28083,0.83871
28084,0.806452
28085,0.870968
28086,0.741935
28087,0.870968
28088,0.741935
28089,0.806452
28090,0.935484
28091,0.83871
28092,0.741935
28093,0.870968
28094,0.774194
28095,0.709677
28096,0.806452
28097,0.806452
28098,0.774194
28099,0.774194
28100,0.83871
28101,0.645161
28102,0.903226
28103,0.645161
28104,0.806452
28105,0.677419
28106,0.903226
28107,0.677419
28108,0.806452
28109,0.806452
28110,0.645161
28111,0.83871
28112,0.83871
28113,0.774194
28114,0.870968
28115,0.83871
28116,0.709677
28117,0.903226
28118,0.774194
28119,0.741935
28120,0.806452
28121,0.774194
28122,0.709677
28123,0.774194
28124,0.83871
28125,0.645161
28126,0.870968
28127,0.645161
28128,0.83871
28129,0.677419
28130,0.903226
28131,0.709677
28132,0.935484
28133,0.774194
28134,0.741935
28135,0.709677
28136,0.870968
28137,0.645161
28138,0.83871
28139,0.774194
28140,0.645161
28141,0.774194
28142,0.709677
28143,0.741935
28144,0.709677
28145,0.806452
28146,0.612903
28147,0.516129
28148,0.774194
28149,0.677419
28150,0.741935
28151,0.709677
28152,0.677419
28153,0.677419
28154,0.774194
28155,0.645161
28156,0.709677
28157,0.741935
28158,0.677419
28159,0.741935
28160,0.741935
28161,0.741935
28162,0.709677
28163,0.516129
28164,0.580645
28165,0.645161
28166,0.741935
28167,0.677419
28168,0.83871
28169,0.741935
28170,0.774194
28171,0.741935
28172,0.83871
28173,0.709677
28174,0.870968
28175,0.709677
28176,0.774194
28177,0.774194
28178,0.83871
28179,0.709677
28180,0.774194
28181,0.806452
28182,0.677419
28183,0.774194
28184,0.806452
28185,0.677419
28186,0.870968
28187,0.774194
28188,0.741935
28189,0.903226
28190,0.741935
28191,0.741935
28192,0.774194
28193,0.774194
28194,0.870968
28195,0.677419
28196,0.83871
28197,0.677419
28198,0.774194
28199,0.806452
28200,0.741935
28201,0.645161
28202,0.870968
28203,0.645161
28204,0.83871
28205,0.677419
28206,0.774194
28207,0.774194
28208,0.83871
28209,0.774194
28210,0.709677
28211,0.806452
28212,0.774194
28213,0.806452
28214,0.774194
28215,0.83871
28216,0.677419
28217,0.870968
28218,0.612903
28219,0.870968
28220,0.483871
28221,0.903226
28222,0.709677
28223,0.774194
28224,0.774194
28225,0.870968
28226,0.645161
28227,0.870968
28228,0.612903
28229,0.870968
28230,0.774194
28231,0.709677
28232,0.774194
28233,0.774194
28234,0.741935
28235,0.774194
28236,0.677419
28237,0.870968
28238,0.709677
28239,0.709677
28240,0.870968
28241,0.645161
28242,0.870968
28243,0.677419
28244,0.774194
28245,0.806452
28246,0.774194
28247,0.741935
28248,0.741935
28249,0.774194
28250,0.741935
28251,0.741935
28252,0.580645
28253,0.774194
28254,0.83871
28255,0.645161
28256,0.83871
28257,0.645161
28258,0.645161
28259,0.709677
28260,0.612903
28261,0.774194
28262,0.741935
28263,0.741935
28264,0.548387
28265,0.774194
28266,0.774194
28267,0.774194
28268,0.580645
28269,0.83871
28270,0.645161
28271,0.709677
28272,0.709677
28273,0.645161
28274,0.83871
28275,0.580645
28276,0.806452
28277,0.548387
28278,0.935484
28279,0.483871
28280,0.903226
28281,0.451613
28282,0.870968
28283,0.516129
28284,0.83871
28285,0.677419
28286,0.774194
28287,0.612903
28288,0.774194
28289,0.548387
28290,0.83871
28291,0.645161
28292,0.806452
28293,0.806452
28294,0.806452
28295,0.774194
28296,0.806452
28297,0.870968
28298,0.709677
28299,0.580645
28300,0.774194
28301,0.903226
28302,0.741935
28303,0.903226
28304,0.806452
28305,0.870968
28306,0.741935
28307,0.548387
28308,0.774194
28309,0.451613
28310,0.774194
28311,0.483871
28312,0.774194
28313,0.419355
28314,0.741935
28315,0.451613
28316,0.806452
28317,0.451613
28318,0.741935
28319,0.483871
28320,0.774194
28321,0.451613
28322,0.741935
28323,0.548387
28324,0.83871
28325,0.451613
28326,0.709677
28327,0.516129
28328,0.806452
28329,0.516129
28330,0.83871
28331,0.612903
28332,0.870968
28333,0.612903
28334,0.870968
28335,0.483871
28336,0.806452
28337,0.548387
28338,0.709677
28339,0.548387
28340,0.709677
28341,0.516129
28342,0.709677
28343,0.548387
28344,0.709677
28345,0.516129
28346,0.741935
28347,0.516129
28348,0.870968
28349,0.483871
28350,0.935484
28351,0.483871
28352,0.935484
28353,0.483871
28354,0.903226
28355,0.580645
28356,0.935484
28357,0.580645
28358,0.935484
28359,0.548387
28360,0.83871
28361,0.645161
28362,0.935484
28363,1
28364,0.806452
28365,0.967742
28366,0.806452
28367,0.903226
28368,0.774194
28369,0.774194
28370,0.774194
28371,0.548387
28372,0.806452
28373,0.741935
28374,0.774194
28375,0.548387
28376,0.741935
28377,0.548387
28378,0.83871
28379,0.548387
28380,0.806452
28381,0.612903
28382,0.83871
28383,0.483871
28384,0.935484
28385,0.451613
28386,0.935484
28387,0.612903
28388,0.806452
28389,0.612903
28390,0.806452
28391,0.483871
28392,0.967742
28393,0.451613
28394,0.967742
28395,0.548387
28396,0.83871
28397,0.483871
28398,1
28399,0.483871
28400,0.83871
28401,0.548387
28402,0.903226
28403,0.548387
28404,0.903226
28405,0.548387
28406,0.806452
28407,0.580645
28408,0.870968
28409,0.548387
28410,0.806452
28411,0.83871
28412,0.741935
28413,0.83871
28414,0.741935
28415,0.83871
28416,0.677419
28417,0.83871
28418,0.677419
28419,0.967742
28420,0.677419
28421,0.967742
28422,0.645161
28423,1
28424,0.645161
28425,1
28426,0.645161
28427,1
28428,0.612903
28429,1
28430,0.612903
28431,1
28432,0.516129
28433,1
28434,0.677419
28435,0.935484
28436,0.709677
28437,0.967742
28438,0.645161
28439,0.967742
28440,0.709677
28441,0.967742
28442,0.709677
28443,0.83871
28444,0.870968
28445,0.741935
28446,0.709677
28447,0.903226
28448,0.741935
28449,0.870968
28450,0.774194
28451,0.741935
28452,0.677419
28453,0.806452
28454,0.741935
28455,0.83871
28456,0.677419
28457,0.612903
28458,0.677419
28459,0.612903
28460,0.709677
28461,0.774194
28462,0.709677
28463,0.774194
28464,0.709677
28465,0.774194
28466,0.709677
28467,0.774194
28468,0.709677
28469,0.806452
28470,0.709677
28471,0.580645
28472,0.741935
28473,0.580645
28474,0.741935
28475,0.580645
28476,0.677419
28477,0.83871
28478,0.709677
28479,0.83871
28480,0.709677
28481,0.83871
28482,0.774194
28483,0.741935
28484,0.83871
28485,0.451613
28486,0.967742
28487,0.548387
28488,0.83871
28489,0.548387
28490,0.935484
28491,0.516129
28492,0.903226
28493,0.548387
28494,0.83871
28495,0.483871
28496,0.903226
28497,0.580645
28498,0.83871
28499,0.580645
28500,0.83871
28501,0.580645
28502,0.83871
28503,0.483871
28504,0.935484
28505,0.548387
28506,0.83871
28507,0.548387
28508,0.806452
28509,0.548387
28510,0.83871
28511,0.451613
28512,0.935484
28513,0.516129
28514,0.83871
28515,0.516129
28516,0.903226
28517,0.645161
28518,0.741935
28519,0.645161
28520,0.774194
28521,0.580645
28522,0.741935
28523,0.741935
28524,0.677419
28525,0.870968
28526,0.806452
28527,0.677419
28528,0.903226
28529,0.741935
28530,0.83871
28531,0.741935
28532,0.870968
28533,0.870968
28534,0.870968
28535,0.870968
28536,0.870968
28537,0.806452
28538,0.935484
28539,0.83871
28540,0.903226
28541,0.83871
28542,0.903226
28543,0.83871
28544,0.870968
28545,0.806452
28546,1
28547,0.741935
28548,1
28549,0.774194
28550,1
28551,0.774194
28552,1
28553,0.774194
28554,1
28555,0.774194
28556,1
28557,0.774194
28558,0.935484
28559,0.774194
28560,0.935484
28561,0.774194
28562,0.935484
28563,0.774194
28564,0.935484
28565,0.774194
28566,0.935484
28567,0.774194
28568,0.935484
28569,0.774194
28570,0.935484
28571,0.774194
28572,0.935484
28573,0.806452
28574,0.935484
28575,0.774194
28576,0.903226
28577,0.806452
28578,0.903226
28579,0.709677
28580,0.903226
28581,0.709677
28582,0.903226
28583,0.709677
28584,0.903226
28585,0.709677
28586,0.903226
28587,0.709677
28588,0.903226
28589,0.677419
28590,0.935484
28591,0.645161
28592,0.903226
28593,0.645161
28594,0.903226
28595,0.580645
28596,0.903226
28597,0.870968
28598,0.903226
28599,0.870968
28600,0.903226
28601,0.870968
28602,0.903226
28603,0.870968
28604,0.903226
28605,0.870968
28606,0.903226
28607,0.870968
28608,0.903226
28609,0.870968
28610,0.903226
28611,0.870968
28612,0.903226
28613,0.870968
28614,0.903226
28615,0.870968
28616,0.903226
28617,0.870968
28618,0.903226
28619,0.870968
28620,0.903226
28621,0.870968
28622,0.903226
28623,0.870968
28624,0.935484
28625,0.870968
28626,0.903226
28627,0.870968
28628,0.935484
28629,0.870968
28630,0.903226
28631,0.870968
28632,0.935484
28633,0.870968
28634,0.903226
28635,0.870968
28636,0.935484
28637,0.870968
28638,0.870968
28639,0.870968
28640,0.935484
28641,0.870968
28642,0.870968
28643,0.870968
28644,0.935484
28645,0.870968
28646,0.870968
28647,0.870968
28648,0.935484
28649,0.870968
28650,0.935484
28651,0.870968
28652,0.935484
28653,0.774194
28654,0.935484
28655,0.774194
28656,0.903226
28657,0.774194
28658,0.903226
28659,0.774194
28660,0.903226
28661,0.774194
28662,0.903226
28663,0.774194
28664,0.903226
28665,0.774194
28666,0.903226
28667,0.774194
28668,0.903226
28669,0.774194
28670,0.903226
28671,0.774194
28672,0.935484
28673,0.580645
28674,0.870968
28675,0.580645
28676,0.935484
28677,0.83871
28678,0.83871
28679,0.612903
28680,0.935484
28681,0.870968
28682,0.83871
28683,0.645161
28684,0.806452
28685,0.870968
28686,0.83871
28687,0.645161
28688,0.806452
28689,0.645161
28690,0.806452
28691,0.645161
28692,0.83871
28693,0.612903
28694,0.870968
28695,0.612903
28696,0.870968
28697,0.612903
28698,0.870968
28699,0.612903
28700,0.870968
28701,0.580645
28702,0.774194
28703,0.580645
28704,0.774194
28705,0.580645
28706,0.774194
28707,0.580645
28708,0.774194
28709,0.580645
28710,0.774194
28711,0.580645
28712,0.774194
28713,0.580645
28714,0.774194
28715,0.580645
28716,0.774194
28717,0.580645
28718,0.774194
28719,0.580645
28720,0.774194
28721,0.580645
28722,0.774194
28723,0.612903
28724,0.903226
28725,0.612903
28726,0.967742
28727,0.612903
28728,0.935484
28729,0.612903
28730,0.967742
28731,0.612903
28732,0.935484
28733,0.612903
28734,0.967742
28735,0.612903
28736,0.935484
28737,0.612903
28738,0.967742
28739,0.612903
28740,0.935484
28741,0.612903
28742,0.967742
28743,0.612903
28744,0.935484
28745,0.612903
28746,0.967742
28747,0.612903
28748,0.935484
28749,0.612903
28750,0.967742
28751,0.612903
28752,0.967742
28753,0.741935
28754,0.903226
28755,0.709677
28756,0.967742
28757,0.709677
28758,0.967742
28759,0.709677
28760,0.967742
28761,0.709677
28762,0.967742
28763,0.709677
28764,0.967742
28765,0.709677
28766,0.967742
28767,0.709677
28768,0.967742
28769,0.870968
28770,0.83871
28771,0.870968
28772,0.83871
28773,0.870968
28774,0.806452
28775,0.83871
28776,0.741935
28777,0.83871
28778,0.741935
28779,0.83871
28780,0.741935
28781,0.83871
28782,0.741935
28783,0.83871
28784,0.709677
28785,0.903226
28786,0.677419
28787,0.806452
28788,0.709677
28789,0.870968
28790,0.709677
28791,0.903226
28792,0.806452
28793,0.870968
28794,0.774194
28795,0.903226
28796,0.806452
28797,0.870968
28798,0.774194
28799,0.903226
28800,0.806452
28801,0.870968
28802,0.903226
28803,0.870968
28804,0.870968
28805,0.870968
28806,0.870968
28807,0.903226
28808,0.903226
28809,0.903226
28810,0.870968
28811,0.870968
28812,0.935484
28813,0.870968
28814,0.870968
28815,0.870968
28816,0.935484
28817,0.870968
28818,0.870968
28819,0.870968
28820,0.935484
28821,0.870968
28822,0.870968
28823,0.870968
28824,0.903226
28825,0.677419
28826,0.903226
28827,0.870968
28828,0.677419
28829,0.83871
28830,0.709677
28831,0.83871
28832,0.709677
28833,0.806452
28834,0.677419
28835,0.806452
28836,0.677419
28837,0.83871
28838,0.709677
28839,0.83871
28840,0.709677
28841,0.83871
28842,0.709677
28843,0.83871
28844,0.709677
28845,0.806452
28846,0.677419
28847,0.903226
28848,0.677419
28849,0.903226
28850,0.677419
28851,0.903226
28852,0.677419
28853,0.903226
28854,0.645161
28855,0.774194
28856,0.677419
28857,0.903226
28858,0.677419
28859,0.870968
28860,0.677419
28861,0.870968
28862,0.677419
28863,0.870968
28864,0.677419
28865,0.870968
28866,0.709677
28867,0.645161
28868,0.677419
28869,0.709677
28870,0.709677
28871,0.580645
28872,0.870968
28873,0.612903
28874,0.806452
28875,0.709677
28876,0.806452
28877,0.709677
28878,0.645161
28879,0.612903
28880,0.612903
28881,0.612903
28882,0.612903
28883,0.612903
28884,0.612903
28885,0.612903
28886,0.612903
28887,0.612903
28888,0.612903
28889,0.612903
28890,0.612903
28891,0.612903
28892,0.612903
28893,0.612903
28894,0.612903
28895,0.580645
28896,0.677419
28897,0.903226
28898,0.612903
28899,0.83871
28900,0.580645
28901,0.870968
28902,0.645161
28903,0.580645
28904,0.677419
28905,0.870968
28906,0.677419
28907,0.870968
28908,0.677419
28909,0.870968
28910,0.709677
28911,0.870968
28912,0.677419
28913,0.870968
28914,0.677419
28915,0.870968
28916,0.709677
28917,0.709677
28918,0.645161
28919,0.806452
28920,0.677419
28921,0.645161
28922,0.709677
28923,0.83871
28924,0.677419
28925,0.83871
28926,0.677419
28927,0.83871
28928,0.677419
28929,0.83871
28930,0.645161
28931,0.806452
28932,0.806452
28933,0.580645
28934,0.870968
28935,0.612903
28936,0.935484
28937,0.612903
28938,0.83871
28939,0.806452
28940,0.709677
28941,0.741935
28942,0.645161
28943,0.83871
28944,0.709677
28945,0.741935
28946,0.645161
28947,0.83871
28948,0.709677
28949,0.741935
28950,0.645161
28951,0.83871
28952,0.709677
28953,0.741935
28954,0.709677
28955,0.83871
28956,0.83871
28957,0.806452
28958,0.677419
28959,0.903226
28960,0.83871
28961,0.806452
28962,0.83871
28963,0.806452
28964,0.83871
28965,0.806452
28966,0.83871
28967,0.806452
28968,0.83871
28969,0.806452
28970,0.83871
28971,0.806452
28972,0.83871
28973,0.806452
28974,0.83871
28975,0.806452
28976,0.83871
28977,0.806452
28978,0.83871
28979,0.806452
28980,0.83871
28981,0.806452
28982,0.83871
28983,0.806452
28984,0.83871
28985,0.774194
28986,0.806452
28987,0.870968
28988,0.870968
28989,0.580645
28990,0.83871
28991,0.870968
28992,0.83871
28993,0.83871
28994,0.83871
28995,0.83871
28996,0.83871
28997,0.83871
28998,0.806452
28999,0.806452
29000,0.83871
29001,0.83871
29002,0.83871
29003,0.83871
29004,0.83871
29005,0.83871
29006,0.83871
29007,0.806452
29008,0.774194
29009,0.741935
29010,0.741935
29011,0.870968
29012,0.774194
29013,0.83871
29014,0.806452
29015,0.83871
29016,0.774194
29017,0.83871
29018,0.806452
29019,0.83871
29020,0.774194
29021,0.83871
29022,0.806452
29023,0.83871
29024,0.774194
29025,0.83871
29026,0.806452
29027,0.83871
29028,0.774194
29029,0.83871
29030,0.806452
29031,0.83871
29032,0.774194
29033,0.83871
29034,0.806452
29035,0.83871
29036,0.774194
29037,0.83871
29038,0.806452
29039,0.83871
29040,0.774194
29041,0.83871
29042,0.774194
29043,0.870968
29044,0.935484
29045,0.83871
29046,0.806452
29047,0.83871
29048,0.774194
29049,0.83871
29050,0.806452
29051,0.83871
29052,0.741935
29053,0.870968
29054,0.903226
29055,0.645161
29056,0.903226
29057,0.709677
29058,0.967742
29059,0.709677
29060,0.967742
29061,0.709677
29062,0.967742
29063,0.677419
29064,0.967742
29065,0.83871
29066,0.806452
29067,0.83871
29068,0.774194
29069,0.83871
29070,0.806452
29071,0.83871
29072,0.774194
29073,0.83871
29074,0.806452
29075,0.83871
29076,0.774194
29077,0.83871
29078,0.806452
29079,0.83871
29080,0.774194
29081,0.83871
29082,0.806452
29083,0.83871
29084,0.774194
29085,0.83871
29086,0.774194
29087,0.83871
29088,0.935484
29089,0.709677
29090,0.967742
29091,0.709677
29092,0.967742
29093,0.709677
29094,0.967742
29095,0.709677
29096,0.967742
29097,0.709677
29098,0.967742
29099,0.709677
29100,1
29101,0.645161
29102,0.967742
29103,0.709677
29104,0.967742
29105,0.709677
29106,0.967742
29107,0.709677
29108,0.967742
29109,0.709677
29110,0.967742
29111,0.709677
29112,0.967742
29113,0.709677
29114,0.967742
29115,0.709677
29116,0.967742
29117,0.709677
29118,0.967742
29119,0.709677
29120,0.967742
29121,0.709677
29122,0.967742
29123,0.709677
29124,0.967742
29125,0.709677
29126,0.935484
29127,0.645161
29128,0.903226
29129,0.709677
29130,0.967742
29131,0.709677
29132,0.967742
29133,0.709677
29134,0.967742
29135,0.709677
29136,0.967742
29137,0.709677
29138,0.903226
29139,0.709677
29140,0.870968
29141,0.741935
29142,0.935484
29143,0.709677
29144,1
29145,0.83871
29146,0.903226
29147,0.83871
29148,0.967742
29149,0.83871
29150,0.903226
29151,0.83871
29152,0.967742
29153,0.83871
29154,0.903226
29155,0.83871
29156,0.967742
29157,0.83871
29158,0.903226
29159,0.83871
29160,0.967742
29161,0.83871
29162,0.903226
29163,0.83871
29164,0.967742
29165,0.83871
29166,0.903226
29167,0.83871
29168,0.967742
29169,0.83871
29170,0.903226
29171,0.83871
29172,0.967742
29173,0.83871
29174,0.903226
29175,0.83871
29176,0.967742
29177,0.83871
29178,0.967742
29179,0.83871
29180,0.83871
29181,0.83871
29182,0.935484
29183,0.83871
29184,0.967742
29185,0.83871
29186,0.903226
29187,0.83871
29188,0.967742
29189,0.83871
29190,0.903226
29191,0.83871
29192,0.967742
29193,0.645161
29194,0.967742
29195,0.709677
29196,0.967742
29197,0.709677
29198,0.967742
29199,0.709677
29200,0.967742
29201,0.709677
29202,0.967742
29203,0.709677
29204,0.967742
29205,0.709677
29206,0.967742
29207,0.709677
29208,0.967742
29209,0.709677
29210,0.967742
29211,0.709677
29212,0.967742
29213,0.709677
29214,0.967742
29215,0.709677
29216,0.967742
29217,0.709677
29218,0.967742
29219,0.709677
29220,0.967742
29221,0.709677
29222,0.935484
29223,0.709677
29224,0.967742
29225,0.709677
29226,0.935484
29227,0.83871
29228,1
29229,0.83871
29230,0.903226
29231,0.83871
29232,1
29233,0.83871
29234,0.903226
29235,0.83871
29236,1
29237,0.83871
29238,0.903226
29239,0.83871
29240,0.903226
29241,0.83871
29242,0.903226
29243,0.83871
29244,1
29245,0.83871
29246,0.903226
29247,0.83871
29248,1
29249,0.83871
29250,0.903226
29251,0.83871
29252,1
29253,0.83871
29254,0.806452
29255,0.83871
29256,0.935484
29257,0.709677
29258,0.935484
29259,0.83871
29260,1
29261,0.83871
29262,0.903226
29263,0.83871
29264,1
29265,0.83871
29266,0.903226
29267,0.806452
29268,1
29269,0.83871
29270,0.903226
29271,0.83871
29272,1
29273,0.83871
29274,0.903226
29275,0.83871
29276,1
29277,0.83871
29278,1
29279,0.83871
29280,1
29281,0.83871
29282,1
29283,0.83871
29284,1
29285,0.83871
29286,1
29287,0.83871
29288,1
29289,0.83871
29290,1
29291,0.83871
29292,1
29293,0.83871
29294,1
29295,0.83871
29296,1
29297,0.83871
29298,1
29299,0.83871
29300,1
29301,0.83871
29302,1
29303,0.83871
29304,1
29305,0.870968
29306,0.967742
29307,0.83871
29308,1
29309,0.83871
29310,1
29311,0.806452
29312,1
29313,0.870968
29314,0.967742
29315,0.83871
29316,1
29317,0.870968
29318,0.967742
29319,0.83871
29320,1
29321,0.870968
29322,0.967742
29323,0.83871
29324,1
29325,0.870968
29326,0.967742
29327,0.83871
29328,1
29329,0.870968
29330,0.967742
29331,0.83871
29332,1
29333,0.870968
29334,0.967742
29335,0.83871
29336,1
29337,0.870968
29338,0.967742
29339,0.83871
29340,0.935484
29341,0.935484
29342,0.935484
29343,0.83871
29344,1
29345,0.870968
29346,0.967742
29347,0.83871
29348,0.935484
29349,0.935484
29350,0.774194
29351,0.935484
29352,0.935484
29353,0.870968
29354,0.967742
29355,0.870968
29356,0.935484
29357,0.935484
29358,0.774194
29359,0.935484
29360,0.870968
29361,0.935484
29362,0.774194
29363,0.935484
29364,0.870968
29365,0.935484
29366,0.774194
29367,0.935484
29368,0.870968
29369,0.774194
29370,0.774194
29371,0.935484
29372,0.806452
29373,0.806452
29374,0.967742
29375,0.741935
29376,0.870968
29377,0.935484
29378,0.903226
29379,0.645161
29380,0.935484
29381,0.774194
29382,0.774194
29383,0.935484
29384,0.83871
29385,0.903226
29386,0.83871
29387,0.903226
29388,0.83871
29389,0.903226
29390,0.83871
29391,0.903226
29392,0.83871
29393,0.903226
29394,0.83871
29395,0.903226
29396,0.83871
29397,0.903226
29398,0.83871
29399,0.903226
29400,0.83871
29401,0.903226
29402,0.83871
29403,0.903226
29404,0.774194
29405,0.903226
29406,0.774194
29407,0.903226
29408,0.774194
29409,0.903226
29410,0.774194
29411,0.903226
29412,0.83871
29413,0.903226
29414,0.741935
29415,0.903226
29416,0.935484
29417,0.903226
29418,0.903226
29419,0.903226
29420,0.935484
29421,0.903226
29422,0.870968
29423,0.677419
29424,0.935484
29425,0.677419
29426,0.935484
29427,0.612903
29428,1
29429,0.612903
29430,0.967742
29431,0.612903
29432,1
29433,0.612903
29434,0.967742
29435,0.612903
29436,1
29437,0.806452
29438,0.774194
29439,0.677419
29440,0.967742
29441,0.612903
29442,0.967742
29443,0.612903
29444,1
29445,0.612903
29446,0.967742
29447,0.806452
29448,0.903226
29449,0.806452
29450,0.806452
29451,0.806452
29452,0.903226
29453,0.806452
29454,0.806452
29455,0.806452
29456,0.903226
29457,0.806452
29458,0.806452
29459,0.806452
29460,0.903226
29461,0.806452
29462,0.806452
29463,0.806452
29464,0.903226
29465,0.806452
29466,0.806452
29467,0.806452
29468,0.903226
29469,0.806452
29470,0.806452
29471,0.806452
29472,0.903226
29473,0.806452
29474,0.806452
29475,0.806452
29476,0.903226
29477,0.774194
29478,0.741935
29479,0.903226
29480,0.709677
29481,0.967742
29482,0.774194
29483,0.967742
29484,0.677419
29485,1
29486,0.774194
29487,0.967742
29488,0.677419
29489,1
29490,0.774194
29491,0.967742
29492,0.677419
29493,1
29494,0.774194
29495,0.967742
29496,0.677419
29497,1
29498,0.774194
29499,0.967742
29500,0.677419
29501,1
29502,0.774194
29503,0.967742
29504,0.677419
29505,1
29506,0.741935
29507,0.903226
29508,0.709677
29509,0.903226
29510,0.870968
29511,0.870968
29512,0.709677
29513,0.967742
29514,0.774194
29515,0.967742
29516,0.677419
29517,1
29518,0.774194
29519,0.967742
29520,0.677419
29521,1
29522,0.774194
29523,0.903226
29524,0.709677
29525,0.935484
29526,0.774194
29527,0.967742
29528,0.645161
29529,0.967742
29530,0.774194
29531,0.677419
29532,0.935484
29533,0.709677
29534,0.870968
29535,0.741935
29536,0.967742
29537,0.580645
29538,0.806452
29539,0.870968
29540,0.709677
29541,0.935484
29542,0.741935
29543,0.967742
29544,0.645161
29545,1
29546,0.741935
29547,0.967742
29548,0.645161
29549,1
29550,0.741935
29551,0.967742
29552,0.645161
29553,1
29554,0.741935
29555,0.967742
29556,0.645161
29557,1
29558,0.741935
29559,0.967742
29560,0.645161
29561,1
29562,0.741935
29563,0.967742
29564,0.645161
29565,1
29566,0.741935
29567,0.967742
29568,0.645161
29569,1
29570,0.774194
29571,0.870968
29572,0.870968
29573,0.870968
29574,0.774194
29575,0.870968
29576,0.870968
29577,0.870968
29578,0.774194
29579,0.870968
29580,0.870968
29581,0.870968
29582,0.774194
29583,0.870968
29584,0.83871
29585,0.935484
29586,0.741935
29587,0.774194
29588,0.870968
29589,0.741935
29590,0.806452
29591,0.83871
29592,0.967742
29593,0.83871
29594,0.935484
29595,0.83871
29596,0.935484
29597,0.870968
29598,0.806452
29599,0.83871
29600,0.903226
29601,0.903226
29602,0.903226
29603,0.870968
29604,0.870968
29605,0.741935
29606,1
29607,0.870968
29608,0.774194
29609,0.870968
29610,0.935484
29611,0.83871
29612,0.935484
29613,0.83871
29614,0.935484
29615,0.83871
29616,0.935484
29617,0.870968
29618,0.967742
29619,0.774194
29620,0.967742
29621,0.83871
29622,0.935484
29623,0.870968
29624,0.935484
29625,0.870968
29626,0.774194
29627,0.870968
29628,0.935484
29629,0.870968
29630,0.903226
29631,0.870968
29632,0.870968
29633,0.83871
29634,0.870968
29635,0.741935
29636,0.935484
29637,0.870968
29638,0.903226
29639,0.870968
29640,0.870968
29641,1
29642,0.83871
29643,0.741935
29644,0.935484
29645,0.870968
29646,0.806452
29647,0.935484
29648,0.709677
29649,0.870968
29650,0.903226
29651,0.870968
29652,0.903226
29653,0.870968
29654,0.903226
29655,0.870968
29656,0.903226
29657,0.870968
29658,0.903226
29659,0.870968
29660,0.903226
29661,0.870968
29662,0.903226
29663,0.870968
29664,0.903226
29665,0.870968
29666,0.903226
29667,0.870968
29668,0.903226
29669,0.870968
29670,0.870968
29671,1
29672,0.83871
29673,0.903226
29674,0.870968
29675,0.870968
29676,0.903226
29677,0.870968
29678,0.903226
29679,0.870968
29680,0.903226
29681,0.870968
29682,0.903226
29683,0.870968
29684,0.806452
29685,0.935484
29686,0.83871
29687,0.903226
29688,0.903226
29689,0.870968
29690,0.903226
29691,0.870968
29692,0.903226
29693,0.870968
29694,0.903226
29695,0.870968
29696,0.935484
29697,0.870968
29698,0.935484
29699,0.870968
29700,0.83871
29701,0.709677
29702,0.935484
29703,0.870968
29704,0.870968
29705,0.935484
29706,0.870968
29707,0.967742
29708,0.83871
29709,1
29710,0.806452
29711,1
29712,0.774194
29713,0.806452
29714,0.935484
29715,0.870968
29716,0.935484
29717,0.870968
29718,0.935484
29719,0.870968
29720,0.903226
29721,0.870968
29722,0.870968
29723,0.935484
29724,0.870968
29725,0.967742
29726,0.83871
29727,1
29728,0.83871
29729,1
29730,0.83871
29731,1
29732,0.83871
29733,0.870968
29734,0.83871
29735,0.967742
29736,0.774194
29737,0.935484
29738,0.870968
29739,0.967742
29740,0.83871
29741,1
29742,0.83871
29743,1
29744,0.83871
29745,1
29746,0.83871
29747,1
29748,0.709677
29749,0.967742
29750,0.709677
29751,0.967742
29752,0.709677
29753,0.967742
29754,0.709677
29755,0.967742
29756,0.709677
29757,0.967742
29758,0.709677
29759,0.935484
29760,0.741935
29761,0.741935
29762,0.741935
29763,0.935484
29764,0.709677
29765,0.967742
29766,0.709677
29767,0.967742
29768,0.709677
29769,0.967742
29770,0.709677
29771,0.967742
29772,0.709677
29773,0.967742
29774,0.677419
29775,0.967742
29776,0.774194
29777,0.774194
29778,0.967742
29779,0.677419
29780,0.774194
29781,0.903226
29782,0.774194
29783,0.548387
29784,0.83871
29785,0.645161
29786,0.741935
29787,0.935484
29788,0.709677
29789,0.967742
29790,0.677419
29791,0.870968
29792,0.677419
29793,0.677419
29794,0.741935
29795,0.935484
29796,0.677419
29797,0.709677
29798,0.741935
29799,0.677419
29800,0.741935
29801,0.580645
29802,0.806452
29803,0.774194
29804,0.741935
29805,0.677419
29806,0.806452
29807,0.612903
29808,0.83871
29809,0.580645
29810,0.903226
29811,0.580645
29812,0.83871
29813,0.612903
29814,0.741935
29815,0.580645
29816,0.967742
29817,0.580645
29818,0.741935
29819,0.580645
29820,0.741935
29821,0.645161
29822,0.741935
29823,0.612903
29824,0.741935
29825,0.677419
29826,0.741935
29827,0.580645
29828,0.741935
29829,0.612903
29830,0.741935
29831,0.677419
29832,0.709677
29833,0.741935
29834,0.83871
29835,0.612903
29836,0.741935
29837,0.580645
29838,0.741935
29839,0.612903
29840,0.741935
29841,0.645161
29842,0.741935
29843,0.677419
29844,0.741935
29845,0.612903
29846,0.903226
29847,0.612903
29848,0.741935
29849,0.612903
29850,0.903226
29851,0.612903
29852,0.741935
29853,0.677419
29854,0.741935
29855,0.580645
29856,0.741935
29857,0.709677
29858,0.741935
29859,0.612903
29860,0.741935
29861,0.645161
29862,0.741935
29863,0.612903
29864,0.83871
29865,0.612903
29866,0.83871
29867,0.580645
29868,0.741935
29869,0.645161
29870,0.741935
29871,0.645161
29872,0.741935
29873,0.709677
29874,0.741935
29875,0.612903
29876,0.83871
29877,0.612903
29878,0.83871
29879,0.612903
29880,0.709677
29881,0.677419
29882,0.741935
29883,0.677419
29884,0.741935
29885,0.612903
29886,0.870968
29887,0.709677
29888,0.806452
29889,0.612903
29890,0.83871
29891,0.612903
29892,0.83871
29893,0.612903
29894,0.83871
29895,0.548387
29896,0.774194
29897,0.612903
29898,0.741935
29899,0.612903
29900,0.709677
29901,0.612903
29902,0.709677
29903,0.612903
29904,0.709677
29905,0.612903
29906,0.709677
29907,0.612903
29908,0.709677
29909,0.612903
29910,0.709677
29911,0.612903
29912,0.709677
29913,0.612903
29914,0.709677
29915,0.580645
29916,0.709677
29917,0.612903
29918,0.677419
29919,0.741935
29920,0.709677
29921,0.612903
29922,0.741935
29923,0.548387
29924,0.741935
29925,0.612903
29926,0.709677
29927,0.612903
29928,0.709677
29929,0.612903
29930,0.709677
29931,0.612903
29932,0.709677
29933,0.645161
29934,0.806452
29935,0.645161
29936,0.741935
29937,0.709677
29938,0.806452
29939,0.548387
29940,0.806452
29941,0.677419
29942,0.83871
29943,0.612903
29944,0.806452
29945,0.580645
29946,0.806452
29947,0.677419
29948,0.677419
29949,0.580645
29950,0.83871
29951,0.677419
29952,0.806452
29953,0.516129
29954,0.83871
29955,0.645161
29956,0.806452
29957,0.645161
29958,0.806452
29959,0.677419
29960,0.774194
29961,0.677419
29962,0.806452
29963,0.709677
29964,0.806452
29965,0.516129
29966,0.903226
29967,0.548387
29968,0.774194
29969,0.580645
29970,0.774194
29971,0.580645
29972,0.709677
29973,0.612903
29974,0.709677
29975,0.612903
29976,0.774194
29977,0.580645
29978,0.709677
29979,0.612903
29980,0.709677
29981,0.612903
29982,0.709677
29983,0.612903
29984,0.709677
29985,0.612903
29986,0.741935
29987,0.548387
29988,0.741935
29989,0.612903
29990,0.709677
29991,0.612903
29992,0.741935
29993,0.580645
29994,0.709677
29995,0.709677
29996,0.709677
29997,0.709677
29998,0.709677
29999,0.709677
30000,0.741935
30001,0.580645
30002,0.709677
30003,0.741935
30004,0.741935
30005,0.677419
30006,0.741935
30007,0.677419
30008,0.709677
30009,0.709677
30010,0.709677
30011,0.709677
30012,0.709677
30013,0.741935
30014,0.741935
30015,0.709677
30016,0.677419
30017,0.741935
30018,0.677419
30019,0.741935
30020,0.774194
30021,0.709677
30022,0.709677
30023,0.741935
30024,0.774194
30025,0.709677
30026,0.709677
30027,0.709677
30028,0.741935
30029,0.709677
30030,0.709677
30031,0.83871
30032,0.709677
30033,0.806452
30034,0.709677
30035,0.806452
30036,0.709677
30037,0.83871
30038,0.709677
30039,0.645161
30040,0.709677
30041,0.806452
30042,0.709677
30043,0.83871
30044,0.709677
30045,0.903226
30046,0.709677
30047,0.903226
30048,0.709677
30049,0.83871
30050,0.741935
30051,0.83871
30052,0.677419
30053,0.967742
30054,0.677419
30055,0.903226
30056,0.645161
30057,1
30058,0.612903
30059,1
30060,0.645161
30061,1
30062,0.580645
30063,0.935484
30064,0.645161
30065,1
30066,0.612903
30067,1
30068,0.612903
30069,1
30070,0.741935
30071,0.612903
30072,0.806452
30073,0.645161
30074,0.806452
30075,0.709677
30076,0.806452
30077,0.645161
30078,0.806452
30079,0.677419
30080,0.774194
30081,0.677419
30082,0.806452
30083,0.709677
30084,0.83871
30085,0.612903
30086,0.806452
30087,0.645161
30088,0.806452
30089,0.677419
30090,0.83871
30091,0.612903
30092,0.83871
30093,0.612903
30094,0.83871
30095,0.612903
30096,0.83871
30097,0.612903
30098,0.83871
30099,0.612903
30100,0.806452
30101,0.645161
30102,0.806452
30103,0.709677
30104,0.83871
30105,0.612903
30106,0.806452
30107,0.677419
30108,0.83871
30109,0.612903
30110,0.806452
30111,0.677419
30112,0.870968
30113,0.580645
30114,0.83871
30115,0.612903
30116,0.903226
30117,0.612903
30118,0.83871
30119,0.612903
30120,0.870968
30121,0.580645
30122,0.903226
30123,0.741935
30124,0.903226
30125,0.580645
30126,0.870968
30127,0.612903
30128,0.83871
30129,0.612903
30130,0.774194
30131,0.612903
30132,0.741935
30133,0.741935
30134,0.741935
30135,0.741935
30136,0.774194
30137,0.612903
30138,0.741935
30139,0.709677
30140,0.774194
30141,0.612903
30142,0.774194
30143,0.612903
30144,0.774194
30145,0.612903
30146,0.774194
30147,0.612903
30148,0.774194
30149,0.580645
30150,0.741935
30151,0.709677
30152,0.741935
30153,0.709677
30154,0.741935
30155,0.903226
30156,0.774194
30157,0.774194
30158,0.741935
30159,0.903226
30160,0.870968
30161,0.709677
30162,0.935484
30163,0.677419
30164,0.870968
30165,0.612903
30166,0.774194
30167,0.612903
30168,0.774194
30169,0.612903
30170,0.774194
30171,0.612903
30172,0.774194
30173,0.580645
30174,0.741935
30175,0.709677
30176,0.774194
30177,0.612903
30178,0.774194
30179,0.612903
30180,0.774194
30181,0.612903
30182,0.774194
30183,0.612903
30184,0.774194
30185,0.612903
30186,0.774194
30187,0.612903
30188,0.774194
30189,0.612903
30190,0.774194
30191,0.612903
30192,0.774194
30193,0.709677
30194,0.774194
30195,0.774194
30196,0.774194
30197,0.774194
30198,0.774194
30199,0.774194
30200,0.774194
30201,0.774194
30202,0.774194
30203,0.774194
30204,0.741935
30205,0.903226
30206,0.870968
30207,0.709677
30208,0.870968
30209,0.741935
30210,0.967742
30211,0.741935
30212,0.967742
30213,0.612903
30214,0.870968
30215,0.612903
30216,0.870968
30217,0.741935
30218,0.967742
30219,0.741935
30220,0.967742
30221,0.709677
30222,0.967742
30223,0.870968
30224,0.83871
30225,0.741935
30226,0.935484
30227,0.677419
30228,0.967742
30229,0.870968
30230,0.806452
30231,0.903226
30232,0.870968
30233,0.806452
30234,0.774194
30235,0.903226
30236,0.870968
30237,0.709677
30238,1
30239,0.612903
30240,0.774194
30241,0.612903
30242,0.774194
30243,0.645161
30244,0.806452
30245,0.806452
30246,0.806452
30247,0.677419
30248,0.806452
30249,0.83871
30250,0.774194
30251,0.612903
30252,0.774194
30253,0.612903
30254,0.83871
30255,0.870968
30256,0.741935
30257,0.612903
30258,0.806452
30259,0.612903
30260,0.806452
30261,0.677419
30262,0.774194
30263,0.903226
30264,0.709677
30265,0.612903
30266,0.806452
30267,0.612903
30268,0.774194
30269,0.612903
30270,0.806452
30271,0.612903
30272,0.741935
30273,0.580645
30274,0.774194
30275,0.612903
30276,0.774194
30277,0.612903
30278,0.83871
30279,0.677419
30280,0.83871
30281,0.548387
30282,0.935484
30283,0.580645
30284,0.935484
30285,0.548387
30286,0.903226
30287,0.580645
30288,0.870968
30289,0.548387
30290,0.935484
30291,0.548387
30292,0.935484
30293,0.548387
30294,0.935484
30295,0.677419
30296,0.83871
30297,0.677419
30298,0.774194
30299,0.612903
30300,0.741935
30301,0.612903
30302,0.870968
30303,0.677419
30304,0.741935
30305,0.612903
30306,0.806452
30307,0.612903
30308,0.741935
30309,0.612903
30310,0.806452
30311,0.612903
30312,0.774194
30313,0.612903
30314,0.83871
30315,0.677419
30316,0.83871
30317,0.677419
30318,0.774194
30319,0.612903
30320,0.83871
30321,0.677419
30322,0.806452
30323,0.741935
30324,0.774194
30325,0.741935
30326,0.806452
30327,0.741935
30328,0.806452
30329,0.677419
30330,0.83871
30331,0.677419
30332,0.83871
30333,0.677419
30334,0.774194
30335,0.612903
30336,0.741935
30337,0.612903
30338,0.83871
30339,0.677419
30340,0.774194
30341,0.612903
30342,0.774194
30343,0.612903
30344,0.774194
30345,0.612903
30346,0.774194
30347,0.612903
30348,0.774194
30349,0.612903
30350,0.774194
30351,0.612903
30352,0.774194
30353,0.612903
30354,0.774194
30355,0.612903
30356,0.774194
30357,0.612903
30358,0.774194
30359,0.612903
30360,0.741935
30361,0.741935
30362,0.774194
30363,0.612903
30364,0.741935
30365,0.612903
30366,0.741935
30367,0.741935
30368,0.741935
30369,0.741935
30370,0.83871
30371,0.612903
30372,0.83871
30373,0.677419
30374,0.83871
30375,0.677419
30376,0.741935
30377,0.741935
30378,0.806452
30379,0.83871
30380,0.83871
30381,0.580645
30382,0.967742
30383,0.645161
30384,0.709677
30385,0.645161
30386,0.806452
30387,0.645161
30388,0.83871
30389,0.645161
30390,0.774194
30391,0.83871
30392,0.741935
30393,0.870968
30394,0.774194
30395,0.83871
30396,0.709677
30397,0.870968
30398,0.774194
30399,0.83871
30400,0.741935
30401,0.870968
30402,0.774194
30403,0.83871
30404,0.83871
30405,0.645161
30406,0.774194
30407,0.806452
30408,0.741935
30409,0.645161
30410,0.806452
30411,0.83871
30412,0.741935
30413,0.870968
30414,0.870968
30415,0.645161
30416,0.83871
30417,0.645161
30418,0.774194
30419,0.83871
30420,0.741935
30421,0.870968
30422,0.870968
30423,0.645161
30424,0.741935
30425,0.677419
30426,0.870968
30427,0.645161
30428,0.774194
30429,0.677419
30430,0.741935
30431,0.83871
30432,0.774194
30433,0.612903
30434,0.83871
30435,0.677419
30436,0.774194
30437,0.677419
30438,0.741935
30439,0.870968
30440,0.741935
30441,0.870968
30442,0.806452
30443,0.677419
30444,0.774194
30445,0.677419
30446,0.774194
30447,0.677419
30448,0.774194
30449,0.677419
30450,0.774194
30451,0.677419
30452,0.741935
30453,0.677419
30454,0.774194
30455,0.677419
30456,0.741935
30457,0.677419
30458,0.774194
30459,0.677419
30460,0.806452
30461,0.645161
30462,0.83871
30463,0.645161
30464,0.806452
30465,0.645161
30466,0.83871
30467,0.645161
30468,0.806452
30469,0.645161
30470,0.774194
30471,0.645161
30472,0.741935
30473,0.645161
30474,0.83871
30475,0.580645
30476,0.870968
30477,0.645161
30478,0.774194
30479,0.645161
30480,0.806452
30481,0.580645
30482,0.83871
30483,0.645161
30484,0.806452
30485,0.580645
30486,0.83871
30487,0.645161
30488,0.806452
30489,0.580645
30490,0.903226
30491,0.548387
30492,0.870968
30493,0.645161
30494,0.83871
30495,0.612903
30496,0.870968
30497,0.645161
30498,0.83871
30499,0.580645
30500,0.935484
30501,0.548387
30502,0.870968
30503,0.645161
30504,0.806452
30505,0.612903
30506,0.967742
30507,0.548387
30508,0.935484
30509,0.645161
30510,0.774194
30511,0.645161
30512,0.741935
30513,0.645161
30514,0.774194
30515,0.645161
30516,0.806452
30517,0.580645
30518,0.903226
30519,0.548387
30520,0.935484
30521,0.645161
30522,0.806452
30523,0.645161
30524,0.806452
30525,0.645161
30526,0.741935
30527,0.645161
30528,0.806452
30529,0.645161
30530,0.935484
30531,0.645161
30532,0.83871
30533,0.645161
30534,0.967742
30535,0.580645
30536,0.870968
30537,0.645161
30538,0.967742
30539,0.580645
30540,0.935484
30541,0.580645
30542,0.967742
30543,0.580645
30544,0.935484
30545,0.580645
30546,0.967742
30547,0.580645
30548,0.935484
30549,0.548387
30550,0.870968
30551,0.645161
30552,0.741935
30553,0.645161
30554,0.741935
30555,0.645161
30556,0.806452
30557,0.645161
30558,0.774194
30559,0.645161
30560,0.741935
30561,0.645161
30562,0.774194
30563,0.645161
30564,0.741935
30565,0.645161
30566,0.774194
30567,0.645161
30568,0.741935
30569,0.645161
30570,0.774194
30571,0.645161
30572,0.870968
30573,0.645161
30574,0.967742
30575,0.548387
30576,0.870968
30577,0.645161
30578,0.774194
30579,0.645161
30580,0.806452
30581,0.580645
30582,0.903226
30583,0.548387
30584,0.935484
30585,0.548387
30586,0.935484
30587,0.548387
30588,0.935484
30589,0.548387
30590,0.935484
30591,0.548387
30592,0.935484
30593,0.548387
30594,0.935484
30595,0.645161
30596,0.806452
30597,0.645161
30598,0.83871
30599,0.645161
30600,0.806452
30601,0.645161
30602,0.83871
30603,0.645161
30604,0.806452
30605,0.870968
30606,0.83871
30607,0.83871
30608,0.870968
30609,0.83871
30610,0.870968
30611,0.83871
30612,0.870968
30613,0.83871
30614,0.870968
30615,0.83871
30616,0.870968
30617,0.83871
30618,0.870968
30619,0.83871
30620,0.870968
30621,0.83871
30622,0.870968
30623,0.83871
30624,0.870968
30625,0.83871
30626,0.870968
30627,0.83871
30628,0.870968
30629,0.83871
30630,0.870968
30631,0.83871
30632,0.870968
30633,0.83871
30634,0.870968
30635,0.83871
30636,0.870968
30637,0.83871
30638,0.870968
30639,0.83871
30640,0.870968
30641,0.83871
30642,0.870968
30643,0.83871
30644,0.806452
30645,0.870968
30646,0.870968
30647,0.83871
30648,0.870968
30649,0.83871
30650,0.870968
30651,0.83871
30652,0.806452
30653,0.870968
30654,0.870968
30655,0.83871
30656,0.870968
30657,0.83871
30658,0.870968
30659,0.83871
30660,0.870968
30661,0.83871
30662,0.870968
30663,0.83871
30664,0.870968
30665,0.83871
30666,0.870968
30667,0.83871
30668,0.870968
30669,0.83871
30670,0.83871
30671,0.870968
30672,0.806452
30673,0.870968
30674,0.870968
30675,0.83871
30676,0.870968
30677,0.83871
30678,0.870968
30679,0.83871
30680,0.870968
30681,0.83871
30682,0.870968
30683,0.83871
30684,0.870968
30685,0.741935
30686,0.870968
30687,0.741935
30688,0.870968
30689,0.741935
30690,0.870968
30691,0.741935
30692,0.870968
30693,0.741935
30694,0.870968
30695,0.741935
30696,0.870968
30697,0.741935
30698,0.870968
30699,0.741935
30700,0.935484
30701,0.677419
30702,1
30703,0.645161
30704,1
30705,0.645161
30706,1
30707,0.645161
30708,1
30709,0.645161
30710,1
30711,0.645161
30712,1
30713,0.645161
30714,1
30715,0.645161
30716,1
30717,0.645161
30718,1
30719,0.645161
30720,1
30721,0.645161
30722,1
30723,0.645161
30724,1
30725,0.645161
30726,1
30727,0.645161
30728,1
30729,0.645161
30730,1
30731,0.645161
30732,1
30733,0.645161
30734,1
30735,0.645161
30736,1
30737,0.645161
30738,1
30739,0.645161
30740,1
30741,0.645161
30742,1
30743,0.645161
30744,1
30745,0.645161
30746,1
30747,0.645161
30748,1
30749,0.645161
30750,1
30751,0.645161
30752,1
30753,0.645161
30754,1
30755,0.645161
30756,1
30757,0.645161
30758,1
30759,0.645161
30760,1
30761,0.645161
30762,1
30763,0.645161
30764,1
30765,0.645161
30766,1
30767,0.645161
30768,1
30769,0.645161
30770,1
30771,0.645161
30772,1
30773,0.645161
30774,0.935484
30775,0.677419
30776,0.935484
30777,0.677419
30778,0.935484
30779,0.677419
30780,0.935484
30781,0.677419
30782,0.935484
30783,0.677419
30784,0.935484
30785,0.677419
30786,0.935484
30787,0.677419
30788,0.935484
30789,0.677419
30790,0.935484
30791,0.677419
30792,0.935484
30793,0.677419
30794,0.935484
30795,0.677419
30796,0.935484
30797,0.677419
30798,0.935484
30799,0.677419
30800,0.935484
30801,0.677419
30802,0.935484
30803,0.677419
30804,0.935484
30805,0.677419
30806,0.935484
30807,0.677419
30808,0.935484
30809,0.677419
30810,0.935484
30811,0.677419
30812,0.935484
30813,0.677419
30814,0.935484
30815,0.677419
30816,0.935484
30817,0.677419
30818,0.935484
30819,0.677419
30820,0.935484
30821,0.677419
30822,0.935484
30823,0.677419
30824,0.935484
30825,0.677419
30826,0.935484
30827,0.677419
30828,0.935484
30829,0.677419
30830,0.935484
30831,0.677419
30832,0.935484
30833,0.677419
30834,0.935484
30835,0.677419
30836,0.935484
30837,0.677419
30838,0.935484
30839,0.677419
30840,0.935484
30841,0.677419
30842,0.935484
30843,0.677419
30844,0.935484
30845,0.677419
30846,0.935484
30847,0.677419
30848,0.935484
30849,0.677419
30850,0.935484
30851,0.677419
30852,1
30853,0.645161
30854,0.935484
30855,0.677419
30856,1
30857,0.645161
30858,1
30859,0.645161
30860,1
30861,0.645161
30862,1
30863,0.645161
30864,1
30865,0.645161
30866,1
30867,0.645161
30868,0.935484
30869,0.677419
30870,0.935484
30871,0.677419
30872,0.935484
30873,0.677419
30874,0.935484
30875,0.677419
30876,0.935484
30877,0.677419
30878,0.935484
30879,0.677419
30880,0.935484
30881,0.677419
30882,0.935484
30883,0.677419
30884,0.935484
30885,0.677419
30886,0.870968
30887,0.677419
30888,0.870968
30889,0.677419
30890,0.935484
30891,0.677419
30892,0.935484
30893,0.677419
30894,0.870968
30895,0.709677
30896,1
30897,0.709677
30898,1
30899,0.709677
30900,1
30901,0.709677
30902,1
30903,0.709677
30904,1
30905,0.709677
30906,1
30907,0.709677
30908,0.806452
30909,0.709677
30910,1
30911,0.709677
30912,1
30913,0.709677
30914,1
30915,0.709677
30916,1
30917,0.709677
30918,1
30919,0.709677
30920,1
30921,0.709677
30922,1
30923,0.709677
30924,1
30925,0.709677
30926,1
30927,0.709677
30928,1
30929,0.741935
30930,0.774194
30931,0.741935
30932,0.806452
30933,0.709677
30934,1
30935,0.709677
30936,0.967742
30937,0.645161
30938,0.870968
30939,0.709677
30940,1
30941,0.741935
30942,0.774194
30943,0.741935
30944,0.806452
30945,0.741935
30946,0.774194
30947,0.741935
30948,0.806452
30949,0.741935
30950,0.774194
30951,0.741935
30952,0.806452
30953,0.741935
30954,0.774194
30955,0.741935
30956,0.806452
30957,0.741935
30958,0.774194
30959,0.741935
30960,0.806452
30961,0.741935
30962,0.774194
30963,0.806452
30964,0.806452
30965,0.741935
30966,0.774194
30967,0.741935
30968,0.806452
30969,0.709677
30970,0.967742
30971,0.645161
30972,0.83871
30973,0.83871
30974,0.774194
30975,0.806452
30976,0.806452
30977,0.83871
30978,0.774194
30979,0.806452
30980,0.806452
30981,0.83871
30982,0.774194
30983,0.806452
30984,0.806452
30985,0.83871
30986,0.774194
30987,0.806452
30988,0.806452
30989,0.83871
30990,0.774194
30991,0.806452
30992,0.806452
30993,0.83871
30994,0.774194
30995,0.806452
30996,0.806452
30997,0.83871
30998,0.774194
30999,0.806452
31000,0.806452
31001,0.83871
31002,0.774194
31003,0.806452
31004,0.806452
31005,0.83871
31006,0.774194
31007,0.806452
31008,0.806452
31009,0.83871
31010,0.774194
31011,0.806452
31012,0.806452
31013,0.806452
31014,0.774194
31015,0.677419
31016,0.806452
31017,0.83871
31018,0.774194
31019,0.806452
31020,0.806452
31021,0.806452
31022,0.774194
31023,0.83871
31024,0.806452
31025,0.709677
31026,0.967742
31027,0.645161
31028,0.83871
31029,0.741935
31030,0.774194
31031,0.741935
31032,0.806452
31033,0.83871
31034,0.774194
31035,0.806452
31036,0.806452
31037,0.83871
31038,0.774194
31039,0.806452
31040,0.806452
31041,0.83871
31042,0.774194
31043,0.806452
31044,0.806452
31045,0.83871
31046,0.774194
31047,0.806452
31048,0.806452
31049,0.83871
31050,0.774194
31051,0.806452
31052,0.806452
31053,0.83871
31054,0.774194
31055,0.806452
31056,0.870968
31057,0.709677
31058,0.870968
31059,0.709677
31060,0.870968
31061,0.741935
31062,0.774194
31063,0.903226
31064,0.83871
31065,0.774194
31066,0.935484
31067,0.645161
31068,0.967742
31069,0.645161
31070,1
31071,0.645161
31072,0.967742
31073,0.645161
31074,1
31075,0.645161
31076,0.967742
31077,0.645161
31078,1
31079,0.645161
31080,0.967742
31081,0.645161
31082,1
31083,0.645161
31084,0.870968
31085,0.709677
31086,0.903226
31087,0.645161
31088,0.870968
31089,0.709677
31090,0.83871
31091,0.645161
31092,0.967742
31093,0.645161
31094,0.870968
31095,0.709677
31096,0.870968
31097,0.709677
31098,0.870968
31099,0.645161
31100,0.967742
31101,0.612903
31102,1
31103,0.580645
31104,0.935484
31105,0.709677
31106,0.870968
31107,0.709677
31108,0.967742
31109,0.709677
31110,1
31111,0.709677
31112,0.967742
31113,0.709677
31114,1
31115,0.709677
31116,0.967742
31117,0.709677
31118,1
31119,0.709677
31120,0.967742
31121,0.709677
31122,1
31123,0.709677
31124,0.967742
31125,0.709677
31126,0.967742
31127,0.677419
31128,0.967742
31129,0.580645
31130,0.935484
31131,0.645161
31132,0.967742
31133,0.645161
31134,1
31135,0.612903
31136,0.967742
31137,0.580645
31138,1
31139,0.548387
31140,0.967742
31141,0.645161
31142,1
31143,0.645161
31144,0.967742
31145,0.645161
31146,1
31147,0.645161
31148,0.967742
31149,0.709677
31150,1
31151,0.645161
31152,0.967742
31153,0.645161
31154,1
31155,0.677419
31156,1
31157,0.677419
31158,1
31159,0.677419
31160,1
31161,0.677419
31162,1
31163,0.677419
31164,1
31165,0.677419
31166,1
31167,0.677419
31168,0.903226
31169,0.774194
31170,1
31171,0.709677
31172,0.967742
31173,0.709677
31174,1
31175,0.645161
31176,1
31177,0.548387
31178,0.967742
31179,0.709677
31180,1
31181,0.677419
31182,0.935484
31183,0.741935
31184,1
31185,0.677419
31186,0.935484
31187,0.741935
31188,0.903226
31189,0.741935
31190,0.903226
31191,0.741935
31192,0.903226
31193,0.774194
31194,0.870968
31195,0.741935
31196,0.903226
31197,0.806452
31198,0.870968
31199,0.83871
31200,0.903226
31201,0.774194
31202,0.870968
31203,0.741935
31204,0.903226
31205,0.741935
31206,0.870968
31207,0.709677
31208,0.903226
31209,0.774194
31210,0.870968
31211,0.741935
31212,0.903226
31213,0.741935
31214,0.870968
31215,0.709677
31216,0.935484
31217,0.741935
31218,0.935484
31219,0.741935
31220,0.903226
31221,0.741935
31222,0.870968
31223,0.741935
31224,0.903226
31225,0.774194
31226,0.935484
31227,0.741935
31228,0.967742
31229,0.774194
31230,0.935484
31231,0.709677
31232,0.935484
31233,0.709677
31234,0.967742
31235,0.645161
31236,0.967742
31237,0.774194
31238,0.83871
31239,0.806452
31240,0.903226
31241,0.806452
31242,0.83871
31243,0.806452
31244,0.903226
31245,0.806452
31246,0.83871
31247,0.806452
31248,0.903226
31249,0.806452
31250,0.83871
31251,0.806452
31252,0.903226
31253,0.806452
31254,0.83871
31255,0.806452
31256,0.903226
31257,0.806452
31258,0.83871
31259,0.806452
31260,0.903226
31261,0.806452
31262,0.83871
31263,0.806452
31264,0.903226
31265,0.806452
31266,0.83871
31267,0.806452
31268,0.903226
31269,0.806452
31270,0.83871
31271,0.806452
31272,0.903226
31273,0.806452
31274,0.83871
31275,0.806452
31276,0.903226
31277,0.806452
31278,0.83871
31279,0.806452
31280,0.903226
31281,0.806452
31282,0.806452
31283,0.806452
31284,0.903226
31285,0.806452
31286,0.83871
31287,0.806452
31288,0.903226
31289,0.806452
31290,0.83871
31291,0.806452
31292,0.903226
31293,0.806452
31294,0.83871
31295,0.806452
31296,0.903226
31297,0.806452
31298,0.83871
31299,0.806452
31300,0.903226
31301,0.806452
31302,0.83871
31303,0.806452
31304,0.903226
31305,0.806452
31306,0.83871
31307,0.806452
31308,0.903226
31309,0.806452
31310,0.83871
31311,0.806452
31312,0.903226
31313,0.806452
31314,0.83871
31315,0.806452
31316,0.903226
31317,0.806452
31318,0.83871
31319,0.806452
31320,0.903226
31321,0.806452
31322,0.83871
31323,0.806452
31324,0.903226
31325,0.806452
31326,0.83871
31327,0.806452
31328,0.83871
31329,0.806452
31330,0.83871
31331,0.806452
31332,0.903226
31333,0.806452
31334,0.83871
31335,0.806452
31336,0.903226
31337,0.806452
31338,0.83871
31339,0.806452
31340,0.903226
31341,0.806452
31342,0.83871
31343,0.806452
31344,0.903226
31345,0.806452
31346,0.83871
31347,0.806452
31348,0.903226
31349,0.806452
31350,0.806452
31351,0.806452
31352,0.903226
31353,0.806452
31354,0.83871
31355,0.806452
31356,0.903226
31357,0.806452
31358,0.83871
31359,0.806452
31360,0.903226
31361,0.806452
31362,0.83871
31363,0.806452
31364,0.903226
31365,0.806452
31366,0.83871
31367,0.806452
31368,0.903226
31369,0.806452
31370,0.83871
31371,0.806452
31372,0.903226
31373,0.806452
31374,0.83871
31375,0.806452
31376,0.903226
31377,0.806452
31378,0.83871
31379,0.806452
31380,0.903226
31381,0.806452
31382,0.806452
31383,0.806452
31384,0.935484
31385,0.806452
31386,0.83871
31387,0.806452
31388,0.903226
31389,0.806452
31390,0.806452
31391,0.806452
31392,0.903226
31393,0.806452
31394,0.83871
31395,0.806452
31396,0.903226
31397,0.806452
31398,0.774194
31399,0.709677
31400,0.870968
31401,0.806452
31402,0.83871
31403,0.806452
31404,0.903226
31405,0.806452
31406,0.83871
31407,0.806452
31408,0.903226
31409,0.741935
31410,0.774194
31411,0.806452
31412,0.83871
31413,0.806452
31414,0.903226
31415,0.806452
31416,0.903226
31417,0.709677
31418,0.83871
31419,0.741935
31420,0.774194
31421,0.806452
31422,0.774194
31423,0.806452
31424,0.774194
31425,0.806452
31426,0.774194
31427,0.806452
31428,0.774194
31429,0.806452
31430,0.774194
31431,0.806452
31432,0.774194
31433,0.806452
31434,0.774194
31435,0.806452
31436,0.774194
31437,0.806452
31438,0.774194
31439,0.806452
31440,0.774194
31441,0.806452
31442,0.774194
31443,0.806452
31444,0.774194
31445,0.806452
31446,0.774194
31447,0.806452
31448,0.774194
31449,0.806452
31450,0.774194
31451,0.806452
31452,0.774194
31453,0.806452
31454,0.419355
31455,0.741935
31456,0.774194
31457,0.83871
31458,0.903226
31459,0.806452
31460,0.645161
31461,0.645161
31462,0.419355
31463,0.548387
31464,0.645161
31465,0.645161
31466,0.645161
31467,0.645161
31468,0.83871
31469,1
31470,0.806452
31471,0.709677
31472,0.16129
31473,0.451613
31474,0.612903
31475,0.612903
31476,0.774194
31477,0.419355
31478,0.774194
31479,0.580645
31480,0.290323
31481,0.677419
31482,0.774194
31483,0.612903
31484,0.806452
31485,0.774194
31486,0.709677
31487,0.774194
31488,0.709677
31489,0.774194
31490,0.709677
31491,0.774194
31492,0.709677
31493,0.774194
31494,0.774194
31495,0.612903
31496,0.83871
31497,0.580645
31498,0.806452
31499,0.612903
31500,0.83871
31501,0.580645
31502,0.709677
31503,0.612903
31504,0.806452
31505,0.709677
31506,0.741935
31507,0.83871
31508,0.645161
31509,0.774194
31510,0.741935
31511,0.645161
31512,0.290323
31513,0.806452
31514,0.580645
31515,0.741935
31516,0.580645
31517,0.645161
31518,0.677419
31519,0.645161
31520,0.741935
31521,0.741935
31522,0.709677
31523,0.774194
31524,0.709677
31525,0.741935
31526,0.709677
31527,0.645161
31528,0.83871
31529,0.709677
31530,0.548387
31531,0.870968
31532,0.516129
31533,0.83871
31534,0.645161
31535,0.709677
31536,0.580645
31537,0.709677
31538,0.580645
31539,0.709677
31540,0.580645
31541,0.709677
31542,0.580645
31543,0.709677
31544,0.580645
31545,0.709677
31546,0.548387
31547,0.806452
31548,0.548387
31549,0.774194
31550,0.516129
31551,0.806452
31552,0.548387
31553,0.774194
31554,0.516129
31555,0.774194
31556,0.516129
31557,0.774194
31558,0.516129
31559,0.774194
31560,0.516129
31561,0.774194
31562,0.548387
31563,0.774194
31564,0.548387
31565,0.612903
31566,0.516129
31567,0.806452
31568,0.483871
31569,0.612903
31570,0.483871
31571,0.193548
31572,0.709677
31573,0.483871
31574,0.419355
31575,0.516129
31576,0.419355
31577,0.516129
31578,0.354839
31579,0.516129
31580,0.419355
31581,0.516129
31582,0.419355
31583,0.516129
31584,0.419355
31585,0.548387
31586,0.580645
31587,0.516129
31588,0.516129
31589,0.516129
31590,0.516129
31591,0.516129
31592,0.419355
31593,0.548387
31594,0.451613
31595,0.548387
31596,0.451613
31597,0.548387
31598,0.419355
31599,0.548387
31600,0.516129
31601,0.709677
31602,0.451613
31603,0.677419
31604,0.387097
31605,0.741935
31606,0.451613
31607,0.741935
31608,0.290323
31609,0.645161
31610,0.645161
31611,0.548387
31612,0.774194
31613,0.645161
31614,0.709677
31615,0.645161
31616,0.709677
31617,0.645161
31618,0.709677
31619,0.645161
31620,0.709677
31621,0.645161
31622,0.709677
31623,0.612903
31624,0.645161
31625,0.580645
31626,0.516129
31627,0.677419
31628,0.419355
31629,0.612903
31630,0.387097
31631,0.612903
31632,0.419355
31633,0.741935
31634,0.580645
31635,0.806452
31636,0.741935
31637,0.548387
31638,0.774194
31639,0.387097
31640,0.774194
31641,0.806452
31642,0.870968
31643,0.741935
31644,0.83871
31645,0.741935
31646,0.451613
31647,0.322581
31648,0.83871
31649,0.774194
31650,0.387097
31651,0.677419
31652,0.612903
31653,0.741935
31654,0.677419
31655,0.645161
31656,0.645161
31657,0.806452
31658,0.580645
31659,0.612903
31660,0.645161
31661,0.806452
31662,0.741935
31663,0.741935
31664,0.677419
31665,0.741935
31666,0.645161
31667,0.741935
31668,0.741935
31669,0.741935
31670,0.741935
31671,0.516129
31672,0.645161
31673,0.645161
31674,0.774194
31675,0.677419
31676,0.483871
31677,0.580645
31678,0.709677
31679,0.709677
31680,0.741935
31681,0.677419
31682,0.354839
31683,0.677419
31684,0.387097
31685,0.677419
31686,0.612903
31687,0.677419
31688,0.645161
31689,0.612903
31690,0.483871
31691,0.580645
31692,0.612903
31693,0.322581
31694,0.677419
31695,0.258065
31696,0.709677
31697,0.612903
31698,0.258065
31699,0.451613
31700,0.290323
31701,0.419355
31702,0.290323
31703,0.516129
31704,0.322581
31705,0.741935
31706,0.419355
31707,0.387097
31708,0.548387
31709,0.290323
31710,0.516129
31711,0.354839
31712,0.806452
31713,0.322581
31714,0.709677
31715,0.322581
31716,0.451613
31717,0.322581
31718,0.419355
31719,0.322581
31720,0.677419
31721,0.290323
31722,0.516129
31723,0.645161
31724,0.580645
31725,0.516129
31726,0.451613
31727,0.645161
31728,0.483871
31729,0.451613
31730,0.612903
31731,0.645161
31732,0.645161
31733,0.516129
31734,0.612903
31735,0.548387
31736,0.516129
31737,0.419355
31738,0.516129
31739,0.645161
31740,0.419355
31741,0.580645
31742,0.451613
31743,0.483871
31744,0.451613
31745,0.451613
31746,0.451613
31747,0.451613
31748,0.451613
31749,0.419355
31750,0.483871
31751,0.451613
31752,0.645161
31753,0.451613
31754,0.451613
31755,0.451613
31756,0.451613
31757,0.451613
31758,0.451613
31759,0.451613
31760,0.451613
31761,0.451613
31762,0.774194
31763,0.451613
31764,0.483871
31765,0.483871
31766,0.483871
31767,0.483871
31768,0.451613
31769,0.419355
31770,0.516129
31771,0.451613
31772,0.451613
31773,0.451613
31774,0.451613
31775,0.709677
31776,0.419355
31777,0.741935
31778,0.419355
31779,0.483871
31780,0.516129
31781,0.451613
31782,0.967742
31783,0.548387
31784,0.451613
31785,0.483871
31786,0.774194
31787,0.387097
31788,0.419355
31789,0.967742
31790,0.451613
31791,1
31792,0.451613
31793,0.483871
31794,0.419355
31795,0.612903
31796,0.580645
31797,0.612903
31798,0.967742
31799,0.903226
31800,0.935484
31801,0.709677
31802,0.903226
31803,0.483871
31804,0.612903
31805,0.580645
31806,0.709677
31807,0.709677
31808,0.483871
31809,0.709677
31810,0.483871
31811,0.709677
31812,0.612903
31813,0.806452
31814,0.677419
31815,0.645161
31816,0.580645
31817,0.483871
31818,0.806452
31819,0.612903
31820,0.967742
31821,0.483871
31822,0.806452
31823,0.290323
31824,0.193548
31825,0.387097
31826,0.516129
31827,0.741935
31828,0.677419
31829,0.322581
31830,0.419355
31831,0.225806
31832,0.516129
31833,0.774194
31834,0.870968
31835,0.709677
31836,0.903226
31837,0.709677
31838,0.774194
31839,0.645161
31840,0.645161
31841,0.806452
31842,0.387097
31843,0.354839
31844,0.387097
31845,0.387097
31846,0.387097
31847,0.387097
31848,0.387097
31849,0.387097
31850,0.387097
31851,0.354839
31852,0.387097
31853,0.322581
31854,0.322581
31855,0.322581
31856,0.387097
31857,0.322581
31858,0.354839
31859,0.322581
31860,0.419355
31861,0.387097
31862,0.354839
31863,0.290323
31864,0.258065
31865,0.354839
31866,0.354839
31867,0.322581
31868,0.419355
31869,0.451613
31870,0.419355
31871,0.451613
31872,0.387097
31873,0.451613
31874,0.741935
31875,0.419355
31876,0.451613
31877,0.451613
31878,0.387097
31879,0.387097
31880,0.387097
31881,0.387097
31882,0.387097
31883,0.387097
31884,0.354839
31885,0.483871
31886,0.451613
31887,0.451613
31888,0.419355
31889,0.451613
31890,0.451613
31891,0.483871
31892,0.354839
31893,0.419355
31894,0.419355
31895,0.451613
31896,0.451613
31897,0.741935
31898,0.387097
31899,0.774194
31900,0.645161
31901,0.709677
31902,0.677419
31903,0.709677
31904,0.387097
31905,0.451613
31906,0.387097
31907,0.419355
31908,0.419355
31909,0.419355
31910,0.419355
31911,0.774194
31912,0.451613
31913,0.774194
31914,0.483871
31915,0.806452
31916,0.709677
31917,0.483871
31918,0.774194
31919,0.709677
31920,0.483871
31921,0.483871
31922,0.451613
31923,0.483871
31924,0.451613
31925,0.419355
31926,0.451613
31927,0.483871
31928,0.451613
31929,0.806452
31930,0.483871
31931,0.483871
31932,0.451613
31933,0.483871
31934,0.483871
31935,0.806452
31936,0.419355
31937,0.774194
31938,0.645161
31939,0.387097
31940,0.451613
31941,0.774194
31942,0.483871
31943,0.774194
31944,0.483871
31945,0.451613
31946,0.451613
31947,0.451613
31948,0.225806
31949,0.483871
31950,0.774194
31951,0.354839
31952,0.677419
31953,0.387097
31954,0.387097
31955,0.612903
31956,0.387097
31957,0.387097
31958,0.612903
31959,0.387097
31960,0.387097
31961,0.387097
31962,0.387097
31963,0.612903
31964,0.387097
31965,0.612903
31966,0.387097
31967,0.387097
31968,0.612903
31969,0.387097
31970,0.354839
31971,0.612903
31972,0.387097
31973,0.387097
31974,0.612903
31975,0.387097
31976,0.354839
31977,0.322581
31978,0.387097
31979,0.387097
31980,0.419355
31981,0.387097
31982,0.387097
31983,0.354839
31984,0.419355
31985,0.387097
31986,0.419355
31987,0.387097
31988,0.387097
31989,0.387097
31990,0.387097
31991,0.387097
31992,0.419355
31993,0.387097
31994,0.387097
31995,0.322581
31996,0.290323
31997,0.322581
31998,0.419355
31999,0.451613
32000,0.612903
32001,0.322581
32002,0.322581
32003,0.322581
32004,0.516129
32005,0.419355
32006,0.322581
32007,0.451613
32008,0.322581
32009,0.354839
32010,0.322581
32011,0.354839
32012,0.354839
32013,0.354839
32014,0.354839
32015,0.354839
32016,0.354839
32017,0.612903
32018,0.322581
32019,0.83871
32020,0.290323
32021,0.451613
32022,0.612903
32023,0.193548
32024,0.806452
32025,0.709677
32026,0.709677
32027,0.870968
32028,0.709677
32029,0.387097
32030,0.677419
32031,0.225806
32032,0.774194
32033,0.612903
32034,0.806452
32035,0.225806
32036,0.322581
32037,0.322581
32038,0.290323
32039,0.290323
32040,0.290323
32041,0.290323
32042,0.322581
32043,0.322581
32044,0.290323
32045,0.290323
32046,0.322581
32047,0.322581
32048,0.290323
32049,0.322581
32050,0.354839
32051,0.354839
32052,0.354839
32053,0.354839
32054,0.612903
32055,0.516129
32056,0.83871
32057,0.516129
32058,0.322581
32059,0.354839
32060,0.322581
32061,0.774194
32062,0.677419
32063,0.677419
32064,0.419355
32065,0.451613
32066,0.516129
32067,0.516129
32068,0.580645
32069,0.354839
32070,0.580645
32071,0.322581
32072,0.451613
32073,0.516129
32074,0.580645
32075,0.677419
32076,0.354839
32077,0.677419
32078,0.290323
32079,0.483871
32080,0.677419
32081,0.451613
32082,0.870968
32083,0.645161
32084,0.709677
32085,0.580645
32086,0.612903
32087,0.645161
32088,0.419355
32089,0.516129
32090,0.870968
32091,0.451613
32092,0.774194
32093,0.774194
32094,0.354839
32095,0.709677
32096,0.419355
32097,0.83871
32098,0.612903
32099,0.677419
32100,0.645161
32101,0.677419
32102,0.580645
32103,0.741935
32104,0.741935
32105,0.645161
32106,0.612903
32107,0.354839
32108,0.709677
32109,0.354839
32110,0.419355
32111,0.645161
32112,0.709677
32113,0.419355
32114,0.451613
32115,0.451613
32116,0.516129
32117,0.354839
32118,0.645161
32119,0.612903
32120,0.677419
32121,0.645161
32122,0.451613
32123,0.419355
32124,0.354839
32125,0.645161
32126,0.612903
32127,0.677419
32128,0.645161
32129,0.483871
32130,0.419355
32131,0.806452
32132,0.774194
32133,0.322581
32134,0.774194
32135,0.774194
32136,0.419355
32137,0.741935
32138,0.741935
32139,0.451613
32140,0.709677
32141,0.677419
32142,0.709677
32143,0.354839
32144,0.709677
32145,0.806452
32146,0.451613
32147,0.419355
32148,0.709677
32149,0.354839
32150,0.387097
32151,0.548387
32152,0.612903
32153,0.935484
32154,0.935484
32155,0.451613
32156,0.451613
32157,0.548387
32158,0.903226
32159,0.387097
32160,0.870968
32161,0.83871
32162,0.83871
32163,0.83871
32164,0.451613
32165,0.451613
32166,0.548387
32167,0.903226
32168,0.870968
32169,0.387097
32170,0.870968
32171,0.870968
32172,0.387097
32173,0.870968
32174,0.83871
32175,0.83871
32176,0.83871
32177,0.83871
32178,0.83871
32179,0.83871
32180,0.83871
32181,0.83871
32182,0.83871
32183,0.83871
32184,1
32185,0.83871
32186,0.83871
32187,0.83871
32188,0.83871
32189,0.83871
32190,0.83871
32191,0.83871
32192,0.83871
32193,0.83871
32194,0.83871
32195,0.83871
32196,0.83871
32197,0.83871
32198,0.83871
32199,0.83871
32200,0.903226
32201,0.354839
32202,0.903226
32203,0.806452
32204,0.83871
32205,0.83871
32206,0.83871
32207,0.741935
32208,1
32209,0.83871
32210,0.741935
32211,1
32212,0.83871
32213,0.451613
32214,0.387097
32215,0.612903
32216,0.516129
32217,0.935484
32218,0.903226
32219,0.677419
32220,0.419355
32221,0.967742
32222,0.419355
32223,0.967742
32224,0.903226
32225,0.354839
32226,0.870968
32227,0.322581
32228,0.709677
32229,0.258065
32230,0.387097
32231,0.354839
32232,0.290323
32233,0.387097
32234,0.354839
32235,0.354839
32236,0.483871
32237,0.806452
32238,0.322581
32239,0.83871
32240,0.870968
32241,0.354839
32242,0.483871
32243,1
32244,0.903226
32245,1
32246,0.83871
32247,0.387097
32248,0.870968
32249,0.774194
32250,0.806452
32251,0.806452
32252,0.806452
32253,0.806452
32254,0.870968
32255,0.354839
32256,0.83871
32257,0.870968
32258,0.354839
32259,0.774194
32260,0.806452
32261,0.741935
32262,0.806452
32263,0.677419
32264,0.83871
32265,0.709677
32266,0.774194
32267,0.741935
32268,0.806452
32269,0.806452
32270,0.83871
32271,0.83871
32272,0.83871
32273,0.83871
32274,0.806452
32275,0.806452
32276,0.83871
32277,0.806452
32278,0.806452
32279,0.83871
32280,0.967742
32281,0.870968
32282,0.354839
32283,0.870968
32284,0.83871
32285,0.806452
32286,0.387097
32287,0.83871
32288,0.419355
32289,0.580645
32290,0.483871
32291,0.483871
32292,0.419355
32293,0.903226
32294,0.83871
32295,0.451613
32296,0.451613
32297,0.903226
32298,0.387097
32299,0.580645
32300,0.580645
32301,0.580645
32302,0.580645
32303,0.580645
32304,0.548387
32305,0.903226
32306,0.83871
32307,0.516129
32308,0.548387
32309,0.870968
32310,0.354839
32311,0.903226
32312,0.516129
32313,0.580645
32314,0.580645
32315,0.580645
32316,0.870968
32317,0.387097
32318,0.548387
32319,0.903226
32320,0.516129
32321,0.580645
32322,0.580645
32323,0.580645
32324,0.580645
32325,0.580645
32326,0.580645
32327,0.516129
32328,0.451613
32329,0.516129
32330,0.451613
32331,0.516129
32332,0.709677
32333,0.354839
32334,0.483871
32335,0.774194
32336,0.451613
32337,0.419355
32338,0.419355
32339,0.580645
32340,0.870968
32341,0.322581
32342,0.580645
32343,1
32344,0.967742
32345,0.967742
32346,1
32347,0.967742
32348,1
32349,0.967742
32350,1
32351,0.870968
32352,0.354839
32353,0.967742
32354,0.903226
32355,0.354839
32356,0.967742
32357,0.903226
32358,0.322581
32359,0.967742
32360,0.354839
32361,0.967742
32362,0.967742
32363,0.387097
32364,0.967742
32365,1
32366,1
32367,1
32368,1
32369,1
32370,1
32371,1
32372,1
32373,1
32374,1
32375,1
32376,1
32377,1
32378,1
32379,1
32380,1
32381,1
32382,0.870968
32383,0.83871
32384,1
32385,1
32386,1
32387,1
32388,1
32389,1
32390,1
32391,1
32392,1
32393,0.967742
32394,0.387097
32395,0.967742
32396,1
32397,0.903226
32398,0.935484
32399,0.419355
32400,0.967742
32401,1
32402,0.903226
32403,1
32404,0.967742
32405,0.548387
32406,0.967742
32407,0.612903
32408,0.483871
32409,0.967742
32410,1
32411,0.83871
32412,0.451613
32413,0.967742
32414,1
32415,1
32416,1
32417,1
32418,1
32419,1
32420,1
32421,1
32422,1
32423,0.967742
32424,0.935484
32425,0.935484
32426,0.451613
32427,0.967742
32428,1
32429,1
32430,1
32431,1
32432,1
32433,1
32434,1
32435,1
32436,1
32437,1
32438,1
32439,1
32440,1
32441,0.419355
32442,0.967742
32443,0.419355
32444,0.967742
32445,1
32446,1
32447,1
32448,1
32449,1
32450,1
32451,1
32452,1
32453,1
32454,1
32455,1
32456,0.967742
32457,0.483871
32458,1
32459,1
32460,1
32461,1
32462,1
32463,1
32464,1
32465,1
32466,1
32467,0.935484
32468,0.516129
32469,1
32470,1
32471,1
32472,1
32473,1
32474,1
32475,1
32476,1
32477,1
32478,0.387097
32479,0.967742
32480,1
32481,1
32482,1
32483,1
32484,1
32485,1
32486,1
32487,1
32488,1
32489,1
32490,0.935484
32491,0.387097
32492,0.967742
32493,0.451613
32494,1
32495,1
32496,1
32497,1
32498,1
32499,0.451613
32500,1
32501,1
32502,1
32503,1
32504,1
32505,1
32506,1
32507,1
32508,1
32509,1
32510,1
32511,1
32512,1
32513,1
32514,1
32515,1
32516,1
32517,1
32518,1
32519,1
32520,0.935484
32521,0.935484
32522,0.935484
32523,0.935484
32524,0.419355
32525,0.967742
32526,1
32527,0.935484
32528,0.451613
32529,1
32530,0.451613
32531,1
32532,1
32533,1
32534,1
32535,1
32536,1
32537,1
32538,1
32539,1
32540,1
32541,1
32542,1
32543,1
32544,1
32545,1
32546,1
32547,1
32548,1
32549,0.870968
32550,0.451613
32551,1
32552,0.967742
32553,1
32554,1
32555,0.903226
32556,0.451613
32557,1
32558,1
32559,1
32560,1
32561,0.967742
32562,0.83871
32563,0.451613
32564,1
32565,1
32566,1
32567,1
32568,1
32569,1
32570,1
32571,1
32572,0.967742
32573,1
32574,1
32575,1
32576,0.903226
32577,0.419355
32578,1
32579,0.967742
32580,1
32581,0.967742
32582,1
32583,0.967742
32584,1
32585,0.967742
32586,1
32587,0.870968
32588,0.419355
32589,1
32590,0.935484
32591,1
32592,0.645161
32593,0.935484
32594,0.451613
32595,0.935484
32596,0.741935
32597,0.677419
32598,0.483871
32599,0.580645
32600,0.870968
32601,0.774194
32602,0.83871
32603,0.903226
32604,0.935484
32605,0.709677
32606,1
32607,0.677419
32608,0.483871
32609,0.967742
32610,0.903226
32611,0.580645
32612,0.580645
32613,0.677419
32614,0.83871
32615,0.709677
32616,0.709677
32617,0.645161
32618,0.709677
32619,0.83871
32620,0.419355
32621,0.967742
32622,0.903226
32623,0.83871
32624,1
32625,0.903226
32626,0.677419
32627,0.83871
32628,0.741935
32629,0.677419
32630,0.83871
32631,0.709677
32632,0.419355
32633,0.935484
32634,0.903226
32635,0.806452
32636,0.967742
32637,0.870968
32638,0.83871
32639,0.967742
32640,0.935484
32641,0.806452
32642,0.967742
32643,0.870968
32644,0.935484
32645,0.967742
32646,0.870968
32647,0.903226
32648,0.967742
32649,0.870968
32650,0.774194
32651,0.870968
32652,0.870968
32653,0.935484
32654,0.903226
32655,0.967742
32656,0.967742
32657,0.967742
32658,1
32659,0.967742
32660,1
32661,0.967742
32662,1
32663,0.83871
32664,0.870968
32665,0.806452
32666,0.83871
32667,0.83871
32668,0.483871
32669,0.903226
32670,0.451613
32671,0.967742
32672,0.967742
32673,0.903226
32674,0.903226
32675,0.516129
32676,1
32677,0.516129
32678,1
32679,1
32680,1
32681,1
32682,1
32683,1
32684,1
32685,1
32686,1
32687,1
32688,0.935484
32689,0.483871
32690,1
32691,1
32692,1
32693,1
32694,0.967742
32695,0.903226
32696,0.903226
32697,0.935484
32698,0.935484
32699,0.935484
32700,0.483871
32701,1
32702,1
32703,0.903226
32704,0.483871
32705,1
32706,0.935484
32707,0.483871
32708,1
32709,0.967742
32710,0.967742
32711,0.967742
32712,0.967742
32713,0.967742
32714,0.903226
32715,0.870968
32716,0.870968
32717,0.870968
32718,0.516129
32719,0.935484
32720,0.451613
32721,0.83871
32722,0.516129
32723,0.967742
32724,1
32725,0.935484
32726,0.580645
32727,1
32728,1
32729,1
32730,0.967742
32731,0.935484
32732,1
32733,1
32734,1
32735,1
32736,0.870968
32737,0.870968
32738,0.483871
32739,0.935484
32740,0.903226
32741,0.741935
32742,0.774194
32743,0.903226
32744,0.870968
32745,0.516129
32746,0.903226
32747,0.548387
32748,0.774194
32749,1
32750,0.870968
32751,0.870968
32752,0.870968
32753,0.903226
32754,0.83871
32755,0.870968
32756,0.83871
32757,0.483871
32758,0.806452
32759,0.419355
32760,0.870968
32761,0.903226
32762,0.451613
32763,0.935484
32764,0.967742
32765,0.967742
32766,0.967742
32767,0.870968
32768,0.774194
32769,0.483871
32770,0.741935
32771,0.516129
32772,0.870968
32773,0.516129
32774,0.935484
32775,0.967742
32776,0.903226
32777,0.903226
32778,1
32779,1
32780,0.870968
32781,0.806452
32782,0.451613
32783,0.967742
32784,1
32785,0.903226
32786,0.935484
32787,0.903226
32788,1
32789,0.709677
32790,0.903226
32791,0.580645
32792,0.548387
32793,1
32794,0.83871
32795,1
32796,0.935484
32797,0.935484
32798,0.870968
32799,0.83871
32800,0.967742
32801,0.83871
32802,1
32803,0.935484
32804,1
32805,0.935484
32806,1
32807,0.935484
32808,1
32809,0.774194
32810,0.451613
32811,1
32812,0.967742
32813,0.935484
32814,0.935484
32815,0.935484
32816,0.935484
32817,0.935484
32818,0.935484
32819,0.935484
32820,0.774194
32821,0.741935
32822,0.741935
32823,0.741935
32824,0.741935
32825,0.483871
32826,0.903226
32827,0.806452
32828,0.516129
32829,0.903226
32830,0.935484
32831,0.935484
32832,0.935484
32833,0.935484
32834,0.935484
32835,0.935484
32836,0.935484
32837,0.935484
32838,0.935484
32839,0.935484
32840,0.935484
32841,1
32842,0.870968
32843,0.516129
32844,0.903226
32845,0.935484
32846,0.806452
32847,0.516129
32848,1
32849,0.935484
32850,1
32851,0.935484
32852,0.935484
32853,0.935484
32854,0.935484
32855,1
32856,1
32857,1
32858,1
32859,1
32860,1
32861,0.870968
32862,0.516129
32863,1
32864,0.903226
32865,0.870968
32866,0.451613
32867,0.967742
32868,1
32869,1
32870,1
32871,1
32872,0.903226
32873,0.774194
32874,0.741935
32875,0.83871
32876,1
32877,1
32878,1
32879,0.903226
32880,0.870968
32881,0.516129
32882,1
32883,0.870968
32884,0.548387
32885,0.903226
32886,0.903226
32887,0.903226
32888,0.903226
32889,0.903226
32890,0.903226
32891,0.903226
32892,0.83871
32893,0.935484
32894,0.806452
32895,0.516129
32896,0.83871
32897,0.935484
32898,0.806452
32899,0.516129
32900,0.935484
32901,0.935484
32902,0.935484
32903,0.935484
32904,0.935484
32905,0.935484
32906,0.935484
32907,0.935484
32908,0.935484
32909,0.935484
32910,0.83871
32911,0.83871
32912,0.83871
32913,0.83871
32914,0.935484
32915,0.83871
32916,0.83871
32917,0.83871
32918,0.83871
32919,0.83871
32920,0.935484
32921,0.83871
32922,0.83871
32923,0.806452
32924,0.483871
32925,1
32926,0.967742
32927,0.870968
32928,0.83871
32929,0.483871
32930,0.870968
32931,0.774194
32932,0.451613
32933,1
32934,0.83871
32935,0.516129
32936,0.903226
32937,0.806452
32938,0.483871
32939,1
32940,0.967742
32941,0.903226
32942,0.870968
32943,0.83871
32944,0.774194
32945,0.516129
32946,0.903226
32947,0.774194
32948,0.806452
32949,0.516129
32950,0.903226
32951,0.870968
32952,0.83871
32953,0.774194
32954,0.483871
32955,0.774194
32956,0.806452
32957,0.483871
32958,0.741935
32959,0.709677
32960,0.741935
32961,0.709677
32962,0.741935
32963,0.709677
32964,0.741935
32965,0.709677
32966,0.741935
32967,0.709677
32968,0.741935
32969,0.709677
32970,0.741935
32971,0.709677
32972,0.741935
32973,0.741935
32974,0.903226
32975,0.870968
32976,0.774194
32977,0.516129
32978,0.935484
32979,0.387097
32980,0.870968
32981,0.774194
32982,0.935484
32983,0.677419
32984,0.935484
32985,0.83871
32986,0.806452
32987,0.677419
32988,0.548387
32989,0.903226
32990,0.806452
32991,0.903226
32992,0.709677
32993,0.903226
32994,0.806452
32995,0.741935
32996,0.516129
32997,0.935484
32998,0.709677
32999,0.774194
33000,0.548387
33001,0.870968
33002,0.806452
33003,0.516129
33004,0.83871
33005,0.709677
33006,0.645161
33007,0.83871
33008,0.516129
33009,0.903226
33010,0.483871
33011,0.806452
33012,0.451613
33013,0.83871
33014,0.451613
33015,0.903226
33016,0.580645
33017,0.709677
33018,0.580645
33019,0.516129
33020,0.870968
33021,0.741935
33022,0.645161
33023,0.870968
33024,0.709677
33025,0.774194
33026,0.741935
33027,0.870968
33028,0.677419
33029,0.870968
33030,0.677419
33031,0.806452
33032,0.709677
33033,0.806452
33034,0.677419
33035,0.83871
33036,0.709677
33037,0.741935
33038,0.774194
33039,0.806452
33040,0.677419
33041,0.83871
33042,0.612903
33043,0.645161
33044,0.548387
33045,0.516129
33046,0.483871
33047,0.612903
33048,0.580645
33049,0.548387
33050,0.709677
33051,0.677419
33052,0.451613
33053,0.806452
33054,0.548387
33055,0.709677
33056,0.483871
33057,0.870968
33058,0.645161
33059,0.870968
33060,0.580645
33061,0.645161
33062,0.677419
33063,0.645161
33064,0.612903
33065,0.741935
33066,0.612903
33067,0.451613
33068,0.709677
33069,0.612903
33070,0.451613
33071,0.741935
33072,0.580645
33073,0.645161
33074,0.645161
33075,0.645161
33076,0.548387
33077,0.645161
33078,0.645161
33079,0.774194
33080,0.741935
33081,0.580645
33082,0.612903
33083,0.709677
33084,0.612903
33085,0.612903
33086,0.903226
33087,0.483871
33088,0.903226
33089,0.645161
33090,0.580645
33091,0.741935
33092,0.806452
33093,0.83871
33094,0.774194
33095,0.774194
33096,0.451613
33097,0.741935
33098,0.806452
33099,0.645161
33100,0.903226
33101,0.645161
33102,0.870968
33103,0.516129
33104,1
33105,0.612903
33106,0.903226
33107,0.709677
33108,0.548387
33109,0.645161
33110,0.903226
33111,0.419355
33112,0.806452
33113,0.612903
33114,0.870968
33115,0.741935
33116,0.741935
33117,0.741935
33118,0.548387
33119,0.935484
33120,0.580645
33121,0.967742
33122,0.806452
33123,0.806452
33124,0.548387
33125,0.741935
33126,0.709677
33127,0.645161
33128,0.83871
33129,0.419355
33130,0.612903
33131,0.774194
33132,0.548387
33133,0.645161
33134,0.741935
33135,0.677419
33136,0.709677
33137,0.83871
33138,0.645161
33139,0.774194
33140,0.677419
33141,0.903226
33142,0.677419
33143,0.903226
33144,0.709677
33145,0.548387
33146,0.741935
33147,0.903226
33148,0.741935
33149,0.419355
33150,0.709677
33151,0.935484
33152,0.677419
33153,0.709677
33154,0.741935
33155,0.419355
33156,0.806452
33157,0.677419
33158,0.741935
33159,0.419355
33160,0.806452
33161,0.709677
33162,0.741935
33163,0.903226
33164,0.645161
33165,0.903226
33166,0.677419
33167,0.903226
33168,0.677419
33169,0.903226
33170,0.677419
33171,0.935484
33172,0.580645
33173,0.709677
33174,0.709677
33175,0.677419
33176,0.741935
33177,0.774194
33178,0.677419
33179,0.741935
33180,0.677419
33181,0.516129
33182,0.741935
33183,0.677419
33184,0.741935
33185,0.774194
33186,0.677419
33187,0.741935
33188,0.806452
33189,0.83871
33190,0.774194
33191,0.419355
33192,0.83871
33193,0.870968
33194,0.83871
33195,0.83871
33196,0.677419
33197,0.903226
33198,0.709677
33199,0.612903
33200,0.741935
33201,0.548387
33202,0.741935
33203,0.774194
33204,0.645161
33205,0.709677
33206,0.612903
33207,0.774194
33208,0.516129
33209,0.741935
33210,0.612903
33211,0.741935
33212,0.451613
33213,0.580645
33214,0.967742
33215,0.548387
33216,1
33217,0.677419
33218,0.709677
33219,0.741935
33220,0.774194
33221,0.580645
33222,0.903226
33223,0.419355
33224,0.741935
33225,0.774194
33226,0.322581
33227,0.741935
33228,0.677419
33229,0.451613
33230,0.967742
33231,0.580645
33232,0.83871
33233,0.677419
33234,0.741935
33235,0.580645
33236,0.83871
33237,0.580645
33238,0.967742
33239,0.677419
33240,0.967742
33241,0.612903
33242,1
33243,0.580645
33244,1
33245,0.903226
33246,0.903226
33247,0.677419
33248,0.935484
33249,0.645161
33250,0.935484
33251,0.870968
33252,0.935484
33253,0.612903
33254,0.935484
33255,0.967742
33256,0.967742
33257,0.967742
33258,0.967742
33259,0.967742
33260,0.967742
33261,0.806452
33262,0.967742
33263,0.774194
33264,0.967742
33265,0.774194
33266,0.967742
33267,0.774194
33268,0.967742
33269,0.774194
33270,0.967742
33271,0.741935
33272,0.83871
33273,0.870968
33274,0.935484
33275,0.870968
33276,0.935484
33277,0.870968
33278,0.935484
33279,0.645161
33280,0.548387
33281,0.806452
33282,0.870968
33283,0.935484
33284,0.645161
33285,0.387097
33286,0.935484
33287,0.741935
33288,0.645161
33289,0.645161
33290,0.83871
33291,0.870968
33292,0.935484
33293,0.645161
33294,0.548387
33295,0.677419
33296,0.83871
33297,0.870968
33298,0.612903
33299,0.967742
33300,0.935484
33301,0.870968
33302,0.935484
33303,0.677419
33304,0.677419
33305,0.645161
33306,0.645161
33307,0.645161
33308,0.709677
33309,0.935484
33310,0.935484
33311,0.806452
33312,0.645161
33313,0.645161
33314,0.709677
33315,0.741935
33316,0.677419
33317,0.774194
33318,0.580645
33319,0.677419
33320,0.548387
33321,0.709677
33322,0.677419
33323,0.580645
33324,0.903226
33325,0.548387
33326,0.870968
33327,0.870968
33328,0.935484
33329,0.774194
33330,0.580645
33331,0.709677
33332,0.741935
33333,0.741935
33334,0.741935
33335,0.741935
33336,0.709677
33337,0.290323
33338,0.709677
33339,0.741935
33340,0.741935
33341,0.741935
33342,0.741935
33343,0.741935
33344,0.741935
33345,0.741935
33346,0.612903
33347,0.419355
33348,0.806452
33349,0.612903
33350,0.741935
33351,0.580645
33352,0.419355
33353,0.806452
33354,0.354839
33355,0.741935
33356,0.709677
33357,0.741935
33358,0.645161
33359,0.677419
33360,0.419355
33361,0.806452
33362,0.709677
33363,0.580645
33364,0.677419
33365,0.677419
33366,0.677419
33367,0.580645
33368,0.677419
33369,0.677419
33370,0.677419
33371,0.419355
33372,0.83871
33373,0.741935
33374,0.741935
33375,0.741935
33376,0.741935
33377,0.645161
33378,0.903226
33379,0.83871
33380,0.935484
33381,0.935484
33382,0.709677
33383,0.645161
33384,0.967742
33385,0.83871
33386,1
33387,0.774194
33388,0.677419
33389,0.709677
33390,0.387097
33391,0.645161
33392,0.677419
33393,0.483871
33394,0.806452
33395,0.580645
33396,0.774194
33397,0.451613
33398,0.709677
33399,0.483871
33400,0.645161
33401,0.16129
33402,0.774194
33403,0.516129
33404,0.709677
33405,0.258065
33406,0.612903
33407,0.806452
33408,0.806452
33409,0.483871
33410,0.548387
33411,0.83871
33412,0.774194
33413,0.580645
33414,0.677419
33415,0.354839
33416,0.83871
33417,0.516129
33418,0.903226
33419,0.741935
33420,0.516129
33421,0.83871
33422,0.645161
33423,0.483871
33424,0.774194
33425,0.387097
33426,0.870968
33427,0.483871
33428,0.774194
33429,0.516129
33430,0.645161
33431,0.548387
33432,0.709677
33433,0.516129
33434,0.774194
33435,0.548387
33436,0.612903
33437,0.741935
33438,0.967742
33439,0.709677
33440,0.709677
33441,0.580645
33442,0.935484
33443,0.516129
33444,0.903226
33445,0.451613
33446,0.967742
33447,0.451613
33448,0.967742
33449,0.83871
33450,0.709677
33451,0.83871
33452,0.483871
33453,0.612903
33454,0.935484
33455,0.516129
33456,0.806452
33457,0.419355
33458,0.516129
33459,0.870968
33460,0.870968
33461,0.83871
33462,0.548387
33463,0.935484
33464,0.83871
33465,0.516129
33466,0.83871
33467,0.516129
33468,0.967742
33469,0.935484
33470,0.967742
33471,0.903226
33472,0.193548
33473,0.806452
33474,0.83871
33475,0.548387
33476,0.83871
33477,0.806452
33478,0.516129
33479,0.83871
33480,0.741935
33481,0.387097
33482,0.935484
33483,0.967742
33484,0.935484
33485,0.967742
33486,0.935484
33487,0.967742
33488,0.935484
33489,0.903226
33490,0.870968
33491,0.967742
33492,0.967742
33493,0.935484
33494,0.935484
33495,0.967742
33496,0.967742
33497,0.967742
33498,0.935484
33499,0.870968
33500,0.935484
33501,0.870968
33502,0.935484
33503,0.83871
33504,0.935484
33505,0.83871
33506,0.870968
33507,0.483871
33508,0.967742
33509,0.83871
33510,0.870968
33511,0.483871
33512,0.967742
33513,0.83871
33514,0.935484
33515,0.806452
33516,0.709677
33517,0.903226
33518,0.677419
33519,0.935484
33520,0.645161
33521,0.935484
33522,0.580645
33523,0.935484
33524,0.419355
33525,0.935484
33526,0.612903
33527,0.935484
33528,0.612903
33529,0.903226
33530,0.548387
33531,0.935484
33532,0.83871
33533,0.612903
33534,0.903226
33535,0.612903
33536,0.870968
33537,0.870968
33538,0.806452
33539,0.580645
33540,0.935484
33541,0.677419
33542,0.967742
33543,0.612903
33544,0.83871
33545,0.677419
33546,0.935484
33547,0.580645
33548,0.935484
33549,0.774194
33550,0.806452
33551,0.741935
33552,0.483871
33553,0.83871
33554,0.774194
33555,0.903226
33556,0.709677
33557,0.903226
33558,0.741935
33559,0.83871
33560,0.741935
33561,0.83871
33562,0.774194
33563,0.451613
33564,0.903226
33565,0.741935
33566,0.903226
33567,0.774194
33568,0.548387
33569,0.935484
33570,0.709677
33571,0.677419
33572,0.580645
33573,0.83871
33574,0.580645
33575,0.903226
33576,0.483871
33577,0.741935
33578,0.677419
33579,0.709677
33580,0.774194
33581,0.870968
33582,0.645161
33583,0.677419
33584,0.774194
33585,0.612903
33586,0.612903
33587,0.645161
33588,0.612903
33589,0.677419
33590,0.677419
33591,0.612903
33592,0.83871
33593,0.903226
33594,0.677419
33595,0.870968
33596,0.903226
33597,0.83871
33598,0.806452
33599,0.903226
33600,0.774194
33601,0.774194
33602,0.870968
33603,0.806452
33604,0.774194
33605,0.741935
33606,0.419355
33607,0.870968
33608,0.83871
33609,0.83871
33610,0.709677
33611,0.903226
33612,0.806452
33613,0.806452
33614,0.709677
33615,0.419355
33616,1
33617,0.677419
33618,0.83871
33619,0.354839
33620,1
33621,0.83871
33622,0.870968
33623,0.677419
33624,0.483871
33625,0.870968
33626,0.806452
33627,0.451613
33628,0.741935
33629,0.612903
33630,0.741935
33631,0.709677
33632,0.774194
33633,0.516129
33634,1
33635,0.709677
33636,0.483871
33637,0.967742
33638,0.419355
33639,0.935484
33640,0.612903
33641,0.774194
33642,0.870968
33643,0.677419
33644,0.580645
33645,0.483871
33646,0.709677
33647,0.709677
33648,0.580645
33649,0.483871
33650,0.677419
33651,0.741935
33652,0.83871
33653,0.677419
33654,0.83871
33655,0.903226
33656,0.774194
33657,0.741935
33658,0.83871
33659,0.580645
33660,0.677419
33661,0.83871
33662,0.483871
33663,0.935484
33664,0.645161
33665,0.870968
33666,0.483871
33667,1
33668,0.903226
33669,0.483871
33670,0.709677
33671,0.612903
33672,0.83871
33673,0.709677
33674,0.677419
33675,0.774194
33676,0.677419
33677,0.612903
33678,0.516129
33679,0.322581
33680,0.709677
33681,0.516129
33682,1
33683,0.516129
33684,0.677419
33685,0.612903
33686,0.645161
33687,0.774194
33688,0.741935
33689,0.548387
33690,0.83871
33691,0.548387
33692,0.709677
33693,0.645161
33694,0.83871
33695,0.709677
33696,0.741935
33697,0.741935
33698,0.741935
33699,0.83871
33700,0.967742
33701,0.870968
33702,0.709677
33703,0.677419
33704,0.645161
33705,0.806452
33706,0.709677
33707,0.806452
33708,0.709677
33709,0.806452
33710,0.870968
33711,0.774194
33712,0.774194
33713,0.451613
33714,0.774194
33715,0.451613
33716,0.774194
33717,0.451613
33718,0.903226
33719,0.870968
33720,0.741935
33721,0.483871
33722,0.774194
33723,0.741935
33724,0.741935
33725,0.741935
33726,0.870968
33727,0.774194
33728,0.774194
33729,0.774194
33730,0.774194
33731,0.774194
33732,0.774194
33733,0.516129
33734,0.870968
33735,0.870968
33736,0.870968
33737,0.870968
33738,0.870968
33739,0.870968
33740,0.709677
33741,0.903226
33742,0.483871
33743,0.677419
33744,0.709677
33745,0.516129
33746,0.806452
33747,0.677419
33748,0.580645
33749,0.870968
33750,0.741935
33751,0.806452
33752,0.516129
33753,0.870968
33754,0.83871
33755,0.516129
33756,0.870968
33757,0.483871
33758,0.774194
33759,0.774194
33760,0.516129
33761,0.870968
33762,0.870968
33763,0.870968
33764,0.677419
33765,0.709677
33766,0.806452
33767,0.483871
33768,0.741935
33769,0.870968
33770,0.870968
33771,0.83871
33772,0.870968
33773,0.870968
33774,0.83871
33775,0.870968
33776,0.677419
33777,0.741935
33778,0.741935
33779,0.903226
33780,0.83871
33781,0.83871
33782,0.83871
33783,0.83871
33784,0.83871
33785,0.83871
33786,0.83871
33787,0.83871
33788,0.83871
33789,0.83871
33790,0.83871
33791,0.83871
33792,0.806452
33793,0.483871
33794,0.870968
33795,0.83871
33796,0.83871
33797,0.870968
33798,0.903226
33799,1
33800,0.967742
33801,1
33802,0.967742
33803,0.870968
33804,0.870968
33805,0.903226
33806,0.774194
33807,0.806452
33808,0.548387
33809,1
33810,0.935484
33811,0.548387
33812,0.903226
33813,0.903226
33814,0.903226
33815,0.903226
33816,0.741935
33817,0.709677
33818,0.903226
33819,0.903226
33820,0.935484
33821,0.903226
33822,0.870968
33823,0.903226
33824,0.870968
33825,0.935484
33826,1
33827,1
33828,1
33829,1
33830,0.903226
33831,0.870968
33832,0.903226
33833,0.83871
33834,0.903226
33835,0.83871
33836,0.548387
33837,1
33838,1
33839,1
33840,0.903226
33841,0.709677
33842,0.741935
33843,0.935484
33844,1
33845,1
33846,1
33847,0.967742
33848,0.935484
33849,0.903226
33850,0.870968
33851,0.903226
33852,0.967742
33853,1
33854,1
33855,1
33856,0.935484
33857,0.935484
33858,0.903226
33859,0.903226
33860,0.903226
33861,0.935484
33862,1
33863,1
33864,1
33865,1
33866,0.903226
33867,0.483871
33868,0.967742
33869,0.774194
33870,0.806452
33871,0.903226
33872,0.903226
33873,0.903226
33874,0.903226
33875,0.870968
33876,0.774194
33877,0.806452
33878,0.870968
33879,0.903226
33880,0.548387
33881,0.903226
33882,0.870968
33883,0.870968
33884,0.806452
33885,0.806452
33886,0.516129
33887,0.806452
33888,0.806452
33889,0.870968
33890,0.516129
33891,0.806452
33892,0.483871
33893,0.935484
33894,0.935484
33895,0.903226
33896,0.935484
33897,0.935484
33898,0.903226
33899,0.903226
33900,0.870968
33901,0.903226
33902,0.935484
33903,0.935484
33904,0.903226
33905,0.935484
33906,0.903226
33907,0.935484
33908,0.903226
33909,0.935484
33910,0.806452
33911,0.83871
33912,0.83871
33913,0.83871
33914,0.903226
33915,0.935484
33916,0.903226
33917,0.935484
33918,0.83871
33919,0.483871
33920,0.903226
33921,0.870968
33922,0.83871
33923,0.903226
33924,0.709677
33925,0.483871
33926,0.83871
33927,0.451613
33928,0.935484
33929,0.806452
33930,0.774194
33931,0.774194
33932,0.806452
33933,0.451613
33934,0.870968
33935,0.612903
33936,0.870968
33937,0.548387
33938,0.741935
33939,0.806452
33940,0.870968
33941,0.709677
33942,0.870968
33943,0.870968
33944,0.741935
33945,0.967742
33946,0.806452
33947,0.806452
33948,0.83871
33949,0.612903
33950,0.612903
33951,0.580645
33952,0.612903
33953,0.677419
33954,0.677419
33955,0.709677
33956,0.645161
33957,0.548387
33958,0.709677
33959,0.709677
33960,0.741935
33961,0.774194
33962,0.645161
33963,0.741935
33964,0.774194
33965,0.709677
33966,0.741935
33967,0.774194
33968,0.483871
33969,0.548387
33970,0.806452
33971,0.419355
33972,0.870968
33973,0.870968
33974,0.806452
33975,0.709677
33976,0.483871
33977,0.774194
33978,0.709677
33979,0.709677
33980,0.419355
33981,0.774194
33982,0.709677
33983,0.806452
33984,0.774194
33985,0.709677
33986,0.451613
33987,0.935484
33988,0.83871
33989,0.774194
33990,0.580645
33991,0.580645
33992,0.451613
33993,0.516129
33994,0.580645
33995,0.870968
33996,0.806452
33997,0.806452
33998,0.419355
33999,0.709677
34000,0.709677
34001,0.580645
34002,0.645161
34003,0.903226
34004,0.548387
34005,0.612903
34006,0.580645
34007,0.612903
34008,0.612903
34009,0.548387
34010,0.645161
34011,0.580645
34012,0.548387
34013,0.612903
34014,0.645161
34015,0.580645
34016,0.580645
34017,0.580645
34018,0.580645
34019,0.548387
34020,0.612903
34021,0.935484
34022,0.83871
34023,1
34024,0.83871
34025,1
34026,0.903226
34027,0.935484
34028,0.903226
34029,0.967742
34030,0.903226
34031,1
34032,0.903226
34033,0.967742
34034,0.903226
34035,0.967742
34036,0.870968
34037,0.967742
34038,0.83871
34039,0.903226
34040,0.83871
34041,0.903226
34042,0.83871
34043,0.903226
34044,0.83871
34045,0.903226
34046,0.83871
34047,0.903226
34048,0.83871
34049,0.935484
34050,0.806452
34051,0.903226
34052,0.806452
34053,0.870968
34054,0.83871
34055,0.870968
34056,0.83871
34057,0.677419
34058,0.516129
34059,1
34060,0.774194
34061,0.903226
34062,0.83871
34063,0.935484
34064,0.774194
34065,0.935484
34066,0.774194
34067,0.870968
34068,0.870968
34069,0.903226
34070,0.774194
34071,0.83871
34072,0.903226
34073,0.741935
34074,0.903226
34075,0.806452
34076,0.806452
34077,0.870968
34078,0.870968
34079,0.741935
34080,0.870968
34081,0.83871
34082,0.806452
34083,0.83871
34084,0.677419
34085,0.774194
34086,0.870968
34087,0.903226
34088,0.548387
34089,0.580645
34090,0.548387
34091,0.612903
34092,0.580645
34093,0.548387
34094,0.612903
34095,0.580645
34096,0.677419
34097,0.548387
34098,0.612903
34099,0.516129
34100,0.516129
34101,0.580645
34102,0.83871
34103,0.451613
34104,0.774194
34105,0.516129
34106,0.516129
34107,0.580645
34108,0.548387
34109,0.483871
34110,0.741935
34111,0.516129
34112,0.483871
34113,0.774194
34114,0.645161
34115,0.806452
34116,0.870968
34117,0.645161
34118,0.677419
34119,0.580645
34120,0.741935
34121,0.645161
34122,0.645161
34123,0.612903
34124,0.580645
34125,0.677419
34126,0.709677
34127,0.548387
34128,0.741935
34129,0.580645
34130,0.580645
34131,0.709677
34132,0.580645
34133,0.612903
34134,0.709677
34135,0.645161
34136,0.741935
34137,0.451613
34138,0.645161
34139,0.774194
34140,0.677419
34141,0.548387
34142,0.612903
34143,0.580645
34144,0.612903
34145,0.580645
34146,0.580645
34147,0.903226
34148,0.870968
34149,0.580645
34150,0.612903
34151,0.580645
34152,1
34153,1
34154,0.967742
34155,0.935484
34156,0.903226
34157,0.935484
34158,0.903226
34159,0.935484
34160,1
34161,0.870968
34162,0.967742
34163,0.967742
34164,0.967742
34165,0.935484
34166,0.967742
34167,0.935484
34168,0.870968
34169,0.870968
34170,0.870968
34171,0.83871
34172,0.83871
34173,0.83871
34174,0.870968
34175,0.870968
34176,0.83871
34177,0.935484
34178,0.903226
34179,0.870968
34180,0.870968
34181,0.903226
34182,0.870968
34183,0.870968
34184,0.903226
34185,0.83871
34186,0.548387
34187,0.903226
34188,0.935484
34189,0.903226
34190,0.903226
34191,0.806452
34192,0.83871
34193,0.806452
34194,0.83871
34195,0.709677
34196,0.903226
34197,0.903226
34198,0.903226
34199,0.483871
34200,0.903226
34201,0.935484
34202,0.935484
34203,0.935484
34204,0.935484
34205,0.935484
34206,0.903226
34207,0.903226
34208,1
34209,0.870968
34210,0.903226
34211,0.903226
34212,0.903226
34213,1
34214,1
34215,0.903226
34216,0.935484
34217,0.870968
34218,0.903226
34219,0.903226
34220,0.903226
34221,0.935484
34222,0.870968
34223,0.548387
34224,0.935484
34225,0.903226
34226,0.548387
34227,0.935484
34228,0.935484
34229,0.935484
34230,0.935484
34231,0.935484
34232,0.903226
34233,1
34234,0.903226
34235,0.806452
34236,0.548387
34237,0.903226
34238,0.935484
34239,0.935484
34240,0.935484
34241,0.935484
34242,0.903226
34243,1
34244,0.935484
34245,0.903226
34246,0.903226
34247,0.516129
34248,0.967742
34249,1
34250,1
34251,1
34252,0.870968
34253,0.548387
34254,0.935484
34255,0.903226
34256,1
34257,1
34258,1
34259,1
34260,0.903226
34261,0.548387
34262,0.903226
34263,0.935484
34264,1
34265,0.774194
34266,0.935484
34267,0.741935
34268,0.806452
34269,0.935484
34270,1
34271,0.903226
34272,1
34273,0.935484
34274,1
34275,0.967742
34276,1
34277,1
34278,1
34279,0.870968
34280,0.483871
34281,0.806452
34282,0.967742
34283,0.967742
34284,0.967742
34285,0.967742
34286,0.967742
34287,0.967742
34288,0.967742
34289,0.967742
34290,0.806452
34291,0.806452
34292,0.709677
34293,0.677419
34294,0.741935
34295,0.580645
34296,0.83871
34297,0.548387
34298,0.903226
34299,0.83871
34300,0.483871
34301,0.967742
34302,0.967742
34303,0.935484
34304,0.935484
34305,0.935484
34306,0.903226
34307,0.903226
34308,0.903226
34309,0.935484
34310,0.935484
34311,0.903226
34312,1
34313,1
34314,1
34315,1
34316,0.935484
34317,0.935484
34318,0.935484
34319,0.903226
34320,0.516129
34321,0.967742
34322,0.903226
34323,1
34324,1
34325,1
34326,1
34327,1
34328,1
34329,1
34330,1
34331,1
34332,1
34333,1
34334,1
34335,1
34336,1
34337,0.870968
34338,0.451613
34339,0.967742
34340,1
34341,1
34342,1
34343,1
34344,1
34345,1
34346,0.83871
34347,0.83871
34348,0.419355
34349,1
34350,1
34351,1
34352,0.903226
34353,0.451613
34354,1
34355,1
34356,0.870968
34357,0.419355
34358,0.903226
34359,0.451613
34360,0.741935
34361,0.709677
34362,0.870968
34363,0.870968
34364,0.709677
34365,0.870968
34366,0.870968
34367,0.741935
34368,0.741935
34369,0.741935
34370,0.741935
34371,0.709677
34372,0.870968
34373,0.870968
34374,0.741935
34375,0.709677
34376,0.870968
34377,0.870968
34378,0.774194
34379,0.580645
34380,0.774194
34381,0.612903
34382,0.612903
34383,0.580645
34384,0.741935
34385,0.741935
34386,0.741935
34387,0.741935
34388,0.741935
34389,0.741935
34390,0.741935
34391,0.741935
34392,0.709677
34393,0.870968
34394,0.741935
34395,0.774194
34396,0.580645
34397,0.741935
34398,0.709677
34399,0.870968
34400,0.870968
34401,0.870968
34402,0.774194
34403,0.612903
34404,0.612903
34405,0.612903
34406,0.580645
34407,0.774194
34408,0.580645
34409,0.741935
34410,0.741935
34411,0.741935
34412,0.709677
34413,0.903226
34414,0.580645
34415,0.741935
34416,0.774194
34417,0.580645
34418,0.741935
34419,0.741935
34420,0.741935
34421,0.741935
34422,0.741935
34423,0.741935
34424,0.741935
34425,0.709677
34426,0.870968
34427,0.741935
34428,0.741935
34429,0.709677
34430,0.870968
34431,0.677419
34432,1
34433,0.709677
34434,0.709677
34435,0.870968
34436,0.870968
34437,0.870968
34438,0.709677
34439,0.83871
34440,1
34441,0.580645
34442,0.870968
34443,0.741935
34444,0.709677
34445,0.870968
34446,0.870968
34447,0.870968
34448,0.83871
34449,1
34450,1
34451,1
34452,0.870968
34453,0.870968
34454,0.83871
34455,0.806452
34456,0.870968
34457,0.83871
34458,0.967742
34459,0.83871
34460,0.967742
34461,0.870968
34462,0.870968
34463,0.903226
34464,0.903226
34465,0.83871
34466,0.967742
34467,0.870968
34468,0.903226
34469,0.903226
34470,0.967742
34471,0.935484
34472,0.935484
34473,0.903226
34474,0.870968
34475,0.870968
34476,0.935484
34477,0.83871
34478,0.967742
34479,0.903226
34480,0.83871
34481,0.774194
34482,0.935484
34483,0.709677
34484,0.967742
34485,0.935484
34486,0.903226
34487,0.870968
34488,0.903226
34489,0.741935
34490,0.903226
34491,0.806452
34492,0.83871
34493,0.741935
34494,0.903226
34495,0.741935
34496,0.83871
34497,0.870968
34498,0.774194
34499,0.451613
34500,0.935484
34501,0.709677
34502,0.870968
34503,0.774194
34504,0.774194
34505,0.83871
34506,0.741935
34507,0.709677
34508,0.870968
34509,0.741935
34510,0.741935
34511,0.483871
34512,0.903226
34513,0.709677
34514,0.870968
34515,0.709677
34516,0.741935
34517,0.419355
34518,0.870968
34519,0.709677
34520,0.870968
34521,0.774194
34522,0.645161
34523,0.709677
34524,0.451613
34525,0.709677
34526,0.774194
34527,0.451613
34528,0.645161
34529,0.677419
34530,0.516129
34531,0.709677
34532,0.677419
34533,0.451613
34534,0.580645
34535,0.612903
34536,0.483871
34537,0.677419
34538,0.709677
34539,0.451613
34540,0.612903
34541,0.548387
34542,0.580645
34543,0.645161
34544,0.709677
34545,0.483871
34546,0.516129
34547,0.516129
34548,0.741935
34549,0.387097
34550,0.870968
34551,0.774194
34552,0.645161
34553,0.83871
34554,0.709677
34555,0.612903
34556,0.483871
34557,0.774194
34558,0.419355
34559,0.774194
34560,0.612903
34561,0.612903
34562,0.709677
34563,0.645161
34564,0.612903
34565,0.741935
34566,0.677419
34567,0.580645
34568,0.645161
34569,0.580645
34570,0.83871
34571,0.741935
34572,0.612903
34573,0.645161
34574,0.612903
34575,0.645161
34576,0.612903
34577,0.645161
34578,0.612903
34579,0.677419
34580,0.612903
34581,0.645161
34582,0.774194
34583,0.548387
34584,0.645161
34585,0.548387
34586,0.645161
34587,0.806452
34588,0.516129
34589,0.645161
34590,0.903226
34591,0.580645
34592,0.903226
34593,0.612903
34594,0.612903
34595,0.612903
34596,0.83871
34597,0.548387
34598,0.741935
34599,0.741935
34600,0.774194
34601,0.774194
34602,0.774194
34603,0.806452
34604,0.774194
34605,0.83871
34606,0.870968
34607,0.870968
34608,0.870968
34609,0.935484
34610,0.935484
34611,0.903226
34612,0.935484
34613,0.935484
34614,0.806452
34615,0.83871
34616,0.806452
34617,0.83871
34618,0.83871
34619,0.967742
34620,0.870968
34621,0.935484
34622,0.935484
34623,0.903226
34624,0.870968
34625,0.935484
34626,0.935484
34627,0.612903
34628,1
34629,0.903226
34630,1
34631,0.967742
34632,0.967742
34633,0.483871
34634,0.967742
34635,1
34636,1
34637,1
34638,1
34639,1
34640,1
34641,1
34642,0.967742
34643,1
34644,1
34645,1
34646,1
34647,1
34648,0.967742
34649,1
34650,0.935484
34651,1
34652,1
34653,1
34654,1
34655,1
34656,1
34657,1
34658,1
34659,1
34660,1
34661,0.967742
34662,1
34663,1
34664,1
34665,1
34666,1
34667,0.870968
34668,1
34669,1
34670,1
34671,0.741935
34672,1
34673,0.806452
34674,1
34675,1
34676,1
34677,0.967742
34678,0.935484
34679,0.612903
34680,0.870968
34681,0.870968
34682,0.870968
34683,0.870968
34684,0.774194
34685,0.806452
34686,0.806452
34687,0.741935
34688,0.774194
34689,0.806452
34690,0.774194
34691,0.806452
34692,0.774194
34693,0.806452
34694,0.741935
34695,0.903226
34696,0.548387
34697,0.741935
34698,0.741935
34699,0.806452
34700,0.774194
34701,0.935484
34702,0.903226
34703,0.709677
34704,0.903226
34705,0.354839
34706,0.709677
34707,0.903226
34708,0.967742
34709,0.870968
34710,0.903226
34711,0.870968
34712,0.903226
34713,0.451613
34714,0.967742
34715,0.806452
34716,1
34717,0.645161
34718,0.741935
34719,0.709677
34720,0.741935
34721,0.548387
34722,0.83871
34723,0.548387
34724,0.741935
34725,0.709677
34726,0.806452
34727,0.580645
34728,0.83871
34729,0.774194
34730,0.548387
34731,0.612903
34732,0.612903
34733,0.806452
34734,0.580645
34735,0.709677
34736,0.677419
34737,0.903226
34738,0.677419
34739,0.709677
34740,0.741935
34741,0.677419
34742,0.709677
34743,0.709677
34744,0.741935
34745,0.806452
34746,0.774194
34747,0.806452
34748,0.870968
34749,0.645161
34750,0.741935
34751,0.677419
34752,0.709677
34753,0.741935
34754,0.806452
34755,0.774194
34756,0.806452
34757,0.709677
34758,0.741935
34759,0.741935
34760,0.741935
34761,0.806452
34762,0.774194
34763,0.806452
34764,0.903226
34765,0.935484
34766,0.645161
34767,0.741935
34768,0.709677
34769,0.83871
34770,0.612903
34771,0.83871
34772,0.83871
34773,0.903226
34774,0.935484
34775,0.612903
34776,1
34777,1
34778,0.935484
34779,0.612903
34780,0.645161
34781,0.774194
34782,0.935484
34783,0.935484
34784,0.612903
34785,0.645161
34786,0.580645
34787,0.903226
34788,0.903226
34789,0.548387
34790,0.935484
34791,0.935484
34792,0.935484
34793,0.935484
34794,0.935484
34795,0.935484
34796,0.935484
34797,0.83871
34798,0.903226
34799,0.548387
34800,0.935484
34801,0.935484
34802,0.935484
34803,0.903226
34804,0.709677
34805,1
34806,0.967742
34807,1
34808,0.903226
34809,0.967742
34810,1
34811,0.967742
34812,0.903226
34813,0.967742
34814,1
34815,0.967742
34816,1
34817,0.967742
34818,1
34819,0.967742
34820,0.870968
34821,0.483871
34822,1
34823,0.967742
34824,0.709677
34825,0.741935
34826,0.709677
34827,0.677419
34828,0.709677
34829,0.903226
34830,0.548387
34831,0.774194
34832,0.580645
34833,0.612903
34834,0.548387
34835,0.903226
34836,0.483871
34837,0.612903
34838,0.580645
34839,0.612903
34840,0.580645
34841,0.548387
34842,0.580645
34843,0.548387
34844,0.741935
34845,0.580645
34846,0.645161
34847,0.548387
34848,0.645161
34849,0.516129
34850,0.580645
34851,0.516129
34852,0.645161
34853,0.548387
34854,0.645161
34855,0.516129
34856,0.580645
34857,0.580645
34858,0.612903
34859,0.612903
34860,0.548387
34861,0.645161
34862,0.548387
34863,0.580645
34864,0.741935
34865,0.774194
34866,0.645161
34867,0.612903
34868,0.612903
34869,0.580645
34870,0.580645
34871,0.580645
34872,0.580645
34873,0.548387
34874,0.645161
34875,0.580645
34876,0.580645
34877,0.548387
34878,0.612903
34879,0.612903
34880,0.612903
34881,0.612903
34882,0.580645
34883,0.774194
34884,0.677419
34885,0.935484
34886,0.935484
34887,0.83871
34888,0.870968
34889,0.903226
34890,0.935484
34891,0.83871
34892,1
34893,0.870968
34894,0.903226
34895,0.935484
34896,0.935484
34897,0.806452
34898,1
34899,0.83871
34900,0.967742
34901,0.903226
34902,1
34903,0.870968
34904,0.903226
34905,0.806452
34906,0.870968
34907,0.870968
34908,0.935484
34909,0.870968
34910,0.967742
34911,0.903226
34912,0.967742
34913,0.806452
34914,0.967742
34915,0.806452
34916,0.870968
34917,0.903226
34918,0.903226
34919,0.903226
34920,0.903226
34921,0.741935
34922,0.935484
34923,0.903226
34924,0.774194
34925,0.806452
34926,0.935484
34927,0.774194
34928,0.870968
34929,0.83871
34930,0.774194
34931,0.903226
34932,0.870968
34933,0.741935
34934,0.903226
34935,0.870968
34936,0.774194
34937,0.870968
34938,0.870968
34939,0.774194
34940,0.903226
34941,0.741935
34942,0.774194
34943,0.83871
34944,0.806452
34945,0.741935
34946,0.935484
34947,0.774194
34948,0.806452
34949,0.83871
34950,0.741935
34951,0.774194
34952,0.935484
34953,0.548387
34954,0.548387
34955,0.709677
34956,0.548387
34957,0.548387
34958,0.645161
34959,0.548387
34960,0.548387
34961,0.612903
34962,0.580645
34963,0.548387
34964,0.645161
34965,0.548387
34966,0.580645
34967,0.612903
34968,0.548387
34969,0.548387
34970,0.645161
34971,0.548387
34972,0.580645
34973,0.612903
34974,0.548387
34975,0.580645
34976,0.612903
34977,0.516129
34978,0.645161
34979,0.645161
34980,0.548387
34981,0.548387
34982,0.612903
34983,0.580645
34984,0.548387
34985,0.645161
34986,0.548387
34987,0.548387
34988,0.612903
34989,0.516129
34990,0.516129
34991,0.580645
34992,0.483871
34993,0.516129
34994,0.580645
34995,0.483871
34996,0.548387
34997,0.580645
34998,0.516129
34999,0.612903
35000,0.548387
35001,0.645161
35002,0.548387
35003,0.580645
35004,0.548387
35005,0.580645
35006,0.548387
35007,0.580645
35008,0.548387
35009,0.580645
35010,0.548387
35011,0.580645
35012,0.548387
35013,0.580645
35014,0.516129
35015,0.580645
35016,0.612903
35017,0.548387
35018,0.709677
35019,0.548387
35020,0.580645
35021,0.580645
35022,0.548387
35023,0.709677
35024,0.548387
35025,0.677419
35026,0.741935
35027,0.612903
35028,0.580645
35029,0.677419
35030,0.709677
35031,0.709677
35032,0.709677
35033,0.580645
35034,0.741935
35035,0.580645
35036,0.709677
35037,0.677419
35038,0.677419
35039,0.677419
35040,0.709677
35041,0.709677
35042,0.677419
35043,0.709677
35044,0.548387
35045,0.677419
35046,0.741935
35047,0.580645
35048,0.935484
35049,0.612903
35050,0.806452
35051,0.709677
35052,0.612903
35053,0.612903
35054,0.612903
35055,0.612903
35056,0.612903
35057,0.83871
35058,0.612903
35059,0.548387
35060,0.612903
35061,0.612903
35062,0.580645
35063,0.612903
35064,0.129032
35065,0.612903
35066,0.580645
35067,0.741935
35068,0.548387
35069,0.903226
35070,0.483871
35071,0.548387
35072,0.774194
35073,0.645161
35074,0.645161
35075,0.645161
35076,0.645161
35077,0.612903
35078,0.774194
35079,0.83871
35080,0.806452
35081,0.548387
35082,0.870968
35083,0.741935
35084,0.548387
35085,0.612903
35086,0.645161
35087,0.935484
35088,0.870968
35089,0.870968
35090,0.806452
35091,0.83871
35092,0.774194
35093,0.806452
35094,0.741935
35095,0.83871
35096,0.774194
35097,0.903226
35098,0.935484
35099,0.870968
35100,0.774194
35101,0.83871
35102,0.774194
35103,0.83871
35104,0.774194
35105,0.83871
35106,0.903226
35107,0.903226
35108,0.870968
35109,0.903226
35110,0.774194
35111,0.774194
35112,0.806452
35113,0.709677
35114,0.935484
35115,0.741935
35116,0.935484
35117,0.935484
35118,0.870968
35119,0.903226
35120,0.774194
35121,0.774194
35122,0.806452
35123,0.903226
35124,0.903226
35125,0.935484
35126,0.83871
35127,0.451613
35128,0.967742
35129,0.806452
35130,0.419355
35131,0.451613
35132,0.193548
35133,0.677419
35134,0.903226
35135,0.870968
35136,0.967742
35137,0.709677
35138,0.870968
35139,0.806452
35140,0.806452
35141,0.806452
35142,0.83871
35143,0.83871
35144,0.741935
35145,0.741935
35146,0.741935
35147,0.741935
35148,0.741935
35149,0.741935
35150,0.741935
35151,0.741935
35152,0.741935
35153,0.741935
35154,0.741935
35155,0.741935
35156,0.741935
35157,0.645161
35158,0.741935
35159,0.709677
35160,0.741935
35161,0.709677
35162,0.741935
35163,0.709677
35164,0.774194
35165,0.612903
35166,0.741935
35167,0.83871
35168,0.774194
35169,0.806452
35170,0.774194
35171,0.870968
35172,0.580645
35173,0.741935
35174,0.709677
35175,0.741935
35176,0.741935
35177,0.806452
35178,0.806452
35179,0.806452
35180,0.806452
35181,0.741935
35182,0.774194
35183,0.774194
35184,0.774194
35185,0.774194
35186,0.774194
35187,0.774194
35188,0.806452
35189,0.806452
35190,0.806452
35191,0.806452
35192,0.806452
35193,0.806452
35194,0.806452
35195,0.774194
35196,0.935484
35197,0.903226
35198,1
35199,0.903226
35200,1
35201,1
35202,0.903226
35203,1
35204,0.903226
35205,0.903226
35206,1
35207,0.967742
35208,0.903226
35209,1
35210,0.967742
35211,1
35212,1
35213,0.967742
35214,1
35215,0.967742
35216,1
35217,0.903226
35218,0.935484
35219,0.935484
35220,0.935484
35221,0.870968
35222,0.870968
35223,0.483871
35224,1
35225,0.967742
35226,1
35227,0.967742
35228,1
35229,0.677419
35230,0.741935
35231,0.741935
35232,0.709677
35233,0.870968
35234,0.419355
35235,0.774194
35236,0.612903
35237,0.83871
35238,0.83871
35239,0.483871
35240,0.741935
35241,0.709677
35242,0.741935
35243,0.741935
35244,0.645161
35245,0.548387
35246,0.580645
35247,0.580645
35248,0.548387
35249,0.612903
35250,0.580645
35251,0.612903
35252,0.580645
35253,0.612903
35254,0.580645
35255,0.612903
35256,0.548387
35257,0.741935
35258,0.774194
35259,0.645161
35260,0.612903
35261,0.612903
35262,0.612903
35263,0.612903
35264,0.580645
35265,0.548387
35266,0.612903
35267,0.612903
35268,0.645161
35269,0.580645
35270,0.580645
35271,0.612903
35272,0.580645
35273,0.612903
35274,0.612903
35275,0.612903
35276,0.580645
35277,0.580645
35278,0.580645
35279,0.580645
35280,0.612903
35281,0.580645
35282,0.548387
35283,0.677419
35284,0.612903
35285,0.612903
35286,0.612903
35287,0.612903
35288,0.612903
35289,0.612903
35290,0.677419
35291,0.677419
35292,0.612903
35293,0.612903
35294,0.612903
35295,0.612903
35296,0.580645
35297,0.612903
35298,0.612903
35299,0.612903
35300,0.677419
35301,0.677419
35302,0.612903
35303,0.645161
35304,0.741935
35305,0.612903
35306,0.612903
35307,0.580645
35308,0.612903
35309,0.612903
35310,0.612903
35311,0.612903
35312,0.580645
35313,0.580645
35314,0.548387
35315,0.645161
35316,0.580645
35317,0.580645
35318,0.580645
35319,1
35320,0.870968
35321,0.935484
35322,0.806452
35323,0.870968
35324,0.903226
35325,0.806452
35326,1
35327,0.83871
35328,0.774194
35329,0.903226
35330,0.83871
35331,0.83871
35332,0.870968
35333,0.83871
35334,0.806452
35335,0.83871
35336,0.903226
35337,0.741935
35338,0.903226
35339,0.806452
35340,0.870968
35341,0.774194
35342,0.903226
35343,0.741935
35344,0.935484
35345,0.806452
35346,0.83871
35347,0.645161
35348,0.612903
35349,0.741935
35350,0.645161
35351,0.774194
35352,0.387097
35353,0.451613
35354,0.451613
35355,0.419355
35356,0.451613
35357,0.483871
35358,0.419355
35359,0.451613
35360,0.419355
35361,0.580645
35362,0.451613
35363,0.451613
35364,0.483871
35365,0.483871
35366,0.516129
35367,0.419355
35368,0.516129
35369,0.451613
35370,0.419355
35371,0.612903
35372,0.451613
35373,0.516129
35374,0.580645
35375,0.580645
35376,0.419355
35377,0.580645
35378,0.548387
35379,0.387097
35380,0.580645
35381,0.516129
35382,0.483871
35383,0.741935
35384,0.548387
35385,0.516129
35386,0.516129
35387,0.774194
35388,0.580645
35389,0.709677
35390,0.548387
35391,0.516129
35392,0.580645
35393,0.580645
35394,0.516129
35395,0.580645
35396,0.580645
35397,0.516129
35398,0.548387
35399,0.645161
35400,0.548387
35401,0.645161
35402,0.580645
35403,0.645161
35404,0.580645
35405,0.645161
35406,0.548387
35407,0.774194
35408,0.516129
35409,0.645161
35410,0.548387
35411,0.870968
35412,0.645161
35413,0.709677
35414,0.709677
35415,0.741935
35416,0.516129
35417,0.83871
35418,0.645161
35419,0.774194
35420,0.806452
35421,0.483871
35422,0.612903
35423,0.612903
35424,0.612903
35425,0.612903
35426,0.612903
35427,0.741935
35428,0.483871
35429,0.935484
35430,0.709677
35431,0.483871
35432,0.806452
35433,0.709677
35434,0.516129
35435,0.967742
35436,0.806452
35437,0.741935
35438,0.903226
35439,0.741935
35440,0.774194
35441,0.709677
35442,0.774194
35443,0.451613
35444,0.741935
35445,0.677419
35446,0.741935
35447,0.677419
35448,0.741935
35449,0.709677
35450,0.516129
35451,0.967742
35452,0.774194
35453,0.774194
35454,0.903226
35455,0.870968
35456,0.903226
35457,0.774194
35458,1
35459,0.83871
35460,0.83871
35461,0.774194
35462,0.903226
35463,0.645161
35464,0.16129
35465,1
35466,0.870968
35467,0.741935
35468,0.516129
35469,0.806452
35470,0.806452
35471,0.741935
35472,0.83871
35473,0.774194
35474,0.83871
35475,0.83871
35476,0.806452
35477,0.451613
35478,0.806452
35479,0.774194
35480,0.83871
35481,0.806452
35482,0.83871
35483,0.806452
35484,0.83871
35485,0.806452
35486,0.83871
35487,0.806452
35488,0.83871
35489,0.806452
35490,0.83871
35491,0.903226
35492,0.83871
35493,0.806452
35494,0.774194
35495,0.870968
35496,0.870968
35497,0.806452
35498,0.870968
35499,0.806452
35500,0.870968
35501,0.806452
35502,0.870968
35503,0.83871
35504,0.870968
35505,0.83871
35506,0.870968
35507,0.83871
35508,0.870968
35509,0.83871
35510,0.870968
35511,0.83871
35512,0.870968
35513,0.83871
35514,0.870968
35515,0.83871
35516,0.806452
35517,0.354839
35518,0.903226
35519,0.677419
35520,0.903226
35521,0.870968
35522,0.870968
35523,0.83871
35524,0.806452
35525,0.677419
35526,0.870968
35527,0.580645
35528,0.83871
35529,0.419355
35530,0.903226
35531,0.709677
35532,0.935484
35533,0.806452
35534,0.870968
35535,0.645161
35536,0.935484
35537,0.580645
35538,1
35539,0.580645
35540,0.870968
35541,0.774194
35542,0.903226
35543,0.451613
35544,0.967742
35545,0.645161
35546,0.83871
35547,0.83871
35548,0.774194
35549,0.806452
35550,0.806452
35551,0.870968
35552,0.741935
35553,0.903226
35554,0.806452
35555,0.83871
35556,0.83871
35557,0.870968
35558,0.709677
35559,0.967742
35560,0.806452
35561,0.806452
35562,0.774194
35563,0.677419
35564,0.612903
35565,0.709677
35566,0.774194
35567,0.709677
35568,0.806452
35569,0.645161
35570,0.483871
35571,0.677419
35572,0.741935
35573,0.612903
35574,0.741935
35575,0.709677
35576,0.870968
35577,0.806452
35578,0.677419
35579,0.677419
35580,0.870968
35581,0.774194
35582,0.870968
35583,0.806452
35584,0.83871
35585,0.806452
35586,0.806452
35587,0.774194
35588,0.806452
35589,0.774194
35590,0.580645
35591,0.774194
35592,0.741935
35593,0.451613
35594,0.612903
35595,0.741935
35596,0.709677
35597,0.612903
35598,0.83871
35599,0.709677
35600,0.709677
35601,0.741935
35602,0.451613
35603,0.741935
35604,0.709677
35605,0.451613
35606,0.741935
35607,0.677419
35608,0.483871
35609,0.806452
35610,0.83871
35611,0.870968
35612,0.870968
35613,0.870968
35614,0.870968
35615,0.806452
35616,0.83871
35617,0.83871
35618,0.83871
35619,0.83871
35620,0.806452
35621,0.741935
35622,0.516129
35623,0.612903
35624,0.612903
35625,0.580645
35626,0.870968
35627,0.483871
35628,0.612903
35629,0.612903
35630,0.548387
35631,0.580645
35632,0.580645
35633,0.612903
35634,0.580645
35635,0.612903
35636,0.516129
35637,0.774194
35638,0.580645
35639,0.580645
35640,0.580645
35641,0.580645
35642,0.580645
35643,0.548387
35644,0.580645
35645,0.548387
35646,0.580645
35647,0.548387
35648,0.580645
35649,0.516129
35650,0.645161
35651,0.548387
35652,0.548387
35653,0.580645
35654,0.612903
35655,0.580645
35656,0.645161
35657,0.548387
35658,0.580645
35659,0.548387
35660,0.548387
35661,0.580645
35662,0.548387
35663,0.580645
35664,0.516129
35665,0.612903
35666,0.612903
35667,0.580645
35668,0.548387
35669,0.645161
35670,0.548387
35671,0.580645
35672,0.548387
35673,0.322581
35674,0.516129
35675,0.580645
35676,0.548387
35677,0.580645
35678,0.548387
35679,0.580645
35680,0.548387
35681,0.580645
35682,0.548387
35683,0.580645
35684,0.548387
35685,0.580645
35686,0.548387
35687,0.580645
35688,0.612903
35689,0.580645
35690,0.548387
35691,0.612903
35692,0.612903
35693,0.612903
35694,0.612903
35695,0.612903
35696,0.580645
35697,0.580645
35698,0.612903
35699,0.580645
35700,0.612903
35701,0.580645
35702,0.612903
35703,0.612903
35704,0.612903
35705,0.580645
35706,0.580645
35707,0.580645
35708,0.548387
35709,0.709677
35710,0.677419
35711,0.709677
35712,0.709677
35713,0.741935
35714,0.548387
35715,0.741935
35716,0.612903
35717,0.548387
35718,0.612903
35719,0.548387
35720,0.612903
35721,0.548387
35722,0.516129
35723,0.677419
35724,0.516129
35725,0.548387
35726,0.516129
35727,0.677419
35728,0.580645
35729,0.580645
35730,0.612903
35731,0.612903
35732,0.612903
35733,0.612903
35734,0.612903
35735,0.612903
35736,0.612903
35737,0.548387
35738,0.774194
35739,0.83871
35740,0.774194
35741,0.83871
35742,0.354839
35743,0.774194
35744,0.193548
35745,0.870968
35746,0.451613
35747,0.870968
35748,0.741935
35749,0.774194
35750,0.387097
35751,0.903226
35752,0.709677
35753,0.451613
35754,0.870968
35755,0.419355
35756,0.774194
35757,0.709677
35758,0.741935
35759,0.741935
35760,0.741935
35761,0.709677
35762,0.483871
35763,0.774194
35764,0.709677
35765,0.741935
35766,0.677419
35767,0.774194
35768,0.709677
35769,0.774194
35770,0.451613
35771,0.709677
35772,0.741935
35773,0.580645
35774,0.645161
35775,0.645161
35776,0.645161
35777,0.645161
35778,0.645161
35779,0.645161
35780,0.645161
35781,0.645161
35782,0.645161
35783,0.645161
35784,0.645161
35785,0.709677
35786,0.709677
35787,0.645161
35788,0.612903
35789,0.612903
35790,0.645161
35791,0.645161
35792,0.709677
35793,0.709677
35794,0.709677
35795,0.709677
35796,0.709677
35797,0.645161
35798,0.709677
35799,0.709677
35800,0.709677
35801,0.709677
35802,0.741935
35803,0.870968
35804,0.548387
35805,0.645161
35806,0.677419
35807,0.645161
35808,0.645161
35809,0.645161
35810,0.612903
35811,0.709677
35812,0.709677
35813,0.903226
35814,0.870968
35815,0.903226
35816,0.580645
35817,0.806452
35818,0.806452
35819,0.774194
35820,0.741935
35821,0.935484
35822,0.774194
35823,0.83871
35824,0.903226
35825,0.548387
35826,0.935484
35827,0.935484
35828,0.935484
35829,0.935484
35830,0.935484
35831,0.935484
35832,0.935484
35833,0.935484
35834,0.935484
35835,0.935484
35836,0.935484
35837,0.935484
35838,0.935484
35839,0.774194
35840,0.774194
35841,0.774194
35842,0.935484
35843,0.935484
35844,0.935484
35845,0.935484
35846,0.935484
35847,0.935484
35848,0.774194
35849,0.806452
35850,0.806452
35851,0.774194
35852,0.935484
35853,0.935484
35854,0.935484
35855,0.935484
35856,0.935484
35857,0.935484
35858,0.935484
35859,0.774194
35860,0.806452
35861,0.806452
35862,0.806452
35863,0.806452
35864,0.774194
35865,0.935484
35866,0.903226
35867,0.741935
35868,0.774194
35869,0.774194
35870,0.935484
35871,0.935484
35872,0.935484
35873,0.774194
35874,0.806452
35875,0.806452
35876,0.774194
35877,0.935484
35878,0.903226
35879,0.903226
35880,0.967742
35881,1
35882,0.967742
35883,1
35884,0.967742
35885,0.935484
35886,0.967742
35887,1
35888,0.967742
35889,1
35890,0.967742
35891,1
35892,0.967742
35893,0.903226
35894,0.83871
35895,0.516129
35896,0.741935
35897,0.741935
35898,0.741935
35899,0.741935
35900,0.741935
35901,1
35902,0.580645
35903,0.645161
35904,0.870968
35905,0.806452
35906,0.516129
35907,0.580645
35908,0.741935
35909,0.741935
35910,0.709677
35911,0.903226
35912,0.548387
35913,0.741935
35914,0.741935
35915,0.516129
35916,0.580645
35917,0.548387
35918,0.580645
35919,0.548387
35920,0.580645
35921,0.548387
35922,0.580645
35923,0.516129
35924,0.774194
35925,0.806452
35926,0.83871
35927,0.774194
35928,0.935484
35929,0.806452
35930,0.903226
35931,0.774194
35932,0.935484
35933,0.709677
35934,0.903226
35935,0.83871
35936,0.903226
35937,0.83871
35938,0.903226
35939,0.83871
35940,0.903226
35941,0.83871
35942,0.83871
35943,0.806452
35944,1
35945,0.741935
35946,0.935484
35947,0.83871
35948,0.903226
35949,0.774194
35950,0.903226
35951,0.709677
35952,0.935484
35953,0.870968
35954,0.967742
35955,0.774194
35956,0.903226
35957,0.709677
35958,0.935484
35959,0.806452
35960,0.83871
35961,0.83871
35962,0.870968
35963,0.806452
35964,0.774194
35965,0.935484
35966,0.709677
35967,0.903226
35968,0.83871
35969,0.806452
35970,0.870968
35971,0.870968
35972,0.741935
35973,0.903226
35974,0.806452
35975,0.83871
35976,0.83871
35977,0.870968
35978,0.741935
35979,0.870968
35980,0.774194
35981,0.774194
35982,0.870968
35983,0.806452
35984,0.709677
35985,0.903226
35986,0.709677
35987,0.741935
35988,0.870968
35989,0.83871
35990,0.709677
35991,0.903226
35992,0.806452
35993,0.451613
35994,0.548387
35995,0.548387
35996,0.483871
35997,0.645161
35998,0.483871
35999,0.516129
36000,0.548387
36001,0.483871
36002,0.516129
36003,0.580645
36004,0.516129
36005,0.516129
36006,0.645161
36007,0.548387
36008,0.548387
36009,0.645161
36010,0.548387
36011,0.548387
36012,0.645161
36013,0.548387
36014,0.548387
36015,0.645161
36016,0.548387
36017,0.548387
36018,0.645161
36019,0.548387
36020,0.548387
36021,0.645161
36022,0.548387
36023,0.548387
36024,0.645161
36025,0.516129
36026,0.645161
36027,0.645161
36028,0.548387
36029,0.548387
36030,0.645161
36031,0.548387
36032,0.580645
36033,0.645161
36034,0.548387
36035,0.580645
36036,0.612903
36037,0.580645
36038,0.548387
36039,0.612903
36040,0.645161
36041,0.612903
36042,0.709677
36043,0.645161
36044,0.677419
36045,0.677419
36046,0.612903
36047,0.709677
36048,0.709677
36049,0.612903
36050,0.870968
36051,0.677419
36052,0.709677
36053,0.645161
36054,1
36055,0.645161
36056,0.741935
36057,0.709677
36058,0.741935
36059,0.741935
36060,0.741935
36061,0.741935
36062,0.741935
36063,0.741935
36064,0.709677
36065,0.709677
36066,0.741935
36067,0.774194
36068,0.741935
36069,0.677419
36070,0.774194
36071,0.774194
36072,0.580645
36073,0.612903
36074,0.645161
36075,0.645161
36076,0.645161
36077,0.645161
36078,0.645161
36079,0.516129
36080,0.612903
36081,0.645161
36082,0.645161
36083,0.645161
36084,0.645161
36085,0.645161
36086,0.580645
36087,0.580645
36088,0.580645
36089,0.612903
36090,0.677419
36091,0.516129
36092,0.709677
36093,0.677419
36094,0.677419
36095,0.677419
36096,0.419355
36097,0.548387
36098,0.548387
36099,0.612903
36100,0.645161
36101,0.548387
36102,0.612903
36103,0.677419
36104,0.290323
36105,0.645161
36106,0.580645
36107,0.548387
36108,0.677419
36109,0.612903
36110,0.612903
36111,0.612903
36112,0.548387
36113,0.677419
36114,0.612903
36115,0.612903
36116,0.645161
36117,0.645161
36118,0.612903
36119,0.612903
36120,0.612903
36121,0.580645
36122,0.580645
36123,0.580645
36124,0.580645
36125,0.580645
36126,0.548387
36127,0.612903
36128,0.612903
36129,0.612903
36130,0.580645
36131,0.774194
36132,0.612903
36133,0.612903
36134,0.612903
36135,0.580645
36136,0.774194
36137,0.612903
36138,0.580645
36139,0.741935
36140,0.741935
36141,0.709677
36142,0.870968
36143,0.741935
36144,0.709677
36145,0.870968
36146,0.741935
36147,0.774194
36148,0.548387
36149,0.83871
36150,0.806452
36151,0.741935
36152,0.741935
36153,0.741935
36154,0.741935
36155,0.774194
36156,0.516129
36157,0.612903
36158,0.903226
36159,0.451613
36160,0.580645
36161,0.612903
36162,0.612903
36163,0.612903
36164,0.580645
36165,0.741935
36166,0.612903
36167,0.580645
36168,0.870968
36169,0.451613
36170,0.580645
36171,0.935484
36172,0.806452
36173,0.870968
36174,0.419355
36175,0.870968
36176,0.16129
36177,0.677419
36178,0.741935
36179,0.645161
36180,0.870968
36181,0.451613
36182,0.903226
36183,0.741935
36184,0.935484
36185,0.322581
36186,0.903226
36187,0.83871
36188,0.709677
36189,0.806452
36190,0.677419
36191,0.806452
36192,0.709677
36193,0.774194
36194,0.741935
36195,0.677419
36196,0.774194
36197,0.677419
36198,0.709677
36199,0.774194
36200,0.645161
36201,0.709677
36202,0.645161
36203,0.709677
36204,0.580645
36205,0.677419
36206,0.677419
36207,0.645161
36208,0.645161
36209,0.645161
36210,0.677419
36211,0.677419
36212,0.677419
36213,0.645161
36214,0.645161
36215,0.645161
36216,0.645161
36217,0.645161
36218,0.935484
36219,0.645161
36220,0.645161
36221,0.645161
36222,0.935484
36223,0.645161
36224,1
36225,1
36226,0.935484
36227,0.935484
36228,0.967742
36229,0.870968
36230,0.612903
36231,0.935484
36232,0.645161
36233,0.935484
36234,0.935484
36235,0.645161
36236,0.774194
36237,0.741935
36238,0.870968
36239,0.870968
36240,0.870968
36241,0.935484
36242,0.612903
36243,0.870968
36244,0.870968
36245,0.709677
36246,0.774194
36247,0.870968
36248,0.870968
36249,0.870968
36250,0.870968
36251,0.870968
36252,0.870968
36253,0.935484
36254,0.612903
36255,0.870968
36256,0.870968
36257,0.870968
36258,0.870968
36259,0.870968
36260,0.870968
36261,0.870968
36262,0.870968
36263,0.870968
36264,0.806452
36265,0.870968
36266,0.677419
36267,0.935484
36268,0.612903
36269,0.870968
36270,0.870968
36271,0.870968
36272,0.870968
36273,0.548387
36274,0.741935
36275,0.935484
36276,0.612903
36277,0.935484
36278,0.612903
36279,0.935484
36280,0.612903
36281,0.935484
36282,0.612903
36283,0.935484
36284,0.612903
36285,0.870968
36286,0.870968
36287,0.935484
36288,0.935484
36289,0.935484
36290,0.870968
36291,0.548387
36292,0.677419
36293,0.645161
36294,0.774194
36295,0.774194
36296,0.774194
36297,0.774194
36298,0.774194
36299,0.741935
36300,0.774194
36301,0.741935
36302,0.741935
36303,0.83871
36304,0.870968
36305,0.83871
36306,0.870968
36307,0.83871
36308,0.870968
36309,0.83871
36310,0.870968
36311,0.83871
36312,0.870968
36313,0.83871
36314,0.870968
36315,0.709677
36316,0.870968
36317,0.709677
36318,0.870968
36319,0.83871
36320,0.870968
36321,0.83871
36322,0.870968
36323,0.83871
36324,0.806452
36325,0.516129
36326,0.774194
36327,0.83871
36328,0.677419
36329,0.806452
36330,0.548387
36331,0.870968
36332,0.83871
36333,0.870968
36334,0.83871
36335,0.83871
36336,0.870968
36337,0.806452
36338,0.903226
36339,0.903226
36340,0.741935
36341,0.83871
36342,0.774194
36343,0.806452
36344,0.483871
36345,0.83871
36346,0.451613
36347,0.903226
36348,0.870968
36349,0.903226
36350,0.903226
36351,0.806452
36352,0.741935
36353,0.741935
36354,0.774194
36355,0.709677
36356,0.709677
36357,0.516129
36358,0.903226
36359,0.806452
36360,0.806452
36361,0.935484
36362,0.774194
36363,0.903226
36364,0.709677
36365,0.483871
36366,0.903226
36367,0.83871
36368,0.83871
36369,0.935484
36370,0.806452
36371,0.580645
36372,0.935484
36373,0.354839
36374,0.870968
36375,0.709677
36376,0.870968
36377,0.741935
36378,0.741935
36379,0.935484
36380,0.645161
36381,0.935484
36382,0.741935
36383,0.870968
36384,0.741935
36385,0.935484
36386,0.645161
36387,0.935484
36388,0.741935
36389,0.870968
36390,0.741935
36391,0.903226
36392,0.645161
36393,0.870968
36394,0.83871
36395,0.419355
36396,0.935484
36397,0.580645
36398,0.580645
36399,0.903226
36400,0.677419
36401,0.83871
36402,0.709677
36403,0.903226
36404,0.645161
36405,0.548387
36406,0.903226
36407,0.741935
36408,0.806452
36409,0.709677
36410,0.741935
36411,0.806452
36412,0.741935
36413,0.741935
36414,0.83871
36415,0.741935
36416,0.774194
36417,0.83871
36418,0.806452
36419,0.387097
36420,0.903226
36421,0.709677
36422,0.774194
36423,0.774194
36424,0.451613
36425,0.580645
36426,0.580645
36427,0.612903
36428,0.548387
36429,0.580645
36430,0.645161
36431,0.516129
36432,0.83871
36433,0.451613
36434,0.677419
36435,0.806452
36436,0.645161
36437,0.483871
36438,0.612903
36439,0.548387
36440,0.483871
36441,0.741935
36442,0.483871
36443,0.580645
36444,0.580645
36445,0.548387
36446,0.548387
36447,0.580645
36448,0.516129
36449,0.451613
36450,0.548387
36451,0.548387
36452,0.483871
36453,0.548387
36454,0.516129
36455,0.483871
36456,0.548387
36457,0.548387
36458,0.451613
36459,0.548387
36460,0.548387
36461,0.516129
36462,0.645161
36463,0.580645
36464,0.612903
36465,0.580645
36466,0.677419
36467,0.516129
36468,0.645161
36469,0.580645
36470,0.677419
36471,0.612903
36472,0.612903
36473,0.612903
36474,0.709677
36475,0.645161
36476,0.709677
36477,0.580645
36478,0.741935
36479,0.612903
36480,0.677419
36481,0.612903
36482,0.677419
36483,0.612903
36484,0.677419
36485,0.612903
36486,0.677419
36487,0.612903
36488,0.677419
36489,0.612903
36490,0.677419
36491,0.612903
36492,0.677419
36493,0.612903
36494,0.612903
36495,0.612903
36496,0.645161
36497,0.741935
36498,0.741935
36499,0.709677
36500,0.774194
36501,0.709677
36502,0.774194
36503,0.709677
36504,0.806452
36505,0.645161
36506,0.774194
36507,0.709677
36508,0.774194
36509,0.709677
36510,0.774194
36511,0.709677
36512,0.774194
36513,0.741935
36514,0.741935
36515,0.677419
36516,0.806452
36517,0.709677
36518,0.709677
36519,0.709677
36520,0.677419
36521,0.645161
36522,0.677419
36523,0.645161
36524,0.709677
36525,0.709677
36526,0.709677
36527,0.709677
36528,0.677419
36529,0.612903
36530,0.677419
36531,0.483871
36532,0.677419
36533,0.677419
36534,0.709677
36535,0.677419
36536,0.387097
36537,0.645161
36538,0.645161
36539,0.677419
36540,0.709677
36541,0.677419
36542,0.677419
36543,0.645161
36544,0.677419
36545,0.645161
36546,0.677419
36547,0.645161
36548,0.677419
36549,0.645161
36550,0.677419
36551,0.645161
36552,0.645161
36553,0.612903
36554,0.580645
36555,0.580645
36556,0.548387
36557,0.580645
36558,0.548387
36559,0.580645
36560,0.548387
36561,0.580645
36562,0.548387
36563,0.580645
36564,0.516129
36565,0.612903
36566,0.612903
36567,0.580645
36568,0.612903
36569,0.612903
36570,0.580645
36571,0.548387
36572,0.677419
36573,0.548387
36574,0.580645
36575,0.580645
36576,0.580645
36577,0.580645
36578,0.612903
36579,0.548387
36580,0.709677
36581,0.645161
36582,0.612903
36583,0.548387
36584,0.612903
36585,0.548387
36586,0.612903
36587,0.548387
36588,0.612903
36589,0.548387
36590,0.612903
36591,0.612903
36592,0.580645
36593,0.83871
36594,0.741935
36595,0.451613
36596,0.548387
36597,0.806452
36598,0.612903
36599,0.612903
36600,0.612903
36601,0.806452
36602,0.709677
36603,0.419355
36604,0.903226
36605,0.612903
36606,0.354839
36607,0.774194
36608,0.193548
36609,0.903226
36610,0.387097
36611,0.903226
36612,0.806452
36613,0.774194
36614,0.483871
36615,0.903226
36616,0.645161
36617,0.806452
36618,0.83871
36619,0.83871
36620,0.806452
36621,0.709677
36622,0.677419
36623,0.677419
36624,0.709677
36625,0.677419
36626,0.741935
36627,0.677419
36628,0.774194
36629,0.548387
36630,0.645161
36631,0.709677
36632,0.677419
36633,0.709677
36634,0.709677
36635,0.645161
36636,0.709677
36637,0.645161
36638,0.709677
36639,0.677419
36640,0.612903
36641,0.580645
36642,0.612903
36643,0.580645
36644,0.580645
36645,0.806452
36646,0.548387
36647,0.903226
36648,0.709677
36649,0.677419
36650,0.741935
36651,0.677419
36652,0.741935
36653,0.677419
36654,0.709677
36655,0.677419
36656,0.741935
36657,0.677419
36658,0.741935
36659,0.677419
36660,0.741935
36661,0.709677
36662,0.709677
36663,0.677419
36664,0.741935
36665,0.677419
36666,0.83871
36667,0.677419
36668,0.806452
36669,0.709677
36670,0.806452
36671,0.741935
36672,0.806452
36673,0.709677
36674,0.741935
36675,0.83871
36676,0.806452
36677,0.516129
36678,0.83871
36679,0.548387
36680,0.709677
36681,0.83871
36682,0.516129
36683,0.677419
36684,0.709677
36685,0.709677
36686,0.709677
36687,0.709677
36688,0.709677
36689,0.709677
36690,0.774194
36691,0.774194
36692,0.709677
36693,0.741935
36694,0.806452
36695,0.741935
36696,0.806452
36697,0.709677
36698,0.806452
36699,0.741935
36700,0.774194
36701,0.870968
36702,0.870968
36703,0.870968
36704,0.83871
36705,0.645161
36706,0.677419
36707,0.774194
36708,0.677419
36709,0.709677
36710,0.741935
36711,0.774194
36712,0.935484
36713,0.612903
36714,0.709677
36715,0.709677
36716,0.709677
36717,0.741935
36718,0.774194
36719,0.741935
36720,0.806452
36721,0.806452
36722,0.806452
36723,0.806452
36724,0.806452
36725,0.935484
36726,0.935484
36727,0.612903
36728,0.870968
36729,0.870968
36730,0.870968
36731,0.870968
36732,0.935484
36733,0.83871
36734,0.612903
36735,0.709677
36736,0.83871
36737,0.83871
36738,0.548387
36739,0.83871
36740,0.548387
36741,0.903226
36742,0.870968
36743,0.83871
36744,0.516129
36745,0.580645
36746,0.612903
36747,0.612903
36748,0.612903
36749,0.580645
36750,0.612903
36751,0.774194
36752,0.645161
36753,0.612903
36754,0.677419
36755,0.612903
36756,0.741935
36757,0.741935
36758,0.935484
36759,0.774194
36760,0.774194
36761,0.516129
36762,0.903226
36763,0.483871
36764,0.967742
36765,0.741935
36766,0.774194
36767,0.741935
36768,0.741935
36769,0.741935
36770,0.774194
36771,0.741935
36772,0.774194
36773,0.709677
36774,0.774194
36775,0.774194
36776,0.709677
36777,0.741935
36778,0.709677
36779,0.741935
36780,0.741935
36781,0.774194
36782,0.741935
36783,0.774194
36784,0.741935
36785,0.774194
36786,0.806452
36787,0.903226
36788,0.677419
36789,0.870968
36790,0.774194
36791,0.774194
36792,0.870968
36793,0.741935
36794,0.83871
36795,0.870968
36796,0.806452
36797,0.741935
36798,0.903226
36799,0.645161
36800,0.903226
36801,0.709677
36802,0.516129
36803,0.903226
36804,0.709677
36805,0.806452
36806,0.774194
36807,0.903226
36808,0.709677
36809,0.806452
36810,0.83871
36811,0.419355
36812,0.935484
36813,0.741935
36814,0.806452
36815,0.806452
36816,0.870968
36817,0.741935
36818,0.774194
36819,0.903226
36820,0.741935
36821,0.870968
36822,0.870968
36823,0.774194
36824,0.870968
36825,0.419355
36826,0.870968
36827,0.741935
36828,0.903226
36829,0.709677
36830,0.774194
36831,0.83871
36832,0.451613
36833,0.709677
36834,0.774194
36835,0.483871
36836,0.83871
36837,0.483871
36838,0.83871
36839,0.741935
36840,0.774194
36841,0.387097
36842,0.903226
36843,0.741935
36844,0.774194
36845,0.741935
36846,0.774194
36847,0.806452
36848,0.83871
36849,0.774194
36850,0.419355
36851,0.935484
36852,0.387097
36853,0.870968
36854,0.709677
36855,0.806452
36856,0.580645
36857,0.774194
36858,0.419355
36859,0.741935
36860,0.741935
36861,0.709677
36862,0.387097
36863,0.774194
36864,0.645161
36865,0.709677
36866,0.806452
36867,0.677419
36868,0.419355
36869,0.774194
36870,0.387097
36871,0.741935
36872,0.612903
36873,0.419355
36874,0.580645
36875,0.580645
36876,0.612903
36877,0.677419
36878,0.677419
36879,0.677419
36880,0.451613
36881,0.516129
36882,0.548387
36883,0.516129
36884,0.645161
36885,0.548387
36886,0.548387
36887,0.612903
36888,0.548387
36889,0.451613
36890,0.516129
36891,0.483871
36892,0.451613
36893,0.516129
36894,0.483871
36895,0.451613
36896,0.516129
36897,0.483871
36898,0.451613
36899,0.516129
36900,0.806452
36901,0.419355
36902,0.580645
36903,0.580645
36904,0.677419
36905,0.612903
36906,0.612903
36907,0.612903
36908,0.612903
36909,0.580645
36910,0.677419
36911,0.645161
36912,0.612903
36913,0.709677
36914,0.612903
36915,0.645161
36916,0.612903
36917,0.709677
36918,0.612903
36919,0.709677
36920,0.612903
36921,0.709677
36922,0.612903
36923,0.709677
36924,0.645161
36925,0.645161
36926,0.645161
36927,0.677419
36928,0.580645
36929,0.677419
36930,0.580645
36931,0.677419
36932,0.580645
36933,0.677419
36934,0.580645
36935,0.677419
36936,0.548387
36937,0.612903
36938,0.516129
36939,0.677419
36940,0.580645
36941,0.677419
36942,0.580645
36943,0.677419
36944,0.580645
36945,0.677419
36946,0.612903
36947,0.677419
36948,0.580645
36949,0.677419
36950,0.580645
36951,0.677419
36952,0.580645
36953,0.677419
36954,0.580645
36955,0.677419
36956,0.580645
36957,0.612903
36958,0.741935
36959,0.677419
36960,0.580645
36961,0.677419
36962,0.580645
36963,0.677419
36964,0.580645
36965,0.290323
36966,0.612903
36967,0.645161
36968,0.612903
36969,0.677419
36970,0.612903
36971,0.677419
36972,0.612903
36973,0.645161
36974,0.580645
36975,0.580645
36976,0.516129
36977,0.580645
36978,0.516129
36979,0.548387
36980,0.612903
36981,0.612903
36982,0.516129
36983,0.580645
36984,0.548387
36985,0.580645
36986,0.516129
36987,0.612903
36988,0.548387
36989,0.709677
36990,0.709677
36991,0.580645
36992,0.677419
36993,0.677419
36994,0.645161
36995,0.677419
36996,0.677419
36997,0.580645
36998,0.548387
36999,0.580645
37000,0.548387
37001,0.548387
37002,0.709677
37003,0.709677
37004,0.483871
37005,0.677419
37006,0.516129
37007,0.580645
37008,0.548387
37009,0.580645
37010,0.548387
37011,0.580645
37012,0.548387
37013,0.580645
37014,0.548387
37015,0.806452
37016,0.451613
37017,0.612903
37018,0.774194
37019,0.580645
37020,0.677419
37021,0.741935
37022,0.419355
37023,0.774194
37024,0.419355
37025,0.774194
37026,0.741935
37027,0.774194
37028,0.709677
37029,0.83871
37030,0.774194
37031,0.806452
37032,0.290323
37033,0.677419
37034,0.677419
37035,0.870968
37036,0.677419
37037,0.870968
37038,0.774194
37039,0.774194
37040,0.516129
37041,0.903226
37042,0.677419
37043,0.870968
37044,0.387097
37045,0.870968
37046,0.645161
37047,0.741935
37048,0.709677
37049,0.677419
37050,0.677419
37051,0.741935
37052,0.612903
37053,0.741935
37054,0.677419
37055,0.645161
37056,0.645161
37057,0.741935
37058,0.709677
37059,0.83871
37060,0.741935
37061,0.677419
37062,0.709677
37063,0.709677
37064,0.516129
37065,0.580645
37066,0.612903
37067,0.806452
37068,0.741935
37069,0.774194
37070,0.516129
37071,0.548387
37072,0.709677
37073,0.677419
37074,0.741935
37075,0.774194
37076,0.516129
37077,0.709677
37078,0.774194
37079,0.774194
37080,0.741935
37081,0.516129
37082,0.709677
37083,0.677419
37084,0.741935
37085,0.677419
37086,0.741935
37087,0.709677
37088,0.677419
37089,0.709677
37090,0.741935
37091,0.677419
37092,0.741935
37093,0.677419
37094,0.83871
37095,0.516129
37096,0.870968
37097,0.709677
37098,0.677419
37099,0.709677
37100,0.677419
37101,0.709677
37102,0.741935
37103,0.677419
37104,0.741935
37105,0.677419
37106,0.741935
37107,0.677419
37108,0.741935
37109,0.677419
37110,0.741935
37111,0.774194
37112,0.548387
37113,0.709677
37114,0.741935
37115,0.677419
37116,0.870968
37117,0.516129
37118,0.903226
37119,0.516129
37120,0.903226
37121,0.774194
37122,0.548387
37123,0.709677
37124,0.741935
37125,0.677419
37126,0.709677
37127,0.806452
37128,0.548387
37129,0.677419
37130,0.83871
37131,0.806452
37132,0.83871
37133,0.516129
37134,0.677419
37135,0.806452
37136,0.548387
37137,0.677419
37138,0.709677
37139,0.806452
37140,0.580645
37141,0.806452
37142,0.83871
37143,0.516129
37144,0.516129
37145,0.516129
37146,0.774194
37147,0.806452
37148,0.516129
37149,0.645161
37150,0.580645
37151,0.612903
37152,0.806452
37153,0.806452
37154,0.516129
37155,0.645161
37156,0.580645
37157,0.741935
37158,0.806452
37159,0.516129
37160,0.870968
37161,0.870968
37162,0.903226
37163,0.870968
37164,0.903226
37165,0.774194
37166,0.806452
37167,0.516129
37168,0.645161
37169,0.741935
37170,0.903226
37171,0.806452
37172,0.516129
37173,0.774194
37174,0.580645
37175,0.580645
37176,0.580645
37177,0.580645
37178,0.741935
37179,0.580645
37180,0.741935
37181,0.741935
37182,0.741935
37183,0.741935
37184,0.741935
37185,0.741935
37186,0.741935
37187,0.741935
37188,0.774194
37189,0.774194
37190,0.741935
37191,0.741935
37192,0.741935
37193,0.741935
37194,0.741935
37195,0.741935
37196,0.741935
37197,0.741935
37198,0.741935
37199,0.741935
37200,0.741935
37201,0.741935
37202,0.709677
37203,0.806452
37204,0.612903
37205,0.741935
37206,0.709677
37207,0.741935
37208,0.709677
37209,0.741935
37210,0.709677
37211,0.741935
37212,0.709677
37213,0.741935
37214,0.774194
37215,0.774194
37216,0.774194
37217,0.774194
37218,0.677419
37219,0.709677
37220,0.516129
37221,0.967742
37222,0.709677
37223,0.774194
37224,0.83871
37225,0.741935
37226,0.83871
37227,0.741935
37228,0.903226
37229,0.645161
37230,0.903226
37231,0.709677
37232,0.83871
37233,0.322581
37234,1
37235,0.645161
37236,0.903226
37237,0.709677
37238,0.451613
37239,0.903226
37240,0.806452
37241,0.677419
37242,0.903226
37243,0.709677
37244,0.903226
37245,0.741935
37246,0.903226
37247,0.645161
37248,0.83871
37249,0.774194
37250,0.83871
37251,0.741935
37252,0.903226
37253,0.645161
37254,0.870968
37255,0.870968
37256,0.645161
37257,0.903226
37258,0.612903
37259,0.903226
37260,0.483871
37261,0.935484
37262,0.580645
37263,0.967742
37264,0.612903
37265,0.870968
37266,0.709677
37267,0.870968
37268,0.580645
37269,0.967742
37270,0.709677
37271,0.806452
37272,0.774194
37273,0.774194
37274,0.774194
37275,0.677419
37276,0.483871
37277,0.83871
37278,0.806452
37279,0.774194
37280,0.774194
37281,0.903226
37282,0.870968
37283,0.677419
37284,0.83871
37285,0.806452
37286,0.516129
37287,0.580645
37288,0.806452
37289,0.483871
37290,0.83871
37291,0.451613
37292,0.483871
37293,0.516129
37294,0.483871
37295,0.483871
37296,0.516129
37297,0.580645
37298,0.548387
37299,0.580645
37300,0.548387
37301,0.677419
37302,0.774194
37303,0.451613
37304,0.677419
37305,0.741935
37306,0.709677
37307,0.483871
37308,0.548387
37309,0.516129
37310,0.516129
37311,0.516129
37312,0.645161
37313,0.516129
37314,0.548387
37315,0.580645
37316,0.612903
37317,0.612903
37318,0.580645
37319,0.580645
37320,0.645161
37321,0.580645
37322,0.548387
37323,0.612903
37324,0.612903
37325,0.548387
37326,0.645161
37327,0.548387
37328,0.612903
37329,0.677419
37330,0.612903
37331,0.580645
37332,0.83871
37333,0.612903
37334,0.677419
37335,0.645161
37336,0.709677
37337,0.645161
37338,0.741935
37339,0.741935
37340,0.741935
37341,0.741935
37342,0.741935
37343,0.741935
37344,0.709677
37345,0.741935
37346,0.709677
37347,0.741935
37348,0.741935
37349,0.645161
37350,0.741935
37351,0.677419
37352,0.709677
37353,0.677419
37354,0.709677
37355,0.709677
37356,0.709677
37357,0.709677
37358,0.741935
37359,0.677419
37360,0.677419
37361,0.709677
37362,0.741935
37363,0.709677
37364,0.741935
37365,0.709677
37366,0.741935
37367,0.709677
37368,0.774194
37369,0.741935
37370,0.741935
37371,0.677419
37372,0.741935
37373,0.677419
37374,0.709677
37375,0.677419
37376,0.709677
37377,0.677419
37378,0.774194
37379,0.741935
37380,0.806452
37381,0.709677
37382,0.741935
37383,0.677419
37384,0.774194
37385,0.741935
37386,0.774194
37387,0.741935
37388,0.741935
37389,0.677419
37390,0.741935
37391,0.580645
37392,0.935484
37393,0.741935
37394,0.677419
37395,0.677419
37396,0.612903
37397,0.677419
37398,0.387097
37399,0.677419
37400,0.645161
37401,0.645161
37402,0.677419
37403,0.645161
37404,0.677419
37405,0.645161
37406,0.677419
37407,0.645161
37408,0.677419
37409,0.677419
37410,0.677419
37411,0.645161
37412,0.677419
37413,0.645161
37414,0.677419
37415,0.645161
37416,0.677419
37417,0.645161
37418,0.677419
37419,0.645161
37420,0.677419
37421,0.612903
37422,0.645161
37423,0.548387
37424,0.580645
37425,0.548387
37426,0.580645
37427,0.548387
37428,0.580645
37429,0.548387
37430,0.516129
37431,0.709677
37432,0.709677
37433,0.580645
37434,0.580645
37435,0.741935
37436,0.580645
37437,0.677419
37438,0.709677
37439,0.677419
37440,0.709677
37441,0.677419
37442,0.709677
37443,0.645161
37444,0.709677
37445,0.677419
37446,0.580645
37447,0.677419
37448,0.612903
37449,0.548387
37450,0.612903
37451,0.548387
37452,0.612903
37453,0.548387
37454,0.612903
37455,0.645161
37456,0.612903
37457,0.645161
37458,0.612903
37459,0.645161
37460,0.612903
37461,0.903226
37462,0.741935
37463,0.709677
37464,0.387097
37465,0.419355
37466,0.16129
37467,0.774194
37468,0.451613
37469,0.903226
37470,0.83871
37471,0.806452
37472,0.903226
37473,0.709677
37474,0.483871
37475,0.903226
37476,0.806452
37477,0.903226
37478,0.709677
37479,0.741935
37480,0.806452
37481,0.709677
37482,0.483871
37483,0.741935
37484,0.741935
37485,0.709677
37486,0.741935
37487,0.483871
37488,0.580645
37489,0.612903
37490,0.741935
37491,0.677419
37492,0.83871
37493,0.677419
37494,0.774194
37495,0.677419
37496,0.709677
37497,0.709677
37498,0.806452
37499,0.709677
37500,0.548387
37501,0.806452
37502,0.548387
37503,0.903226
37504,0.870968
37505,0.806452
37506,0.806452
37507,0.580645
37508,0.774194
37509,0.741935
37510,0.774194
37511,0.741935
37512,0.774194
37513,0.709677
37514,0.741935
37515,0.709677
37516,0.935484
37517,0.645161
37518,0.83871
37519,0.580645
37520,0.774194
37521,0.741935
37522,0.774194
37523,0.709677
37524,0.83871
37525,0.580645
37526,0.741935
37527,0.741935
37528,0.806452
37529,0.677419
37530,0.83871
37531,0.516129
37532,0.83871
37533,0.548387
37534,1
37535,0.612903
37536,0.83871
37537,0.548387
37538,0.806452
37539,0.709677
37540,0.806452
37541,0.709677
37542,0.806452
37543,0.709677
37544,0.806452
37545,0.709677
37546,0.806452
37547,0.709677
37548,0.806452
37549,0.709677
37550,0.741935
37551,0.935484
37552,1
37553,0.645161
37554,0.806452
37555,0.709677
37556,0.806452
37557,0.709677
37558,0.806452
37559,0.709677
37560,0.806452
37561,0.709677
37562,0.806452
37563,0.709677
37564,0.806452
37565,0.709677
37566,0.806452
37567,0.709677
37568,0.806452
37569,0.709677
37570,0.806452
37571,0.709677
37572,0.806452
37573,0.709677
37574,0.806452
37575,0.709677
37576,0.806452
37577,0.709677
37578,0.806452
37579,0.709677
37580,0.806452
37581,0.806452
37582,0.612903
37583,0.741935
37584,0.806452
37585,0.709677
37586,0.806452
37587,0.709677
37588,0.806452
37589,0.709677
37590,0.806452
37591,0.709677
37592,0.903226
37593,0.548387
37594,0.806452
37595,0.709677
37596,0.806452
37597,0.709677
37598,0.806452
37599,0.709677
37600,0.806452
37601,0.709677
37602,0.806452
37603,0.709677
37604,0.903226
37605,0.516129
37606,0.83871
37607,0.774194
37608,0.903226
37609,0.516129
37610,0.83871
37611,0.741935
37612,0.83871
37613,0.741935
37614,0.83871
37615,0.806452
37616,0.580645
37617,0.612903
37618,0.677419
37619,0.774194
37620,0.677419
37621,0.612903
37622,0.677419
37623,0.612903
37624,0.677419
37625,0.612903
37626,0.903226
37627,0.516129
37628,0.677419
37629,0.612903
37630,0.677419
37631,0.612903
37632,0.645161
37633,0.709677
37634,0.903226
37635,0.709677
37636,0.774194
37637,0.709677
37638,0.741935
37639,0.806452
37640,0.903226
37641,0.806452
37642,0.903226
37643,0.806452
37644,0.903226
37645,0.806452
37646,0.903226
37647,0.806452
37648,0.903226
37649,0.774194
37650,0.741935
37651,0.870968
37652,0.83871
37653,0.741935
37654,0.967742
37655,0.83871
37656,0.903226
37657,0.774194
37658,0.935484
37659,0.806452
37660,0.935484
37661,0.870968
37662,0.870968
37663,0.806452
37664,0.935484
37665,0.806452
37666,0.870968
37667,0.870968
37668,0.806452
37669,0.806452
37670,0.935484
37671,0.645161
37672,0.935484
37673,0.645161
37674,0.870968
37675,0.774194
37676,0.935484
37677,0.645161
37678,0.967742
37679,0.83871
37680,0.548387
37681,0.935484
37682,0.935484
37683,0.741935
37684,0.967742
37685,0.516129
37686,0.903226
37687,0.483871
37688,0.967742
37689,0.580645
37690,0.935484
37691,0.419355
37692,0.870968
37693,0.516129
37694,0.935484
37695,0.548387
37696,0.935484
37697,0.612903
37698,0.967742
37699,0.516129
37700,0.935484
37701,0.612903
37702,0.935484
37703,0.612903
37704,0.83871
37705,0.806452
37706,0.774194
37707,0.677419
37708,0.870968
37709,0.645161
37710,0.709677
37711,0.516129
37712,0.870968
37713,0.645161
37714,0.870968
37715,0.774194
37716,0.741935
37717,0.870968
37718,0.677419
37719,0.870968
37720,0.741935
37721,0.483871
37722,0.741935
37723,0.806452
37724,0.645161
37725,0.741935
37726,0.677419
37727,0.774194
37728,0.580645
37729,0.935484
37730,0.612903
37731,0.774194
37732,0.580645
37733,0.741935
37734,0.516129
37735,0.83871
37736,0.645161
37737,0.612903
37738,0.774194
37739,0.709677
37740,0.419355
37741,0.774194
37742,0.645161
37743,0.741935
37744,0.741935
37745,0.451613
37746,0.741935
37747,0.806452
37748,0.903226
37749,0.774194
37750,0.806452
37751,0.741935
37752,0.741935
37753,0.774194
37754,0.451613
37755,0.741935
37756,0.741935
37757,0.709677
37758,0.451613
37759,0.516129
37760,0.516129
37761,0.451613
37762,0.741935
37763,0.419355
37764,0.548387
37765,0.580645
37766,0.548387
37767,0.580645
37768,0.548387
37769,0.580645
37770,0.548387
37771,0.580645
37772,0.548387
37773,0.612903
37774,0.645161
37775,0.580645
37776,0.645161
37777,0.580645
37778,0.645161
37779,0.580645
37780,0.612903
37781,0.612903
37782,0.741935
37783,0.645161
37784,0.612903
37785,0.645161
37786,0.645161
37787,0.645161
37788,0.645161
37789,0.612903
37790,0.677419
37791,0.645161
37792,0.709677
37793,0.645161
37794,0.516129
37795,0.612903
37796,0.612903
37797,0.677419
37798,0.645161
37799,0.645161
37800,0.612903
37801,0.612903
37802,0.580645
37803,0.677419
37804,0.645161
37805,0.677419
37806,0.612903
37807,0.677419
37808,0.645161
37809,0.677419
37810,0.645161
37811,0.677419
37812,0.645161
37813,0.677419
37814,0.612903
37815,0.645161
37816,0.709677
37817,0.677419
37818,0.645161
37819,0.677419
37820,0.612903
37821,0.677419
37822,0.612903
37823,0.645161
37824,0.612903
37825,0.709677
37826,0.709677
37827,0.645161
37828,0.322581
37829,0.548387
37830,0.548387
37831,0.645161
37832,0.548387
37833,0.580645
37834,0.548387
37835,0.580645
37836,0.548387
37837,0.580645
37838,0.548387
37839,0.580645
37840,0.548387
37841,0.580645
37842,0.548387
37843,0.548387
37844,0.580645
37845,0.612903
37846,0.580645
37847,0.612903
37848,0.580645
37849,0.612903
37850,0.580645
37851,0.612903
37852,0.548387
37853,0.612903
37854,0.548387
37855,0.612903
37856,0.548387
37857,0.612903
37858,0.548387
37859,0.612903
37860,0.516129
37861,0.741935
37862,0.548387
37863,0.612903
37864,0.516129
37865,0.774194
37866,0.548387
37867,0.580645
37868,0.709677
37869,0.516129
37870,0.548387
37871,0.741935
37872,0.548387
37873,0.741935
37874,0.580645
37875,0.548387
37876,0.483871
37877,0.516129
37878,0.483871
37879,0.483871
37880,0.806452
37881,0.806452
37882,0.774194
37883,0.806452
37884,0.774194
37885,0.806452
37886,0.774194
37887,0.870968
37888,0.741935
37889,0.903226
37890,0.741935
37891,0.83871
37892,0.741935
37893,0.83871
37894,0.741935
37895,0.83871
37896,0.677419
37897,0.774194
37898,0.709677
37899,0.870968
37900,0.419355
37901,0.806452
37902,0.322581
37903,0.774194
37904,0.225806
37905,0.903226
37906,0.645161
37907,0.903226
37908,0.870968
37909,0.903226
37910,0.548387
37911,1
37912,0.741935
37913,0.870968
37914,0.741935
37915,0.935484
37916,0.806452
37917,0.83871
37918,0.83871
37919,0.83871
37920,0.774194
37921,0.83871
37922,0.806452
37923,0.677419
37924,0.774194
37925,0.612903
37926,0.612903
37927,0.645161
37928,0.709677
37929,0.806452
37930,0.83871
37931,0.677419
37932,0.709677
37933,0.774194
37934,0.806452
37935,0.548387
37936,0.548387
37937,0.548387
37938,0.580645
37939,0.580645
37940,0.580645
37941,0.741935
37942,0.709677
37943,0.774194
37944,0.774194
37945,0.806452
37946,0.741935
37947,0.741935
37948,0.741935
37949,0.741935
37950,0.709677
37951,0.225806
37952,0.709677
37953,0.741935
37954,0.806452
37955,0.741935
37956,0.741935
37957,0.741935
37958,0.806452
37959,0.83871
37960,0.645161
37961,0.806452
37962,0.806452
37963,0.806452
37964,0.806452
37965,0.806452
37966,0.806452
37967,0.806452
37968,0.806452
37969,0.806452
37970,0.806452
37971,0.806452
37972,0.806452
37973,0.806452
37974,0.806452
37975,0.806452
37976,0.806452
37977,0.806452
37978,0.806452
37979,0.806452
37980,0.709677
37981,0.806452
37982,0.806452
37983,0.806452
37984,0.806452
37985,0.806452
37986,0.806452
37987,0.806452
37988,0.806452
37989,0.806452
37990,0.806452
37991,0.903226
37992,0.645161
37993,0.806452
37994,0.903226
37995,0.903226
37996,0.903226
37997,0.612903
37998,0.83871
37999,0.83871
38000,0.83871
38001,0.903226
38002,0.903226
38003,0.903226
38004,0.612903
38005,0.645161
38006,0.806452
38007,0.645161
38008,0.935484
38009,0.612903
38010,0.677419
38011,0.677419
38012,0.677419
38013,0.677419
38014,0.903226
38015,0.903226
38016,0.612903
38017,0.677419
38018,0.612903
38019,0.903226
38020,0.903226
38021,0.903226
38022,0.903226
38023,0.903226
38024,0.903226
38025,0.903226
38026,0.903226
38027,0.903226
38028,0.903226
38029,0.903226
38030,0.903226
38031,0.903226
38032,0.903226
38033,0.903226
38034,0.903226
38035,0.903226
38036,0.903226
38037,0.903226
38038,0.903226
38039,0.903226
38040,0.903226
38041,0.903226
38042,0.903226
38043,0.903226
38044,0.870968
38045,0.548387
38046,0.903226
38047,0.903226
38048,0.870968
38049,0.870968
38050,0.548387
38051,0.903226
38052,0.903226
38053,0.903226
38054,0.903226
38055,0.903226
38056,0.903226
38057,0.903226
38058,0.903226
38059,1
38060,1
38061,0.903226
38062,0.903226
38063,0.903226
38064,1
38065,1
38066,1
38067,1
38068,0.903226
38069,1
38070,1
38071,1
38072,1
38073,1
38074,1
38075,1
38076,1
38077,1
38078,1
38079,0.903226
38080,1
38081,0.83871
38082,0.483871
38083,0.806452
38084,0.741935
38085,0.612903
38086,0.741935
38087,0.709677
38088,0.580645
38089,0.967742
38090,0.870968
38091,0.774194
38092,0.870968
38093,0.870968
38094,0.387097
38095,0.935484
38096,0.870968
38097,0.516129
38098,0.935484
38099,0.83871
38100,0.774194
38101,0.806452
38102,0.903226
38103,0.483871
38104,0.967742
38105,0.774194
38106,0.870968
38107,0.741935
38108,0.935484
38109,0.677419
38110,0.580645
38111,0.967742
38112,0.774194
38113,0.967742
38114,0.83871
38115,0.903226
38116,0.83871
38117,0.967742
38118,0.774194
38119,0.903226
38120,0.903226
38121,0.83871
38122,0.83871
38123,0.806452
38124,0.935484
38125,0.612903
38126,0.935484
38127,0.548387
38128,0.967742
38129,0.516129
38130,0.83871
38131,0.677419
38132,0.935484
38133,0.741935
38134,0.903226
38135,0.741935
38136,0.870968
38137,0.677419
38138,0.870968
38139,0.870968
38140,0.903226
38141,0.774194
38142,0.83871
38143,0.774194
38144,0.806452
38145,0.806452
38146,0.903226
38147,0.741935
38148,0.806452
38149,0.774194
38150,0.903226
38151,0.741935
38152,0.83871
38153,0.83871
38154,0.645161
38155,0.870968
38156,0.741935
38157,0.451613
38158,0.612903
38159,0.580645
38160,0.516129
38161,0.548387
38162,0.516129
38163,0.516129
38164,0.548387
38165,0.580645
38166,0.580645
38167,0.580645
38168,0.645161
38169,0.612903
38170,0.645161
38171,0.580645
38172,0.580645
38173,0.645161
38174,0.645161
38175,0.709677
38176,0.580645
38177,0.612903
38178,0.516129
38179,0.645161
38180,0.612903
38181,0.612903
38182,0.612903
38183,0.741935
38184,0.580645
38185,0.580645
38186,0.580645
38187,0.516129
38188,0.612903
38189,0.548387
38190,0.516129
38191,0.612903
38192,0.580645
38193,0.548387
38194,0.612903
38195,0.548387
38196,0.645161
38197,0.580645
38198,0.645161
38199,0.645161
38200,0.580645
38201,0.645161
38202,0.580645
38203,0.612903
38204,0.709677
38205,0.677419
38206,0.677419
38207,0.677419
38208,0.677419
38209,0.645161
38210,0.677419
38211,0.645161
38212,0.677419
38213,0.709677
38214,0.645161
38215,0.741935
38216,0.645161
38217,0.741935
38218,0.645161
38219,0.741935
38220,0.709677
38221,0.645161
38222,0.612903
38223,0.774194
38224,0.870968
38225,0.774194
38226,0.741935
38227,0.774194
38228,0.677419
38229,0.709677
38230,0.612903
38231,0.774194
38232,0.645161
38233,0.709677
38234,0.677419
38235,0.741935
38236,0.677419
38237,0.774194
38238,0.741935
38239,0.677419
38240,0.709677
38241,0.677419
38242,0.709677
38243,0.677419
38244,0.709677
38245,0.677419
38246,0.709677
38247,0.677419
38248,0.709677
38249,0.677419
38250,0.709677
38251,0.677419
38252,0.709677
38253,0.677419
38254,0.677419
38255,0.709677
38256,0.677419
38257,0.709677
38258,0.677419
38259,0.645161
38260,0.677419
38261,0.290323
38262,0.774194
38263,0.709677
38264,0.612903
38265,0.83871
38266,0.645161
38267,0.903226
38268,0.774194
38269,0.870968
38270,0.677419
38271,0.709677
38272,0.645161
38273,0.645161
38274,0.645161
38275,0.645161
38276,0.645161
38277,0.645161
38278,0.645161
38279,0.612903
38280,0.612903
38281,0.580645
38282,0.806452
38283,0.580645
38284,0.612903
38285,0.612903
38286,0.612903
38287,0.612903
38288,0.580645
38289,0.612903
38290,0.548387
38291,0.548387
38292,0.612903
38293,0.548387
38294,0.548387
38295,0.548387
38296,0.548387
38297,0.580645
38298,0.709677
38299,0.709677
38300,0.709677
38301,0.709677
38302,0.741935
38303,0.548387
38304,0.677419
38305,0.677419
38306,0.774194
38307,0.709677
38308,0.677419
38309,0.806452
38310,0.645161
38311,0.709677
38312,0.645161
38313,0.709677
38314,0.645161
38315,0.709677
38316,0.645161
38317,0.709677
38318,0.645161
38319,0.677419
38320,0.580645
38321,0.677419
38322,0.645161
38323,0.677419
38324,0.645161
38325,0.677419
38326,0.903226
38327,0.806452
38328,0.580645
38329,0.451613
38330,0.677419
38331,0.870968
38332,0.709677
38333,0.903226
38334,0.354839
38335,0.483871
38336,0.193548
38337,0.645161
38338,0.967742
38339,0.741935
38340,0.709677
38341,0.870968
38342,0.709677
38343,0.806452
38344,0.709677
38345,0.83871
38346,0.709677
38347,0.741935
38348,0.870968
38349,0.645161
38350,0.774194
38351,0.709677
38352,0.516129
38353,0.774194
38354,0.645161
38355,0.677419
38356,0.612903
38357,0.645161
38358,0.483871
38359,0.709677
38360,0.451613
38361,0.806452
38362,0.419355
38363,0.806452
38364,0.612903
38365,0.806452
38366,0.677419
38367,0.677419
38368,0.709677
38369,0.741935
38370,0.741935
38371,0.580645
38372,0.870968
38373,0.83871
38374,0.709677
38375,0.774194
38376,0.516129
38377,0.870968
38378,0.709677
38379,0.548387
38380,0.870968
38381,0.83871
38382,0.806452
38383,0.645161
38384,0.903226
38385,0.645161
38386,0.903226
38387,0.645161
38388,0.741935
38389,0.548387
38390,0.709677
38391,0.516129
38392,0.709677
38393,0.548387
38394,0.709677
38395,0.290323
38396,0.870968
38397,0.290323
38398,0.709677
38399,0.290323
38400,0.709677
38401,0.709677
38402,0.774194
38403,0.322581
38404,0.870968
38405,0.322581
38406,0.709677
38407,0.709677
38408,0.677419
38409,0.83871
38410,0.709677
38411,0.580645
38412,0.774194
38413,0.548387
38414,0.870968
38415,0.322581
38416,0.870968
38417,0.322581
38418,0.870968
38419,0.322581
38420,0.806452
38421,0.548387
38422,0.709677
38423,0.580645
38424,0.645161
38425,0.741935
38426,0.774194
38427,0.548387
38428,0.83871
38429,0.322581
38430,0.806452
38431,0.387097
38432,0.677419
38433,0.83871
38434,0.870968
38435,0.258065
38436,0.548387
38437,0.967742
38438,0.83871
38439,0.290323
38440,0.677419
38441,0.83871
38442,0.677419
38443,0.83871
38444,0.677419
38445,0.83871
38446,0.677419
38447,0.83871
38448,0.677419
38449,0.83871
38450,0.677419
38451,0.83871
38452,0.677419
38453,0.83871
38454,0.709677
38455,0.709677
38456,0.709677
38457,0.709677
38458,0.548387
38459,0.967742
38460,0.677419
38461,0.83871
38462,0.677419
38463,0.83871
38464,0.677419
38465,0.83871
38466,0.677419
38467,0.83871
38468,0.677419
38469,0.83871
38470,0.677419
38471,0.83871
38472,0.709677
38473,0.709677
38474,0.870968
38475,0.354839
38476,0.83871
38477,0.354839
38478,0.83871
38479,0.354839
38480,0.774194
38481,0.451613
38482,0.741935
38483,0.451613
38484,0.451613
38485,0.967742
38486,0.451613
38487,0.967742
38488,0.451613
38489,0.967742
38490,0.677419
38491,0.548387
38492,0.774194
38493,0.483871
38494,0.677419
38495,0.548387
38496,0.677419
38497,0.548387
38498,0.83871
38499,0.483871
38500,0.677419
38501,0.548387
38502,0.677419
38503,0.580645
38504,0.677419
38505,0.774194
38506,0.774194
38507,0.806452
38508,0.677419
38509,0.774194
38510,0.774194
38511,0.387097
38512,0.741935
38513,0.451613
38514,0.741935
38515,0.516129
38516,0.741935
38517,0.548387
38518,0.774194
38519,0.516129
38520,0.967742
38521,0.806452
38522,0.870968
38523,0.83871
38524,0.870968
38525,0.806452
38526,0.451613
38527,0.709677
38528,0.225806
38529,0.903226
38530,0.580645
38531,0.935484
38532,0.483871
38533,0.870968
38534,0.806452
38535,0.548387
38536,0.806452
38537,0.387097
38538,0.935484
38539,0.419355
38540,0.806452
38541,0.322581
38542,0.83871
38543,0.322581
38544,0.806452
38545,0.258065
38546,0.806452
38547,0.290323
38548,0.580645
38549,0.354839
38550,0.806452
38551,0.354839
38552,0.903226
38553,0.322581
38554,0.741935
38555,0.451613
38556,0.806452
38557,0.483871
38558,0.903226
38559,0.419355
38560,0.774194
38561,0.387097
38562,0.806452
38563,0.322581
38564,0.870968
38565,0.387097
38566,0.741935
38567,0.419355
38568,0.806452
38569,0.451613
38570,0.870968
38571,0.483871
38572,0.774194
38573,0.516129
38574,0.83871
38575,0.451613
38576,0.83871
38577,0.548387
38578,0.774194
38579,0.83871
38580,0.83871
38581,0.774194
38582,0.709677
38583,0.774194
38584,0.806452
38585,0.580645
38586,0.967742
38587,0.483871
38588,1
38589,0.548387
38590,0.935484
38591,0.387097
38592,1
38593,0.419355
38594,0.903226
38595,0.451613
38596,1
38597,0.516129
38598,0.83871
38599,0.419355
38600,1
38601,0.419355
38602,1
38603,0.419355
38604,1
38605,0.354839
38606,1
38607,0.967742
38608,0.709677
38609,0.903226
38610,0.516129
38611,0.870968
38612,0.645161
38613,0.870968
38614,0.580645
38615,1
38616,0.483871
38617,1
38618,0.645161
38619,0.935484
38620,0.548387
38621,0.741935
38622,0.967742
38623,0.709677
38624,0.806452
38625,1
38626,0.548387
38627,1
38628,0.580645
38629,0.516129
38630,1
38631,0.83871
38632,0.645161
38633,0.967742
38634,0.483871
38635,0.935484
38636,0.483871
38637,0.903226
38638,0.419355
38639,0.903226
38640,0.419355
38641,0.903226
38642,0.354839
38643,0.903226
38644,0.290323
38645,0.83871
38646,0.419355
38647,0.967742
38648,0.741935
38649,0.806452
38650,0.806452
38651,0.903226
38652,0.612903
38653,0.935484
38654,0.709677
38655,0.870968
38656,0.451613
38657,0.935484
38658,0.645161
38659,0.870968
38660,0.709677
38661,0.774194
38662,0.83871
38663,0.774194
38664,0.741935
38665,0.83871
38666,0.741935
38667,0.774194
38668,0.774194
38669,0.806452
38670,0.677419
38671,0.903226
38672,0.709677
38673,0.774194
38674,0.774194
38675,0.516129
38676,0.806452
38677,0.580645
38678,0.967742
38679,0.741935
38680,0.677419
38681,0.967742
38682,0.935484
38683,0.580645
38684,0.967742
38685,0.741935
38686,0.806452
38687,0.870968
38688,0.677419
38689,0.903226
38690,0.967742
38691,0.677419
38692,0.645161
38693,0.677419
38694,0.580645
38695,0.612903
38696,0.612903
38697,0.580645
38698,0.612903
38699,0.580645
38700,0.612903
38701,0.580645
38702,0.612903
38703,0.548387
38704,0.645161
38705,0.580645
38706,0.580645
38707,0.580645
38708,0.580645
38709,0.483871
38710,0.548387
38711,0.548387
38712,0.516129
38713,0.548387
38714,0.580645
38715,0.612903
38716,0.548387
38717,0.548387
38718,0.580645
38719,0.612903
38720,0.451613
38721,0.580645
38722,0.580645
38723,0.580645
38724,0.580645
38725,0.580645
38726,0.580645
38727,0.580645
38728,0.580645
38729,0.580645
38730,0.580645
38731,0.580645
38732,0.580645
38733,0.580645
38734,0.580645
38735,0.580645
38736,0.612903
38737,0.516129
38738,0.709677
38739,0.516129
38740,0.741935
38741,0.483871
38742,0.677419
38743,0.516129
38744,0.677419
38745,0.516129
38746,0.580645
38747,0.709677
38748,0.741935
38749,0.741935
38750,0.645161
38751,0.677419
38752,0.774194
38753,0.451613
38754,0.709677
38755,0.967742
38756,0.612903
38757,0.83871
38758,0.774194
38759,0.645161
38760,0.83871
38761,1
38762,0.870968
38763,0.645161
38764,0.806452
38765,0.709677
38766,0.483871
38767,1
38768,0.709677
38769,0.774194
38770,0.741935
38771,0.548387
38772,0.741935
38773,0.741935
38774,0.580645
38775,0.967742
38776,0.580645
38777,0.967742
38778,0.806452
38779,0.709677
38780,0.645161
38781,0.677419
38782,0.677419
38783,0.709677
38784,0.645161
38785,0.225806
38786,0.709677
38787,0.806452
38788,0.419355
38789,0.806452
38790,0.354839
38791,0.967742
38792,0.645161
38793,0.870968
38794,0.741935
38795,0.774194
38796,0.645161
38797,0.774194
38798,0.483871
38799,0.967742
38800,0.612903
38801,0.935484
38802,0.709677
38803,0.870968
38804,0.709677
38805,0.870968
38806,0.451613
38807,0.903226
38808,0.419355
38809,0.935484
38810,0.645161
38811,0.870968
38812,0.774194
38813,0.677419
38814,0.774194
38815,0.516129
38816,0.806452
38817,0.709677
38818,0.806452
38819,0.612903
38820,0.903226
38821,0.645161
38822,0.806452
38823,0.516129
38824,0.741935
38825,0.612903
38826,0.806452
38827,0.645161
38828,0.806452
38829,0.580645
38830,0.806452
38831,0.677419
38832,0.483871
38833,0.741935
38834,0.709677
38835,0.483871
38836,0.806452
38837,0.677419
38838,0.806452
38839,0.774194
38840,0.774194
38841,0.516129
38842,0.903226
38843,0.451613
38844,0.806452
38845,0.677419
38846,0.709677
38847,0.677419
38848,0.806452
38849,0.774194
38850,0.741935
38851,0.645161
38852,0.580645
38853,0.83871
38854,0.677419
38855,0.935484
38856,0.483871
38857,0.903226
38858,0.16129
38859,0.870968
38860,0.612903
38861,0.806452
38862,0.580645
38863,0.903226
38864,0.451613
38865,0.935484
38866,0.741935
38867,0.677419
38868,0.774194
38869,0.774194
38870,0.419355
38871,0.774194
38872,0.451613
38873,0.806452
38874,0.548387
38875,0.903226
38876,0.483871
38877,0.806452
38878,0.419355
38879,0.709677
38880,0.387097
38881,0.548387
38882,0.774194
38883,0.709677
38884,0.516129
38885,0.612903
38886,0.483871
38887,0.806452
38888,0.483871
38889,0.806452
38890,0.483871
38891,0.83871
38892,0.774194
38893,0.741935
38894,0.677419
38895,0.806452
38896,0.677419
38897,0.806452
38898,0.774194
38899,0.612903
38900,0.774194
38901,0.741935
38902,0.677419
38903,0.806452
38904,0.612903
38905,0.806452
38906,0.612903
38907,0.806452
38908,0.580645
38909,0.806452
38910,0.677419
38911,0.774194
38912,0.645161
38913,0.806452
38914,0.258065
38915,0.483871
38916,0.419355
38917,0.774194
38918,0.290323
38919,0.677419
38920,0.290323
38921,0.709677
38922,0.258065
38923,0.516129
38924,0.967742
38925,0.709677
38926,0.290323
38927,0.709677
38928,0.16129
38929,0.870968
38930,0.806452
38931,0.806452
38932,0.290323
38933,0.709677
38934,0.322581
38935,0.774194
38936,0.580645
38937,0.967742
38938,0.83871
38939,0.903226
38940,0.806452
38941,0.354839
38942,0.774194
38943,0.322581
38944,0.741935
38945,0.516129
38946,0.451613
38947,1
38948,0.967742
38949,1
38950,0.967742
38951,1
38952,0.967742
38953,0.741935
38954,0.83871
38955,0.806452
38956,0.516129
38957,0.903226
38958,0.774194
38959,0.516129
38960,0.870968
38961,0.483871
38962,0.645161
38963,0.645161
38964,0.612903
38965,0.774194
38966,0.612903
38967,0.548387
38968,0.612903
38969,0.645161
38970,0.580645
38971,0.580645
38972,0.580645
38973,0.580645
38974,0.580645
38975,0.548387
38976,0.677419
38977,0.580645
38978,0.548387
38979,0.612903
38980,0.645161
38981,0.580645
38982,0.548387
38983,0.612903
38984,0.645161
38985,0.580645
38986,0.580645
38987,0.548387
38988,0.645161
38989,0.580645
38990,0.580645
38991,0.580645
38992,0.580645
38993,0.580645
38994,0.580645
38995,0.548387
38996,0.612903
38997,0.612903
38998,0.645161
38999,0.548387
39000,0.645161
39001,0.548387
39002,0.645161
39003,0.580645
39004,0.580645
39005,0.580645
39006,0.580645
39007,0.580645
39008,0.580645
39009,0.580645
39010,0.548387
39011,0.645161
39012,0.580645
39013,0.580645
39014,0.548387
39015,0.645161
39016,0.580645
39017,0.580645
39018,0.580645
39019,0.580645
39020,0.580645
39021,0.580645
39022,0.612903
39023,0.548387
39024,0.419355
39025,0.548387
39026,0.612903
39027,0.612903
39028,0.612903
39029,0.612903
39030,0.612903
39031,0.387097
39032,0.580645
39033,0.387097
39034,0.580645
39035,0.387097
39036,0.612903
39037,0.612903
39038,0.774194
39039,0.612903
39040,0.580645
39041,0.612903
39042,0.387097
39043,0.612903
39044,0.806452
39045,0.870968
39046,0.677419
39047,0.903226
39048,0.709677
39049,0.967742
39050,0.516129
39051,0.870968
39052,0.451613
39053,0.935484
39054,0.419355
39055,0.967742
39056,0.741935
39057,0.870968
39058,0.774194
39059,0.903226
39060,0.709677
39061,0.935484
39062,0.548387
39063,0.870968
39064,0.548387
39065,0.935484
39066,0.483871
39067,0.935484
39068,0.516129
39069,0.903226
39070,0.741935
39071,0.935484
39072,0.709677
39073,0.935484
39074,0.935484
39075,0.806452
39076,0.870968
39077,0.83871
39078,0.741935
39079,0.741935
39080,0.741935
39081,0.806452
39082,0.774194
39083,0.870968
39084,0.612903
39085,0.903226
39086,0.709677
39087,0.774194
39088,0.483871
39089,0.83871
39090,0.677419
39091,0.870968
39092,0.741935
39093,0.677419
39094,0.774194
39095,0.741935
39096,0.806452
39097,0.774194
39098,0.774194
39099,0.709677
39100,0.83871
39101,0.741935
39102,0.612903
39103,0.612903
39104,0.870968
39105,0.612903
39106,0.903226
39107,0.741935
39108,0.774194
39109,0.806452
39110,0.741935
39111,0.709677
39112,0.83871
39113,0.419355
39114,0.709677
39115,0.709677
39116,0.516129
39117,0.516129
39118,0.516129
39119,0.709677
39120,0.419355
39121,0.709677
39122,0.483871
39123,0.516129
39124,0.516129
39125,0.483871
39126,0.516129
39127,0.548387
39128,0.516129
39129,0.516129
39130,0.483871
39131,0.580645
39132,0.516129
39133,0.548387
39134,0.516129
39135,0.483871
39136,0.741935
39137,0.451613
39138,0.612903
39139,0.677419
39140,0.709677
39141,0.451613
39142,0.677419
39143,0.645161
39144,0.709677
39145,0.709677
39146,0.741935
39147,0.612903
39148,0.83871
39149,0.709677
39150,0.451613
39151,1
39152,0.419355
39153,0.774194
39154,0.580645
39155,0.903226
39156,0.612903
39157,0.806452
39158,0.548387
39159,0.774194
39160,0.612903
39161,0.870968
39162,0.516129
39163,0.903226
39164,0.806452
39165,0.548387
39166,0.83871
39167,0.516129
39168,0.774194
39169,0.548387
39170,0.677419
39171,0.806452
39172,0.741935
39173,0.741935
39174,0.806452
39175,0.677419
39176,0.483871
39177,0.935484
39178,0.548387
39179,0.709677
39180,0.741935
39181,0.645161
39182,0.741935
39183,0.612903
39184,0.741935
39185,0.645161
39186,0.709677
39187,0.741935
39188,0.903226
39189,0.645161
39190,0.774194
39191,0.483871
39192,0.677419
39193,0.548387
39194,0.774194
39195,0.806452
39196,0.548387
39197,0.806452
39198,0.516129
39199,0.612903
39200,0.83871
39201,0.612903
39202,0.83871
39203,0.612903
39204,0.83871
39205,0.870968
39206,0.516129
39207,0.516129
39208,1
39209,0.548387
39210,0.806452
39211,0.709677
39212,0.806452
39213,0.741935
39214,0.580645
39215,0.677419
39216,0.322581
39217,0.645161
39218,0.806452
39219,0.677419
39220,0.645161
39221,0.677419
39222,0.774194
39223,0.709677
39224,0.709677
39225,0.774194
39226,0.483871
39227,0.741935
39228,0.709677
39229,0.741935
39230,0.548387
39231,0.709677
39232,0.677419
39233,0.709677
39234,0.677419
39235,0.709677
39236,0.709677
39237,0.645161
39238,0.774194
39239,0.774194
39240,0.709677
39241,0.516129
39242,0.612903
39243,0.774194
39244,0.483871
39245,0.709677
39246,0.645161
39247,0.806452
39248,0.483871
39249,0.870968
39250,0.806452
39251,0.774194
39252,0.483871
39253,0.677419
39254,0.645161
39255,0.516129
39256,0.806452
39257,0.870968
39258,0.612903
39259,0.709677
39260,0.612903
39261,0.903226
39262,0.806452
39263,0.870968
39264,0.806452
39265,0.870968
39266,0.612903
39267,0.709677
39268,0.612903
39269,0.806452
39270,0.709677
39271,0.516129
39272,0.677419
39273,0.709677
39274,0.612903
39275,0.709677
39276,0.612903
39277,0.709677
39278,0.612903
39279,0.709677
39280,0.612903
39281,0.806452
39282,0.483871
39283,0.677419
39284,0.645161
39285,0.709677
39286,0.645161
39287,0.709677
39288,0.645161
39289,0.806452
39290,0.774194
39291,0.903226
39292,0.774194
39293,0.83871
39294,0.419355
39295,0.83871
39296,0.548387
39297,0.774194
39298,0.677419
39299,0.903226
39300,0.645161
39301,0.903226
39302,0.483871
39303,0.870968
39304,0.677419
39305,0.903226
39306,0.709677
39307,0.870968
39308,0.645161
39309,0.806452
39310,0.645161
39311,0.516129
39312,0.774194
39313,0.774194
39314,0.709677
39315,0.806452
39316,0.645161
39317,0.806452
39318,0.709677
39319,0.677419
39320,0.645161
39321,0.741935
39322,0.645161
39323,0.741935
39324,0.645161
39325,0.741935
39326,0.645161
39327,0.741935
39328,0.645161
39329,0.806452
39330,0.709677
39331,0.806452
39332,0.709677
39333,0.806452
39334,0.709677
39335,0.774194
39336,0.548387
39337,0.774194
39338,0.548387
39339,0.677419
39340,0.612903
39341,0.516129
39342,0.548387
39343,0.774194
39344,0.193548
39345,0.774194
39346,0.645161
39347,0.322581
39348,0.774194
39349,0.290323
39350,0.774194
39351,0.774194
39352,0.774194
39353,0.806452
39354,0.741935
39355,0.580645
39356,0.774194
39357,0.580645
39358,0.774194
39359,0.225806
39360,0.774194
39361,0.774194
39362,0.806452
39363,0.774194
39364,0.774194
39365,0.677419
39366,0.774194
39367,0.741935
39368,0.806452
39369,0.806452
39370,0.806452
39371,0.806452
39372,0.806452
39373,0.806452
39374,0.16129
39375,0.870968
39376,0.870968
39377,0.806452
39378,0.483871
39379,0.806452
39380,0.870968
39381,0.903226
39382,0.870968
39383,0.903226
39384,0.129032
39385,1
39386,0.870968
39387,0.709677
39388,0.741935
39389,0.516129
39390,0.870968
39391,0.870968
39392,0.774194
39393,0.83871
39394,0.419355
39395,0.870968
39396,0.451613
39397,0.903226
39398,0.774194
39399,0.612903
39400,0.806452
39401,0.645161
39402,0.806452
39403,0.580645
39404,0.83871
39405,0.612903
39406,0.709677
39407,0.580645
39408,0.83871
39409,0.580645
39410,0.83871
39411,0.580645
39412,0.83871
39413,0.580645
39414,0.83871
39415,0.580645
39416,0.83871
39417,0.548387
39418,0.677419
39419,0.645161
39420,0.83871
39421,0.580645
39422,0.83871
39423,0.580645
39424,0.83871
39425,0.580645
39426,0.83871
39427,0.548387
39428,0.967742
39429,0.677419
39430,1
39431,0.741935
39432,0.580645
39433,0.612903
39434,0.967742
39435,0.612903
39436,0.967742
39437,0.709677
39438,1
39439,0.612903
39440,0.967742
39441,0.580645
39442,0.870968
39443,0.580645
39444,0.870968
39445,0.645161
39446,0.935484
39447,0.967742
39448,1
39449,0.516129
39450,0.419355
39451,0.580645
39452,0.870968
39453,0.580645
39454,0.83871
39455,0.709677
39456,0.967742
39457,0.483871
39458,0.548387
39459,0.419355
39460,0.548387
39461,0.580645
39462,0.419355
39463,0.548387
39464,0.709677
39465,0.645161
39466,0.935484
39467,1
39468,0.516129
39469,0.516129
39470,0.354839
39471,0.516129
39472,0.322581
39473,0.548387
39474,0.451613
39475,0.483871
39476,0.290323
39477,0.548387
39478,0.516129
39479,0.967742
39480,0.709677
39481,0.870968
39482,0.516129
39483,0.935484
39484,0.612903
39485,0.935484
39486,0.806452
39487,0.870968
39488,0.83871
39489,0.935484
39490,0.774194
39491,0.935484
39492,0.806452
39493,0.903226
39494,0.83871
39495,0.935484
39496,0.741935
39497,0.967742
39498,0.806452
39499,0.870968
39500,0.870968
39501,0.935484
39502,0.774194
39503,0.967742
39504,0.870968
39505,0.870968
39506,0.806452
39507,0.903226
39508,0.677419
39509,0.870968
39510,0.741935
39511,0.806452
39512,0.709677
39513,0.870968
39514,0.677419
39515,0.870968
39516,0.741935
39517,0.806452
39518,0.774194
39519,0.870968
39520,0.709677
39521,0.870968
39522,0.774194
39523,0.709677
39524,0.903226
39525,0.83871
39526,0.741935
39527,0.903226
39528,0.774194
39529,0.774194
39530,0.806452
39531,0.83871
39532,0.709677
39533,0.870968
39534,0.774194
39535,0.741935
39536,0.83871
39537,0.83871
39538,0.741935
39539,0.903226
39540,0.774194
39541,0.709677
39542,0.83871
39543,0.774194
39544,0.709677
39545,0.83871
39546,0.774194
39547,0.548387
39548,0.580645
39549,0.645161
39550,0.548387
39551,0.645161
39552,0.580645
39553,0.580645
39554,0.612903
39555,0.580645
39556,0.548387
39557,0.645161
39558,0.548387
39559,0.483871
39560,0.548387
39561,0.483871
39562,0.516129
39563,0.516129
39564,0.516129
39565,0.483871
39566,0.548387
39567,0.548387
39568,0.483871
39569,0.548387
39570,0.516129
39571,0.483871
39572,0.580645
39573,0.516129
39574,0.516129
39575,0.548387
39576,0.516129
39577,0.451613
39578,0.741935
39579,0.451613
39580,0.677419
39581,0.612903
39582,0.612903
39583,0.967742
39584,0.645161
39585,0.870968
39586,0.645161
39587,0.870968
39588,0.870968
39589,0.580645
39590,0.83871
39591,0.483871
39592,0.645161
39593,0.580645
39594,0.548387
39595,0.967742
39596,0.806452
39597,0.483871
39598,0.774194
39599,0.548387
39600,0.903226
39601,0.645161
39602,0.903226
39603,0.612903
39604,0.83871
39605,0.677419
39606,0.903226
39607,0.612903
39608,0.580645
39609,1
39610,0.741935
39611,0.580645
39612,0.83871
39613,0.612903
39614,0.903226
39615,0.612903
39616,0.903226
39617,0.580645
39618,0.870968
39619,0.548387
39620,0.83871
39621,0.580645
39622,0.903226
39623,0.548387
39624,0.903226
39625,0.516129
39626,0.83871
39627,0.580645
39628,0.83871
39629,0.580645
39630,0.83871
39631,0.548387
39632,0.806452
39633,0.580645
39634,0.806452
39635,0.483871
39636,0.741935
39637,0.451613
39638,0.774194
39639,0.483871
39640,0.806452
39641,0.483871
39642,0.806452
39643,0.580645
39644,0.16129
39645,0.903226
39646,0.645161
39647,0.516129
39648,0.774194
39649,0.483871
39650,0.580645
39651,0.548387
39652,0.612903
39653,0.516129
39654,0.709677
39655,0.483871
39656,0.806452
39657,0.483871
39658,0.806452
39659,0.483871
39660,0.709677
39661,0.483871
39662,0.709677
39663,0.451613
39664,0.709677
39665,0.451613
39666,0.709677
39667,0.451613
39668,0.709677
39669,0.483871
39670,0.709677
39671,0.516129
39672,0.806452
39673,0.483871
39674,0.709677
39675,0.483871
39676,0.774194
39677,0.451613
39678,0.709677
39679,0.451613
39680,0.709677
39681,0.483871
39682,0.806452
39683,0.483871
39684,0.806452
39685,0.419355
39686,0.483871
39687,0.516129
39688,0.709677
39689,0.483871
39690,0.709677
39691,0.451613
39692,0.709677
39693,0.483871
39694,0.806452
39695,0.483871
39696,0.806452
39697,0.451613
39698,0.709677
39699,0.483871
39700,0.806452
39701,0.483871
39702,0.806452
39703,0.451613
39704,0.677419
39705,0.483871
39706,0.709677
39707,0.451613
39708,0.774194
39709,0.483871
39710,0.806452
39711,0.483871
39712,0.806452
39713,0.483871
39714,0.806452
39715,0.419355
39716,0.774194
39717,0.451613
39718,0.774194
39719,0.516129
39720,0.774194
39721,0.516129
39722,0.870968
39723,0.419355
39724,0.903226
39725,0.580645
39726,0.83871
39727,0.516129
39728,0.322581
39729,0.580645
39730,0.870968
39731,0.451613
39732,0.903226
39733,0.451613
39734,0.903226
39735,0.451613
39736,0.903226
39737,0.354839
39738,0.870968
39739,0.387097
39740,0.870968
39741,0.483871
39742,0.806452
39743,0.354839
39744,0.483871
39745,0.516129
39746,0.774194
39747,0.419355
39748,0.774194
39749,0.387097
39750,0.709677
39751,0.419355
39752,0.741935
39753,0.387097
39754,0.870968
39755,0.483871
39756,0.903226
39757,0.483871
39758,0.903226
39759,0.483871
39760,0.806452
39761,0.419355
39762,0.774194
39763,0.419355
39764,0.806452
39765,0.709677
39766,0.806452
39767,0.709677
39768,0.516129
39769,0.516129
39770,0.774194
39771,0.419355
39772,0.806452
39773,0.322581
39774,0.774194
39775,0.290323
39776,0.774194
39777,0.258065
39778,0.741935
39779,0.290323
39780,0.774194
39781,0.451613
39782,0.774194
39783,0.290323
39784,0.774194
39785,0.258065
39786,0.870968
39787,0.290323
39788,0.903226
39789,0.322581
39790,0.677419
39791,0.354839
39792,0.870968
39793,0.290323
39794,0.870968
39795,0.290323
39796,0.806452
39797,0.419355
39798,0.741935
39799,0.612903
39800,0.774194
39801,0.903226
39802,0.741935
39803,0.580645
39804,0.516129
39805,1
39806,0.774194
39807,0.903226
39808,0.774194
39809,0.290323
39810,0.741935
39811,0.870968
39812,0.709677
39813,0.774194
39814,0.516129
39815,1
39816,0.483871
39817,0.967742
39818,0.483871
39819,0.967742
39820,0.483871
39821,0.967742
39822,0.483871
39823,0.967742
39824,0.483871
39825,0.967742
39826,0.483871
39827,0.967742
39828,0.483871
39829,0.967742
39830,0.483871
39831,0.967742
39832,0.483871
39833,0.967742
39834,0.483871
39835,0.967742
39836,0.483871
39837,0.967742
39838,0.483871
39839,0.967742
39840,0.483871
39841,0.967742
39842,0.483871
39843,0.967742
39844,0.483871
39845,0.967742
39846,0.483871
39847,0.967742
39848,0.516129
39849,0.967742
39850,0.516129
39851,0.967742
39852,0.677419
39853,0.83871
39854,0.903226
39855,0.903226
39856,0.709677
39857,0.83871
39858,0.967742
39859,0.935484
39860,0.903226
39861,0.903226
39862,0.645161
39863,0.935484
39864,0.935484
39865,0.935484
39866,0.580645
39867,0.903226
39868,0.677419
39869,0.935484
39870,0.774194
39871,0.83871
39872,0.612903
39873,0.903226
39874,0.709677
39875,0.903226
39876,0.548387
39877,0.967742
39878,0.580645
39879,0.903226
39880,0.677419
39881,0.935484
39882,0.516129
39883,0.935484
39884,0.612903
39885,0.903226
39886,0.709677
39887,0.903226
39888,0.741935
39889,0.903226
39890,0.741935
39891,0.83871
39892,0.774194
39893,0.83871
39894,0.548387
39895,0.935484
39896,0.741935
39897,0.903226
39898,0.548387
39899,0.516129
39900,0.483871
39901,0.516129
39902,0.516129
39903,0.483871
39904,0.516129
39905,0.483871
39906,0.483871
39907,0.516129
39908,0.774194
39909,0.903226
39910,0.774194
39911,0.83871
39912,0.516129
39913,0.516129
39914,0.580645
39915,0.870968
39916,0.483871
39917,0.903226
39918,0.580645
39919,1
39920,0.387097
39921,0.967742
39922,0.451613
39923,1
39924,0.483871
39925,1
39926,0.483871
39927,1
39928,0.451613
39929,1
39930,0.483871
39931,1
39932,0.516129
39933,1
39934,0.483871
39935,1
39936,0.516129
39937,1
39938,0.516129
39939,1
39940,0.580645
39941,1
39942,0.516129
39943,1
39944,0.612903
39945,1
39946,0.483871
39947,1
39948,0.483871
39949,1
39950,0.580645
39951,1
39952,0.580645
39953,0.645161
39954,1
39955,0.967742
39956,0.548387
39957,1
39958,0.548387
39959,1
39960,0.483871
39961,0.677419
39962,0.645161
39963,1
39964,0.483871
39965,1
39966,0.483871
39967,1
39968,0.451613
39969,0.967742
39970,0.451613
39971,1
39972,0.612903
39973,0.870968
39974,0.677419
39975,0.903226
39976,0.451613
39977,0.935484
39978,0.580645
39979,0.903226
39980,0.612903
39981,0.548387
39982,0.612903
39983,0.709677
39984,0.645161
39985,0.645161
39986,0.580645
39987,0.645161
39988,0.580645
39989,0.645161
39990,0.580645
39991,0.645161
39992,0.580645
39993,0.709677
39994,0.645161
39995,0.709677
39996,0.612903
39997,0.709677
39998,0.612903
39999,0.741935
40000,0.580645
40001,0.709677
40002,0.645161
40003,0.709677
40004,0.645161
40005,0.83871
40006,0.516129
40007,0.774194
40008,0.580645
40009,0.774194
40010,0.774194
40011,0.516129
40012,0.677419
40013,0.677419
40014,0.645161
40015,0.677419
40016,0.645161
40017,0.741935
40018,0.645161
40019,0.677419
40020,0.935484
40021,0.516129
40022,0.741935
40023,0.677419
40024,0.774194
40025,0.741935
40026,0.709677
40027,0.967742
40028,0.741935
40029,0.774194
40030,0.709677
40031,0.709677
40032,0.774194
40033,0.322581
40034,0.806452
40035,0.612903
40036,0.83871
40037,0.709677
40038,0.741935
40039,0.483871
40040,0.516129
40041,0.741935
40042,0.483871
40043,0.741935
40044,0.483871
40045,0.741935
40046,0.451613
40047,0.774194
40048,0.451613
40049,0.709677
40050,0.709677
40051,0.774194
40052,0.516129
40053,0.612903
40054,0.451613
40055,0.709677
40056,0.709677
40057,0.709677
40058,0.741935
40059,0.580645
40060,0.548387
40061,0.580645
40062,0.516129
40063,0.677419
40064,0.483871
40065,0.806452
40066,0.419355
40067,0.645161
40068,0.483871
40069,0.741935
40070,0.387097
40071,0.741935
40072,0.387097
40073,0.741935
40074,0.354839
40075,0.516129
40076,0.451613
40077,0.741935
40078,0.387097
40079,0.774194
40080,0.354839
40081,0.516129
40082,0.483871
40083,0.774194
40084,0.419355
40085,0.83871
40086,0.419355
40087,0.83871
40088,0.419355
40089,0.774194
40090,0.354839
40091,0.580645
40092,0.419355
40093,0.774194
40094,0.354839
40095,0.516129
40096,0.451613
40097,0.516129
40098,0.483871
40099,0.774194
40100,0.387097
40101,0.548387
40102,0.612903
40103,0.612903
40104,0.451613
40105,0.612903
40106,0.354839
40107,0.516129
40108,0.483871
40109,0.774194
40110,0.354839
40111,0.774194
40112,0.387097
40113,0.806452
40114,0.354839
40115,0.516129
40116,0.483871
40117,0.806452
40118,0.354839
40119,0.806452
40120,0.322581
40121,0.483871
40122,0.451613
40123,0.774194
40124,0.387097
40125,0.709677
40126,0.451613
40127,0.774194
40128,0.387097
40129,0.774194
40130,0.387097
40131,0.774194
40132,0.419355
40133,0.806452
40134,0.419355
40135,0.806452
40136,0.419355
40137,0.806452
40138,0.419355
40139,0.774194
40140,0.354839
40141,0.741935
40142,0.387097
40143,0.774194
40144,0.387097
40145,0.709677
40146,0.451613
40147,0.709677
40148,0.451613
40149,0.580645
40150,0.806452
40151,0.774194
40152,0.387097
40153,0.709677
40154,0.451613
40155,0.709677
40156,0.516129
40157,0.903226
40158,0.387097
40159,0.774194
40160,0.419355
40161,0.870968
40162,0.516129
40163,0.903226
40164,0.516129
40165,0.903226
40166,0.548387
40167,0.903226
40168,0.483871
40169,0.870968
40170,0.516129
40171,0.903226
40172,0.419355
40173,0.483871
40174,0.483871
40175,0.741935
40176,0.548387
40177,0.612903
40178,1
40179,0.645161
40180,1
40181,0.612903
40182,0.516129
40183,0.612903
40184,0.774194
40185,0.806452
40186,0.516129
40187,0.709677
40188,0.612903
40189,0.709677
40190,0.612903
40191,0.645161
40192,1
40193,0.806452
40194,0.516129
40195,0.774194
40196,0.516129
40197,0.741935
40198,0.516129
40199,0.741935
40200,0.548387
40201,0.709677
40202,0.612903
40203,0.677419
40204,0.451613
40205,0.903226
40206,0.451613
40207,0.741935
40208,0.516129
40209,0.903226
40210,0.516129
40211,0.903226
40212,0.483871
40213,0.903226
40214,0.483871
40215,0.903226
40216,0.387097
40217,0.483871
40218,1
40219,0.741935
40220,0.483871
40221,0.741935
40222,0.483871
40223,0.903226
40224,0.451613
40225,0.903226
40226,0.451613
40227,0.806452
40228,0.419355
40229,0.483871
40230,1
40231,0.903226
40232,0.451613
40233,0.903226
40234,0.322581
40235,0.870968
40236,0.322581
40237,0.870968
40238,0.322581
40239,0.870968
40240,0.322581
40241,0.870968
40242,0.322581
40243,0.870968
40244,0.322581
40245,0.870968
40246,0.322581
40247,0.870968
40248,0.290323
40249,0.612903
40250,0.774194
40251,0.83871
40252,0.322581
40253,0.83871
40254,0.322581
40255,0.83871
40256,0.322581
40257,0.83871
40258,0.322581
40259,0.83871
40260,0.322581
40261,0.83871
40262,0.322581
40263,0.83871
40264,0.322581
40265,0.83871
40266,0.322581
40267,0.83871
40268,0.322581
40269,0.83871
40270,0.322581
40271,0.83871
40272,0.322581
40273,0.83871
40274,0.322581
40275,0.741935
40276,0.451613
40277,0.741935
40278,0.387097
40279,0.83871
40280,0.290323
40281,0.451613
40282,0.967742
40283,0.741935
40284,0.451613
40285,0.645161
40286,0.322581
40287,0.741935
40288,0.419355
40289,0.741935
40290,0.451613
40291,0.741935
40292,0.419355
40293,0.741935
40294,0.419355
40295,0.741935
40296,0.419355
40297,0.741935
40298,0.419355
40299,0.741935
40300,0.419355
40301,0.741935
40302,0.419355
40303,0.741935
40304,0.451613
40305,0.741935
40306,0.419355
40307,0.870968
40308,0.354839
40309,0.774194
40310,0.354839
40311,0.774194
40312,0.419355
40313,0.741935
40314,0.419355
40315,0.774194
40316,0.354839
40317,0.806452
40318,0.354839
40319,0.806452
40320,0.354839
40321,0.903226
40322,0.354839
40323,0.903226
40324,0.354839
40325,0.806452
40326,0.387097
40327,0.741935
40328,0.387097
40329,0.612903
40330,0.387097
40331,0.516129
40332,0.967742
40333,0.741935
40334,0.483871
40335,0.516129
40336,0.967742
40337,0.806452
40338,0.419355
40339,0.806452
40340,0.612903
40341,0.83871
40342,0.451613
40343,0.677419
40344,0.935484
40345,0.645161
40346,0.83871
40347,0.774194
40348,0.83871
40349,0.83871
40350,0.741935
40351,0.903226
40352,0.709677
40353,0.612903
40354,0.870968
40355,0.612903
40356,0.935484
40357,0.612903
40358,0.580645
40359,0.741935
40360,0.612903
40361,0.548387
40362,0.935484
40363,0.451613
40364,0.741935
40365,0.612903
40366,0.516129
40367,0.870968
40368,0.548387
40369,0.967742
40370,0.548387
40371,0.935484
40372,0.548387
40373,0.870968
40374,0.548387
40375,0.419355
40376,0.516129
40377,0.645161
40378,0.935484
40379,0.483871
40380,0.935484
40381,0.709677
40382,0.548387
40383,0.870968
40384,0.580645
40385,0.516129
40386,0.903226
40387,0.354839
40388,0.774194
40389,0.483871
40390,0.709677
40391,0.451613
40392,0.451613
40393,0.516129
40394,0.709677
40395,0.612903
40396,0.645161
40397,0.612903
40398,0.516129
40399,0.516129
40400,0.709677
40401,0.580645
40402,0.645161
40403,0.580645
40404,0.741935
40405,0.516129
40406,0.548387
40407,0.612903
40408,0.483871
40409,0.612903
40410,0.774194
40411,0.580645
40412,0.645161
40413,0.645161
40414,0.580645
40415,0.548387
40416,0.612903
40417,0.516129
40418,0.774194
40419,0.483871
40420,1
40421,0.483871
40422,0.967742
40423,0.516129
40424,0.677419
40425,0.83871
40426,0.387097
40427,0.580645
40428,0.903226
40429,0.580645
40430,0.677419
40431,0.677419
40432,0.419355
40433,0.935484
40434,0.483871
40435,1
40436,0.516129
40437,0.967742
40438,0.548387
40439,1
40440,0.483871
40441,1
40442,0.451613
40443,1
40444,0.419355
40445,1
40446,0.548387
40447,1
40448,0.548387
40449,1
40450,0.419355
40451,1
40452,0.483871
40453,1
40454,0.548387
40455,0.935484
40456,0.451613
40457,0.903226
40458,0.387097
40459,0.903226
40460,0.419355
40461,0.612903
40462,0.967742
40463,0.935484
40464,0.387097
40465,0.903226
40466,0.451613
40467,0.903226
40468,0.645161
40469,0.483871
40470,0.612903
40471,0.516129
40472,0.612903
40473,1
40474,0.483871
40475,1
40476,0.419355
40477,0.870968
40478,0.741935
40479,0.870968
40480,0.870968
40481,0.870968
40482,0.83871
40483,0.903226
40484,0.83871
40485,0.774194
40486,0.83871
40487,0.83871
40488,0.774194
40489,0.870968
40490,0.83871
40491,0.709677
40492,0.580645
40493,0.870968
40494,0.83871
40495,0.806452
40496,0.870968
40497,0.741935
40498,0.516129
40499,0.870968
40500,0.83871
40501,0.774194
40502,0.548387
40503,0.806452
40504,0.612903
40505,0.677419
40506,0.774194
40507,0.451613
40508,0.806452
40509,0.483871
40510,0.677419
40511,0.83871
40512,0.806452
40513,0.709677
40514,0.645161
40515,0.612903
40516,0.741935
40517,0.612903
40518,0.774194
40519,0.774194
40520,0.774194
40521,0.741935
40522,0.709677
40523,0.483871
40524,0.677419
40525,0.677419
40526,0.677419
40527,0.612903
40528,0.645161
40529,0.645161
40530,0.612903
40531,0.645161
40532,0.774194
40533,0.677419
40534,0.83871
40535,0.83871
40536,0.580645
40537,0.548387
40538,0.741935
40539,0.741935
40540,0.516129
40541,0.612903
40542,0.677419
40543,0.83871
40544,0.709677
40545,0.516129
40546,0.806452
40547,0.516129
40548,0.548387
40549,0.709677
40550,0.548387
40551,0.774194
40552,0.516129
40553,0.83871
40554,0.580645
40555,0.903226
40556,0.645161
40557,0.903226
40558,0.645161
40559,0.870968
40560,0.612903
40561,0.903226
40562,0.612903
40563,0.935484
40564,0.612903
40565,0.870968
40566,0.580645
40567,0.83871
40568,0.516129
40569,0.935484
40570,0.483871
40571,0.612903
40572,1
40573,0.903226
40574,0.580645
40575,0.967742
40576,0.516129
40577,0.903226
40578,0.709677
40579,1
40580,0.483871
40581,0.967742
40582,0.516129
40583,0.870968
40584,0.580645
40585,0.580645
40586,1
40587,0.967742
40588,0.451613
40589,1
40590,0.483871
40591,0.83871
40592,0.580645
40593,0.935484
40594,0.451613
40595,0.903226
40596,0.483871
40597,1
40598,0.451613
40599,1
40600,0.451613
40601,0.935484
40602,0.419355
40603,0.903226
40604,0.419355
40605,0.83871
40606,0.419355
40607,0.903226
40608,0.580645
40609,0.903226
40610,0.419355
40611,0.870968
40612,0.612903
40613,0.419355
40614,0.419355
40615,0.516129
40616,0.516129
40617,0.580645
40618,0.870968
40619,0.741935
40620,0.451613
40621,0.483871
40622,0.580645
40623,0.612903
40624,0.516129
40625,0.677419
40626,0.548387
40627,0.741935
40628,0.451613
40629,0.451613
40630,0.451613
40631,0.774194
40632,0.387097
40633,0.774194
40634,0.387097
40635,0.677419
40636,0.451613
40637,0.516129
40638,0.483871
40639,0.645161
40640,0.516129
40641,0.774194
40642,0.387097
40643,0.709677
40644,0.451613
40645,0.709677
40646,0.451613
40647,0.612903
40648,0.516129
40649,0.709677
40650,0.419355
40651,0.451613
40652,0.451613
40653,0.645161
40654,0.677419
40655,0.774194
40656,0.387097
40657,0.645161
40658,0.516129
40659,0.645161
40660,0.516129
40661,0.645161
40662,0.677419
40663,0.645161
40664,0.516129
40665,0.645161
40666,0.483871
40667,0.612903
40668,0.516129
40669,0.774194
40670,0.387097
40671,0.741935
40672,0.451613
40673,0.741935
40674,0.451613
40675,0.451613
40676,0.548387
40677,0.870968
40678,0.354839
40679,1
40680,0.322581
40681,0.774194
40682,0.419355
40683,0.677419
40684,0.483871
40685,0.709677
40686,0.451613
40687,0.451613
40688,0.516129
40689,0.548387
40690,0.580645
40691,0.870968
40692,0.419355
40693,0.870968
40694,0.451613
40695,0.870968
40696,0.387097
40697,0.483871
40698,0.580645
40699,0.870968
40700,0.483871
40701,0.870968
40702,0.483871
40703,0.806452
40704,0.483871
40705,0.870968
40706,0.483871
40707,0.903226
40708,0.483871
40709,0.870968
40710,0.483871
40711,0.83871
40712,0.451613
40713,0.774194
40714,0.354839
40715,0.451613
40716,0.483871
40717,0.645161
40718,0.516129
40719,0.774194
40720,0.354839
40721,0.451613
40722,0.516129
40723,0.645161
40724,0.483871
40725,0.548387
40726,0.580645
40727,0.548387
40728,0.516129
40729,0.612903
40730,0.516129
40731,0.580645
40732,0.516129
40733,0.548387
40734,0.516129
40735,0.645161
40736,0.483871
40737,0.483871
40738,0.548387
40739,0.387097
40740,0.483871
40741,0.580645
40742,0.580645
40743,0.580645
40744,0.483871
40745,0.483871
40746,0.483871
40747,0.580645
40748,0.580645
40749,0.580645
40750,0.580645
40751,0.580645
40752,0.483871
40753,0.387097
40754,0.483871
40755,0.580645
40756,0.548387
40757,0.483871
40758,0.83871
40759,0.290323
40760,0.483871
40761,0.322581
40762,0.483871
40763,0.258065
40764,0.387097
40765,0.322581
40766,0.451613
40767,0.322581
40768,0.483871
40769,0.322581
40770,0.451613
40771,0.322581
40772,0.451613
40773,0.258065
40774,0.419355
40775,0.322581
40776,0.419355
40777,0.483871
40778,0.451613
40779,0.354839
40780,0.419355
40781,0.290323
40782,0.354839
40783,0.387097
40784,0.354839
40785,0.387097
40786,0.354839
40787,0.387097
40788,0.322581
40789,0.322581
40790,0.387097
40791,0.322581
40792,0.387097
40793,0.290323
40794,0.548387
40795,0.290323
40796,0.387097
40797,0.354839
40798,0.967742
40799,0.290323
40800,0.387097
40801,0.322581
40802,0.548387
40803,0.322581
40804,0.548387
40805,0.322581
40806,0.548387
40807,0.322581
40808,0.548387
40809,0.322581
40810,0.548387
40811,0.322581
40812,0.580645
40813,0.354839
40814,0.967742
40815,0.354839
40816,0.967742
40817,0.354839
40818,0.967742
40819,0.354839
40820,0.967742
40821,0.387097
40822,0.580645
40823,0.354839
40824,0.516129
40825,0.354839
40826,0.516129
40827,0.354839
40828,0.451613
40829,0.354839
40830,0.483871
40831,0.354839
40832,0.483871
40833,0.354839
40834,0.451613
40835,0.354839
40836,0.516129
40837,0.322581
40838,0.387097
40839,0.967742
40840,0.387097
40841,0.967742
40842,0.354839
40843,0.516129
40844,0.451613
40845,0.387097
40846,0.483871
40847,0.387097
40848,0.612903
40849,0.354839
40850,0.387097
40851,0.387097
40852,0.451613
40853,0.387097
40854,0.516129
40855,0.483871
40856,1
40857,0.903226
40858,0.516129
40859,0.935484
40860,0.709677
40861,0.935484
40862,0.709677
40863,0.806452
40864,0.548387
40865,0.83871
40866,0.709677
40867,0.387097
40868,0.580645
40869,0.935484
40870,0.806452
40871,0.709677
40872,0.741935
40873,1
40874,0.677419
40875,0.516129
40876,0.83871
40877,0.709677
40878,0.903226
40879,0.83871
40880,0.903226
40881,0.83871
40882,0.903226
40883,0.935484
40884,0.483871
40885,0.967742
40886,0.387097
40887,0.548387
40888,1
40889,0.516129
40890,0.677419
40891,0.774194
40892,0.741935
40893,0.935484
40894,0.967742
40895,0.612903
40896,0.741935
40897,0.483871
40898,0.516129
40899,0.709677
40900,0.580645
40901,0.548387
40902,0.451613
40903,0.612903
40904,0.419355
40905,0.677419
40906,0.451613
40907,0.741935
40908,0.709677
40909,0.451613
40910,0.709677
40911,0.774194
40912,0.516129
40913,0.645161
40914,0.645161
40915,0.580645
40916,0.580645
40917,0.516129
40918,0.580645
40919,0.645161
40920,0.774194
40921,0.548387
40922,0.806452
40923,0.548387
40924,0.870968
40925,0.483871
40926,0.806452
40927,0.548387
40928,0.806452
40929,0.548387
40930,0.774194
40931,0.580645
40932,0.677419
40933,1
40934,0.709677
40935,0.967742
40936,0.645161
40937,1
40938,0.677419
40939,1
40940,0.677419
40941,1
40942,0.645161
40943,1
40944,0.677419
40945,1
40946,0.677419
40947,1
40948,0.774194
40949,0.612903
40950,0.580645
40951,0.935484
40952,0.580645
40953,0.967742
40954,0.83871
40955,0.451613
40956,0.870968
40957,0.387097
40958,0.870968
40959,0.451613
40960,0.677419
40961,0.903226
40962,0.806452
40963,0.548387
40964,0.645161
40965,0.935484
40966,1
40967,0.516129
40968,1
40969,0.483871
40970,0.83871
40971,0.451613
40972,0.903226
40973,0.483871
40974,0.774194
40975,0.709677
40976,0.870968
40977,0.548387
40978,0.516129
40979,0.516129
40980,0.83871
40981,0.483871
40982,0.193548
40983,1
40984,0.548387
40985,1
40986,0.967742
40987,0.483871
40988,0.903226
40989,0.580645
40990,0.903226
40991,0.548387
40992,0.903226
40993,0.580645
40994,0.903226
40995,0.516129
40996,1
40997,0.483871
40998,0.903226
40999,0.451613
41000,0.870968
41001,0.548387
41002,0.806452
41003,0.774194
41004,0.612903
41005,0.903226
41006,0.741935
41007,0.870968
41008,0.774194
41009,0.903226
41010,0.516129
41011,0.903226
41012,0.741935
41013,0.903226
41014,0.709677
41015,0.870968
41016,0.516129
41017,0.935484
41018,0.483871
41019,0.903226
41020,0.516129
41021,0.935484
41022,0.677419
41023,0.935484
41024,0.645161
41025,0.903226
41026,0.645161
41027,0.870968
41028,0.483871
41029,0.83871
41030,0.612903
41031,0.451613
41032,0.741935
41033,0.83871
41034,0.612903
41035,0.870968
41036,0.612903
41037,0.870968
41038,0.612903
41039,0.870968
41040,0.419355
41041,0.774194
41042,0.709677
41043,0.741935
41044,0.516129
41045,0.806452
41046,0.612903
41047,0.612903
41048,0.709677
41049,0.83871
41050,0.612903
41051,0.806452
41052,0.580645
41053,0.806452
41054,0.483871
41055,0.774194
41056,0.612903
41057,0.806452
41058,0.612903
41059,0.580645
41060,0.645161
41061,0.612903
41062,0.709677
41063,0.774194
41064,0.451613
41065,0.709677
41066,0.709677
41067,0.83871
41068,0.548387
41069,0.677419
41070,0.645161
41071,0.741935
41072,0.612903
41073,0.806452
41074,0.774194
41075,0.548387
41076,0.83871
41077,0.483871
41078,0.870968
41079,0.451613
41080,0.935484
41081,0.451613
41082,0.935484
41083,0.483871
41084,0.645161
41085,0.645161
41086,0.741935
41087,0.483871
41088,0.903226
41089,0.516129
41090,0.580645
41091,0.677419
41092,0.548387
41093,0.612903
41094,0.935484
41095,0.451613
41096,1
41097,0.580645
41098,1
41099,0.483871
41100,0.903226
41101,0.548387
41102,1
41103,0.548387
41104,0.612903
41105,0.612903
41106,1
41107,0.419355
41108,0.870968
41109,0.483871
41110,0.677419
41111,0.774194
41112,0.935484
41113,0.483871
41114,0.612903
41115,0.516129
41116,0.967742
41117,0.419355
41118,0.903226
41119,0.451613
41120,0.967742
41121,0.483871
41122,1
41123,0.451613
41124,0.83871
41125,0.387097
41126,0.580645
41127,0.967742
41128,0.548387
41129,1
41130,0.709677
41131,0.548387
41132,0.967742
41133,0.354839
41134,0.903226
41135,0.354839
41136,0.903226
41137,0.387097
41138,0.903226
41139,0.677419
41140,0.548387
41141,0.612903
41142,0.741935
41143,0.451613
41144,0.774194
41145,0.548387
41146,0.709677
41147,0.645161
41148,0.870968
41149,0.516129
41150,0.774194
41151,0.580645
41152,0.870968
41153,0.516129
41154,0.903226
41155,0.516129
41156,0.903226
41157,0.548387
41158,0.903226
41159,0.516129
41160,0.903226
41161,0.483871
41162,0.774194
41163,0.548387
41164,0.774194
41165,0.451613
41166,0.741935
41167,0.483871
41168,0.580645
41169,0.548387
41170,0.645161
41171,0.516129
41172,0.516129
41173,0.645161
41174,0.709677
41175,0.483871
41176,0.709677
41177,0.483871
41178,0.774194
41179,0.516129
41180,0.806452
41181,0.516129
41182,0.806452
41183,0.516129
41184,0.516129
41185,0.548387
41186,0.774194
41187,0.516129
41188,0.806452
41189,0.516129
41190,0.806452
41191,0.548387
41192,0.774194
41193,0.516129
41194,0.774194
41195,0.451613
41196,0.774194
41197,0.516129
41198,0.806452
41199,0.516129
41200,0.516129
41201,0.580645
41202,0.516129
41203,0.483871
41204,0.483871
41205,0.774194
41206,0.322581
41207,0.967742
41208,0.612903
41209,0.774194
41210,0.451613
41211,0.645161
41212,0.967742
41213,0.516129
41214,1
41215,0.548387
41216,1
41217,0.483871
41218,0.677419
41219,0.612903
41220,0.870968
41221,0.548387
41222,1
41223,0.483871
41224,0.870968
41225,0.548387
41226,1
41227,0.548387
41228,0.967742
41229,0.516129
41230,0.903226
41231,0.516129
41232,0.870968
41233,0.580645
41234,0.935484
41235,0.580645
41236,0.903226
41237,0.580645
41238,0.903226
41239,0.580645
41240,0.870968
41241,0.580645
41242,0.870968
41243,0.580645
41244,0.83871
41245,0.516129
41246,0.645161
41247,0.903226
41248,0.806452
41249,0.935484
41250,0.741935
41251,0.870968
41252,0.903226
41253,0.935484
41254,0.903226
41255,0.935484
41256,0.903226
41257,0.967742
41258,0.645161
41259,0.935484
41260,0.903226
41261,0.967742
41262,0.903226
41263,0.967742
41264,0.903226
41265,0.935484
41266,0.903226
41267,0.967742
41268,0.580645
41269,0.870968
41270,0.903226
41271,0.967742
41272,0.741935
41273,0.774194
41274,0.870968
41275,0.741935
41276,0.903226
41277,0.580645
41278,0.967742
41279,0.967742
41280,0.935484
41281,0.967742
41282,0.774194
41283,0.903226
41284,0.903226
41285,0.967742
41286,0.741935
41287,1
41288,0.935484
41289,1
41290,0.903226
41291,0.967742
41292,0.935484
41293,1
41294,0.935484
41295,1
41296,0.935484
41297,1
41298,0.741935
41299,1
41300,0.967742
41301,1
41302,0.580645
41303,1
41304,0.483871
41305,0.709677
41306,0.677419
41307,1
41308,0.83871
41309,0.645161
41310,0.548387
41311,0.741935
41312,0.935484
41313,0.709677
41314,0.451613
41315,0.645161
41316,0.967742
41317,0.645161
41318,0.967742
41319,0.709677
41320,0.419355
41321,0.677419
41322,0.516129
41323,0.451613
41324,0.967742
41325,0.580645
41326,0.677419
41327,0.709677
41328,0.483871
41329,0.967742
41330,0.774194
41331,0.806452
41332,0.483871
41333,0.419355
41334,0.935484
41335,0.83871
41336,0.419355
41337,0.741935
41338,0.645161
41339,0.83871
41340,0.451613
41341,0.741935
41342,0.645161
41343,0.516129
41344,0.967742
41345,0.967742
41346,0.419355
41347,0.677419
41348,0.419355
41349,0.967742
41350,0.387097
41351,0.967742
41352,0.516129
41353,0.967742
41354,0.516129
41355,0.774194
41356,0.387097
41357,0.677419
41358,0.419355
41359,0.677419
41360,0.516129
41361,0.645161
41362,0.451613
41363,0.548387
41364,0.709677
41365,0.806452
41366,0.354839
41367,0.806452
41368,0.419355
41369,0.677419
41370,0.516129
41371,0.741935
41372,0.483871
41373,0.612903
41374,0.387097
41375,0.677419
41376,0.451613
41377,0.645161
41378,0.451613
41379,0.677419
41380,0.516129
41381,0.645161
41382,0.483871
41383,0.741935
41384,0.483871
41385,0.709677
41386,0.483871
41387,0.612903
41388,0.645161
41389,0.709677
41390,0.709677
41391,0.516129
41392,0.451613
41393,0.483871
41394,0.483871
41395,0.548387
41396,0.774194
41397,0.580645
41398,0.935484
41399,0.580645
41400,0.451613
41401,0.548387
41402,0.483871
41403,0.548387
41404,0.580645
41405,0.677419
41406,0.935484
41407,0.580645
41408,0.935484
41409,0.645161
41410,0.612903
41411,0.548387
41412,0.774194
41413,0.483871
41414,0.290323
41415,0.483871
41416,0.290323
41417,0.548387
41418,0.387097
41419,0.580645
41420,0.354839
41421,0.645161
41422,0.387097
41423,0.580645
41424,0.419355
41425,0.419355
41426,0.516129
41427,0.741935
41428,0.483871
41429,0.645161
41430,0.387097
41431,0.419355
41432,0.516129
41433,0.709677
41434,0.483871
41435,0.645161
41436,0.516129
41437,0.645161
41438,0.645161
41439,0.548387
41440,0.774194
41441,0.709677
41442,0.677419
41443,0.612903
41444,0.645161
41445,0.612903
41446,0.677419
41447,0.612903
41448,0.419355
41449,0.548387
41450,0.741935
41451,0.612903
41452,0.870968
41453,0.580645
41454,0.677419
41455,0.612903
41456,0.870968
41457,0.516129
41458,0.774194
41459,0.612903
41460,0.645161
41461,0.612903
41462,0.645161
41463,0.709677
41464,0.612903
41465,0.741935
41466,0.645161
41467,0.741935
41468,0.612903
41469,0.709677
41470,0.709677
41471,0.645161
41472,0.612903
41473,0.83871
41474,0.548387
41475,0.645161
41476,0.677419
41477,0.612903
41478,0.741935
41479,0.645161
41480,0.774194
41481,0.612903
41482,0.741935
41483,0.645161
41484,0.806452
41485,0.580645
41486,0.677419
41487,0.677419
41488,0.612903
41489,0.741935
41490,0.903226
41491,0.677419
41492,0.677419
41493,0.83871
41494,0.709677
41495,0.612903
41496,0.967742
41497,0.483871
41498,1
41499,0.612903
41500,1
41501,0.709677
41502,0.967742
41503,0.709677
41504,0.967742
41505,0.612903
41506,0.709677
41507,0.806452
41508,0.870968
41509,0.709677
41510,0.967742
41511,0.677419
41512,0.709677
41513,0.806452
41514,0.870968
41515,0.677419
41516,1
41517,0.612903
41518,0.903226
41519,0.612903
41520,0.741935
41521,0.806452
41522,0.83871
41523,0.645161
41524,0.709677
41525,0.806452
41526,0.870968
41527,0.741935
41528,0.774194
41529,0.516129
41530,0.83871
41531,0.806452
41532,0.677419
41533,0.645161
41534,0.806452
41535,0.709677
41536,0.612903
41537,0.806452
41538,0.612903
41539,0.870968
41540,0.741935
41541,0.83871
41542,0.806452
41543,0.677419
41544,0.870968
41545,0.677419
41546,0.645161
41547,0.83871
41548,0.774194
41549,0.516129
41550,0.774194
41551,0.612903
41552,0.774194
41553,0.580645
41554,0.870968
41555,0.709677
41556,0.83871
41557,0.709677
41558,0.83871
41559,0.612903
41560,0.548387
41561,0.709677
41562,0.580645
41563,0.741935
41564,0.483871
41565,0.774194
41566,0.774194
41567,0.709677
41568,0.83871
41569,0.677419
41570,0.709677
41571,0.548387
41572,0.83871
41573,0.741935
41574,0.83871
41575,0.677419
41576,0.806452
41577,0.741935
41578,0.806452
41579,0.580645
41580,0.774194
41581,0.516129
41582,0.741935
41583,0.483871
41584,0.806452
41585,0.677419
41586,0.741935
41587,0.774194
41588,0.645161
41589,0.774194
41590,0.483871
41591,0.612903
41592,0.774194
41593,0.483871
41594,0.677419
41595,0.580645
41596,0.774194
41597,0.645161
41598,0.774194
41599,0.677419
41600,0.548387
41601,0.612903
41602,0.677419
41603,0.483871
41604,0.774194
41605,0.806452
41606,0.903226
41607,0.741935
41608,0.548387
41609,0.612903
41610,0.677419
41611,0.967742
41612,0.677419
41613,0.806452
41614,0.516129
41615,0.83871
41616,0.451613
41617,0.83871
41618,0.419355
41619,0.870968
41620,0.483871
41621,0.548387
41622,0.612903
41623,0.935484
41624,0.419355
41625,0.83871
41626,0.451613
41627,1
41628,0.451613
41629,1
41630,0.483871
41631,1
41632,0.483871
41633,1
41634,0.483871
41635,1
41636,0.451613
41637,1
41638,0.451613
41639,0.806452
41640,0.548387
41641,1
41642,0.419355
41643,0.870968
41644,0.387097
41645,1
41646,0.354839
41647,0.612903
41648,0.548387
41649,0.935484
41650,0.451613
41651,0.935484
41652,0.387097
41653,0.935484
41654,0.451613
41655,0.935484
41656,0.387097
41657,1
41658,0.387097
41659,0.903226
41660,0.354839
41661,0.83871
41662,0.387097
41663,0.903226
41664,0.419355
41665,0.741935
41666,0.354839
41667,0.483871
41668,0.677419
41669,0.387097
41670,0.419355
41671,0.870968
41672,0.387097
41673,0.612903
41674,0.451613
41675,0.580645
41676,0.451613
41677,0.806452
41678,0.387097
41679,0.806452
41680,0.483871
41681,0.580645
41682,0.580645
41683,0.870968
41684,0.516129
41685,0.548387
41686,0.548387
41687,0.774194
41688,0.483871
41689,0.806452
41690,0.387097
41691,0.774194
41692,0.419355
41693,0.774194
41694,0.354839
41695,0.709677
41696,0.387097
41697,0.709677
41698,0.516129
41699,0.677419
41700,0.483871
41701,0.741935
41702,0.387097
41703,0.580645
41704,0.419355
41705,0.774194
41706,0.387097
41707,0.806452
41708,0.387097
41709,0.741935
41710,0.451613
41711,0.741935
41712,0.451613
41713,0.741935
41714,0.387097
41715,0.774194
41716,0.419355
41717,0.741935
41718,0.419355
41719,0.580645
41720,0.451613
41721,0.645161
41722,0.483871
41723,0.548387
41724,0.516129
41725,0.548387
41726,0.548387
41727,0.774194
41728,0.483871
41729,0.709677
41730,0.483871
41731,0.548387
41732,0.548387
41733,0.870968
41734,0.354839
41735,0.580645
41736,0.354839
41737,0.83871
41738,0.354839
41739,0.83871
41740,0.483871
41741,0.741935
41742,0.548387
41743,0.741935
41744,0.451613
41745,0.612903
41746,0.451613
41747,0.967742
41748,0.354839
41749,0.645161
41750,0.419355
41751,0.774194
41752,0.354839
41753,0.580645
41754,0.483871
41755,0.774194
41756,0.354839
41757,0.774194
41758,0.354839
41759,0.774194
41760,0.354839
41761,0.806452
41762,0.354839
41763,0.870968
41764,0.387097
41765,0.870968
41766,0.483871
41767,0.806452
41768,0.516129
41769,0.774194
41770,0.354839
41771,0.774194
41772,0.516129
41773,0.870968
41774,0.483871
41775,0.870968
41776,0.483871
41777,0.870968
41778,0.483871
41779,0.774194
41780,0.516129
41781,0.870968
41782,0.387097
41783,0.870968
41784,0.387097
41785,0.870968
41786,0.387097
41787,0.774194
41788,0.516129
41789,0.774194
41790,0.516129
41791,0.612903
41792,0.548387
41793,0.612903
41794,0.548387
41795,0.612903
41796,0.548387
41797,0.709677
41798,0.451613
41799,0.419355
41800,0.451613
41801,0.612903
41802,0.548387
41803,0.612903
41804,0.548387
41805,0.612903
41806,0.580645
41807,0.612903
41808,0.548387
41809,0.612903
41810,0.806452
41811,0.645161
41812,0.806452
41813,0.516129
41814,0.451613
41815,0.612903
41816,0.580645
41817,0.612903
41818,0.806452
41819,0.645161
41820,0.548387
41821,0.612903
41822,0.806452
41823,0.548387
41824,0.419355
41825,0.580645
41826,0.967742
41827,0.548387
41828,0.354839
41829,0.677419
41830,0.774194
41831,0.677419
41832,0.967742
41833,0.258065
41834,0.354839
41835,0.516129
41836,0.322581
41837,0.290323
41838,0.354839
41839,0.516129
41840,0.322581
41841,0.322581
41842,0.354839
41843,0.516129
41844,0.354839
41845,0.516129
41846,0.354839
41847,0.516129
41848,0.354839
41849,0.516129
41850,0.354839
41851,0.322581
41852,0.387097
41853,0.354839
41854,0.322581
41855,0.354839
41856,0.354839
41857,0.322581
41858,0.322581
41859,0.322581
41860,0.419355
41861,0.354839
41862,0.451613
41863,0.322581
41864,0.322581
41865,0.290323
41866,0.322581
41867,0.290323
41868,0.322581
41869,0.354839
41870,0.451613
41871,0.354839
41872,0.419355
41873,0.387097
41874,0.419355
41875,0.387097
41876,0.451613
41877,0.387097
41878,0.548387
41879,0.354839
41880,0.451613
41881,0.387097
41882,0.419355
41883,0.387097
41884,0.419355
41885,0.387097
41886,0.387097
41887,0.387097
41888,0.451613
41889,0.387097
41890,0.419355
41891,0.387097
41892,0.451613
41893,0.387097
41894,0.419355
41895,0.548387
41896,0.516129
41897,0.419355
41898,0.580645
41899,0.419355
41900,0.548387
41901,0.419355
41902,0.548387
41903,0.419355
41904,0.419355
41905,0.419355
41906,0.516129
41907,0.419355
41908,0.483871
41909,0.483871
41910,0.580645
41911,0.580645
41912,0.83871
41913,0.387097
41914,0.612903
41915,0.419355
41916,0.709677
41917,0.483871
41918,0.774194
41919,0.419355
41920,0.645161
41921,0.451613
41922,0.709677
41923,0.483871
41924,0.741935
41925,0.580645
41926,0.935484
41927,0.645161
41928,0.709677
41929,0.612903
41930,0.612903
41931,0.677419
41932,0.935484
41933,0.516129
41934,0.935484
41935,0.483871
41936,0.645161
41937,0.741935
41938,0.419355
41939,0.806452
41940,0.451613
41941,0.677419
41942,0.419355
41943,0.612903
41944,0.483871
41945,0.580645
41946,0.483871
41947,0.645161
41948,0.483871
41949,0.548387
41950,0.83871
41951,0.516129
41952,0.483871
41953,0.612903
41954,0.516129
41955,0.451613
41956,0.483871
41957,0.645161
41958,0.419355
41959,0.741935
41960,0.516129
41961,0.774194
41962,0.548387
41963,0.806452
41964,0.516129
41965,0.709677
41966,0.483871
41967,0.483871
41968,0.870968
41969,0.709677
41970,0.645161
41971,0.612903
41972,0.645161
41973,0.516129
41974,0.548387
41975,0.548387
41976,0.709677
41977,0.548387
41978,0.870968
41979,0.548387
41980,0.903226
41981,0.483871
41982,0.516129
41983,0.548387
41984,0.580645
41985,0.741935
41986,0.645161
41987,0.548387
41988,0.645161
41989,0.580645
41990,0.645161
41991,0.548387
41992,0.677419
41993,0.548387
41994,0.677419
41995,0.548387
41996,0.677419
41997,0.516129
41998,0.612903
41999,0.612903
42000,0.645161
42001,0.612903
42002,0.645161
42003,0.645161
42004,0.612903
42005,0.516129
42006,0.741935
42007,0.483871
42008,0.870968
42009,0.419355
42010,0.806452
42011,0.419355
42012,0.903226
42013,0.419355
42014,0.806452
42015,0.419355
42016,0.806452
42017,0.483871
42018,0.612903
42019,0.580645
42020,0.870968
42021,0.419355
42022,0.612903
42023,0.580645
42024,1
42025,0.451613
42026,1
42027,0.419355
42028,1
42029,0.387097
42030,0.935484
42031,0.387097
42032,0.935484
42033,0.419355
42034,0.677419
42035,0.451613
42036,0.806452
42037,0.354839
42038,0.903226
42039,0.451613
42040,0.967742
42041,0.451613
42042,1
42043,0.419355
42044,0.935484
42045,0.419355
42046,0.935484
42047,0.387097
42048,0.645161
42049,0.451613
42050,0.83871
42051,0.387097
42052,0.774194
42053,0.451613
42054,0.806452
42055,0.387097
42056,0.903226
42057,0.645161
42058,0.806452
42059,0.774194
42060,0.709677
42061,0.806452
42062,0.548387
42063,0.83871
42064,0.645161
42065,0.774194
42066,0.741935
42067,0.83871
42068,0.645161
42069,0.83871
42070,0.677419
42071,0.83871
42072,0.677419
42073,0.83871
42074,0.677419
42075,0.774194
42076,0.580645
42077,0.774194
42078,0.580645
42079,0.83871
42080,0.677419
42081,0.83871
42082,0.645161
42083,0.870968
42084,0.645161
42085,0.806452
42086,0.645161
42087,0.806452
42088,0.612903
42089,0.580645
42090,0.741935
42091,0.806452
42092,0.677419
42093,0.806452
42094,0.612903
42095,0.580645
42096,0.741935
42097,0.806452
42098,0.677419
42099,0.806452
42100,0.677419
42101,0.806452
42102,0.645161
42103,0.83871
42104,0.645161
42105,0.83871
42106,0.645161
42107,0.774194
42108,0.612903
42109,0.709677
42110,0.483871
42111,0.83871
42112,0.580645
42113,0.741935
42114,0.483871
42115,0.83871
42116,0.612903
42117,0.709677
42118,0.516129
42119,0.83871
42120,0.451613
42121,0.83871
42122,0.645161
42123,0.806452
42124,0.548387
42125,0.580645
42126,0.548387
42127,0.774194
42128,0.580645
42129,0.741935
42130,0.709677
42131,0.516129
42132,0.806452
42133,0.387097
42134,0.580645
42135,0.612903
42136,0.580645
42137,0.612903
42138,0.806452
42139,0.516129
42140,0.870968
42141,0.516129
42142,0.870968
42143,0.516129
42144,0.903226
42145,0.483871
42146,0.806452
42147,0.516129
42148,0.903226
42149,0.548387
42150,0.903226
42151,0.516129
42152,0.83871
42153,0.451613
42154,0.806452
42155,0.419355
42156,0.612903
42157,0.580645
42158,0.806452
42159,0.451613
42160,0.645161
42161,0.612903
42162,0.709677
42163,0.516129
42164,0.709677
42165,0.548387
42166,0.83871
42167,0.548387
42168,0.709677
42169,0.516129
42170,0.83871
42171,0.419355
42172,0.645161
42173,0.548387
42174,0.709677
42175,0.483871
42176,0.83871
42177,0.516129
42178,1
42179,0.419355
42180,0.83871
42181,0.516129
42182,0.83871
42183,0.451613
42184,0.709677
42185,0.451613
42186,0.709677
42187,0.419355
42188,0.612903
42189,0.548387
42190,0.741935
42191,0.451613
42192,0.741935
42193,0.483871
42194,0.83871
42195,0.451613
42196,0.322581
42197,0.83871
42198,0.677419
42199,0.483871
42200,0.83871
42201,0.387097
42202,0.903226
42203,0.451613
42204,0.903226
42205,0.419355
42206,0.806452
42207,0.419355
42208,0.83871
42209,0.387097
42210,1
42211,0.322581
42212,0.806452
42213,0.354839
42214,0.903226
42215,0.354839
42216,0.870968
42217,0.354839
42218,0.451613
42219,0.451613
42220,0.870968
42221,0.354839
42222,0.548387
42223,0.580645
42224,0.903226
42225,0.483871
42226,0.774194
42227,0.419355
42228,0.870968
42229,0.451613
42230,0.741935
42231,0.419355
42232,0.967742
42233,0.483871
42234,0.709677
42235,0.516129
42236,0.935484
42237,0.483871
42238,0.645161
42239,0.548387
42240,0.903226
42241,0.419355
42242,0.83871
42243,0.419355
42244,0.83871
42245,0.419355
42246,0.612903
42247,0.419355
42248,0.612903
42249,0.387097
42250,0.645161
42251,0.387097
42252,0.83871
42253,0.387097
42254,0.612903
42255,0.419355
42256,0.774194
42257,0.419355
42258,0.870968
42259,0.419355
42260,0.806452
42261,0.387097
42262,0.935484
42263,0.387097
42264,0.774194
42265,0.451613
42266,0.290323
42267,0.451613
42268,0.967742
42269,0.451613
42270,1
42271,0.645161
42272,0.83871
42273,0.16129
42274,0.741935
42275,0.870968
42276,0.806452
42277,0.774194
42278,0.516129
42279,0.903226
42280,0.645161
42281,0.83871
42282,0.548387
42283,0.903226
42284,0.741935
42285,0.741935
42286,0.806452
42287,0.709677
42288,0.677419
42289,0.741935
42290,0.806452
42291,0.903226
42292,0.741935
42293,0.903226
42294,0.709677
42295,0.774194
42296,0.580645
42297,0.935484
42298,0.774194
42299,0.903226
42300,0.774194
42301,0.935484
42302,0.645161
42303,0.903226
42304,0.516129
42305,0.774194
42306,0.645161
42307,0.612903
42308,0.580645
42309,0.709677
42310,0.580645
42311,0.580645
42312,0.548387
42313,0.709677
42314,0.516129
42315,0.677419
42316,0.741935
42317,0.741935
42318,0.645161
42319,0.483871
42320,0.612903
42321,0.870968
42322,0.935484
42323,0.645161
42324,0.935484
42325,0.516129
42326,0.967742
42327,0.548387
42328,0.967742
42329,0.548387
42330,0.935484
42331,0.548387
42332,0.83871
42333,0.612903
42334,0.870968
42335,0.580645
42336,0.870968
42337,0.580645
42338,0.870968
42339,0.548387
42340,0.903226
42341,0.483871
42342,0.870968
42343,0.580645
42344,0.870968
42345,0.548387
42346,0.935484
42347,0.516129
42348,0.870968
42349,0.516129
42350,0.806452
42351,0.548387
42352,0.870968
42353,0.516129
42354,0.580645
42355,0.645161
42356,0.870968
42357,0.548387
42358,0.83871
42359,0.645161
42360,0.83871
42361,0.580645
42362,0.83871
42363,0.612903
42364,0.806452
42365,0.580645
42366,0.83871
42367,0.580645
42368,0.83871
42369,0.612903
42370,0.83871
42371,0.612903
42372,0.870968
42373,0.387097
42374,0.83871
42375,0.516129
42376,0.870968
42377,0.451613
42378,0.83871
42379,0.483871
42380,0.870968
42381,0.483871
42382,0.870968
42383,0.451613
42384,0.806452
42385,0.451613
42386,0.806452
42387,0.516129
42388,0.83871
42389,0.580645
42390,0.83871
42391,0.516129
42392,0.612903
42393,0.580645
42394,0.645161
42395,0.645161
42396,0.870968
42397,0.548387
42398,0.903226
42399,0.612903
42400,0.806452
42401,0.580645
42402,0.83871
42403,0.483871
42404,0.83871
42405,0.548387
42406,0.903226
42407,0.516129
42408,0.870968
42409,0.483871
42410,0.870968
42411,0.612903
42412,1
42413,0.483871
42414,0.709677
42415,0.548387
42416,1
42417,0.483871
42418,0.870968
42419,0.516129
42420,0.903226
42421,0.548387
42422,0.516129
42423,0.645161
42424,1
42425,0.548387
42426,1
42427,0.483871
42428,0.741935
42429,0.612903
42430,1
42431,0.580645
42432,1
42433,0.548387
42434,1
42435,0.548387
42436,1
42437,0.580645
42438,1
42439,0.580645
42440,1
42441,0.548387
42442,1
42443,0.483871
42444,0.83871
42445,0.580645
42446,0.83871
42447,0.580645
42448,0.83871
42449,0.548387
42450,0.83871
42451,0.580645
42452,0.83871
42453,0.612903
42454,1
42455,0.580645
42456,0.741935
42457,0.645161
42458,0.354839
42459,0.580645
42460,1
42461,0.645161
42462,0.935484
42463,0.580645
42464,1
42465,0.483871
42466,1
42467,0.419355
42468,1
42469,0.451613
42470,0.870968
42471,0.516129
42472,0.677419
42473,0.580645
42474,1
42475,0.451613
42476,1
42477,0.451613
42478,0.870968
42479,0.451613
42480,0.645161
42481,0.612903
42482,0.645161
42483,0.645161
42484,0.645161
42485,0.612903
42486,0.612903
42487,0.612903
42488,0.548387
42489,0.677419
42490,0.580645
42491,0.612903
42492,0.516129
42493,0.709677
42494,0.645161
42495,0.548387
42496,0.709677
42497,0.580645
42498,0.709677
42499,0.580645
42500,0.709677
42501,0.548387
42502,0.709677
42503,0.516129
42504,0.612903
42505,0.645161
42506,0.548387
42507,0.677419
42508,0.548387
42509,0.612903
42510,0.677419
42511,0.645161
42512,0.645161
42513,0.903226
42514,0.580645
42515,0.870968
42516,0.612903
42517,0.709677
42518,0.612903
42519,0.548387
42520,0.612903
42521,0.677419
42522,0.612903
42523,0.741935
42524,0.580645
42525,0.741935
42526,0.548387
42527,0.903226
42528,0.612903
42529,0.967742
42530,0.677419
42531,0.83871
42532,0.677419
42533,0.83871
42534,0.83871
42535,0.548387
42536,0.870968
42537,0.612903
42538,0.870968
42539,0.483871
42540,0.967742
42541,0.612903
42542,0.870968
42543,0.580645
42544,0.774194
42545,0.677419
42546,0.709677
42547,0.709677
42548,0.741935
42549,0.806452
42550,0.645161
42551,0.806452
42552,0.903226
42553,0.451613
42554,0.903226
42555,0.709677
42556,0.83871
42557,0.741935
42558,0.806452
42559,0.709677
42560,0.774194
42561,0.709677
42562,0.741935
42563,0.806452
42564,0.709677
42565,0.774194
42566,0.677419
42567,0.903226
42568,0.580645
42569,0.967742
42570,0.709677
42571,0.774194
42572,0.870968
42573,0.419355
42574,1
42575,0.645161
42576,0.709677
42577,0.83871
42578,0.612903
42579,0.870968
42580,0.677419
42581,0.580645
42582,0.806452
42583,0.516129
42584,0.516129
42585,0.870968
42586,0.580645
42587,0.580645
42588,0.806452
42589,0.83871
42590,0.677419
42591,0.677419
42592,0.645161
42593,0.548387
42594,0.806452
42595,0.677419
42596,0.645161
42597,0.612903
42598,0.645161
42599,0.645161
42600,0.645161
42601,0.806452
42602,0.580645
42603,0.774194
42604,0.580645
42605,0.774194
42606,0.645161
42607,0.774194
42608,0.612903
42609,0.774194
42610,0.612903
42611,0.741935
42612,0.645161
42613,0.741935
42614,0.580645
42615,0.774194
42616,0.580645
42617,0.83871
42618,0.612903
42619,0.774194
42620,0.580645
42621,0.774194
42622,0.516129
42623,0.806452
42624,0.580645
42625,0.645161
42626,0.548387
42627,0.612903
42628,0.580645
42629,0.83871
42630,0.548387
42631,0.677419
42632,0.612903
42633,0.806452
42634,0.580645
42635,0.806452
42636,0.516129
42637,0.677419
42638,0.516129
42639,0.612903
42640,0.645161
42641,0.580645
42642,0.516129
42643,0.516129
42644,0.645161
42645,0.709677
42646,0.612903
42647,0.83871
42648,0.645161
42649,0.774194
42650,0.483871
42651,0.935484
42652,0.677419
42653,0.903226
42654,0.709677
42655,0.709677
42656,0.580645
42657,0.806452
42658,0.580645
42659,0.580645
42660,0.741935
42661,0.774194
42662,0.419355
42663,1
42664,0.483871
42665,0.870968
42666,0.419355
42667,1
42668,0.516129
42669,0.935484
42670,0.548387
42671,0.903226
42672,0.612903
42673,0.903226
42674,0.580645
42675,0.612903
42676,0.709677
42677,0.548387
42678,0.870968
42679,0.806452
42680,0.677419
42681,0.967742
42682,0.645161
42683,0.967742
42684,0.677419
42685,0.83871
42686,0.451613
42687,0.967742
42688,0.645161
42689,1
42690,0.677419
42691,0.967742
42692,0.677419
42693,0.83871
42694,0.387097
42695,0.903226
42696,0.677419
42697,0.806452
42698,0.612903
42699,0.903226
42700,0.709677
42701,0.83871
42702,0.580645
42703,0.935484
42704,0.548387
42705,0.935484
42706,0.612903
42707,0.935484
42708,0.419355
42709,1
42710,0.548387
42711,1
42712,0.387097
42713,1
42714,0.354839
42715,0.903226
42716,0.516129
42717,0.903226
42718,0.483871
42719,0.83871
42720,0.483871
42721,0.806452
42722,0.483871
42723,0.806452
42724,0.354839
42725,0.870968
42726,0.419355
42727,0.354839
42728,0.903226
42729,0.709677
42730,0.483871
42731,0.774194
42732,0.548387
42733,0.483871
42734,0.645161
42735,0.774194
42736,0.516129
42737,0.870968
42738,0.516129
42739,0.903226
42740,0.483871
42741,0.903226
42742,0.483871
42743,0.903226
42744,0.387097
42745,0.516129
42746,0.645161
42747,0.741935
42748,0.419355
42749,0.870968
42750,0.483871
42751,0.903226
42752,0.483871
42753,0.83871
42754,0.419355
42755,0.83871
42756,0.483871
42757,0.903226
42758,0.419355
42759,0.548387
42760,0.645161
42761,0.83871
42762,0.419355
42763,0.83871
42764,0.451613
42765,0.83871
42766,0.483871
42767,0.870968
42768,0.483871
42769,0.870968
42770,0.419355
42771,0.870968
42772,0.419355
42773,0.870968
42774,0.387097
42775,0.483871
42776,0.548387
42777,0.451613
42778,0.516129
42779,0.83871
42780,0.322581
42781,0.83871
42782,0.387097
42783,0.870968
42784,0.483871
42785,0.903226
42786,0.483871
42787,0.83871
42788,0.451613
42789,0.83871
42790,0.419355
42791,0.870968
42792,0.419355
42793,0.806452
42794,0.387097
42795,0.483871
42796,0.580645
42797,0.806452
42798,0.354839
42799,0.774194
42800,0.322581
42801,0.83871
42802,0.451613
42803,0.483871
42804,0.548387
42805,0.903226
42806,0.483871
42807,0.806452
42808,0.483871
42809,0.870968
42810,0.451613
42811,0.516129
42812,0.548387
42813,0.903226
42814,0.483871
42815,0.903226
42816,0.483871
42817,0.903226
42818,0.483871
42819,0.903226
42820,0.483871
42821,0.903226
42822,0.483871
42823,0.903226
42824,0.483871
42825,0.903226
42826,0.483871
42827,0.903226
42828,0.483871
42829,0.870968
42830,0.451613
42831,0.903226
42832,0.483871
42833,0.903226
42834,0.451613
42835,0.83871
42836,0.516129
42837,0.548387
42838,0.516129
42839,0.870968
42840,0.451613
42841,0.83871
42842,0.451613
42843,0.709677
42844,0.419355
42845,0.774194
42846,0.483871
42847,0.645161
42848,0.516129
42849,0.612903
42850,0.612903
42851,0.645161
42852,0.516129
42853,0.870968
42854,0.419355
42855,0.806452
42856,0.451613
42857,0.709677
42858,0.483871
42859,0.870968
42860,0.387097
42861,0.870968
42862,0.322581
42863,0.419355
42864,0.516129
42865,0.709677
42866,0.483871
42867,0.709677
42868,0.483871
42869,0.83871
42870,0.451613
42871,0.741935
42872,0.451613
42873,0.483871
42874,0.516129
42875,0.806452
42876,0.483871
42877,0.870968
42878,0.387097
42879,0.870968
42880,0.451613
42881,0.870968
42882,0.451613
42883,0.774194
42884,0.419355
42885,0.806452
42886,0.451613
42887,0.935484
42888,0.419355
42889,0.903226
42890,0.322581
42891,0.870968
42892,0.322581
42893,0.83871
42894,0.290323
42895,0.387097
42896,0.387097
42897,0.870968
42898,0.322581
42899,0.83871
42900,0.322581
42901,0.774194
42902,0.322581
42903,0.83871
42904,0.322581
42905,0.870968
42906,0.322581
42907,0.870968
42908,0.354839
42909,0.870968
42910,0.354839
42911,0.483871
42912,0.419355
42913,0.870968
42914,0.290323
42915,0.83871
42916,0.290323
42917,0.903226
42918,0.322581
42919,0.903226
42920,0.322581
42921,0.709677
42922,0.677419
42923,0.580645
42924,0.419355
42925,0.870968
42926,0.290323
42927,0.806452
42928,0.354839
42929,0.806452
42930,0.354839
42931,0.580645
42932,0.419355
42933,0.677419
42934,0.612903
42935,0.774194
42936,0.483871
42937,0.774194
42938,0.677419
42939,0.774194
42940,0.677419
42941,0.774194
42942,0.354839
42943,0.709677
42944,0.451613
42945,0.774194
42946,0.677419
42947,0.774194
42948,0.677419
42949,0.774194
42950,0.354839
42951,0.709677
42952,0.451613
42953,0.774194
42954,0.645161
42955,0.709677
42956,0.419355
42957,0.709677
42958,0.419355
42959,0.709677
42960,0.419355
42961,0.774194
42962,0.387097
42963,0.774194
42964,0.354839
42965,0.774194
42966,0.387097
42967,0.774194
42968,0.419355
42969,0.806452
42970,0.419355
42971,0.806452
42972,0.387097
42973,0.83871
42974,0.451613
42975,0.83871
42976,0.774194
42977,0.903226
42978,0.451613
42979,0.903226
42980,0.645161
42981,0.741935
42982,0.709677
42983,0.774194
42984,0.580645
42985,0.870968
42986,0.548387
42987,0.903226
42988,0.645161
42989,0.903226
42990,0.548387
42991,0.774194
42992,0.580645
42993,0.548387
42994,0.806452
42995,0.516129
42996,0.612903
42997,0.870968
42998,0.709677
42999,0.806452
43000,0.419355
43001,0.935484
43002,0.419355
43003,0.935484
43004,0.354839
43005,0.774194
43006,0.354839
43007,0.774194
43008,0.354839
43009,0.548387
43010,0.516129
43011,0.741935
43012,0.483871
43013,0.806452
43014,0.645161
43015,0.774194
43016,0.451613
43017,0.774194
43018,0.419355
43019,0.774194
43020,0.516129
43021,0.806452
43022,0.483871
43023,0.806452
43024,0.548387
43025,0.83871
43026,0.483871
43027,0.709677
43028,0.548387
43029,0.83871
43030,0.483871
43031,0.677419
43032,0.516129
43033,0.870968
43034,0.516129
43035,0.774194
43036,0.548387
43037,0.774194
43038,0.548387
43039,0.806452
43040,0.548387
43041,0.806452
43042,0.548387
43043,0.806452
43044,0.516129
43045,0.967742
43046,0.645161
43047,0.967742
43048,0.548387
43049,1
43050,0.483871
43051,1
43052,0.548387
43053,1
43054,0.451613
43055,0.645161
43056,0.612903
43057,1
43058,0.451613
43059,0.612903
43060,0.612903
43061,0.903226
43062,0.516129
43063,1
43064,0.580645
43065,1
43066,0.580645
43067,1
43068,0.548387
43069,0.967742
43070,0.612903
43071,0.967742
43072,0.612903
43073,0.870968
43074,0.483871
43075,1
43076,0.483871
43077,0.741935
43078,0.580645
43079,1
43080,0.483871
43081,1
43082,0.451613
43083,1
43084,0.419355
43085,0.967742
43086,0.516129
43087,1
43088,0.451613
43089,1
43090,0.451613
43091,0.967742
43092,0.419355
43093,0.903226
43094,0.419355
43095,0.903226
43096,0.451613
43097,0.580645
43098,0.580645
43099,0.870968
43100,0.516129
43101,0.483871
43102,1
43103,0.677419
43104,0.774194
43105,0.516129
43106,0.612903
43107,0.967742
43108,0.483871
43109,1
43110,0.451613
43111,0.903226
43112,0.516129
43113,0.935484
43114,0.419355
43115,0.967742
43116,0.612903
43117,0.806452
43118,0.83871
43119,0.612903
43120,0.870968
43121,0.516129
43122,0.870968
43123,0.580645
43124,0.903226
43125,0.516129
43126,0.870968
43127,0.645161
43128,0.903226
43129,0.516129
43130,0.870968
43131,0.612903
43132,0.870968
43133,0.612903
43134,0.870968
43135,0.612903
43136,0.870968
43137,0.580645
43138,0.870968
43139,0.290323
43140,0.612903
43141,0.709677
43142,0.806452
43143,0.580645
43144,0.870968
43145,0.580645
43146,0.806452
43147,0.354839
43148,0.741935
43149,0.612903
43150,0.806452
43151,0.645161
43152,0.774194
43153,0.645161
43154,0.774194
43155,0.645161
43156,0.741935
43157,0.645161
43158,0.709677
43159,0.483871
43160,0.903226
43161,0.612903
43162,0.806452
43163,0.483871
43164,0.870968
43165,0.645161
43166,0.903226
43167,0.612903
43168,0.903226
43169,0.612903
43170,0.903226
43171,0.580645
43172,0.903226
43173,0.516129
43174,0.580645
43175,0.677419
43176,0.903226
43177,0.419355
43178,0.806452
43179,0.580645
43180,0.806452
43181,0.580645
43182,0.83871
43183,0.612903
43184,0.83871
43185,0.612903
43186,0.548387
43187,0.709677
43188,0.709677
43189,0.354839
43190,0.935484
43191,0.483871
43192,0.612903
43193,0.645161
43194,0.612903
43195,0.645161
43196,0.548387
43197,0.677419
43198,0.870968
43199,0.516129
43200,0.870968
43201,0.419355
43202,0.870968
43203,0.451613
43204,0.870968
43205,0.516129
43206,0.83871
43207,0.451613
43208,0.870968
43209,0.516129
43210,0.870968
43211,0.419355
43212,0.967742
43213,0.451613
43214,0.83871
43215,0.645161
43216,0.903226
43217,0.516129
43218,0.870968
43219,0.451613
43220,0.677419
43221,0.580645
43222,0.83871
43223,0.580645
43224,0.806452
43225,0.516129
43226,0.645161
43227,0.741935
43228,0.870968
43229,0.483871
43230,0.83871
43231,0.516129
43232,0.870968
43233,0.451613
43234,0.903226
43235,0.548387
43236,0.645161
43237,0.677419
43238,0.806452
43239,0.419355
43240,0.806452
43241,0.548387
43242,0.903226
43243,0.483871
43244,0.580645
43245,0.645161
43246,0.806452
43247,0.580645
43248,0.774194
43249,0.451613
43250,0.806452
43251,0.483871
43252,0.806452
43253,0.580645
43254,0.387097
43255,0.903226
43256,0.741935
43257,0.516129
43258,0.903226
43259,0.483871
43260,0.83871
43261,0.451613
43262,0.774194
43263,0.451613
43264,0.806452
43265,0.387097
43266,0.83871
43267,0.354839
43268,0.483871
43269,0.483871
43270,0.774194
43271,0.451613
43272,0.774194
43273,0.451613
43274,0.774194
43275,0.451613
43276,0.741935
43277,0.419355
43278,0.741935
43279,0.419355
43280,0.483871
43281,0.451613
43282,0.741935
43283,0.419355
43284,0.741935
43285,0.451613
43286,0.677419
43287,0.516129
43288,0.677419
43289,0.516129
43290,0.870968
43291,0.419355
43292,0.903226
43293,0.354839
43294,0.516129
43295,0.548387
43296,0.83871
43297,0.322581
43298,0.806452
43299,0.419355
43300,0.516129
43301,0.580645
43302,0.83871
43303,0.387097
43304,0.903226
43305,0.387097
43306,0.903226
43307,0.387097
43308,0.903226
43309,0.387097
43310,0.903226
43311,0.387097
43312,0.903226
43313,0.419355
43314,0.903226
43315,0.419355
43316,0.903226
43317,0.419355
43318,0.903226
43319,0.419355
43320,0.709677
43321,0.483871
43322,0.451613
43323,0.548387
43324,0.870968
43325,0.419355
43326,0.903226
43327,0.419355
43328,0.903226
43329,0.419355
43330,0.903226
43331,0.419355
43332,0.903226
43333,0.419355
43334,0.903226
43335,0.419355
43336,0.903226
43337,0.419355
43338,0.903226
43339,0.419355
43340,0.903226
43341,0.387097
43342,0.903226
43343,0.419355
43344,0.903226
43345,0.354839
43346,0.612903
43347,0.548387
43348,0.903226
43349,0.419355
43350,0.903226
43351,0.419355
43352,0.903226
43353,0.354839
43354,0.806452
43355,0.451613
43356,0.774194
43357,0.419355
43358,0.677419
43359,0.548387
43360,0.709677
43361,0.451613
43362,0.774194
43363,0.419355
43364,0.83871
43365,0.387097
43366,0.83871
43367,0.419355
43368,0.806452
43369,0.322581
43370,0.741935
43371,0.419355
43372,0.709677
43373,0.419355
43374,0.677419
43375,0.548387
43376,0.774194
43377,0.451613
43378,0.451613
43379,0.451613
43380,0.548387
43381,0.483871
43382,0.548387
43383,0.483871
43384,0.548387
43385,0.483871
43386,0.516129
43387,0.483871
43388,0.516129
43389,0.483871
43390,0.516129
43391,0.483871
43392,0.548387
43393,0.580645
43394,0.548387
43395,0.483871
43396,0.580645
43397,0.548387
43398,0.516129
43399,0.451613
43400,0.580645
43401,0.516129
43402,0.516129
43403,0.483871
43404,0.612903
43405,0.806452
43406,0.580645
43407,0.548387
43408,0.580645
43409,0.548387
43410,0.580645
43411,0.548387
43412,0.580645
43413,0.516129
43414,0.419355
43415,0.516129
43416,0.548387
43417,0.483871
43418,0.354839
43419,0.451613
43420,0.290323
43421,0.483871
43422,0.322581
43423,0.516129
43424,0.322581
43425,0.516129
43426,0.322581
43427,0.516129
43428,0.322581
43429,0.451613
43430,0.387097
43431,0.483871
43432,0.322581
43433,0.516129
43434,0.322581
43435,0.451613
43436,0.322581
43437,0.419355
43438,0.387097
43439,0.483871
43440,0.322581
43441,0.516129
43442,0.354839
43443,0.580645
43444,0.354839
43445,0.580645
43446,0.322581
43447,0.516129
43448,0.354839
43449,0.580645
43450,0.354839
43451,0.580645
43452,0.387097
43453,0.580645
43454,0.322581
43455,0.516129
43456,0.354839
43457,0.516129
43458,0.354839
43459,0.451613
43460,0.451613
43461,0.451613
43462,0.451613
43463,0.548387
43464,0.354839
43465,0.548387
43466,0.387097
43467,0.580645
43468,0.387097
43469,0.612903
43470,0.387097
43471,0.612903
43472,0.354839
43473,0.548387
43474,0.354839
43475,0.548387
43476,0.354839
43477,0.516129
43478,0.322581
43479,0.483871
43480,0.354839
43481,0.548387
43482,0.419355
43483,0.548387
43484,0.419355
43485,0.516129
43486,0.387097
43487,0.516129
43488,0.419355
43489,0.580645
43490,0.387097
43491,0.580645
43492,0.387097
43493,0.580645
43494,0.387097
43495,0.580645
43496,0.483871
43497,0.580645
43498,0.354839
43499,0.580645
43500,0.419355
43501,0.612903
43502,0.516129
43503,0.516129
43504,0.516129
43505,0.677419
43506,0.677419
43507,0.677419
43508,0.612903
43509,0.677419
43510,0.935484
43511,0.709677
43512,0.709677
43513,0.645161
43514,0.612903
43515,0.612903
43516,0.935484
43517,0.580645
43518,0.806452
43519,0.580645
43520,0.935484
43521,0.645161
43522,0.419355
43523,0.741935
43524,0.483871
43525,0.806452
43526,0.322581
43527,0.612903
43528,0.483871
43529,0.580645
43530,0.516129
43531,0.516129
43532,0.516129
43533,0.677419
43534,0.580645
43535,0.709677
43536,0.548387
43537,0.709677
43538,0.548387
43539,0.806452
43540,0.483871
43541,0.709677
43542,0.516129
43543,0.709677
43544,0.387097
43545,0.419355
43546,0.612903
43547,0.709677
43548,0.612903
43549,0.645161
43550,0.483871
43551,0.548387
43552,0.483871
43553,0.483871
43554,0.774194
43555,0.451613
43556,0.645161
43557,0.741935
43558,0.548387
43559,0.935484
43560,0.483871
43561,0.774194
43562,0.580645
43563,0.935484
43564,0.580645
43565,0.935484
43566,0.516129
43567,0.580645
43568,0.612903
43569,0.903226
43570,0.516129
43571,0.774194
43572,0.516129
43573,0.774194
43574,0.580645
43575,1
43576,0.483871
43577,1
43578,0.483871
43579,1
43580,0.516129
43581,1
43582,0.451613
43583,0.903226
43584,0.483871
43585,0.580645
43586,0.645161
43587,1
43588,0.580645
43589,0.903226
43590,0.516129
43591,0.774194
43592,0.548387
43593,0.903226
43594,0.483871
43595,1
43596,0.516129
43597,0.580645
43598,0.612903
43599,0.580645
43600,0.612903
43601,0.774194
43602,0.548387
43603,0.774194
43604,0.645161
43605,0.967742
43606,0.483871
43607,0.935484
43608,0.483871
43609,0.935484
43610,0.451613
43611,0.870968
43612,0.419355
43613,0.83871
43614,0.387097
43615,0.548387
43616,0.612903
43617,0.548387
43618,0.645161
43619,0.806452
43620,0.451613
43621,0.83871
43622,0.709677
43623,0.451613
43624,0.774194
43625,0.806452
43626,0.451613
43627,0.935484
43628,0.419355
43629,1
43630,0.451613
43631,1
43632,0.419355
43633,1
43634,0.419355
43635,0.870968
43636,0.451613
43637,0.806452
43638,0.451613
43639,0.580645
43640,0.612903
43641,0.677419
43642,0.516129
43643,0.83871
43644,0.774194
43645,0.645161
43646,0.903226
43647,0.677419
43648,0.935484
43649,0.645161
43650,0.612903
43651,0.774194
43652,0.83871
43653,0.677419
43654,0.935484
43655,0.645161
43656,0.903226
43657,0.419355
43658,0.935484
43659,0.677419
43660,0.903226
43661,0.580645
43662,0.903226
43663,0.677419
43664,0.903226
43665,0.612903
43666,0.806452
43667,0.677419
43668,0.806452
43669,0.451613
43670,0.935484
43671,0.645161
43672,0.806452
43673,0.677419
43674,0.709677
43675,0.354839
43676,0.806452
43677,0.516129
43678,0.645161
43679,0.709677
43680,0.709677
43681,0.516129
43682,0.806452
43683,0.451613
43684,0.870968
43685,0.580645
43686,0.903226
43687,0.580645
43688,0.903226
43689,0.548387
43690,0.903226
43691,0.451613
43692,0.741935
43693,0.483871
43694,0.806452
43695,0.483871
43696,0.677419
43697,0.612903
43698,0.774194
43699,0.483871
43700,0.774194
43701,0.483871
43702,0.677419
43703,0.612903
43704,0.709677
43705,0.580645
43706,0.645161
43707,0.612903
43708,0.645161
43709,0.645161
43710,0.645161
43711,0.645161
43712,0.612903
43713,0.645161
43714,0.774194
43715,0.548387
43716,0.774194
43717,0.451613
43718,0.612903
43719,0.483871
43720,0.645161
43721,0.645161
43722,0.677419
43723,0.612903
43724,0.83871
43725,0.516129
43726,0.83871
43727,0.516129
43728,0.83871
43729,0.516129
43730,0.83871
43731,0.548387
43732,0.83871
43733,0.483871
43734,0.83871
43735,0.516129
43736,0.935484
43737,0.516129
43738,0.83871
43739,0.516129
43740,0.903226
43741,0.483871
43742,0.709677
43743,0.645161
43744,0.870968
43745,0.483871
43746,0.83871
43747,0.516129
43748,0.83871
43749,0.516129
43750,0.870968
43751,0.483871
43752,0.83871
43753,0.516129
43754,0.870968
43755,0.483871
43756,0.967742
43757,0.451613
43758,0.870968
43759,0.516129
43760,0.83871
43761,0.580645
43762,0.83871
43763,0.483871
43764,0.870968
43765,0.483871
43766,0.870968
43767,0.419355
43768,0.935484
43769,0.419355
43770,0.870968
43771,0.419355
43772,0.83871
43773,0.419355
43774,0.83871
43775,0.419355
43776,0.83871
43777,0.419355
43778,0.83871
43779,0.451613
43780,0.83871
43781,0.387097
43782,0.83871
43783,0.419355
43784,0.83871
43785,0.387097
43786,0.709677
43787,0.451613
43788,0.806452
43789,0.354839
43790,0.870968
43791,0.548387
43792,0.741935
43793,0.612903
43794,0.774194
43795,0.354839
43796,0.451613
43797,0.580645
43798,0.774194
43799,0.548387
43800,0.774194
43801,0.548387
43802,0.806452
43803,0.419355
43804,0.903226
43805,0.419355
43806,0.677419
43807,0.516129
43808,0.677419
43809,0.580645
43810,0.677419
43811,0.580645
43812,0.870968
43813,0.483871
43814,0.806452
43815,0.483871
43816,0.870968
43817,0.354839
43818,0.516129
43819,0.580645
43820,0.870968
43821,0.483871
43822,0.903226
43823,0.483871
43824,0.903226
43825,0.419355
43826,0.903226
43827,0.419355
43828,0.903226
43829,0.483871
43830,0.903226
43831,0.483871
43832,0.903226
43833,0.483871
43834,0.903226
43835,0.387097
43836,0.903226
43837,0.483871
43838,0.870968
43839,0.483871
43840,0.870968
43841,0.483871
43842,0.903226
43843,0.419355
43844,0.903226
43845,0.387097
43846,0.903226
43847,0.354839
43848,0.677419
43849,0.483871
43850,0.612903
43851,0.516129
43852,0.870968
43853,0.419355
43854,0.903226
43855,0.419355
43856,0.903226
43857,0.354839
43858,0.806452
43859,0.387097
43860,0.451613
43861,0.548387
43862,0.870968
43863,0.419355
43864,0.903226
43865,0.419355
43866,0.903226
43867,0.419355
43868,0.903226
43869,0.419355
43870,0.903226
43871,0.419355
43872,0.903226
43873,0.419355
43874,0.903226
43875,0.354839
43876,0.806452
43877,0.451613
43878,0.903226
43879,0.419355
43880,0.870968
43881,0.419355
43882,0.870968
43883,0.354839
43884,0.903226
43885,0.419355
43886,0.903226
43887,0.354839
43888,0.516129
43889,0.483871
43890,0.774194
43891,0.387097
43892,0.741935
43893,0.451613
43894,0.741935
43895,0.483871
43896,0.774194
43897,0.419355
43898,0.741935
43899,0.451613
43900,0.709677
43901,0.612903
43902,0.741935
43903,0.419355
43904,0.645161
43905,0.612903
43906,0.612903
43907,0.580645
43908,0.741935
43909,0.354839
43910,0.612903
43911,0.483871
43912,0.548387
43913,0.548387
43914,0.516129
43915,0.580645
43916,0.483871
43917,0.419355
43918,0.483871
43919,0.419355
43920,0.516129
43921,0.451613
43922,0.516129
43923,0.516129
43924,0.548387
43925,0.548387
43926,0.774194
43927,0.419355
43928,0.516129
43929,0.451613
43930,0.516129
43931,0.451613
43932,0.516129
43933,0.548387
43934,0.580645
43935,0.451613
43936,0.516129
43937,0.451613
43938,0.548387
43939,0.516129
43940,0.677419
43941,0.967742
43942,0.516129
43943,0.967742
43944,0.548387
43945,0.967742
43946,0.516129
43947,0.419355
43948,0.387097
43949,0.322581
43950,0.322581
43951,0.354839
43952,0.354839
43953,0.387097
43954,0.903226
43955,0.322581
43956,0.354839
43957,0.354839
43958,0.322581
43959,0.354839
43960,0.516129
43961,0.419355
43962,0.322581
43963,0.322581
43964,0.290323
43965,0.322581
43966,0.354839
43967,0.419355
43968,0.516129
43969,0.419355
43970,0.516129
43971,0.419355
43972,0.516129
43973,0.548387
43974,0.516129
43975,0.419355
43976,0.516129
43977,0.419355
43978,0.516129
43979,0.354839
43980,0.322581
43981,0.387097
43982,0.903226
43983,0.419355
43984,0.516129
43985,0.419355
43986,0.516129
43987,0.419355
43988,0.516129
43989,0.548387
43990,0.322581
43991,0.354839
43992,0.516129
43993,0.419355
43994,0.516129
43995,0.387097
43996,0.387097
43997,0.419355
43998,0.516129
43999,0.548387
44000,0.516129
44001,0.548387
44002,0.516129
44003,0.516129
44004,0.387097
44005,0.548387
44006,0.387097
44007,0.580645
44008,0.741935
44009,0.451613
44010,0.516129
44011,0.580645
44012,0.419355
44013,0.580645
44014,0.451613
44015,0.580645
44016,0.419355
44017,0.645161
44018,0.354839
44019,0.580645
44020,0.451613
44021,0.903226
44022,0.419355
44023,0.645161
44024,0.451613
44025,0.903226
44026,0.419355
44027,0.645161
44028,0.419355
44029,0.612903
44030,0.419355
44031,0.645161
44032,0.516129
44033,0.677419
44034,0.354839
44035,0.580645
44036,0.903226
44037,0.645161
44038,0.935484
44039,0.903226
44040,0.709677
44041,0.645161
44042,0.612903
44043,0.580645
44044,0.903226
44045,0.645161
44046,0.935484
44047,0.677419
44048,0.935484
44049,0.709677
44050,0.645161
44051,0.903226
44052,0.677419
44053,0.935484
44054,0.322581
44055,0.709677
44056,0.419355
44057,0.516129
44058,0.354839
44059,0.580645
44060,0.387097
44061,0.580645
44062,0.354839
44063,0.580645
44064,0.387097
44065,0.548387
44066,0.451613
44067,0.548387
44068,0.451613
44069,0.645161
44070,0.419355
44071,0.548387
44072,0.677419
44073,0.677419
44074,0.419355
44075,0.580645
44076,0.419355
44077,0.516129
44078,0.387097
44079,0.516129
44080,0.451613
44081,0.580645
44082,0.451613
44083,0.548387
44084,0.645161
44085,0.548387
44086,0.483871
44087,0.645161
44088,0.451613
44089,0.548387
44090,0.806452
44091,0.677419
44092,0.645161
44093,0.612903
44094,0.774194
44095,0.451613
44096,0.580645
44097,0.645161
44098,0.709677
44099,0.516129
44100,0.677419
44101,0.580645
44102,0.741935
44103,0.903226
44104,0.580645
44105,0.741935
44106,0.645161
44107,1
44108,0.548387
44109,0.903226
44110,0.806452
44111,0.774194
44112,0.741935
44113,0.548387
44114,0.774194
44115,0.741935
44116,0.709677
44117,0.935484
44118,0.709677
44119,0.903226
44120,0.806452
44121,0.580645
44122,0.935484
44123,0.516129
44124,0.935484
44125,0.516129
44126,0.935484
44127,0.516129
44128,0.935484
44129,0.516129
44130,0.935484
44131,0.516129
44132,0.83871
44133,0.548387
44134,0.83871
44135,0.548387
44136,1
44137,0.516129
44138,1
44139,0.516129
44140,1
44141,0.548387
44142,1
44143,0.516129
44144,1
44145,0.548387
44146,1
44147,0.516129
44148,1
44149,0.516129
44150,1
44151,0.483871
44152,0.741935
44153,0.548387
44154,1
44155,0.548387
44156,1
44157,0.483871
44158,1
44159,0.516129
44160,1
44161,0.516129
44162,1
44163,0.483871
44164,1
44165,0.419355
44166,1
44167,0.419355
44168,1
44169,0.387097
44170,1
44171,0.419355
44172,1
44173,0.354839
44174,0.967742
44175,0.387097
44176,1
44177,0.387097
44178,0.967742
44179,0.387097
44180,0.935484
44181,0.387097
44182,0.903226
44183,0.387097
44184,0.870968
44185,0.387097
44186,0.903226
44187,0.419355
44188,0.903226
44189,0.612903
44190,0.83871
44191,0.612903
44192,0.903226
44193,0.612903
44194,0.903226
44195,0.645161
44196,0.903226
44197,0.677419
44198,0.870968
44199,0.709677
44200,0.870968
44201,0.612903
44202,0.903226
44203,0.645161
44204,0.645161
44205,0.516129
44206,0.709677
44207,0.612903
44208,0.806452
44209,0.548387
44210,0.709677
44211,0.516129
44212,0.709677
44213,0.580645
44214,0.709677
44215,0.612903
44216,0.806452
44217,0.548387
44218,0.806452
44219,0.645161
44220,0.83871
44221,0.612903
44222,0.83871
44223,0.612903
44224,0.83871
44225,0.677419
44226,0.870968
44227,0.774194
44228,0.774194
44229,0.580645
44230,0.83871
44231,0.645161
44232,0.612903
44233,0.774194
44234,0.806452
44235,0.677419
44236,0.548387
44237,0.774194
44238,0.483871
44239,0.774194
44240,0.516129
44241,0.709677
44242,0.580645
44243,0.806452
44244,0.83871
44245,0.709677
44246,0.870968
44247,0.709677
44248,0.870968
44249,0.677419
44250,0.83871
44251,0.483871
44252,1
44253,0.806452
44254,0.645161
44255,0.935484
44256,0.612903
44257,0.451613
44258,0.806452
44259,0.903226
44260,0.677419
44261,0.935484
44262,0.677419
44263,0.935484
44264,0.677419
44265,0.935484
44266,0.677419
44267,0.903226
44268,0.677419
44269,0.83871
44270,0.483871
44271,1
44272,0.645161
44273,0.903226
44274,0.645161
44275,0.935484
44276,0.580645
44277,0.83871
44278,0.548387
44279,0.580645
44280,0.83871
44281,0.483871
44282,0.935484
44283,0.903226
44284,0.516129
44285,0.83871
44286,0.548387
44287,0.83871
44288,0.548387
44289,0.870968
44290,0.677419
44291,0.774194
44292,0.709677
44293,0.83871
44294,0.612903
44295,0.83871
44296,0.580645
44297,0.774194
44298,0.709677
44299,0.806452
44300,0.548387
44301,0.903226
44302,0.677419
44303,0.806452
44304,0.483871
44305,0.83871
44306,0.483871
44307,0.83871
44308,0.516129
44309,0.967742
44310,0.645161
44311,0.774194
44312,0.677419
44313,0.774194
44314,0.483871
44315,0.903226
44316,0.516129
44317,0.935484
44318,0.548387
44319,0.83871
44320,0.548387
44321,0.83871
44322,0.645161
44323,0.612903
44324,0.967742
44325,0.677419
44326,0.709677
44327,0.806452
44328,0.516129
44329,1
44330,0.483871
44331,1
44332,0.677419
44333,0.903226
44334,0.741935
44335,0.741935
44336,0.516129
44337,0.967742
44338,0.612903
44339,0.677419
44340,0.709677
44341,0.870968
44342,0.580645
44343,0.967742
44344,0.548387
44345,0.967742
44346,0.580645
44347,0.870968
44348,0.580645
44349,0.83871
44350,0.516129
44351,0.967742
44352,0.516129
44353,0.870968
44354,0.516129
44355,0.903226
44356,0.516129
44357,0.967742
44358,0.645161
44359,0.935484
44360,0.709677
44361,0.741935
44362,0.483871
44363,0.967742
44364,0.483871
44365,1
44366,0.580645
44367,0.935484
44368,0.774194
44369,0.709677
44370,0.612903
44371,0.967742
44372,0.483871
44373,0.967742
44374,0.612903
44375,0.967742
44376,0.580645
44377,1
44378,0.645161
44379,1
44380,0.516129
44381,1
44382,0.483871
44383,0.774194
44384,0.580645
44385,0.935484
44386,0.516129
44387,0.83871
44388,0.709677
44389,0.709677
44390,0.741935
44391,0.935484
44392,0.548387
44393,0.870968
44394,0.451613
44395,0.870968
44396,0.516129
44397,0.870968
44398,0.516129
44399,0.870968
44400,0.483871
44401,0.903226
44402,0.516129
44403,0.870968
44404,0.516129
44405,0.870968
44406,0.483871
44407,0.903226
44408,0.483871
44409,0.870968
44410,0.483871
44411,1
44412,0.516129
44413,0.83871
44414,0.483871
44415,0.612903
44416,0.645161
44417,1
44418,0.483871
44419,1
44420,0.483871
44421,0.83871
44422,0.451613
44423,0.774194
44424,0.354839
44425,0.903226
44426,0.483871
44427,0.83871
44428,0.419355
44429,0.709677
44430,0.354839
44431,0.516129
44432,0.516129
44433,0.419355
44434,0.903226
44435,0.870968
44436,0.387097
44437,0.83871
44438,0.322581
44439,0.870968
44440,0.354839
44441,0.774194
44442,0.387097
44443,0.806452
44444,0.354839
44445,0.903226
44446,0.322581
44447,0.870968
44448,0.322581
44449,0.419355
44450,0.419355
44451,0.741935
44452,0.387097
44453,0.354839
44454,0.419355
44455,0.741935
44456,0.387097
44457,0.741935
44458,0.290323
44459,0.741935
44460,0.290323
44461,0.741935
44462,0.290323
44463,0.83871
44464,0.290323
44465,0.709677
44466,0.387097
44467,0.741935
44468,0.290323
44469,0.741935
44470,0.225806
44471,0.354839
44472,0.387097
44473,0.870968
44474,0.290323
44475,0.741935
44476,0.258065
44477,0.806452
44478,0.290323
44479,0.806452
44480,0.290323
44481,0.806452
44482,0.322581
44483,0.806452
44484,0.290323
44485,0.741935
44486,0.258065
44487,0.806452
44488,0.290323
44489,0.709677
44490,0.290323
44491,0.806452
44492,0.322581
44493,0.806452
44494,0.322581
44495,0.354839
44496,0.387097
44497,0.83871
44498,0.322581
44499,0.806452
44500,0.322581
44501,0.806452
44502,0.322581
44503,0.709677
44504,0.322581
44505,0.806452
44506,0.290323
44507,0.806452
44508,0.290323
44509,0.83871
44510,0.290323
44511,0.806452
44512,0.290323
44513,0.806452
44514,0.290323
44515,0.806452
44516,0.290323
44517,0.806452
44518,0.354839
44519,0.806452
44520,0.354839
44521,0.419355
44522,0.451613
44523,0.870968
44524,0.354839
44525,0.870968
44526,0.354839
44527,0.709677
44528,0.451613
44529,0.645161
44530,0.903226
44531,0.645161
44532,0.870968
44533,0.645161
44534,0.903226
44535,0.741935
44536,0.612903
44537,0.645161
44538,0.903226
44539,0.645161
44540,0.903226
44541,0.741935
44542,0.612903
44543,0.741935
44544,0.612903
44545,0.677419
44546,0.580645
44547,0.741935
44548,0.612903
44549,0.806452
44550,0.612903
44551,0.806452
44552,0.612903
44553,0.806452
44554,0.612903
44555,0.741935
44556,0.548387
44557,0.774194
44558,0.903226
44559,0.83871
44560,0.741935
44561,0.548387
44562,0.354839
44563,0.741935
44564,0.580645
44565,0.870968
44566,0.709677
44567,0.83871
44568,0.709677
44569,0.903226
44570,0.580645
44571,0.870968
44572,0.806452
44573,0.83871
44574,0.774194
44575,0.774194
44576,0.645161
44577,0.677419
44578,0.903226
44579,0.870968
44580,0.903226
44581,0.774194
44582,0.806452
44583,0.774194
44584,0.483871
44585,0.935484
44586,0.451613
44587,0.870968
44588,0.290323
44589,0.741935
44590,0.322581
44591,0.806452
44592,0.419355
44593,0.741935
44594,0.483871
44595,0.741935
44596,0.548387
44597,0.83871
44598,0.451613
44599,0.903226
44600,0.806452
44601,0.83871
44602,0.451613
44603,0.903226
44604,0.451613
44605,0.774194
44606,0.451613
44607,0.774194
44608,0.451613
44609,0.774194
44610,0.483871
44611,0.774194
44612,0.516129
44613,0.774194
44614,0.516129
44615,0.774194
44616,0.612903
44617,0.83871
44618,0.580645
44619,0.483871
44620,0.741935
44621,0.935484
44622,0.709677
44623,0.677419
44624,0.806452
44625,0.516129
44626,0.741935
44627,0.709677
44628,0.935484
44629,0.580645
44630,0.580645
44631,0.935484
44632,0.709677
44633,0.612903
44634,0.709677
44635,0.612903
44636,0.677419
44637,0.612903
44638,0.774194
44639,0.677419
44640,0.709677
44641,0.967742
44642,0.645161
44643,0.967742
44644,0.677419
44645,0.580645
44646,0.645161
44647,0.83871
44648,0.645161
44649,0.645161
44650,0.774194
44651,0.580645
44652,0.774194
44653,0.870968
44654,0.774194
44655,0.806452
44656,0.870968
44657,0.645161
44658,1
44659,0.580645
44660,0.935484
44661,0.516129
44662,0.580645
44663,0.806452
44664,0.580645
44665,0.83871
44666,0.774194
44667,0.580645
44668,0.903226
44669,0.419355
44670,0.967742
44671,0.451613
44672,1
44673,0.483871
44674,0.967742
44675,0.548387
44676,0.903226
44677,0.483871
44678,0.903226
44679,0.451613
44680,0.870968
44681,0.419355
44682,0.870968
44683,0.354839
44684,0.870968
44685,0.419355
44686,0.354839
44687,0.903226
44688,0.483871
44689,0.612903
44690,0.967742
44691,0.354839
44692,0.870968
44693,0.354839
44694,0.806452
44695,0.419355
44696,0.870968
44697,0.419355
44698,0.903226
44699,0.451613
44700,0.870968
44701,0.451613
44702,0.870968
44703,0.483871
44704,1
44705,0.741935
44706,0.806452
44707,0.83871
44708,0.806452
44709,0.774194
44710,0.870968
44711,0.741935
44712,0.806452
44713,0.709677
44714,0.612903
44715,0.83871
44716,0.774194
44717,0.806452
44718,0.774194
44719,0.806452
44720,0.741935
44721,0.806452
44722,0.806452
44723,0.774194
44724,0.806452
44725,0.483871
44726,0.903226
44727,0.451613
44728,0.903226
44729,0.806452
44730,0.774194
44731,0.645161
44732,0.548387
44733,0.741935
44734,0.709677
44735,0.741935
44736,0.548387
44737,0.741935
44738,0.709677
44739,0.645161
44740,0.870968
44741,0.774194
44742,0.774194
44743,0.774194
44744,0.709677
44745,0.741935
44746,0.774194
44747,0.645161
44748,0.548387
44749,0.741935
44750,0.516129
44751,0.806452
44752,0.677419
44753,0.451613
44754,0.580645
44755,0.516129
44756,0.580645
44757,0.516129
44758,0.580645
44759,0.483871
44760,0.774194
44761,0.451613
44762,0.612903
44763,0.709677
44764,0.806452
44765,0.612903
44766,0.806452
44767,0.677419
44768,0.774194
44769,0.580645
44770,0.709677
44771,0.741935
44772,0.677419
44773,0.677419
44774,0.612903
44775,0.677419
44776,0.677419
44777,0.677419
44778,0.645161
44779,0.612903
44780,0.774194
44781,0.580645
44782,0.774194
44783,0.580645
44784,0.870968
44785,0.548387
44786,0.83871
44787,0.548387
44788,0.870968
44789,0.580645
44790,0.774194
44791,0.548387
44792,0.741935
44793,0.548387
44794,0.709677
44795,0.741935
44796,0.709677
44797,0.612903
44798,0.774194
44799,0.548387
44800,0.741935
44801,0.612903
44802,0.870968
44803,0.548387
44804,0.774194
44805,0.483871
44806,0.83871
44807,0.548387
44808,0.935484
44809,0.516129
44810,0.83871
44811,0.548387
44812,0.645161
44813,0.83871
44814,0.935484
44815,0.516129
44816,0.83871
44817,0.516129
44818,0.83871
44819,0.516129
44820,0.806452
44821,0.483871
44822,0.903226
44823,0.419355
44824,0.677419
44825,0.645161
44826,0.741935
44827,0.516129
44828,0.83871
44829,0.516129
44830,0.83871
44831,0.516129
44832,0.903226
44833,0.451613
44834,0.741935
44835,0.806452
44836,0.83871
44837,0.483871
44838,0.83871
44839,0.548387
44840,0.741935
44841,0.709677
44842,0.580645
44843,1
44844,0.903226
44845,0.387097
44846,0.903226
44847,0.387097
44848,0.83871
44849,0.451613
44850,0.83871
44851,0.483871
44852,0.935484
44853,0.451613
44854,0.83871
44855,0.451613
44856,0.903226
44857,0.451613
44858,0.903226
44859,0.451613
44860,0.903226
44861,0.419355
44862,0.774194
44863,0.387097
44864,0.741935
44865,0.419355
44866,0.870968
44867,0.483871
44868,0.903226
44869,0.483871
44870,0.83871
44871,0.451613
44872,0.774194
44873,0.516129
44874,0.870968
44875,0.516129
44876,0.806452
44877,0.548387
44878,0.677419
44879,0.548387
44880,0.806452
44881,0.548387
44882,0.677419
44883,0.580645
44884,0.677419
44885,0.580645
44886,0.806452
44887,0.516129
44888,0.870968
44889,0.419355
44890,0.516129
44891,0.645161
44892,0.903226
44893,0.483871
44894,0.548387
44895,0.580645
44896,0.806452
44897,0.516129
44898,0.870968
44899,0.548387
44900,0.903226
44901,0.483871
44902,0.516129
44903,0.645161
44904,0.903226
44905,0.548387
44906,0.903226
44907,0.419355
44908,0.516129
44909,0.645161
44910,0.83871
44911,0.548387
44912,0.612903
44913,0.612903
44914,0.483871
44915,0.612903
44916,0.483871
44917,0.548387
44918,0.870968
44919,0.419355
44920,0.870968
44921,0.419355
44922,0.870968
44923,0.419355
44924,0.903226
44925,0.419355
44926,0.903226
44927,0.419355
44928,0.903226
44929,0.419355
44930,0.903226
44931,0.387097
44932,0.516129
44933,0.548387
44934,0.870968
44935,0.419355
44936,0.903226
44937,0.419355
44938,0.903226
44939,0.419355
44940,0.870968
44941,0.419355
44942,0.870968
44943,0.387097
44944,0.774194
44945,0.483871
44946,0.774194
44947,0.419355
44948,0.774194
44949,0.548387
44950,0.774194
44951,0.548387
44952,0.774194
44953,0.483871
44954,0.774194
44955,0.483871
44956,0.774194
44957,0.451613
44958,0.83871
44959,0.483871
44960,0.774194
44961,0.483871
44962,0.774194
44963,0.483871
44964,0.645161
44965,0.806452
44966,0.741935
44967,0.451613
44968,0.645161
44969,0.580645
44970,0.677419
44971,0.935484
44972,0.677419
44973,0.967742
44974,0.677419
44975,0.967742
44976,0.677419
44977,0.967742
44978,0.548387
44979,0.967742
44980,0.677419
44981,0.967742
44982,0.677419
44983,0.967742
44984,0.645161
44985,0.935484
44986,0.677419
44987,0.580645
44988,0.612903
44989,0.967742
44990,0.645161
44991,0.935484
44992,0.677419
44993,0.967742
44994,0.677419
44995,0.967742
44996,0.677419
44997,0.967742
44998,0.645161
44999,0.967742
45000,0.677419
45001,0.967742
45002,0.677419
45003,0.967742
45004,0.677419
45005,0.967742
45006,0.677419
45007,0.967742
45008,0.677419
45009,0.967742
45010,0.290323
45011,0.322581
45012,0.322581
45013,0.354839
45014,0.516129
45015,0.322581
45016,0.290323
45017,0.322581
45018,0.354839
45019,0.419355
45020,0.516129
45021,0.387097
45022,0.903226
45023,0.354839
45024,0.290323
45025,0.322581
45026,0.354839
45027,0.419355
45028,0.516129
45029,0.548387
45030,0.516129
45031,0.354839
45032,0.354839
45033,0.419355
45034,0.516129
45035,0.419355
45036,0.516129
45037,0.419355
45038,0.516129
45039,0.516129
45040,0.354839
45041,0.419355
45042,0.516129
45043,0.419355
45044,0.516129
45045,0.419355
45046,0.516129
45047,0.419355
45048,0.516129
45049,0.548387
45050,0.387097
45051,0.419355
45052,0.516129
45053,0.322581
45054,0.387097
45055,0.516129
45056,0.387097
45057,0.548387
45058,0.516129
45059,0.548387
45060,0.387097
45061,0.516129
45062,0.387097
45063,0.548387
45064,0.516129
45065,0.548387
45066,0.516129
45067,0.548387
45068,0.516129
45069,0.516129
45070,0.419355
45071,0.354839
45072,0.387097
45073,0.516129
45074,0.419355
45075,0.419355
45076,0.516129
45077,0.516129
45078,0.387097
45079,0.516129
45080,0.419355
45081,0.548387
45082,0.451613
45083,0.935484
45084,0.451613
45085,0.935484
45086,0.387097
45087,0.516129
45088,0.451613
45089,0.548387
45090,0.387097
45091,0.516129
45092,0.516129
45093,0.967742
45094,0.258065
45095,0.451613
45096,0.645161
45097,0.774194
45098,0.677419
45099,0.612903
45100,0.935484
45101,0.709677
45102,0.483871
45103,0.516129
45104,0.677419
45105,0.612903
45106,0.870968
45107,0.548387
45108,0.870968
45109,0.677419
45110,0.935484
45111,0.483871
45112,0.645161
45113,0.903226
45114,0.451613
45115,0.870968
45116,0.322581
45117,0.709677
45118,0.354839
45119,0.709677
45120,0.354839
45121,0.709677
45122,0.419355
45123,0.677419
45124,0.419355
45125,0.677419
45126,0.483871
45127,0.774194
45128,0.419355
45129,0.774194
45130,0.419355
45131,0.83871
45132,0.709677
45133,0.774194
45134,0.483871
45135,0.806452
45136,0.483871
45137,0.806452
45138,0.516129
45139,0.645161
45140,0.516129
45141,0.774194
45142,0.483871
45143,0.516129
45144,0.516129
45145,0.741935
45146,0.548387
45147,0.741935
45148,0.548387
45149,0.709677
45150,0.516129
45151,0.903226
45152,0.741935
45153,0.83871
45154,0.548387
45155,0.903226
45156,0.516129
45157,0.870968
45158,0.580645
45159,0.677419
45160,0.483871
45161,0.903226
45162,0.516129
45163,0.83871
45164,0.516129
45165,0.935484
45166,0.548387
45167,0.935484
45168,0.516129
45169,0.806452
45170,0.580645
45171,0.935484
45172,0.548387
45173,0.806452
45174,0.580645
45175,0.935484
45176,0.516129
45177,0.83871
45178,0.645161
45179,0.83871
45180,0.677419
45181,0.935484
45182,0.516129
45183,0.870968
45184,0.516129
45185,0.935484
45186,0.483871
45187,0.83871
45188,0.548387
45189,0.83871
45190,0.548387
45191,0.83871
45192,0.548387
45193,0.903226
45194,0.548387
45195,1
45196,0.612903
45197,0.903226
45198,0.580645
45199,0.806452
45200,0.548387
45201,0.806452
45202,0.580645
45203,0.83871
45204,0.612903
45205,0.83871
45206,0.580645
45207,0.806452
45208,0.516129
45209,0.806452
45210,0.483871
45211,0.83871
45212,0.516129
45213,0.83871
45214,0.516129
45215,0.83871
45216,0.483871
45217,0.83871
45218,0.451613
45219,0.258065
45220,0.967742
45221,0.709677
45222,0.612903
45223,0.870968
45224,0.516129
45225,0.870968
45226,0.516129
45227,0.645161
45228,0.709677
45229,0.580645
45230,0.709677
45231,0.645161
45232,0.645161
45233,0.709677
45234,0.677419
45235,0.548387
45236,0.935484
45237,0.709677
45238,0.903226
45239,0.677419
45240,0.935484
45241,0.677419
45242,0.935484
45243,0.677419
45244,0.935484
45245,0.612903
45246,0.935484
45247,0.645161
45248,0.870968
45249,0.677419
45250,0.935484
45251,0.612903
45252,0.935484
45253,0.645161
45254,0.935484
45255,0.677419
45256,0.935484
45257,0.612903
45258,0.903226
45259,0.741935
45260,0.83871
45261,0.709677
45262,0.83871
45263,0.548387
45264,0.709677
45265,0.451613
45266,0.612903
45267,0.645161
45268,0.709677
45269,0.516129
45270,0.709677
45271,0.548387
45272,0.709677
45273,0.548387
45274,0.806452
45275,0.580645
45276,0.806452
45277,0.612903
45278,0.806452
45279,0.774194
45280,0.870968
45281,0.741935
45282,0.677419
45283,0.741935
45284,0.774194
45285,0.677419
45286,0.935484
45287,0.774194
45288,0.870968
45289,0.548387
45290,0.83871
45291,0.677419
45292,0.870968
45293,0.677419
45294,0.870968
45295,0.774194
45296,0.870968
45297,0.709677
45298,0.870968
45299,0.612903
45300,0.870968
45301,0.516129
45302,0.774194
45303,0.677419
45304,0.580645
45305,0.806452
45306,0.741935
45307,0.677419
45308,0.741935
45309,0.677419
45310,0.967742
45311,0.580645
45312,1
45313,0.516129
45314,1
45315,0.516129
45316,1
45317,0.548387
45318,1
45319,0.548387
45320,1
45321,0.548387
45322,1
45323,0.516129
45324,1
45325,0.612903
45326,0.967742
45327,0.612903
45328,0.903226
45329,0.516129
45330,1
45331,0.516129
45332,1
45333,0.483871
45334,1
45335,0.516129
45336,1
45337,0.483871
45338,0.935484
45339,0.548387
45340,1
45341,0.451613
45342,1
45343,0.483871
45344,1
45345,0.483871
45346,1
45347,0.451613
45348,0.806452
45349,0.516129
45350,0.645161
45351,0.677419
45352,0.903226
45353,0.483871
45354,0.935484
45355,0.548387
45356,0.935484
45357,0.483871
45358,0.870968
45359,0.451613
45360,0.870968
45361,0.451613
45362,0.870968
45363,0.483871
45364,0.870968
45365,0.483871
45366,0.806452
45367,0.387097
45368,0.774194
45369,0.516129
45370,0.83871
45371,0.516129
45372,0.774194
45373,0.516129
45374,0.612903
45375,0.354839
45376,0.83871
45377,0.419355
45378,0.806452
45379,0.612903
45380,0.83871
45381,0.548387
45382,0.774194
45383,0.548387
45384,0.741935
45385,0.483871
45386,0.83871
45387,0.451613
45388,0.83871
45389,0.483871
45390,0.741935
45391,0.516129
45392,0.83871
45393,0.354839
45394,0.903226
45395,0.354839
45396,0.903226
45397,0.387097
45398,0.903226
45399,0.419355
45400,0.83871
45401,0.483871
45402,0.709677
45403,0.483871
45404,0.83871
45405,0.354839
45406,0.83871
45407,0.483871
45408,0.709677
45409,0.451613
45410,0.741935
45411,0.451613
45412,0.741935
45413,0.451613
45414,0.709677
45415,0.612903
45416,0.741935
45417,0.451613
45418,0.741935
45419,0.451613
45420,0.741935
45421,0.451613
45422,0.741935
45423,0.451613
45424,0.741935
45425,0.451613
45426,0.741935
45427,0.451613
45428,0.741935
45429,0.451613
45430,0.774194
45431,0.387097
45432,0.741935
45433,0.451613
45434,0.741935
45435,0.419355
45436,0.451613
45437,0.483871
45438,0.645161
45439,0.483871
45440,0.645161
45441,0.483871
45442,0.870968
45443,0.419355
45444,0.741935
45445,0.516129
45446,0.580645
45447,0.451613
45448,0.870968
45449,0.387097
45450,0.548387
45451,0.580645
45452,0.870968
45453,0.419355
45454,0.903226
45455,0.419355
45456,0.903226
45457,0.419355
45458,0.806452
45459,0.419355
45460,0.483871
45461,0.516129
45462,0.870968
45463,0.354839
45464,0.83871
45465,0.419355
45466,0.483871
45467,0.580645
45468,0.870968
45469,0.419355
45470,0.903226
45471,0.354839
45472,0.645161
45473,0.548387
45474,0.870968
45475,0.419355
45476,0.806452
45477,0.483871
45478,0.741935
45479,0.451613
45480,0.806452
45481,0.516129
45482,0.709677
45483,0.548387
45484,0.774194
45485,0.483871
45486,0.806452
45487,0.290323
45488,0.870968
45489,0.290323
45490,0.806452
45491,0.483871
45492,0.677419
45493,0.483871
45494,0.677419
45495,0.483871
45496,0.677419
45497,0.483871
45498,0.677419
45499,0.483871
45500,0.677419
45501,0.548387
45502,0.548387
45503,0.451613
45504,0.516129
45505,0.451613
45506,0.516129
45507,0.451613
45508,0.612903
45509,0.516129
45510,0.548387
45511,0.548387
45512,0.516129
45513,0.516129
45514,0.419355
45515,0.387097
45516,0.548387
45517,0.548387
45518,0.612903
45519,0.451613
45520,0.612903
45521,0.516129
45522,0.612903
45523,0.516129
45524,0.612903
45525,0.483871
45526,0.645161
45527,0.967742
45528,0.645161
45529,0.967742
45530,0.709677
45531,0.967742
45532,0.645161
45533,0.935484
45534,0.483871
45535,0.354839
45536,0.516129
45537,0.354839
45538,0.516129
45539,0.322581
45540,0.258065
45541,0.354839
45542,0.322581
45543,0.322581
45544,0.322581
45545,0.354839
45546,0.516129
45547,0.548387
45548,0.290323
45549,0.419355
45550,0.354839
45551,0.580645
45552,0.354839
45553,0.612903
45554,0.387097
45555,0.580645
45556,0.354839
45557,0.548387
45558,0.322581
45559,0.516129
45560,0.387097
45561,0.483871
45562,0.387097
45563,0.516129
45564,0.387097
45565,0.580645
45566,0.387097
45567,0.580645
45568,0.419355
45569,0.645161
45570,0.354839
45571,0.612903
45572,0.354839
45573,0.612903
45574,0.354839
45575,0.612903
45576,0.387097
45577,0.516129
45578,0.387097
45579,0.548387
45580,0.387097
45581,0.548387
45582,0.387097
45583,0.548387
45584,0.387097
45585,0.548387
45586,0.387097
45587,0.612903
45588,0.387097
45589,0.548387
45590,0.387097
45591,0.612903
45592,0.387097
45593,0.548387
45594,0.387097
45595,0.548387
45596,0.387097
45597,0.548387
45598,0.387097
45599,0.548387
45600,0.387097
45601,0.548387
45602,0.387097
45603,0.548387
45604,0.387097
45605,0.548387
45606,0.387097
45607,0.483871
45608,0.548387
45609,0.580645
45610,0.967742
45611,0.516129
45612,0.967742
45613,0.483871
45614,0.548387
45615,0.645161
45616,0.451613
45617,0.612903
45618,0.419355
45619,0.645161
45620,0.483871
45621,0.677419
45622,0.483871
45623,0.677419
45624,0.677419
45625,0.903226
45626,0.967742
45627,0.677419
45628,0.774194
45629,0.870968
45630,0.483871
45631,0.903226
45632,0.483871
45633,0.967742
45634,0.83871
45635,0.967742
45636,0.709677
45637,0.741935
45638,0.483871
45639,0.612903
45640,0.935484
45641,0.645161
45642,0.903226
45643,0.677419
45644,0.935484
45645,0.612903
45646,0.451613
45647,0.806452
45648,0.612903
45649,0.806452
45650,0.225806
45651,0.709677
45652,0.258065
45653,0.516129
45654,0.387097
45655,0.580645
45656,0.419355
45657,0.612903
45658,0.516129
45659,0.645161
45660,0.516129
45661,0.806452
45662,0.451613
45663,0.709677
45664,0.83871
45665,0.677419
45666,0.548387
45667,0.709677
45668,0.548387
45669,0.709677
45670,0.451613
45671,0.419355
45672,0.516129
45673,0.645161
45674,0.645161
45675,0.645161
45676,0.83871
45677,0.451613
45678,0.774194
45679,0.645161
45680,0.580645
45681,0.677419
45682,0.83871
45683,0.709677
45684,0.774194
45685,0.548387
45686,0.580645
45687,0.580645
45688,0.612903
45689,0.903226
45690,0.677419
45691,0.483871
45692,0.806452
45693,0.483871
45694,0.709677
45695,0.612903
45696,0.903226
45697,0.516129
45698,0.774194
45699,0.516129
45700,0.741935
45701,0.580645
45702,0.774194
45703,0.612903
45704,0.774194
45705,0.580645
45706,0.709677
45707,0.774194
45708,0.677419
45709,0.580645
45710,0.806452
45711,0.516129
45712,0.806452
45713,0.516129
45714,0.806452
45715,0.516129
45716,0.806452
45717,0.483871
45718,1
45719,0.483871
45720,1
45721,0.516129
45722,1
45723,0.580645
45724,1
45725,0.516129
45726,1
45727,0.516129
45728,1
45729,0.516129
45730,1
45731,0.516129
45732,1
45733,0.483871
45734,1
45735,0.483871
45736,0.612903
45737,0.645161
45738,1
45739,0.483871
45740,0.967742
45741,0.483871
45742,0.967742
45743,0.419355
45744,0.806452
45745,0.483871
45746,0.870968
45747,0.419355
45748,0.806452
45749,0.548387
45750,0.612903
45751,0.483871
45752,0.967742
45753,0.419355
45754,0.83871
45755,0.483871
45756,0.806452
45757,0.451613
45758,0.741935
45759,0.580645
45760,0.83871
45761,0.419355
45762,0.870968
45763,0.709677
45764,0.548387
45765,0.903226
45766,0.645161
45767,0.935484
45768,0.677419
45769,0.935484
45770,0.645161
45771,0.935484
45772,0.612903
45773,0.935484
45774,0.645161
45775,0.870968
45776,0.677419
45777,0.935484
45778,0.645161
45779,0.612903
45780,0.806452
45781,0.806452
45782,0.741935
45783,0.83871
45784,0.709677
45785,0.419355
45786,0.806452
45787,0.451613
45788,0.806452
45789,0.870968
45790,0.806452
45791,0.83871
45792,0.774194
45793,0.83871
45794,0.741935
45795,0.645161
45796,0.580645
45797,0.935484
45798,0.741935
45799,0.806452
45800,0.612903
45801,0.806452
45802,0.387097
45803,0.83871
45804,0.451613
45805,0.935484
45806,0.709677
45807,0.870968
45808,0.709677
45809,0.870968
45810,0.709677
45811,0.870968
45812,0.709677
45813,0.870968
45814,0.677419
45815,0.870968
45816,0.677419
45817,0.870968
45818,0.677419
45819,0.870968
45820,0.677419
45821,0.870968
45822,0.709677
45823,0.83871
45824,0.741935
45825,0.870968
45826,0.612903
45827,0.903226
45828,0.645161
45829,0.903226
45830,0.645161
45831,0.903226
45832,0.645161
45833,0.903226
45834,0.612903
45835,0.870968
45836,0.387097
45837,1
45838,0.483871
45839,1
45840,0.483871
45841,1
45842,0.451613
45843,1
45844,0.516129
45845,1
45846,0.548387
45847,0.967742
45848,0.580645
45849,1
45850,0.483871
45851,1
45852,0.548387
45853,0.967742
45854,0.548387
45855,1
45856,0.451613
45857,1
45858,0.483871
45859,1
45860,0.451613
45861,1
45862,0.516129
45863,1
45864,0.451613
45865,0.967742
45866,0.516129
45867,0.967742
45868,0.483871
45869,1
45870,0.548387
45871,0.645161
45872,0.645161
45873,0.935484
45874,0.580645
45875,0.967742
45876,0.483871
45877,0.903226
45878,0.612903
45879,1
45880,0.483871
45881,1
45882,0.516129
45883,0.870968
45884,0.483871
45885,0.903226
45886,0.451613
45887,0.935484
45888,0.451613
45889,1
45890,0.387097
45891,0.903226
45892,0.387097
45893,0.806452
45894,0.354839
45895,0.903226
45896,0.387097
45897,0.774194
45898,0.387097
45899,0.806452
45900,0.483871
45901,0.354839
45902,0.516129
45903,0.806452
45904,0.387097
45905,0.645161
45906,0.645161
45907,0.870968
45908,0.387097
45909,0.967742
45910,0.322581
45911,0.516129
45912,0.451613
45913,0.483871
45914,0.483871
45915,0.806452
45916,0.354839
45917,0.83871
45918,0.354839
45919,0.83871
45920,0.322581
45921,0.483871
45922,0.483871
45923,0.774194
45924,0.387097
45925,0.806452
45926,0.322581
45927,0.83871
45928,0.258065
45929,0.677419
45930,0.548387
45931,0.83871
45932,0.354839
45933,0.903226
45934,0.354839
45935,0.83871
45936,0.387097
45937,0.774194
45938,0.419355
45939,0.774194
45940,0.419355
45941,0.806452
45942,0.387097
45943,0.806452
45944,0.387097
45945,0.870968
45946,0.322581
45947,0.774194
45948,0.322581
45949,0.645161
45950,0.870968
45951,0.741935
45952,0.419355
45953,0.806452
45954,0.419355
45955,0.806452
45956,0.354839
45957,0.903226
45958,0.387097
45959,0.903226
45960,0.387097
45961,0.806452
45962,0.516129
45963,0.741935
45964,0.419355
45965,0.516129
45966,0.645161
45967,0.580645
45968,0.580645
45969,0.193548
45970,0.548387
45971,0.774194
45972,0.548387
45973,0.870968
45974,0.451613
45975,0.870968
45976,0.451613
45977,0.903226
45978,0.516129
45979,0.903226
45980,0.483871
45981,0.709677
45982,0.483871
45983,0.483871
45984,0.483871
45985,0.483871
45986,0.645161
45987,0.903226
45988,0.483871
45989,0.806452
45990,0.483871
45991,0.741935
45992,0.516129
45993,0.806452
45994,0.516129
45995,0.774194
45996,0.516129
45997,0.774194
45998,0.516129
45999,0.741935
46000,0.580645
46001,0.903226
46002,0.548387
46003,0.645161
46004,0.645161
46005,0.903226
46006,0.483871
46007,0.903226
46008,0.548387
46009,0.903226
46010,0.548387
46011,0.870968
46012,0.451613
46013,0.774194
46014,0.516129
46015,0.83871
46016,0.451613
46017,0.548387
46018,0.580645
46019,0.870968
46020,0.451613
46021,0.483871
46022,0.516129
46023,0.935484
46024,0.516129
46025,0.903226
46026,0.419355
46027,0.870968
46028,0.419355
46029,0.870968
46030,0.354839
46031,0.419355
46032,0.419355
46033,0.806452
46034,0.322581
46035,0.870968
46036,0.322581
46037,0.870968
46038,0.290323
46039,0.451613
46040,0.419355
46041,0.774194
46042,0.451613
46043,0.806452
46044,0.322581
46045,0.612903
46046,0.967742
46047,0.548387
46048,0.516129
46049,0.451613
46050,0.419355
46051,0.516129
46052,0.967742
46053,0.677419
46054,0.548387
46055,0.612903
46056,0.967742
46057,0.774194
46058,0.290323
46059,0.903226
46060,0.451613
46061,0.870968
46062,0.322581
46063,0.677419
46064,0.516129
46065,0.612903
46066,0.935484
46067,0.870968
46068,0.322581
46069,0.806452
46070,0.354839
46071,0.548387
46072,0.967742
46073,0.709677
46074,0.322581
46075,0.806452
46076,0.354839
46077,0.612903
46078,0.935484
46079,0.483871
46080,0.967742
46081,0.483871
46082,0.967742
46083,0.612903
46084,0.935484
46085,0.483871
46086,0.967742
46087,0.741935
46088,0.290323
46089,0.483871
46090,0.967742
46091,0.483871
46092,0.967742
46093,0.483871
46094,0.967742
46095,0.387097
46096,0.387097
46097,0.774194
46098,0.677419
46099,0.870968
46100,0.322581
46101,0.870968
46102,0.322581
46103,0.516129
46104,0.387097
46105,0.870968
46106,0.354839
46107,0.419355
46108,0.548387
46109,0.870968
46110,0.354839
46111,0.774194
46112,0.354839
46113,0.870968
46114,0.354839
46115,0.774194
46116,0.548387
46117,0.870968
46118,0.354839
46119,0.774194
46120,0.322581
46121,0.709677
46122,0.354839
46123,0.774194
46124,0.354839
46125,0.774194
46126,0.709677
46127,0.870968
46128,0.354839
46129,0.483871
46130,0.419355
46131,0.870968
46132,0.354839
46133,0.483871
46134,0.451613
46135,0.774194
46136,0.548387
46137,0.870968
46138,0.354839
46139,0.419355
46140,0.548387
46141,0.870968
46142,0.387097
46143,0.709677
46144,0.774194
46145,0.870968
46146,0.354839
46147,0.645161
46148,0.967742
46149,0.741935
46150,0.483871
46151,0.774194
46152,0.580645
46153,0.741935
46154,0.483871
46155,0.741935
46156,0.903226
46157,0.774194
46158,0.806452
46159,0.354839
46160,0.677419
46161,0.322581
46162,0.83871
46163,0.612903
46164,0.806452
46165,0.709677
46166,0.903226
46167,0.709677
46168,0.451613
46169,0.870968
46170,0.451613
46171,0.806452
46172,0.258065
46173,0.483871
46174,0.354839
46175,0.774194
46176,0.258065
46177,0.741935
46178,0.258065
46179,0.451613
46180,0.322581
46181,0.483871
46182,0.451613
46183,0.83871
46184,0.419355
46185,0.83871
46186,0.419355
46187,0.903226
46188,0.451613
46189,0.870968
46190,0.903226
46191,0.870968
46192,0.419355
46193,0.741935
46194,0.516129
46195,0.870968
46196,0.451613
46197,0.935484
46198,0.451613
46199,0.83871
46200,0.451613
46201,0.935484
46202,0.709677
46203,0.935484
46204,0.645161
46205,0.709677
46206,0.806452
46207,0.677419
46208,0.774194
46209,0.677419
46210,0.580645
46211,0.612903
46212,0.612903
46213,0.580645
46214,0.806452
46215,0.645161
46216,0.870968
46217,0.645161
46218,0.774194
46219,0.709677
46220,0.870968
46221,0.516129
46222,0.677419
46223,0.580645
46224,0.612903
46225,0.645161
46226,0.612903
46227,0.645161
46228,0.677419
46229,0.548387
46230,0.709677
46231,0.451613
46232,0.677419
46233,0.612903
46234,0.645161
46235,0.580645
46236,0.774194
46237,0.580645
46238,0.935484
46239,0.483871
46240,0.741935
46241,0.483871
46242,0.741935
46243,0.483871
46244,0.677419
46245,0.419355
46246,0.645161
46247,0.677419
46248,0.645161
46249,0.677419
46250,0.709677
46251,0.516129
46252,0.83871
46253,0.451613
46254,0.806452
46255,0.677419
46256,0.903226
46257,0.516129
46258,1
46259,0.516129
46260,1
46261,0.483871
46262,0.967742
46263,0.580645
46264,0.709677
46265,0.935484
46266,0.870968
46267,0.612903
46268,0.870968
46269,0.548387
46270,0.806452
46271,0.580645
46272,0.903226
46273,0.612903
46274,0.903226
46275,0.774194
46276,0.677419
46277,0.451613
46278,1
46279,0.516129
46280,0.903226
46281,0.548387
46282,0.870968
46283,0.516129
46284,0.870968
46285,0.516129
46286,0.870968
46287,0.419355
46288,0.741935
46289,0.516129
46290,0.645161
46291,0.580645
46292,0.677419
46293,0.677419
46294,0.741935
46295,0.903226
46296,0.612903
46297,0.935484
46298,0.741935
46299,0.870968
46300,0.709677
46301,0.903226
46302,0.516129
46303,0.935484
46304,0.709677
46305,0.903226
46306,0.709677
46307,0.903226
46308,0.741935
46309,0.83871
46310,0.483871
46311,0.935484
46312,0.677419
46313,0.870968
46314,0.709677
46315,0.870968
46316,0.709677
46317,0.83871
46318,0.709677
46319,0.83871
46320,0.709677
46321,0.83871
46322,0.516129
46323,0.903226
46324,0.548387
46325,0.612903
46326,0.645161
46327,0.709677
46328,0.580645
46329,0.612903
46330,0.580645
46331,0.612903
46332,0.645161
46333,0.806452
46334,0.580645
46335,0.709677
46336,0.548387
46337,0.709677
46338,0.612903
46339,0.677419
46340,0.645161
46341,0.806452
46342,0.580645
46343,0.677419
46344,0.774194
46345,0.806452
46346,0.774194
46347,0.83871
46348,0.548387
46349,0.516129
46350,0.741935
46351,0.806452
46352,0.645161
46353,0.870968
46354,0.645161
46355,0.870968
46356,0.645161
46357,0.870968
46358,0.580645
46359,0.903226
46360,0.645161
46361,0.903226
46362,0.483871
46363,0.806452
46364,0.580645
46365,0.806452
46366,0.580645
46367,0.774194
46368,0.645161
46369,0.870968
46370,0.451613
46371,0.903226
46372,0.516129
46373,0.870968
46374,0.516129
46375,1
46376,0.483871
46377,0.83871
46378,0.516129
46379,0.870968
46380,0.612903
46381,0.870968
46382,0.580645
46383,0.870968
46384,0.645161
46385,0.967742
46386,0.580645
46387,0.967742
46388,0.548387
46389,1
46390,0.548387
46391,1
46392,0.483871
46393,1
46394,0.451613
46395,1
46396,0.516129
46397,1
46398,0.580645
46399,0.709677
46400,0.774194
46401,0.903226
46402,0.645161
46403,0.967742
46404,0.483871
46405,1
46406,0.612903
46407,0.903226
46408,0.548387
46409,1
46410,0.580645
46411,1
46412,0.548387
46413,1
46414,0.548387
46415,1
46416,0.451613
46417,0.83871
46418,0.677419
46419,0.83871
46420,0.451613
46421,0.677419
46422,0.774194
46423,0.870968
46424,0.548387
46425,0.903226
46426,0.451613
46427,0.903226
46428,0.483871
46429,0.903226
46430,0.483871
46431,0.870968
46432,0.548387
46433,0.806452
46434,0.451613
46435,0.258065
46436,0.967742
46437,0.709677
46438,0.548387
46439,0.806452
46440,0.483871
46441,0.548387
46442,0.612903
46443,0.870968
46444,0.419355
46445,0.903226
46446,0.419355
46447,0.516129
46448,0.548387
46449,0.774194
46450,0.387097
46451,0.870968
46452,0.387097
46453,0.580645
46454,0.83871
46455,0.774194
46456,0.516129
46457,0.870968
46458,0.483871
46459,0.870968
46460,0.419355
46461,0.806452
46462,0.645161
46463,0.83871
46464,0.419355
46465,0.870968
46466,0.483871
46467,0.580645
46468,0.612903
46469,0.870968
46470,0.419355
46471,0.903226
46472,0.451613
46473,0.903226
46474,0.451613
46475,0.870968
46476,0.483871
46477,0.83871
46478,0.483871
46479,0.83871
46480,0.451613
46481,0.903226
46482,0.451613
46483,0.903226
46484,0.419355
46485,0.548387
46486,0.645161
46487,0.709677
46488,0.451613
46489,0.451613
46490,0.516129
46491,0.451613
46492,0.548387
46493,0.870968
46494,0.419355
46495,0.806452
46496,0.709677
46497,0.870968
46498,0.387097
46499,1
46500,0.419355
46501,0.903226
46502,0.483871
46503,0.387097
46504,0.516129
46505,0.870968
46506,0.451613
46507,0.516129
46508,0.548387
46509,0.870968
46510,0.419355
46511,0.903226
46512,0.516129
46513,0.903226
46514,0.548387
46515,0.83871
46516,0.548387
46517,0.645161
46518,0.709677
46519,0.870968
46520,0.483871
46521,0.903226
46522,0.483871
46523,0.903226
46524,0.548387
46525,0.903226
46526,0.483871
46527,0.806452
46528,0.516129
46529,0.645161
46530,0.548387
46531,0.870968
46532,0.483871
46533,0.903226
46534,0.483871
46535,0.806452
46536,0.387097
46537,0.870968
46538,0.483871
46539,0.903226
46540,0.483871
46541,0.903226
46542,0.483871
46543,0.870968
46544,0.387097
46545,0.451613
46546,0.451613
46547,0.483871
46548,0.580645
46549,0.903226
46550,0.483871
46551,0.903226
46552,0.483871
46553,0.903226
46554,0.483871
46555,0.903226
46556,0.483871
46557,0.903226
46558,0.451613
46559,0.903226
46560,0.387097
46561,0.645161
46562,0.483871
46563,0.870968
46564,0.387097
46565,0.709677
46566,0.387097
46567,0.645161
46568,0.419355
46569,0.870968
46570,0.290323
46571,0.774194
46572,0.387097
46573,0.677419
46574,0.612903
46575,0.677419
46576,0.451613
46577,0.516129
46578,0.580645
46579,0.774194
46580,0.258065
46581,0.709677
46582,0.419355
46583,0.903226
46584,0.290323
46585,0.870968
46586,0.290323
46587,0.870968
46588,0.290323
46589,0.83871
46590,0.258065
46591,0.483871
46592,1
46593,0.806452
46594,0.258065
46595,0.677419
46596,0.741935
46597,0.83871
46598,0.354839
46599,0.580645
46600,0.870968
46601,0.677419
46602,0.870968
46603,0.741935
46604,0.451613
46605,0.83871
46606,0.354839
46607,0.903226
46608,0.387097
46609,0.741935
46610,0.451613
46611,0.806452
46612,0.290323
46613,0.806452
46614,0.290323
46615,0.806452
46616,0.322581
46617,0.806452
46618,0.354839
46619,0.741935
46620,0.806452
46621,0.516129
46622,0.870968
46623,0.806452
46624,0.290323
46625,0.806452
46626,0.290323
46627,0.741935
46628,0.774194
46629,0.451613
46630,0.967742
46631,0.83871
46632,0.354839
46633,0.83871
46634,0.354839
46635,0.612903
46636,0.870968
46637,0.774194
46638,0.516129
46639,0.774194
46640,0.419355
46641,0.580645
46642,0.935484
46643,0.903226
46644,0.451613
46645,0.903226
46646,0.483871
46647,0.935484
46648,0.290323
46649,0.903226
46650,0.451613
46651,0.580645
46652,0.870968
46653,0.483871
46654,0.967742
46655,0.806452
46656,0.645161
46657,0.806452
46658,0.645161
46659,0.806452
46660,0.645161
46661,0.935484
46662,0.645161
46663,0.612903
46664,0.967742
46665,0.935484
46666,0.580645
46667,0.83871
46668,0.83871
46669,0.935484
46670,0.548387
46671,0.903226
46672,0.83871
46673,0.516129
46674,0.451613
46675,0.903226
46676,0.387097
46677,0.806452
46678,0.806452
46679,0.806452
46680,0.645161
46681,0.709677
46682,0.83871
46683,0.741935
46684,0.709677
46685,0.774194
46686,0.451613
46687,0.677419
46688,0.483871
46689,0.83871
46690,0.741935
46691,0.774194
46692,0.83871
46693,0.612903
46694,0.774194
46695,0.225806
46696,0.83871
46697,0.645161
46698,0.935484
46699,0.677419
46700,0.870968
46701,0.709677
46702,0.645161
46703,0.774194
46704,0.677419
46705,0.903226
46706,0.387097
46707,0.709677
46708,0.322581
46709,0.709677
46710,0.290323
46711,0.677419
46712,0.451613
46713,0.774194
46714,0.387097
46715,0.677419
46716,0.516129
46717,0.612903
46718,0.516129
46719,0.612903
46720,0.483871
46721,0.516129
46722,0.451613
46723,0.516129
46724,0.483871
46725,0.741935
46726,0.354839
46727,0.677419
46728,0.451613
46729,0.677419
46730,0.548387
46731,0.709677
46732,0.483871
46733,0.709677
46734,0.612903
46735,0.903226
46736,0.483871
46737,0.806452
46738,0.83871
46739,0.806452
46740,0.709677
46741,0.774194
46742,0.870968
46743,0.903226
46744,0.709677
46745,0.967742
46746,0.709677
46747,0.967742
46748,0.580645
46749,1
46750,0.645161
46751,0.870968
46752,0.516129
46753,0.516129
46754,0.774194
46755,1
46756,0.612903
46757,1
46758,0.516129
46759,0.870968
46760,0.548387
46761,1
46762,0.516129
46763,0.935484
46764,0.548387
46765,0.83871
46766,0.516129
46767,0.903226
46768,0.548387
46769,0.645161
46770,0.83871
46771,0.903226
46772,0.516129
46773,0.645161
46774,0.612903
46775,0.774194
46776,0.612903
46777,0.83871
46778,0.516129
46779,0.870968
46780,0.645161
46781,0.580645
46782,0.709677
46783,0.741935
46784,0.548387
46785,0.774194
46786,0.548387
46787,0.806452
46788,0.548387
46789,0.774194
46790,0.774194
46791,0.806452
46792,0.612903
46793,0.774194
46794,1
46795,0.741935
46796,1
46797,0.741935
46798,0.709677
46799,0.741935
46800,0.645161
46801,0.612903
46802,0.612903
46803,0.516129
46804,0.645161
46805,0.806452
46806,0.83871
46807,0.322581
46808,0.580645
46809,0.83871
46810,0.451613
46811,1
46812,0.387097
46813,0.870968
46814,0.419355
46815,0.741935
46816,0.548387
46817,0.612903
46818,0.516129
46819,0.548387
46820,0.516129
46821,0.580645
46822,0.548387
46823,0.645161
46824,0.645161
46825,0.903226
46826,0.580645
46827,0.677419
46828,0.516129
46829,0.741935
46830,0.709677
46831,0.612903
46832,0.709677
46833,0.677419
46834,0.548387
46835,0.774194
46836,0.483871
46837,0.935484
46838,0.580645
46839,0.870968
46840,0.612903
46841,0.612903
46842,0.806452
46843,0.83871
46844,0.612903
46845,0.741935
46846,0.645161
46847,0.806452
46848,0.612903
46849,0.580645
46850,0.774194
46851,0.806452
46852,0.677419
46853,0.709677
46854,0.645161
46855,0.83871
46856,0.612903
46857,0.806452
46858,0.580645
46859,0.806452
46860,0.580645
46861,0.83871
46862,0.580645
46863,0.612903
46864,0.677419
46865,0.83871
46866,0.612903
46867,0.83871
46868,0.612903
46869,0.612903
46870,0.709677
46871,0.83871
46872,0.580645
46873,0.83871
46874,0.612903
46875,0.83871
46876,0.612903
46877,0.83871
46878,0.548387
46879,0.774194
46880,0.483871
46881,0.774194
46882,0.483871
46883,0.774194
46884,0.483871
46885,0.774194
46886,0.483871
46887,0.774194
46888,0.580645
46889,0.580645
46890,0.612903
46891,0.612903
46892,0.645161
46893,0.774194
46894,0.516129
46895,0.774194
46896,0.516129
46897,0.774194
46898,0.516129
46899,0.741935
46900,0.580645
46901,0.903226
46902,0.645161
46903,0.903226
46904,0.645161
46905,0.870968
46906,0.451613
46907,0.870968
46908,0.612903
46909,0.903226
46910,0.516129
46911,0.870968
46912,0.677419
46913,0.903226
46914,0.709677
46915,0.709677
46916,0.709677
46917,0.774194
46918,0.645161
46919,0.935484
46920,0.612903
46921,0.935484
46922,0.612903
46923,0.935484
46924,0.451613
46925,0.83871
46926,0.612903
46927,0.935484
46928,0.580645
46929,0.83871
46930,0.548387
46931,0.870968
46932,0.483871
46933,0.483871
46934,0.580645
46935,0.709677
46936,1
46937,0.870968
46938,0.483871
46939,0.83871
46940,0.451613
46941,0.870968
46942,0.516129
46943,0.516129
46944,0.580645
46945,0.580645
46946,0.967742
46947,0.483871
46948,0.548387
46949,0.516129
46950,0.580645
46951,0.580645
46952,1
46953,0.580645
46954,1
46955,0.709677
46956,0.83871
46957,0.516129
46958,1
46959,0.677419
46960,0.516129
46961,0.870968
46962,0.612903
46963,0.419355
46964,0.129032
46965,0.903226
46966,0.483871
46967,0.903226
46968,0.483871
46969,0.870968
46970,0.419355
46971,0.774194
46972,0.483871
46973,0.419355
46974,0.548387
46975,0.516129
46976,0.580645
46977,0.903226
46978,0.419355
46979,0.451613
46980,0.548387
46981,0.903226
46982,0.483871
46983,0.903226
46984,0.419355
46985,0.419355
46986,0.483871
46987,0.419355
46988,0.483871
46989,0.451613
46990,0.548387
46991,0.903226
46992,0.483871
46993,0.870968
46994,0.516129
46995,0.903226
46996,0.483871
46997,0.903226
46998,0.483871
46999,0.903226
47000,0.387097
47001,0.774194
47002,0.451613
47003,0.870968
47004,0.516129
47005,0.903226
47006,0.451613
47007,0.903226
47008,0.451613
47009,0.903226
47010,0.451613
47011,0.806452
47012,0.387097
47013,0.903226
47014,0.419355
47015,0.903226
47016,0.419355
47017,0.903226
47018,0.451613
47019,0.903226
47020,0.451613
47021,0.903226
47022,0.322581
47023,0.806452
47024,0.387097
47025,0.709677
47026,0.483871
47027,0.806452
47028,0.322581
47029,0.516129
47030,0.645161
47031,0.516129
47032,0.967742
47033,0.806452
47034,0.483871
47035,0.419355
47036,0.419355
47037,0.258065
47038,0.419355
47039,0.806452
47040,0.451613
47041,0.903226
47042,0.419355
47043,0.806452
47044,0.387097
47045,0.903226
47046,0.354839
47047,0.903226
47048,0.322581
47049,0.774194
47050,0.387097
47051,0.774194
47052,0.387097
47053,0.774194
47054,0.387097
47055,0.774194
47056,0.387097
47057,0.774194
47058,0.354839
47059,0.870968
47060,0.322581
47061,0.870968
47062,0.322581
47063,0.83871
47064,0.290323
47065,0.935484
47066,0.516129
47067,0.774194
47068,0.354839
47069,0.903226
47070,0.419355
47071,0.870968
47072,0.354839
47073,0.483871
47074,0.516129
47075,0.774194
47076,0.387097
47077,0.774194
47078,0.354839
47079,0.806452
47080,0.419355
47081,0.677419
47082,0.419355
47083,0.774194
47084,0.354839
47085,0.677419
47086,0.354839
47087,0.483871
47088,0.935484
47089,0.645161
47090,0.516129
47091,0.741935
47092,0.419355
47093,0.774194
47094,0.387097
47095,0.387097
47096,0.516129
47097,0.580645
47098,0.806452
47099,0.548387
47100,0.612903
47101,0.580645
47102,0.83871
47103,0.580645
47104,0.83871
47105,0.580645
47106,0.83871
47107,0.580645
47108,0.83871
47109,0.548387
47110,1
47111,0.580645
47112,0.83871
47113,0.322581
47114,0.516129
47115,0.483871
47116,1
47117,0.322581
47118,0.516129
47119,0.290323
47120,0.451613
47121,0.290323
47122,0.516129
47123,0.322581
47124,0.451613
47125,0.290323
47126,0.451613
47127,0.258065
47128,0.451613
47129,0.290323
47130,0.451613
47131,0.322581
47132,0.516129
47133,0.290323
47134,0.419355
47135,0.483871
47136,0.483871
47137,0.290323
47138,0.419355
47139,0.483871
47140,0.419355
47141,0.483871
47142,0.419355
47143,0.483871
47144,0.419355
47145,0.483871
47146,0.387097
47147,0.290323
47148,0.419355
47149,0.483871
47150,0.419355
47151,0.483871
47152,0.451613
47153,0.387097
47154,0.580645
47155,0.387097
47156,0.580645
47157,0.354839
47158,0.516129
47159,0.322581
47160,0.451613
47161,0.354839
47162,0.451613
47163,0.354839
47164,0.483871
47165,0.322581
47166,0.516129
47167,0.322581
47168,0.419355
47169,0.483871
47170,0.483871
47171,0.290323
47172,0.548387
47173,0.387097
47174,0.967742
47175,0.387097
47176,0.935484
47177,0.419355
47178,0.580645
47179,0.387097
47180,0.935484
47181,0.387097
47182,0.935484
47183,0.387097
47184,0.903226
47185,0.354839
47186,0.354839
47187,0.516129
47188,0.548387
47189,0.354839
47190,0.548387
47191,0.354839
47192,0.548387
47193,0.354839
47194,0.548387
47195,0.387097
47196,0.354839
47197,0.516129
47198,0.548387
47199,0.354839
47200,0.516129
47201,0.516129
47202,0.548387
47203,0.451613
47204,0.935484
47205,0.387097
47206,0.419355
47207,0.387097
47208,0.935484
47209,0.387097
47210,0.935484
47211,0.419355
47212,0.580645
47213,0.419355
47214,0.580645
47215,0.483871
47216,0.935484
47217,0.645161
47218,0.774194
47219,0.451613
47220,0.645161
47221,0.580645
47222,0.580645
47223,0.774194
47224,0.935484
47225,0.612903
47226,0.935484
47227,0.580645
47228,0.806452
47229,0.516129
47230,0.83871
47231,0.774194
47232,0.935484
47233,0.677419
47234,0.870968
47235,0.709677
47236,0.677419
47237,0.741935
47238,0.677419
47239,0.903226
47240,0.387097
47241,0.806452
47242,0.322581
47243,0.612903
47244,0.387097
47245,0.645161
47246,0.419355
47247,0.612903
47248,0.580645
47249,0.548387
47250,0.451613
47251,0.580645
47252,0.516129
47253,0.645161
47254,0.677419
47255,0.677419
47256,0.451613
47257,0.612903
47258,0.451613
47259,0.645161
47260,0.451613
47261,0.580645
47262,0.419355
47263,0.741935
47264,0.483871
47265,0.709677
47266,0.516129
47267,0.741935
47268,0.580645
47269,0.741935
47270,0.580645
47271,0.645161
47272,0.709677
47273,0.741935
47274,0.709677
47275,0.580645
47276,0.83871
47277,0.774194
47278,0.548387
47279,0.806452
47280,0.580645
47281,0.806452
47282,0.580645
47283,0.83871
47284,0.580645
47285,0.83871
47286,0.548387
47287,0.83871
47288,0.580645
47289,0.806452
47290,0.548387
47291,0.806452
47292,0.548387
47293,0.83871
47294,0.677419
47295,0.83871
47296,0.677419
47297,0.83871
47298,0.548387
47299,0.870968
47300,0.612903
47301,0.806452
47302,0.548387
47303,0.806452
47304,0.483871
47305,0.612903
47306,0.935484
47307,0.806452
47308,0.516129
47309,0.806452
47310,0.548387
47311,0.83871
47312,0.516129
47313,0.903226
47314,0.483871
47315,0.774194
47316,0.516129
47317,0.709677
47318,0.774194
47319,0.903226
47320,0.516129
47321,0.935484
47322,0.387097
47323,0.935484
47324,0.516129
47325,0.870968
47326,0.516129
47327,0.870968
47328,0.483871
47329,0.83871
47330,0.483871
47331,0.83871
47332,0.419355
47333,0.806452
47334,0.419355
47335,0.774194
47336,0.677419
47337,0.774194
47338,0.483871
47339,0.806452
47340,0.516129
47341,0.193548
47342,0.709677
47343,0.774194
47344,0.483871
47345,0.870968
47346,0.419355
47347,0.935484
47348,0.483871
47349,0.677419
47350,0.645161
47351,0.645161
47352,0.645161
47353,0.677419
47354,0.645161
47355,0.709677
47356,0.741935
47357,0.516129
47358,0.903226
47359,0.709677
47360,0.870968
47361,0.709677
47362,0.645161
47363,0.83871
47364,0.548387
47365,0.774194
47366,0.903226
47367,0.677419
47368,0.903226
47369,0.516129
47370,0.935484
47371,0.709677
47372,0.806452
47373,0.516129
47374,0.935484
47375,0.645161
47376,0.645161
47377,0.741935
47378,0.774194
47379,0.516129
47380,0.935484
47381,0.645161
47382,0.83871
47383,0.677419
47384,0.83871
47385,0.677419
47386,0.83871
47387,0.677419
47388,0.774194
47389,0.483871
47390,0.806452
47391,0.709677
47392,0.83871
47393,0.677419
47394,0.83871
47395,0.677419
47396,0.83871
47397,0.709677
47398,0.774194
47399,0.483871
47400,0.935484
47401,0.709677
47402,0.83871
47403,0.709677
47404,0.83871
47405,0.709677
47406,0.83871
47407,0.806452
47408,0.645161
47409,0.806452
47410,0.83871
47411,0.677419
47412,0.83871
47413,0.677419
47414,0.870968
47415,0.774194
47416,0.741935
47417,0.83871
47418,0.806452
47419,0.709677
47420,0.870968
47421,0.741935
47422,0.774194
47423,0.806452
47424,0.83871
47425,0.741935
47426,0.612903
47427,0.903226
47428,0.645161
47429,0.580645
47430,0.903226
47431,0.741935
47432,0.580645
47433,1
47434,0.548387
47435,0.612903
47436,0.709677
47437,0.870968
47438,0.548387
47439,0.677419
47440,0.645161
47441,0.870968
47442,0.516129
47443,0.83871
47444,0.516129
47445,0.83871
47446,0.516129
47447,0.83871
47448,0.516129
47449,0.806452
47450,0.483871
47451,0.903226
47452,0.419355
47453,0.774194
47454,0.483871
47455,0.741935
47456,0.419355
47457,0.870968
47458,0.451613
47459,0.741935
47460,0.451613
47461,0.83871
47462,0.387097
47463,0.903226
47464,0.419355
47465,0.903226
47466,0.419355
47467,0.870968
47468,0.451613
47469,0.903226
47470,0.419355
47471,0.903226
47472,0.387097
47473,0.903226
47474,0.387097
47475,0.870968
47476,0.419355
47477,0.903226
47478,0.387097
47479,0.903226
47480,0.387097
47481,0.903226
47482,0.387097
47483,0.903226
47484,0.387097
47485,0.870968
47486,0.354839
47487,0.806452
47488,0.354839
47489,0.806452
47490,0.322581
47491,0.903226
47492,0.322581
47493,0.903226
47494,0.387097
47495,0.709677
47496,0.645161
47497,0.483871
47498,0.967742
47499,0.870968
47500,0.354839
47501,0.903226
47502,0.387097
47503,0.677419
47504,0.451613
47505,0.870968
47506,0.419355
47507,0.806452
47508,0.354839
47509,0.709677
47510,0.516129
47511,0.677419
47512,0.483871
47513,0.677419
47514,0.419355
47515,0.548387
47516,0.483871
47517,0.774194
47518,0.322581
47519,0.483871
47520,0.483871
47521,0.483871
47522,0.516129
47523,0.548387
47524,0.548387
47525,0.870968
47526,0.387097
47527,0.806452
47528,0.354839
47529,0.483871
47530,0.516129
47531,0.709677
47532,0.451613
47533,0.709677
47534,0.387097
47535,0.709677
47536,0.387097
47537,0.709677
47538,0.451613
47539,0.774194
47540,0.387097
47541,0.709677
47542,0.387097
47543,0.709677
47544,0.387097
47545,0.709677
47546,0.451613
47547,0.709677
47548,0.419355
47549,0.774194
47550,0.387097
47551,0.709677
47552,0.451613
47553,0.774194
47554,0.387097
47555,0.709677
47556,0.451613
47557,0.774194
47558,0.387097
47559,0.870968
47560,0.419355
47561,0.903226
47562,0.419355
47563,0.387097
47564,0.354839
47565,0.354839
47566,0.516129
47567,0.870968
47568,0.483871
47569,0.903226
47570,0.451613
47571,0.83871
47572,0.483871
47573,0.483871
47574,0.580645
47575,0.870968
47576,0.483871
47577,0.806452
47578,0.419355
47579,0.870968
47580,0.483871
47581,0.806452
47582,0.419355
47583,0.806452
47584,0.387097
47585,0.483871
47586,0.580645
47587,0.741935
47588,0.516129
47589,0.870968
47590,0.483871
47591,0.903226
47592,0.483871
47593,0.774194
47594,0.483871
47595,0.548387
47596,0.612903
47597,0.870968
47598,0.483871
47599,0.903226
47600,0.451613
47601,0.709677
47602,0.483871
47603,0.548387
47604,0.548387
47605,0.451613
47606,0.483871
47607,0.451613
47608,0.483871
47609,0.645161
47610,0.548387
47611,0.645161
47612,0.419355
47613,0.645161
47614,0.419355
47615,0.612903
47616,0.483871
47617,0.741935
47618,0.354839
47619,0.774194
47620,0.387097
47621,0.741935
47622,0.290323
47623,0.774194
47624,0.290323
47625,0.774194
47626,0.387097
47627,0.709677
47628,0.387097
47629,0.741935
47630,0.387097
47631,0.645161
47632,0.419355
47633,0.870968
47634,0.387097
47635,0.870968
47636,0.387097
47637,0.612903
47638,0.451613
47639,0.870968
47640,0.387097
47641,0.870968
47642,0.258065
47643,0.645161
47644,0.354839
47645,0.645161
47646,0.354839
47647,0.645161
47648,0.354839
47649,0.806452
47650,0.419355
47651,0.870968
47652,0.290323
47653,0.870968
47654,0.290323
47655,0.645161
47656,0.354839
47657,0.870968
47658,0.290323
47659,0.83871
47660,0.290323
47661,0.83871
47662,0.290323
47663,0.83871
47664,0.290323
47665,0.83871
47666,0.290323
47667,0.83871
47668,0.258065
47669,0.451613
47670,0.967742
47671,0.741935
47672,0.387097
47673,0.451613
47674,0.967742
47675,0.677419
47676,0.387097
47677,0.451613
47678,0.967742
47679,0.451613
47680,0.967742
47681,0.677419
47682,0.387097
47683,0.677419
47684,0.387097
47685,0.677419
47686,0.387097
47687,0.677419
47688,0.387097
47689,0.709677
47690,0.354839
47691,0.677419
47692,0.387097
47693,0.83871
47694,0.290323
47695,0.677419
47696,0.354839
47697,0.741935
47698,0.322581
47699,0.741935
47700,0.322581
47701,0.741935
47702,0.322581
47703,0.741935
47704,0.290323
47705,0.806452
47706,0.290323
47707,0.903226
47708,0.322581
47709,0.903226
47710,0.322581
47711,0.548387
47712,0.419355
47713,0.645161
47714,0.451613
47715,0.806452
47716,0.290323
47717,0.645161
47718,0.451613
47719,0.645161
47720,0.451613
47721,0.645161
47722,0.451613
47723,0.645161
47724,0.83871
47725,0.967742
47726,0.354839
47727,0.967742
47728,0.387097
47729,0.967742
47730,0.387097
47731,0.967742
47732,0.387097
47733,0.967742
47734,0.354839
47735,0.419355
47736,0.387097
47737,0.967742
47738,0.387097
47739,0.967742
47740,0.451613
47741,0.967742
47742,0.483871
47743,1
47744,0.580645
47745,0.645161
47746,0.612903
47747,0.741935
47748,0.387097
47749,0.741935
47750,0.645161
47751,0.580645
47752,1
47753,0.903226
47754,0.774194
47755,0.483871
47756,0.935484
47757,0.322581
47758,0.903226
47759,0.612903
47760,1
47761,0.774194
47762,0.870968
47763,0.774194
47764,0.387097
47765,0.612903
47766,0.806452
47767,0.935484
47768,0.258065
47769,0.741935
47770,0.516129
47771,0.645161
47772,0.741935
47773,0.709677
47774,0.580645
47775,0.548387
47776,0.548387
47777,0.612903
47778,0.903226
47779,0.548387
47780,0.806452
47781,0.516129
47782,0.806452
47783,0.806452
47784,0.548387
47785,0.806452
47786,0.419355
47787,0.548387
47788,0.451613
47789,0.645161
47790,0.451613
47791,0.612903
47792,0.451613
47793,0.580645
47794,0.483871
47795,0.774194
47796,0.451613
47797,0.709677
47798,0.516129
47799,0.612903
47800,0.548387
47801,0.709677
47802,0.645161
47803,0.548387
47804,0.677419
47805,0.83871
47806,0.645161
47807,0.612903
47808,0.903226
47809,0.645161
47810,0.645161
47811,0.83871
47812,0.483871
47813,0.677419
47814,0.580645
47815,0.645161
47816,0.580645
47817,0.580645
47818,0.548387
47819,0.903226
47820,0.451613
47821,0.645161
47822,0.612903
47823,0.677419
47824,0.709677
47825,0.677419
47826,0.580645
47827,0.709677
47828,0.419355
47829,0.548387
47830,1
47831,0.677419
47832,0.516129
47833,0.612903
47834,0.774194
47835,0.677419
47836,0.548387
47837,0.645161
47838,0.612903
47839,0.677419
47840,0.516129
47841,0.903226
47842,0.483871
47843,0.870968
47844,0.419355
47845,0.774194
47846,0.580645
47847,0.935484
47848,0.451613
47849,0.580645
47850,1
47851,0.870968
47852,0.451613
47853,0.935484
47854,0.451613
47855,0.935484
47856,0.451613
47857,0.903226
47858,0.516129
47859,0.903226
47860,0.483871
47861,0.903226
47862,0.548387
47863,0.903226
47864,0.451613
47865,0.903226
47866,0.483871
47867,0.903226
47868,0.483871
47869,0.193548
47870,1
47871,0.774194
47872,0.451613
47873,0.870968
47874,0.387097
47875,1
47876,0.387097
47877,0.903226
47878,0.483871
47879,0.903226
47880,0.451613
47881,0.903226
47882,0.419355
47883,0.645161
47884,0.580645
47885,0.774194
47886,0.83871
47887,0.774194
47888,0.580645
47889,0.806452
47890,0.645161
47891,0.903226
47892,0.645161
47893,0.903226
47894,0.774194
47895,0.774194
47896,0.516129
47897,0.677419
47898,0.870968
47899,0.774194
47900,0.741935
47901,0.548387
47902,0.935484
47903,0.741935
47904,0.806452
47905,0.774194
47906,0.83871
47907,0.677419
47908,0.870968
47909,0.645161
47910,0.419355
47911,0.774194
47912,0.83871
47913,0.516129
47914,0.806452
47915,0.677419
47916,0.83871
47917,0.612903
47918,0.645161
47919,0.806452
47920,0.612903
47921,0.677419
47922,0.677419
47923,0.677419
47924,0.677419
47925,0.677419
47926,0.677419
47927,0.677419
47928,0.677419
47929,0.677419
47930,0.870968
47931,0.483871
47932,0.903226
47933,0.645161
47934,0.548387
47935,0.709677
47936,0.677419
47937,0.580645
47938,0.709677
47939,0.741935
47940,0.677419
47941,0.677419
47942,0.677419
47943,0.645161
47944,0.645161
47945,0.741935
47946,0.645161
47947,0.677419
47948,0.806452
47949,0.580645
47950,0.645161
47951,0.677419
47952,0.709677
47953,0.612903
47954,0.709677
47955,0.645161
47956,0.709677
47957,0.677419
47958,0.612903
47959,0.645161
47960,0.967742
47961,0.709677
47962,0.612903
47963,0.870968
47964,0.548387
47965,0.774194
47966,0.548387
47967,0.774194
47968,0.548387
47969,0.774194
47970,0.612903
47971,0.774194
47972,0.483871
47973,0.83871
47974,0.516129
47975,0.774194
47976,0.516129
47977,0.774194
47978,0.451613
47979,0.870968
47980,0.419355
47981,0.774194
47982,0.451613
47983,0.774194
47984,0.451613
47985,0.83871
47986,0.516129
47987,0.774194
47988,0.451613
47989,0.83871
47990,0.483871
47991,0.806452
47992,0.483871
47993,0.83871
47994,0.451613
47995,0.83871
47996,0.516129
47997,0.83871
47998,0.483871
47999,0.83871
48000,0.419355
48001,0.83871
48002,0.451613
48003,0.83871
48004,0.451613
48005,0.83871
48006,0.451613
48007,0.83871
48008,0.419355
48009,0.870968
48010,0.354839
48011,0.83871
48012,0.419355
48013,0.677419
48014,0.741935
48015,0.645161
48016,0.935484
48017,0.741935
48018,0.387097
48019,0.612903
48020,0.548387
48021,0.774194
48022,0.290323
48023,0.806452
48024,0.451613
48025,0.387097
48026,0.419355
48027,0.483871
48028,0.483871
48029,0.774194
48030,0.258065
48031,0.774194
48032,0.258065
48033,0.741935
48034,0.290323
48035,0.612903
48036,0.387097
48037,0.516129
48038,0.483871
48039,0.903226
48040,0.451613
48041,0.870968
48042,0.290323
48043,0.806452
48044,0.258065
48045,0.774194
48046,0.322581
48047,0.709677
48048,0.387097
48049,0.709677
48050,0.387097
48051,0.483871
48052,0.483871
48053,0.709677
48054,0.354839
48055,0.709677
48056,0.322581
48057,0.774194
48058,0.322581
48059,0.709677
48060,0.387097
48061,0.709677
48062,0.354839
48063,0.709677
48064,0.354839
48065,0.709677
48066,0.354839
48067,0.709677
48068,0.387097
48069,0.548387
48070,0.483871
48071,0.677419
48072,0.419355
48073,0.677419
48074,0.419355
48075,0.774194
48076,0.354839
48077,0.548387
48078,0.451613
48079,0.774194
48080,0.354839
48081,0.709677
48082,0.354839
48083,0.774194
48084,0.354839
48085,0.516129
48086,0.83871
48087,0.709677
48088,0.354839
48089,0.709677
48090,0.354839
48091,0.709677
48092,0.354839
48093,0.709677
48094,0.419355
48095,0.870968
48096,0.387097
48097,0.548387
48098,0.548387
48099,0.419355
48100,0.548387
48101,0.709677
48102,0.483871
48103,0.645161
48104,0.580645
48105,0.387097
48106,0.548387
48107,0.83871
48108,0.322581
48109,0.483871
48110,0.516129
48111,0.774194
48112,0.354839
48113,0.870968
48114,0.419355
48115,0.806452
48116,0.419355
48117,0.870968
48118,0.354839
48119,0.516129
48120,0.580645
48121,0.774194
48122,0.354839
48123,0.548387
48124,0.548387
48125,0.548387
48126,0.612903
48127,0.870968
48128,0.419355
48129,0.806452
48130,0.419355
48131,0.870968
48132,0.290323
48133,0.451613
48134,0.483871
48135,0.741935
48136,0.354839
48137,0.774194
48138,0.354839
48139,0.645161
48140,0.419355
48141,0.645161
48142,0.419355
48143,0.645161
48144,0.645161
48145,0.548387
48146,0.451613
48147,0.419355
48148,0.483871
48149,0.387097
48150,0.451613
48151,0.516129
48152,0.483871
48153,0.483871
48154,1
48155,0.290323
48156,0.451613
48157,0.290323
48158,0.451613
48159,0.516129
48160,1
48161,0.322581
48162,0.451613
48163,0.322581
48164,0.451613
48165,0.290323
48166,0.709677
48167,0.225806
48168,0.483871
48169,0.903226
48170,0.709677
48171,0.483871
48172,0.741935
48173,0.419355
48174,0.870968
48175,0.516129
48176,0.806452
48177,0.483871
48178,0.967742
48179,0.516129
48180,0.967742
48181,0.548387
48182,0.967742
48183,0.967742
48184,0.967742
48185,0.967742
48186,0.935484
48187,0.483871
48188,0.483871
48189,0.290323
48190,0.645161
48191,0.354839
48192,0.580645
48193,0.677419
48194,0.580645
48195,0.677419
48196,0.419355
48197,0.483871
48198,0.516129
48199,0.322581
48200,0.709677
48201,0.354839
48202,0.741935
48203,0.419355
48204,0.677419
48205,0.354839
48206,0.935484
48207,0.354839
48208,1
48209,0.322581
48210,0.709677
48211,0.354839
48212,0.741935
48213,0.354839
48214,0.774194
48215,0.354839
48216,0.774194
48217,0.322581
48218,0.677419
48219,0.322581
48220,0.741935
48221,0.354839
48222,0.774194
48223,0.354839
48224,0.580645
48225,0.387097
48226,0.774194
48227,0.354839
48228,0.774194
48229,0.354839
48230,0.774194
48231,0.322581
48232,0.451613
48233,0.967742
48234,0.612903
48235,0.354839
48236,0.806452
48237,0.354839
48238,0.806452
48239,0.354839
48240,0.806452
48241,0.354839
48242,0.967742
48243,0.387097
48244,0.645161
48245,0.387097
48246,0.645161
48247,0.387097
48248,0.677419
48249,0.451613
48250,0.677419
48251,0.451613
48252,0.677419
48253,0.387097
48254,0.677419
48255,0.387097
48256,0.677419
48257,0.870968
48258,0.870968
48259,0.354839
48260,0.870968
48261,0.354839
48262,0.709677
48263,0.741935
48264,0.451613
48265,0.967742
48266,0.709677
48267,0.419355
48268,0.967742
48269,0.322581
48270,0.806452
48271,0.354839
48272,0.677419
48273,0.870968
48274,0.516129
48275,0.322581
48276,0.548387
48277,0.354839
48278,0.806452
48279,0.419355
48280,0.580645
48281,0.354839
48282,0.580645
48283,0.354839
48284,0.612903
48285,0.548387
48286,0.774194
48287,0.451613
48288,0.903226
48289,0.580645
48290,0.903226
48291,0.580645
48292,0.806452
48293,0.806452
48294,0.903226
48295,0.741935
48296,0.870968
48297,0.806452
48298,0.806452
48299,0.806452
48300,0.903226
48301,0.741935
48302,0.870968
48303,0.806452
48304,0.83871
48305,0.741935
48306,0.935484
48307,0.677419
48308,0.903226
48309,0.806452
48310,0.83871
48311,0.612903
48312,1
48313,0.709677
48314,0.903226
48315,0.741935
48316,0.83871
48317,0.645161
48318,0.935484
48319,0.677419
48320,0.935484
48321,0.709677
48322,0.870968
48323,0.709677
48324,0.903226
48325,0.645161
48326,0.935484
48327,0.741935
48328,0.903226
48329,0.774194
48330,0.903226
48331,0.612903
48332,0.709677
48333,0.870968
48334,0.806452
48335,0.806452
48336,0.870968
48337,0.677419
48338,0.903226
48339,0.741935
48340,0.774194
48341,0.806452
48342,0.741935
48343,0.83871
48344,0.83871
48345,0.709677
48346,0.903226
48347,0.774194
48348,0.806452
48349,0.806452
48350,0.677419
48351,0.83871
48352,0.709677
48353,0.83871
48354,0.516129
48355,0.677419
48356,0.709677
48357,0.580645
48358,0.677419
48359,0.548387
48360,0.709677
48361,0.645161
48362,0.709677
48363,0.645161
48364,0.677419
48365,0.709677
48366,0.806452
48367,0.612903
48368,0.741935
48369,0.580645
48370,0.806452
48371,0.677419
48372,0.677419
48373,0.709677
48374,0.677419
48375,0.612903
48376,0.612903
48377,0.677419
48378,0.645161
48379,0.645161
48380,0.645161
48381,0.677419
48382,0.645161
48383,0.645161
48384,0.709677
48385,0.580645
48386,0.806452
48387,0.548387
48388,0.83871
48389,0.612903
48390,0.709677
48391,0.645161
48392,0.741935
48393,0.548387
48394,0.709677
48395,0.677419
48396,0.741935
48397,0.612903
48398,0.741935
48399,0.612903
48400,0.774194
48401,0.612903
48402,0.645161
48403,0.83871
48404,0.774194
48405,0.612903
48406,0.677419
48407,0.483871
48408,0.806452
48409,0.451613
48410,0.709677
48411,0.548387
48412,0.774194
48413,0.483871
48414,0.774194
48415,0.516129
48416,0.741935
48417,0.548387
48418,0.806452
48419,0.612903
48420,0.709677
48421,0.516129
48422,0.806452
48423,0.451613
48424,0.903226
48425,0.451613
48426,0.677419
48427,0.580645
48428,0.935484
48429,0.354839
48430,0.83871
48431,0.483871
48432,0.870968
48433,0.387097
48434,0.83871
48435,0.483871
48436,0.83871
48437,0.483871
48438,0.774194
48439,0.451613
48440,0.709677
48441,0.419355
48442,0.645161
48443,0.806452
48444,0.580645
48445,0.967742
48446,0.580645
48447,0.870968
48448,0.548387
48449,0.645161
48450,0.83871
48451,0.354839
48452,0.83871
48453,0.322581
48454,0.903226
48455,0.354839
48456,0.83871
48457,0.354839
48458,0.580645
48459,0.83871
48460,0.741935
48461,0.354839
48462,0.548387
48463,0.612903
48464,0.548387
48465,0.612903
48466,0.645161
48467,0.451613
48468,0.580645
48469,0.870968
48470,0.580645
48471,0.870968
48472,0.548387
48473,0.516129
48474,0.516129
48475,0.483871
48476,0.516129
48477,0.483871
48478,0.483871
48479,0.483871
48480,0.709677
48481,0.258065
48482,0.741935
48483,0.258065
48484,0.903226
48485,0.354839
48486,0.806452
48487,0.290323
48488,0.806452
48489,0.225806
48490,0.774194
48491,0.225806
48492,0.870968
48493,0.258065
48494,0.774194
48495,0.290323
48496,0.806452
48497,0.225806
48498,0.774194
48499,0.225806
48500,0.483871
48501,0.483871
48502,0.709677
48503,0.354839
48504,0.709677
48505,0.354839
48506,0.709677
48507,0.354839
48508,0.709677
48509,0.354839
48510,0.709677
48511,0.354839
48512,0.774194
48513,0.322581
48514,0.774194
48515,0.354839
48516,0.548387
48517,0.451613
48518,0.483871
48519,0.483871
48520,0.548387
48521,0.580645
48522,0.548387
48523,0.483871
48524,0.774194
48525,0.322581
48526,0.483871
48527,0.83871
48528,0.83871
48529,0.419355
48530,0.709677
48531,0.322581
48532,0.870968
48533,0.354839
48534,0.870968
48535,0.258065
48536,0.774194
48537,0.290323
48538,0.83871
48539,0.387097
48540,0.870968
48541,0.387097
48542,0.870968
48543,0.354839
48544,0.870968
48545,0.354839
48546,0.516129
48547,0.580645
48548,0.870968
48549,0.419355
48550,0.806452
48551,0.387097
48552,0.870968
48553,0.419355
48554,0.806452
48555,0.322581
48556,0.483871
48557,0.580645
48558,0.870968
48559,0.419355
48560,0.903226
48561,0.419355
48562,0.903226
48563,0.419355
48564,0.903226
48565,0.419355
48566,0.870968
48567,0.387097
48568,0.806452
48569,0.387097
48570,0.806452
48571,0.419355
48572,0.709677
48573,0.451613
48574,0.483871
48575,0.516129
48576,0.645161
48577,0.387097
48578,0.612903
48579,0.516129
48580,0.645161
48581,0.419355
48582,0.483871
48583,0.516129
48584,0.451613
48585,0.483871
48586,0.483871
48587,0.483871
48588,0.483871
48589,1
48590,0.483871
48591,0.483871
48592,0.483871
48593,0.516129
48594,0.483871
48595,0.451613
48596,0.483871
48597,0.967742
48598,0.451613
48599,0.451613
48600,0.419355
48601,0.516129
48602,0.580645
48603,0.83871
48604,0.483871
48605,0.483871
48606,0.258065
48607,0.451613
48608,0.516129
48609,1
48610,0.258065
48611,0.451613
48612,0.258065
48613,0.419355
48614,0.483871
48615,0.419355
48616,0.483871
48617,0.419355
48618,0.483871
48619,0.419355
48620,0.483871
48621,0.419355
48622,0.483871
48623,0.419355
48624,0.483871
48625,0.419355
48626,0.483871
48627,0.419355
48628,0.483871
48629,0.419355
48630,0.483871
48631,0.387097
48632,0.322581
48633,0.419355
48634,0.483871
48635,0.387097
48636,0.290323
48637,0.387097
48638,0.290323
48639,0.387097
48640,0.290323
48641,0.387097
48642,0.290323
48643,0.419355
48644,0.483871
48645,0.387097
48646,0.290323
48647,0.419355
48648,0.483871
48649,0.419355
48650,0.483871
48651,0.419355
48652,0.483871
48653,0.451613
48654,0.387097
48655,0.419355
48656,0.483871
48657,0.419355
48658,0.322581
48659,0.419355
48660,0.483871
48661,0.516129
48662,0.322581
48663,0.451613
48664,0.387097
48665,0.451613
48666,0.322581
48667,0.451613
48668,0.387097
48669,0.451613
48670,0.387097
48671,0.451613
48672,0.387097
48673,0.451613
48674,0.387097
48675,0.451613
48676,0.387097
48677,0.451613
48678,0.387097
48679,0.419355
48680,0.354839
48681,0.516129
48682,0.387097
48683,1
48684,0.354839
48685,0.612903
48686,0.387097
48687,1
48688,0.387097
48689,1
48690,0.387097
48691,0.612903
48692,0.387097
48693,1
48694,0.451613
48695,1
48696,0.483871
48697,0.967742
48698,0.225806
48699,0.709677
48700,0.483871
48701,0.806452
48702,0.322581
48703,0.774194
48704,0.322581
48705,0.83871
48706,0.354839
48707,0.870968
48708,0.322581
48709,0.741935
48710,0.290323
48711,0.741935
48712,0.354839
48713,0.709677
48714,0.322581
48715,0.645161
48716,0.322581
48717,0.709677
48718,0.387097
48719,0.709677
48720,0.709677
48721,0.677419
48722,0.709677
48723,0.774194
48724,0.774194
48725,0.870968
48726,0.806452
48727,0.516129
48728,0.806452
48729,0.225806
48730,0.774194
48731,0.516129
48732,0.903226
48733,0.612903
48734,0.935484
48735,0.709677
48736,0.806452
48737,0.516129
48738,0.935484
48739,0.645161
48740,0.870968
48741,0.709677
48742,0.451613
48743,0.709677
48744,0.548387
48745,0.741935
48746,0.516129
48747,0.741935
48748,0.516129
48749,0.709677
48750,0.483871
48751,0.709677
48752,0.483871
48753,0.709677
48754,0.451613
48755,0.741935
48756,0.741935
48757,0.677419
48758,0.612903
48759,0.83871
48760,0.580645
48761,0.774194
48762,0.580645
48763,0.83871
48764,0.516129
48765,0.903226
48766,0.548387
48767,0.806452
48768,0.870968
48769,0.83871
48770,0.903226
48771,0.83871
48772,0.580645
48773,0.903226
48774,0.612903
48775,0.806452
48776,0.774194
48777,0.774194
48778,0.741935
48779,0.806452
48780,0.580645
48781,0.806452
48782,0.580645
48783,0.741935
48784,0.903226
48785,0.774194
48786,0.612903
48787,0.322581
48788,0.709677
48789,0.774194
48790,0.580645
48791,0.903226
48792,0.548387
48793,0.870968
48794,0.483871
48795,0.935484
48796,0.483871
48797,0.935484
48798,0.483871
48799,0.935484
48800,0.483871
48801,0.870968
48802,0.612903
48803,0.967742
48804,0.580645
48805,1
48806,0.580645
48807,1
48808,0.483871
48809,0.806452
48810,0.645161
48811,0.677419
48812,0.709677
48813,0.677419
48814,0.645161
48815,0.709677
48816,0.774194
48817,0.774194
48818,0.741935
48819,0.709677
48820,0.419355
48821,0.645161
48822,0.483871
48823,0.774194
48824,0.709677
48825,0.677419
48826,0.870968
48827,0.903226
48828,0.935484
48829,0.903226
48830,0.935484
48831,0.935484
48832,0.709677
48833,0.806452
48834,0.741935
48835,0.935484
48836,0.580645
48837,0.903226
48838,0.806452
48839,0.935484
48840,0.612903
48841,0.967742
48842,0.741935
48843,0.806452
48844,0.580645
48845,0.935484
48846,0.580645
48847,0.935484
48848,0.645161
48849,0.83871
48850,0.548387
48851,0.935484
48852,0.806452
48853,0.903226
48854,0.83871
48855,0.580645
48856,0.677419
48857,0.806452
48858,0.580645
48859,0.83871
48860,0.516129
48861,0.741935
48862,0.548387
48863,0.741935
48864,0.548387
48865,0.741935
48866,0.548387
48867,0.709677
48868,0.870968
48869,0.548387
48870,0.709677
48871,0.870968
48872,0.612903
48873,0.677419
48874,0.741935
48875,0.774194
48876,0.548387
48877,0.967742
48878,0.548387
48879,0.967742
48880,0.677419
48881,0.806452
48882,0.774194
48883,0.806452
48884,0.548387
48885,0.967742
48886,0.645161
48887,0.806452
48888,0.806452
48889,0.709677
48890,0.516129
48891,0.967742
48892,0.451613
48893,0.774194
48894,0.516129
48895,0.774194
48896,0.516129
48897,0.16129
48898,0.83871
48899,0.741935
48900,0.483871
48901,0.774194
48902,0.451613
48903,0.83871
48904,0.483871
48905,0.83871
48906,0.483871
48907,0.83871
48908,0.516129
48909,0.774194
48910,0.419355
48911,0.83871
48912,0.419355
48913,0.83871
48914,0.419355
48915,0.774194
48916,0.322581
48917,0.612903
48918,0.645161
48919,0.774194
48920,0.387097
48921,0.774194
48922,0.419355
48923,0.83871
48924,0.354839
48925,0.83871
48926,0.387097
48927,0.774194
48928,0.387097
48929,0.741935
48930,0.387097
48931,0.83871
48932,0.387097
48933,0.741935
48934,0.483871
48935,0.741935
48936,0.387097
48937,0.741935
48938,0.387097
48939,0.741935
48940,0.387097
48941,0.741935
48942,0.387097
48943,0.83871
48944,0.387097
48945,0.741935
48946,0.354839
48947,0.709677
48948,0.580645
48949,0.580645
48950,0.483871
48951,0.741935
48952,0.806452
48953,0.774194
48954,0.870968
48955,0.612903
48956,0.580645
48957,0.870968
48958,0.516129
48959,1
48960,0.83871
48961,0.741935
48962,0.677419
48963,0.741935
48964,0.548387
48965,0.903226
48966,0.387097
48967,0.967742
48968,0.580645
48969,0.967742
48970,0.741935
48971,0.612903
48972,0.935484
48973,0.870968
48974,0.967742
48975,0.741935
48976,0.83871
48977,0.806452
48978,0.741935
48979,0.645161
48980,0.967742
48981,0.903226
48982,0.451613
48983,0.870968
48984,0.806452
48985,0.612903
48986,0.419355
48987,0.483871
48988,0.516129
48989,0.612903
48990,0.83871
48991,0.677419
48992,0.83871
48993,0.483871
48994,0.935484
48995,0.516129
48996,1
48997,0.516129
48998,0.580645
48999,0.580645
49000,0.580645
49001,0.548387
49002,0.580645
49003,0.516129
49004,0.645161
49005,0.419355
49006,0.677419
49007,0.419355
49008,0.677419
49009,0.451613
49010,0.612903
49011,0.516129
49012,0.612903
49013,0.548387
49014,0.612903
49015,0.548387
49016,0.580645
49017,0.516129
49018,0.548387
49019,0.548387
49020,0.548387
49021,0.451613
49022,0.516129
49023,0.677419
49024,0.483871
49025,0.709677
49026,0.645161
49027,0.387097
49028,0.419355
49029,0.290323
49030,0.451613
49031,0.741935
49032,0.516129
49033,0.806452
49034,0.516129
49035,0.645161
49036,0.483871
49037,0.806452
49038,0.516129
49039,0.83871
49040,0.483871
49041,0.83871
49042,0.483871
49043,0.83871
49044,0.483871
49045,0.83871
49046,0.451613
49047,0.83871
49048,0.419355
49049,0.612903
49050,0.516129
49051,0.677419
49052,0.483871
49053,0.806452
49054,0.483871
49055,0.870968
49056,0.548387
49057,0.806452
49058,0.483871
49059,0.774194
49060,0.451613
49061,0.741935
49062,0.483871
49063,0.83871
49064,0.483871
49065,0.677419
49066,0.548387
49067,0.903226
49068,0.516129
49069,0.774194
49070,0.419355
49071,0.774194
49072,0.483871
49073,0.709677
49074,0.580645
49075,0.612903
49076,0.548387
49077,0.83871
49078,0.451613
49079,0.870968
49080,0.290323
49081,0.709677
49082,0.290323
49083,0.741935
49084,0.290323
49085,0.709677
49086,0.290323
49087,0.741935
49088,0.290323
49089,0.645161
49090,0.387097
49091,0.741935
49092,0.354839
49093,0.709677
49094,0.419355
49095,0.645161
49096,0.387097
49097,0.709677
49098,0.290323
49099,0.677419
49100,0.322581
49101,0.645161
49102,0.516129
49103,0.645161
49104,0.516129
49105,0.645161
49106,0.516129
49107,0.677419
49108,0.419355
49109,0.806452
49110,0.322581
49111,0.806452
49112,0.322581
49113,0.806452
49114,0.290323
49115,0.774194
49116,0.322581
49117,0.709677
49118,0.419355
49119,0.806452
49120,0.322581
49121,0.709677
49122,0.354839
49123,0.806452
49124,0.322581
49125,0.806452
49126,0.322581
49127,0.806452
49128,0.322581
49129,0.741935
49130,0.548387
49131,0.677419
49132,0.419355
49133,0.677419
49134,0.322581
49135,0.774194
49136,0.322581
49137,0.741935
49138,0.516129
49139,0.645161
49140,0.516129
49141,0.806452
49142,0.354839
49143,0.774194
49144,0.419355
49145,0.645161
49146,0.516129
49147,0.741935
49148,0.516129
49149,0.645161
49150,0.516129
49151,0.806452
49152,0.322581
49153,0.741935
49154,0.548387
49155,0.677419
49156,0.741935
49157,0.419355
49158,0.548387
49159,0.709677
49160,0.419355
49161,0.774194
49162,0.387097
49163,0.580645
49164,0.935484
49165,0.709677
49166,0.387097
49167,0.677419
49168,0.516129
49169,0.741935
49170,0.516129
49171,0.741935
49172,0.387097
49173,0.677419
49174,0.774194
49175,0.677419
49176,0.774194
49177,0.709677
49178,0.580645
49179,0.806452
49180,0.645161
49181,0.483871
49182,0.806452
49183,0.645161
49184,0.903226
49185,0.483871
49186,0.83871
49187,0.612903
49188,0.903226
49189,0.483871
49190,0.83871
49191,0.483871
49192,0.870968
49193,0.483871
49194,0.870968
49195,0.612903
49196,0.903226
49197,0.516129
49198,0.870968
49199,0.612903
49200,0.903226
49201,0.516129
49202,0.903226
49203,0.645161
49204,0.903226
49205,0.612903
49206,0.935484
49207,0.612903
49208,0.645161
49209,0.806452
49210,0.741935
49211,0.709677
49212,0.870968
49213,0.612903
49214,0.903226
49215,0.612903
49216,0.870968
49217,0.612903
49218,0.935484
49219,0.516129
49220,0.935484
49221,0.645161
49222,0.709677
49223,0.709677
49224,0.580645
49225,0.741935
49226,0.645161
49227,0.677419
49228,0.709677
49229,0.677419
49230,0.774194
49231,0.612903
49232,0.548387
49233,0.741935
49234,0.806452
49235,0.548387
49236,0.741935
49237,0.580645
49238,0.709677
49239,0.774194
49240,0.645161
49241,0.483871
49242,0.935484
49243,0.451613
49244,0.709677
49245,0.516129
49246,0.806452
49247,0.580645
49248,0.709677
49249,0.677419
49250,0.774194
49251,0.387097
49252,0.741935
49253,0.516129
49254,0.774194
49255,0.354839
49256,0.677419
49257,0.580645
49258,0.580645
49259,0.645161
49260,0.806452
49261,0.580645
49262,0.806452
49263,0.580645
49264,0.806452
49265,0.483871
49266,0.83871
49267,0.612903
49268,0.870968
49269,0.612903
49270,0.870968
49271,0.612903
49272,0.870968
49273,0.612903
49274,0.870968
49275,0.612903
49276,0.870968
49277,0.451613
49278,0.935484
49279,0.677419
49280,0.83871
49281,0.645161
49282,0.774194
49283,0.419355
49284,0.83871
49285,0.612903
49286,0.870968
49287,0.645161
49288,0.677419
49289,0.612903
49290,0.83871
49291,0.709677
49292,0.516129
49293,0.580645
49294,0.935484
49295,0.903226
49296,0.612903
49297,1
49298,0.548387
49299,0.967742
49300,0.483871
49301,1
49302,0.645161
49303,0.580645
49304,0.870968
49305,1
49306,0.612903
49307,0.612903
49308,0.83871
49309,0.83871
49310,0.677419
49311,0.967742
49312,0.612903
49313,0.967742
49314,0.451613
49315,0.967742
49316,0.451613
49317,0.935484
49318,0.483871
49319,0.935484
49320,0.580645
49321,1
49322,0.612903
49323,0.967742
49324,0.483871
49325,0.967742
49326,0.516129
49327,1
49328,0.483871
49329,1
49330,0.451613
49331,0.967742
49332,0.483871
49333,0.935484
49334,0.580645
49335,0.935484
49336,0.548387
49337,0.774194
49338,0.419355
49339,0.903226
49340,0.451613
49341,0.967742
49342,0.419355
49343,0.83871
49344,0.451613
49345,0.903226
49346,0.419355
49347,0.903226
49348,0.387097
49349,0.903226
49350,0.387097
49351,0.903226
49352,0.419355
49353,0.774194
49354,0.387097
49355,0.870968
49356,0.548387
49357,0.258065
49358,0.516129
49359,0.612903
49360,0.870968
49361,0.774194
49362,0.354839
49363,0.806452
49364,0.387097
49365,0.645161
49366,0.548387
49367,0.709677
49368,0.483871
49369,0.677419
49370,0.483871
49371,0.677419
49372,0.483871
49373,0.83871
49374,0.419355
49375,0.83871
49376,0.322581
49377,0.580645
49378,0.612903
49379,0.741935
49380,0.387097
49381,0.774194
49382,0.387097
49383,0.774194
49384,0.419355
49385,0.83871
49386,0.451613
49387,0.83871
49388,0.354839
49389,0.967742
49390,0.516129
49391,0.83871
49392,0.354839
49393,0.83871
49394,0.354839
49395,0.903226
49396,0.322581
49397,0.741935
49398,0.419355
49399,0.903226
49400,0.322581
49401,0.903226
49402,0.322581
49403,0.806452
49404,0.354839
49405,0.806452
49406,0.354839
49407,0.83871
49408,0.387097
49409,0.806452
49410,0.354839
49411,0.806452
49412,0.322581
49413,0.483871
49414,0.580645
49415,0.677419
49416,0.419355
49417,0.709677
49418,0.516129
49419,0.870968
49420,0.354839
49421,0.903226
49422,0.548387
49423,0.354839
49424,0.387097
49425,0.0967742
49426,0.548387
49427,0.677419
49428,0.548387
49429,0.516129
49430,0.580645
49431,0.870968
49432,0.516129
49433,0.903226
49434,0.451613
49435,0.870968
49436,0.419355
49437,0.903226
49438,0.548387
49439,0.903226
49440,0.548387
49441,0.806452
49442,0.548387
49443,0.870968
49444,0.548387
49445,0.903226
49446,0.483871
49447,0.548387
49448,0.580645
49449,0.903226
49450,0.483871
49451,0.903226
49452,0.548387
49453,0.903226
49454,0.548387
49455,0.903226
49456,0.483871
49457,0.903226
49458,0.548387
49459,0.903226
49460,0.483871
49461,0.83871
49462,0.419355
49463,0.870968
49464,0.483871
49465,0.903226
49466,0.483871
49467,0.903226
49468,0.483871
49469,0.903226
49470,0.483871
49471,0.903226
49472,0.483871
49473,0.903226
49474,0.483871
49475,0.903226
49476,0.483871
49477,0.870968
49478,0.387097
49479,0.903226
49480,0.322581
49481,0.967742
49482,0.774194
49483,0.935484
49484,0.612903
49485,0.967742
49486,0.870968
49487,0.935484
49488,0.645161
49489,0.967742
49490,0.774194
49491,0.935484
49492,0.774194
49493,0.935484
49494,0.645161
49495,0.903226
49496,0.806452
49497,0.967742
49498,0.870968
49499,0.935484
49500,0.451613
49501,0.83871
49502,0.516129
49503,0.870968
49504,0.419355
49505,0.387097
49506,0.516129
49507,0.870968
49508,0.483871
49509,0.903226
49510,0.387097
49511,0.419355
49512,0.483871
49513,0.741935
49514,0.483871
49515,0.645161
49516,0.806452
49517,0.612903
49518,0.741935
49519,0.645161
49520,0.967742
49521,0.903226
49522,0.451613
49523,0.580645
49524,0.612903
49525,0.903226
49526,0.935484
49527,0.967742
49528,0.935484
49529,0.612903
49530,0.83871
49531,0.903226
49532,0.419355
49533,0.83871
49534,0.967742
49535,0.903226
49536,0.935484
49537,0.741935
49538,0.935484
49539,0.967742
49540,0.903226
49541,0.967742
49542,0.935484
49543,0.967742
49544,0.935484
49545,0.967742
49546,0.903226
49547,0.967742
49548,0.935484
49549,0.967742
49550,0.451613
49551,0.967742
49552,0.967742
49553,0.935484
49554,0.967742
49555,0.935484
49556,0.741935
49557,0.935484
49558,1
49559,0.935484
49560,0.967742
49561,0.935484
49562,1
49563,0.870968
49564,0.451613
49565,0.935484
49566,0.967742
49567,0.935484
49568,0.451613
49569,0.935484
49570,0.483871
49571,0.870968
49572,0.483871
49573,0.870968
49574,0.483871
49575,0.870968
49576,0.483871
49577,0.870968
49578,0.483871
49579,0.870968
49580,0.483871
49581,0.870968
49582,0.483871
49583,0.870968
49584,0.516129
49585,0.935484
49586,0.483871
49587,0.870968
49588,0.419355
49589,0.548387
49590,0.516129
49591,0.870968
49592,0.483871
49593,0.870968
49594,0.483871
49595,0.870968
49596,0.483871
49597,0.774194
49598,0.903226
49599,0.935484
49600,0.548387
49601,0.903226
49602,0.483871
49603,0.580645
49604,0.709677
49605,0.548387
49606,0.741935
49607,0.677419
49608,0.709677
49609,0.774194
49610,0.645161
49611,0.741935
49612,0.903226
49613,0.774194
49614,0.806452
49615,0.419355
49616,0.806452
49617,0.387097
49618,0.806452
49619,0.548387
49620,0.903226
49621,0.774194
49622,0.83871
49623,0.741935
49624,0.645161
49625,0.870968
49626,0.677419
49627,0.935484
49628,0.354839
49629,0.709677
49630,0.387097
49631,0.677419
49632,0.419355
49633,0.774194
49634,0.322581
49635,0.741935
49636,0.354839
49637,0.580645
49638,0.516129
49639,0.806452
49640,0.419355
49641,0.806452
49642,0.806452
49643,0.709677
49644,0.419355
49645,0.806452
49646,0.451613
49647,0.806452
49648,0.387097
49649,0.774194
49650,0.387097
49651,0.774194
49652,0.419355
49653,0.806452
49654,0.451613
49655,0.806452
49656,0.451613
49657,0.806452
49658,0.483871
49659,0.741935
49660,0.741935
49661,0.774194
49662,0.580645
49663,0.741935
49664,0.709677
49665,0.612903
49666,0.806452
49667,0.677419
49668,0.806452
49669,0.645161
49670,0.806452
49671,0.580645
49672,0.741935
49673,0.612903
49674,0.612903
49675,0.741935
49676,0.709677
49677,0.548387
49678,0.741935
49679,0.612903
49680,0.709677
49681,0.548387
49682,0.741935
49683,0.516129
49684,0.806452
49685,0.451613
49686,0.774194
49687,0.483871
49688,0.774194
49689,0.516129
49690,0.774194
49691,0.483871
49692,0.709677
49693,0.483871
49694,0.774194
49695,0.419355
49696,0.741935
49697,0.516129
49698,1
49699,0.483871
49700,1
49701,0.451613
49702,0.967742
49703,0.354839
49704,1
49705,0.387097
49706,1
49707,0.419355
49708,1
49709,0.419355
49710,1
49711,0.419355
49712,1
49713,0.419355
49714,0.967742
49715,0.419355
49716,1
49717,0.387097
49718,1
49719,0.419355
49720,0.903226
49721,0.419355
49722,0.903226
49723,0.419355
49724,0.903226
49725,0.419355
49726,0.903226
49727,0.612903
49728,0.483871
49729,0.870968
49730,0.774194
49731,0.419355
49732,0.967742
49733,0.387097
49734,0.967742
49735,0.354839
49736,0.967742
49737,0.741935
49738,0.806452
49739,0.806452
49740,0.677419
49741,0.903226
49742,0.83871
49743,0.870968
49744,0.83871
49745,0.870968
49746,0.806452
49747,0.806452
49748,0.83871
49749,0.806452
49750,0.774194
49751,0.806452
49752,0.806452
49753,0.806452
49754,0.774194
49755,0.806452
49756,0.806452
49757,0.806452
49758,0.709677
49759,0.774194
49760,0.741935
49761,0.612903
49762,0.870968
49763,0.483871
49764,0.935484
49765,0.612903
49766,0.709677
49767,0.83871
49768,0.677419
49769,0.83871
49770,0.548387
49771,0.83871
49772,0.677419
49773,0.806452
49774,0.677419
49775,0.612903
49776,0.677419
49777,0.774194
49778,0.580645
49779,0.774194
49780,0.645161
49781,0.741935
49782,0.645161
49783,0.741935
49784,0.645161
49785,0.612903
49786,0.645161
49787,0.870968
49788,0.612903
49789,0.935484
49790,0.483871
49791,0.83871
49792,0.741935
49793,0.548387
49794,0.83871
49795,0.806452
49796,0.548387
49797,0.677419
49798,0.83871
49799,0.741935
49800,0.580645
49801,0.83871
49802,0.451613
49803,0.870968
49804,0.548387
49805,0.709677
49806,0.677419
49807,0.677419
49808,0.677419
49809,0.645161
49810,0.645161
49811,0.83871
49812,0.516129
49813,0.774194
49814,0.645161
49815,0.806452
49816,0.645161
49817,0.806452
49818,0.645161
49819,0.806452
49820,0.612903
49821,0.741935
49822,0.870968
49823,0.774194
49824,0.774194
49825,0.677419
49826,0.741935
49827,0.677419
49828,0.645161
49829,0.967742
49830,0.741935
49831,0.935484
49832,0.806452
49833,0.806452
49834,0.645161
49835,0.903226
49836,0.548387
49837,0.645161
49838,0.709677
49839,0.774194
49840,0.709677
49841,0.903226
49842,0.580645
49843,0.83871
49844,0.548387
49845,0.967742
49846,0.548387
49847,0.774194
49848,0.709677
49849,0.645161
49850,0.709677
49851,0.709677
49852,1
49853,0.870968
49854,0.516129
49855,0.967742
49856,0.451613
49857,0.806452
49858,0.548387
49859,0.870968
49860,0.645161
49861,0.580645
49862,1
49863,0.870968
49864,0.645161
49865,0.83871
49866,0.516129
49867,0.774194
49868,0.612903
49869,0.677419
49870,0.612903
49871,0.677419
49872,0.548387
49873,0.677419
49874,0.645161
49875,0.516129
49876,0.967742
49877,0.806452
49878,0.483871
49879,0.709677
49880,0.548387
49881,0.741935
49882,0.516129
49883,0.677419
49884,0.580645
49885,0.677419
49886,0.580645
49887,0.677419
49888,0.580645
49889,0.677419
49890,0.580645
49891,0.677419
49892,0.548387
49893,0.774194
49894,0.354839
49895,0.483871
49896,0.516129
49897,0.709677
49898,0.451613
49899,0.709677
49900,0.516129
49901,0.709677
49902,0.548387
49903,0.677419
49904,0.548387
49905,0.677419
49906,0.548387
49907,0.709677
49908,0.419355
49909,0.580645
49910,0.870968
49911,0.677419
49912,0.548387
49913,0.677419
49914,0.548387
49915,0.677419
49916,0.548387
49917,0.677419
49918,0.548387
49919,0.709677
49920,0.483871
49921,0.741935
49922,0.483871
49923,0.483871
49924,0.516129
49925,0.580645
49926,0.83871
49927,0.580645
49928,0.870968
49929,0.516129
49930,0.548387
49931,0.774194
49932,0.290323
49933,0.935484
49934,0.516129
49935,0.548387
49936,0.580645
49937,0.580645
49938,0.645161
49939,0.741935
49940,0.354839
49941,0.548387
49942,0.580645
49943,0.83871
49944,0.612903
49945,0.548387
49946,0.806452
49947,0.129032
49948,0.483871
49949,0.677419
49950,0.548387
49951,0.709677
49952,0.419355
49953,0.774194
49954,0.354839
49955,0.903226
49956,0.322581
49957,0.903226
49958,0.387097
49959,0.709677
49960,0.322581
49961,0.709677
49962,0.483871
49963,0.774194
49964,0.290323
49965,0.774194
49966,0.354839
49967,0.774194
49968,0.387097
49969,0.645161
49970,0.612903
49971,0.580645
49972,0.870968
49973,0.612903
49974,0.516129
49975,0.741935
49976,0.451613
49977,0.580645
49978,0.83871
49979,0.741935
49980,0.451613
49981,0.612903
49982,0.516129
49983,0.612903
49984,0.548387
49985,0.580645
49986,0.451613
49987,0.483871
49988,0.483871
49989,0.612903
49990,0.516129
49991,0.580645
49992,0.451613
49993,0.580645
49994,0.451613
49995,0.645161
49996,0.354839
49997,0.387097
49998,0.451613
49999,0.483871
