index,score
0,1
1,1
2,1
3,1
4,1
5,1
6,1
7,1
8,1
9,1
10,1
11,1
12,1
13,1
14,1
15,1
16,1
17,1
18,1
19,1
20,1
21,1
22,0.903226
23,1
24,1
25,0.451613
26,0.354839
27,0.903226
28,0.903226
29,0.580645
30,1
31,0.258065
32,0.451613
33,0.516129
34,0.387097
35,0.903226
36,0.258065
37,0.129032
38,0.0645161
39,0
40,0.0322581
41,0.0322581
42,0.193548
43,0.548387
44,0.903226
45,0.903226
46,0.0967742
47,0.129032
48,0.129032
49,0.129032
50,0.0967742
51,0.258065
52,1
53,1
54,1
55,1
56,1
57,1
58,1
59,1
60,1
61,0.548387
62,0.451613
63,0.516129
64,0.83871
65,0.483871
66,0.0645161
67,0
68,0.0967742
69,0.258065
70,1
71,1
72,1
73,1
74,1
75,0.870968
76,1
77,1
78,1
79,1
80,0.83871
81,1
82,1
83,0.709677
84,0.967742
85,0.709677
86,0.774194
87,0.967742
88,0.935484
89,0.709677
90,1
91,1
92,0.483871
93,0.806452
94,0.16129
95,0.387097
96,0.580645
97,0.387097
98,0.483871
99,1
100,1
101,0.322581
102,1
103,1
104,1
105,0.806452
106,1
107,1
108,1
109,1
110,0.677419
111,1
112,0.741935
113,1
114,0.612903
115,1
116,0.774194
117,1
118,0.483871
119,1
120,1
121,0.645161
122,0.580645
123,0.516129
124,0.354839
125,0.322581
126,0.0967742
127,0.0967742
128,0.16129
129,1
130,1
131,0.354839
132,0
133,0.225806
134,0.290323
135,0.129032
136,0.0967742
137,0.0322581
138,0.0322581
139,0
140,0
141,0
142,0
143,0
144,0
145,0.0322581
146,0
147,0
148,0
149,0
150,0
151,0.0645161
152,0.0645161
153,0.0322581
154,0.0322581
155,0.0645161
156,0.0967742
157,0.0967742
158,0.0967742
159,0.16129
160,0.193548
161,0.774194
162,0.290323
163,1
164,1
165,0.580645
166,0.903226
167,1
168,1
169,1
170,1
171,1
172,0.83871
173,1
174,1
175,1
176,0.903226
177,1
178,1
179,1
180,0.322581
181,0.419355
182,1
183,1
184,1
185,1
186,1
187,1
188,1
189,1
190,1
191,0.709677
192,1
193,1
194,1
195,1
196,1
197,1
198,1
199,1
200,1
201,1
202,1
203,0.967742
204,1
205,0
206,0
207,0
208,0.0645161
209,0.0322581
210,0.0967742
211,0.0967742
212,0.0645161
213,0.0967742
214,0.0645161
215,0.548387
216,1
217,0.806452
218,0.870968
219,0.774194
220,0.0645161
221,0.129032
222,0
223,0
224,0
225,0
226,0
227,0
228,0
229,0.0645161
230,0.0645161
231,0
232,0
233,0
234,0.0645161
235,0
236,0.0322581
237,0.0645161
238,0.0967742
239,0.0322581
240,0
241,0.0645161
242,0
243,0.0645161
244,0.0645161
245,0.0322581
246,0.0645161
247,0.0967742
248,0.0967742
249,0.129032
250,0.225806
251,0.741935
252,0.774194
253,0.903226
254,1
255,1
256,1
257,1
258,1
259,1
260,1
261,0.935484
262,1
263,1
264,1
265,1
266,1
267,0.16129
268,0.290323
269,1
270,0.483871
271,0.903226
272,0.709677
273,0.935484
274,0.935484
275,0.774194
276,1
277,1
278,0.741935
279,1
280,1
281,0.935484
282,1
283,0.903226
284,0.83871
285,0.935484
286,0.83871
287,0.83871
288,0.741935
289,0.677419
290,0.806452
291,0.0645161
292,0.0645161
293,0.0322581
294,0.0322581
295,0.0645161
296,0
297,0
298,0
299,0
300,0
301,0.0322581
302,1
303,1
304,0.677419
305,0.0322581
306,0.129032
307,0.129032
308,0.0322581
309,0
310,0
311,0
312,0
313,0
314,0
315,0
316,0
317,0
318,0
319,0
320,0
321,0
322,0
323,0
324,0
325,0
326,0
327,0
328,0
329,0
330,0
331,0
332,0
333,0.0322581
334,0.0322581
335,0.129032
336,0.129032
337,0.290323
338,0.419355
339,0.419355
340,0.935484
341,1
342,0.483871
343,0.580645
344,1
345,0.967742
346,0.83871
347,0.903226
348,1
349,1
350,1
351,0.967742
352,1
353,0.645161
354,0.290323
355,0.967742
356,0.129032
357,0.129032
358,0.258065
359,0.677419
360,0.419355
361,0.129032
362,0.903226
363,1
364,0.225806
365,0.580645
366,0.967742
367,0.935484
368,0.806452
369,0.548387
370,0.548387
371,0.709677
372,0.741935
373,0.451613
374,0.580645
375,0.580645
376,0.580645
377,0.548387
378,0.16129
379,0.0322581
380,0
381,0
382,0
383,0
384,0
385,0
386,0
387,0
388,0.516129
389,0.83871
390,0.806452
391,1
392,0.0645161
393,0.0645161
394,0.0322581
395,0.0322581
396,0.0645161
397,0.0967742
398,0.0645161
399,0.0645161
400,0.0645161
401,0.0645161
402,0
403,0
404,0
405,0
406,0
407,0.0322581
408,0
409,0.0645161
410,0.0645161
411,0.0645161
412,0.0645161
413,0.0645161
414,0.0967742
415,0.0645161
416,0
417,0
418,0
419,0.0645161
420,0.0322581
421,0.0967742
422,0.16129
423,0.16129
424,0.16129
425,0.258065
426,0.387097
427,0.83871
428,1
429,0.741935
430,0.580645
431,0.870968
432,0.83871
433,0.774194
434,0.774194
435,0.580645
436,0.967742
437,0.935484
438,1
439,0.967742
440,0.612903
441,0.258065
442,0.16129
443,0.0645161
444,0.0967742
445,0.354839
446,0.645161
447,0.0967742
448,0.0967742
449,1
450,1
451,0.451613
452,0.967742
453,0.806452
454,0.516129
455,0.548387
456,0.483871
457,0.451613
458,0.483871
459,0.516129
460,0.322581
461,0.516129
462,0.516129
463,0.483871
464,0.16129
465,0
466,0
467,0
468,0
469,0
470,0.0645161
471,0
472,0
473,0
474,0
475,0
476,0.935484
477,1
478,0.193548
479,0
480,0.0322581
481,0.16129
482,0.129032
483,0.0645161
484,0
485,0
486,0
487,0
488,0
489,0
490,0
491,0
492,0
493,0
494,0
495,0
496,0
497,0
498,0
499,0
500,0
501,0
502,0
503,0
504,0
505,0.0322581
506,0.0967742
507,0.0645161
508,0.0967742
509,0.0967742
510,0.322581
511,0.322581
512,0.290323
513,0.806452
514,1
515,0.935484
516,0.387097
517,1
518,0.612903
519,0.516129
520,0.451613
521,0.419355
522,0.645161
523,0.741935
524,0.83871
525,0.870968
526,0.967742
527,0.290323
528,0.258065
529,0.0967742
530,0.0322581
531,0.129032
532,0.387097
533,0.548387
534,0.0645161
535,0.322581
536,1
537,0.903226
538,0.387097
539,0.516129
540,0.741935
541,0.354839
542,0.322581
543,0.387097
544,0.354839
545,0.290323
546,0.225806
547,0.483871
548,0.580645
549,0.548387
550,0.419355
551,0.0645161
552,0.0322581
553,0
554,0
555,0
556,0
557,0
558,0
559,0
560,0
561,0
562,0.483871
563,0.677419
564,0.774194
565,0.935484
566,0
567,0.0322581
568,0.0322581
569,0.0322581
570,0
571,0
572,0
573,0
574,0
575,0
576,0
577,0
578,0
579,0
580,0
581,0
582,0
583,0
584,0
585,0
586,0
587,0
588,0
589,0
590,0
591,0.0967742
592,0.129032
593,0.129032
594,0.0967742
595,0.0967742
596,0.258065
597,0.322581
598,0.290323
599,0.225806
600,0.83871
601,0.935484
602,0.83871
603,0.387097
604,0.516129
605,0.516129
606,0.290323
607,0.354839
608,0.387097
609,0.387097
610,0.516129
611,0.580645
612,0.967742
613,0.935484
614,0.354839
615,0.225806
616,0.0322581
617,0.0322581
618,0.0967742
619,0.322581
620,0.483871
621,0
622,0.225806
623,1
624,0.645161
625,0.354839
626,1
627,0.451613
628,0.322581
629,0.258065
630,0.354839
631,0.322581
632,0.258065
633,0.129032
634,0.258065
635,0.483871
636,0.516129
637,0.258065
638,0
639,0
640,0
641,0
642,0.0322581
643,0
644,0
645,0
646,0
647,0
648,0
649,0
650,0.903226
651,1
652,0.129032
653,0
654,0.0322581
655,0.0967742
656,0
657,0
658,0
659,0
660,0
661,0
662,0
663,0
664,0
665,0
666,0
667,0
668,0
669,0
670,0
671,0
672,0
673,0.0322581
674,0
675,0
676,0
677,0
678,0.0645161
679,0.0645161
680,0
681,0
682,0.129032
683,0.129032
684,0.193548
685,0.129032
686,0.709677
687,0.677419
688,1
689,1
690,0.451613
691,0.483871
692,0.419355
693,0.387097
694,0.354839
695,0.290323
696,0.612903
697,0.516129
698,0.612903
699,1
700,0.483871
701,0.225806
702,0.0322581
703,0.0322581
704,0.0645161
705,0.225806
706,0.225806
707,0.0322581
708,0.225806
709,1
710,0.483871
711,0.387097
712,0.774194
713,0.354839
714,0.322581
715,0.193548
716,0.290323
717,0.193548
718,0.193548
719,0.258065
720,0.548387
721,0.483871
722,0.580645
723,0.322581
724,0.0322581
725,0
726,0
727,0.0322581
728,0
729,0.0967742
730,0.129032
731,0.0322581
732,0.0645161
733,0.0322581
734,0.0322581
735,0.870968
736,1
737,0.0645161
738,0
739,0.0645161
740,0.0967742
741,0.0322581
742,0.0322581
743,0
744,0
745,0
746,0
747,0
748,0.0322581
749,0
750,0
751,0
752,0
753,0
754,0
755,0
756,0
757,0
758,0
759,0
760,0
761,0
762,0.0322581
763,0.0645161
764,0
765,0.0322581
766,0.0322581
767,0.0645161
768,0.0322581
769,0.258065
770,0.193548
771,0.258065
772,0.709677
773,0.548387
774,0.967742
775,0.903226
776,0.0967742
777,0.354839
778,0.322581
779,0.258065
780,0.16129
781,0.258065
782,0.483871
783,0.387097
784,0.580645
785,1
786,0.322581
787,0.258065
788,0.16129
789,0.16129
790,0.129032
791,0.225806
792,0.0967742
793,0.0322581
794,0.0645161
795,1
796,0.322581
797,0.225806
798,0.483871
799,0.387097
800,0.419355
801,0.225806
802,0.258065
803,0.16129
804,0.16129
805,0.129032
806,0.0645161
807,0.483871
808,0.451613
809,0.645161
810,0.387097
811,0.0967742
812,0.0645161
813,0.0322581
814,0
815,0.0645161
816,0.0645161
817,0.0645161
818,0.0645161
819,0.0645161
820,0
821,0.483871
822,0.483871
823,0.580645
824,0.645161
825,0.225806
826,0.0322581
827,0.0967742
828,0
829,0
830,0
831,0
832,0
833,0
834,0
835,0
836,0
837,0
838,0
839,0
840,0
841,0
842,0
843,0
844,0
845,0
846,0
847,0
848,0
849,0
850,0
851,0.0322581
852,0.0322581
853,0.0967742
854,0.0645161
855,0.0967742
856,0.0322581
857,0.0967742
858,0.806452
859,1
860,0.870968
861,0.225806
862,0.322581
863,0.387097
864,0.258065
865,0.225806
866,0.225806
867,0.258065
868,0.548387
869,0.548387
870,1
871,0.741935
872,0.290323
873,0.451613
874,0.193548
875,0.225806
876,0.193548
877,0.258065
878,0.0645161
879,0.0322581
880,0.225806
881,1
882,0.322581
883,0.129032
884,0.258065
885,0.354839
886,0.290323
887,0.225806
888,0.129032
889,0.16129
890,0.129032
891,0
892,0.451613
893,0.451613
894,0.419355
895,0.258065
896,0
897,0
898,0
899,0
900,0
901,0
902,0.0645161
903,0
904,0.0967742
905,0.0645161
906,0
907,0.903226
908,1
909,0.0645161
910,0
911,0.0645161
912,0
913,0
914,0
915,0.0645161
916,0
917,0.0645161
918,0
919,0.0645161
920,0
921,0
922,0
923,0
924,0
925,0
926,0
927,0
928,0
929,0
930,0
931,0.0967742
932,0
933,0
934,0.0645161
935,0.0322581
936,0.0322581
937,0
938,0.0322581
939,0.0645161
940,0.0967742
941,0.129032
942,0.129032
943,0.612903
944,0.580645
945,1
946,0.83871
947,0.0967742
948,0.548387
949,0.354839
950,0.193548
951,0.290323
952,0.290323
953,0.548387
954,0.451613
955,0.677419
956,0.741935
957,0.354839
958,0.354839
959,0.0967742
960,0.0967742
961,0.129032
962,0.193548
963,0.0322581
964,0.0322581
965,0.0322581
966,1
967,0.387097
968,0.129032
969,0.290323
970,0.354839
971,0.258065
972,0.193548
973,0.225806
974,0.16129
975,0.16129
976,0.0645161
977,0.193548
978,0.483871
979,0.354839
980,0.258065
981,0
982,0
983,0.0645161
984,0
985,0.0645161
986,0
987,0
988,0
989,0.0645161
990,0.0645161
991,0.0645161
992,1
993,0.967742
994,0.0645161
995,0.0645161
996,0.0967742
997,0
998,0.0645161
999,0
1000,0
1001,0
1002,0.0645161
1003,0.0645161
1004,0.0645161
1005,0.0645161
1006,0.0645161
1007,0.0645161
1008,0.0645161
1009,0.0645161
1010,0.0645161
1011,0.0645161
1012,0.0967742
1013,0.0645161
1014,0.0645161
1015,0.0645161
1016,0.387097
1017,0.967742
1018,0.967742
1019,0.967742
1020,0.967742
1021,0.967742
1022,0.967742
1023,0.967742
1024,1
1025,0.967742
1026,1
1027,0.967742
1028,0.967742
1029,0.967742
1030,0.967742
1031,0.612903
1032,0.129032
1033,0.903226
1034,1
1035,0.83871
1036,1
1037,0.967742
1038,1
1039,0.967742
1040,1
1041,0.903226
1042,0.967742
1043,0.709677
1044,0.741935
1045,0.935484
1046,0.387097
1047,0.903226
1048,1
1049,0.967742
1050,0.967742
1051,0.935484
1052,0.935484
1053,0.193548
1054,0.967742
1055,0.967742
1056,0.870968
1057,0.935484
1058,0.870968
1059,0.935484
1060,0.774194
1061,0.870968
1062,0.806452
1063,0.870968
1064,0.870968
1065,0.967742
1066,0.870968
1067,0.967742
1068,0.903226
1069,0.967742
1070,0.709677
1071,0.548387
1072,0.935484
1073,0.967742
1074,0.935484
1075,0.935484
1076,0.967742
1077,0.967742
1078,0.806452
1079,0.870968
1080,0.903226
1081,0.870968
1082,0.870968
1083,0.870968
1084,0.129032
1085,0.870968
1086,0.16129
1087,1
1088,1
1089,1
1090,1
1091,1
1092,1
1093,1
1094,1
1095,1
1096,1
1097,1
1098,1
1099,0.967742
1100,0.967742
1101,0.967742
1102,0.967742
1103,0.967742
1104,0.967742
1105,0.967742
1106,0.967742
1107,0.967742
1108,0.967742
1109,0.967742
1110,0.870968
1111,0.290323
1112,0.903226
1113,0.967742
1114,0.935484
1115,1
1116,0.83871
1117,1
1118,0.967742
1119,0.935484
1120,0.935484
1121,0.967742
1122,0.709677
1123,0.903226
1124,0.935484
1125,0.451613
1126,0.903226
1127,0.774194
1128,0.903226
1129,0.322581
1130,0.903226
1131,0.677419
1132,0.870968
1133,0.354839
1134,0.806452
1135,0.806452
1136,0.774194
1137,0.645161
1138,0.903226
1139,0.709677
1140,0.935484
1141,0.741935
1142,0.935484
1143,0.741935
1144,0.967742
1145,0.806452
1146,0.903226
1147,0.903226
1148,0.935484
1149,0.935484
1150,0.967742
1151,0.935484
1152,0.967742
1153,0.967742
1154,1
1155,1
1156,1
1157,1
1158,1
1159,1
1160,1
1161,1
1162,1
1163,1
1164,1
1165,0.225806
1166,0.903226
1167,0.483871
1168,0.0322581
1169,0.903226
1170,0.709677
1171,0.612903
1172,0.548387
1173,0.903226
1174,0.774194
1175,0.193548
1176,0.258065
1177,0.129032
1178,0.935484
1179,0.290323
1180,0.129032
1181,0.290323
1182,0.225806
1183,0.290323
1184,0.16129
1185,0.193548
1186,0.129032
1187,0.451613
1188,0.322581
1189,0.193548
1190,0.16129
1191,0.0967742
1192,0.967742
1193,0.967742
1194,0.129032
1195,0.709677
1196,0.967742
1197,1
1198,0.870968
1199,0.83871
1200,0.258065
1201,0.193548
1202,0.129032
1203,0.870968
1204,0.709677
1205,0.225806
1206,0.193548
1207,0.16129
1208,0.193548
1209,0.193548
1210,0.16129
1211,0.193548
1212,0.193548
1213,0.129032
1214,0.129032
1215,0.741935
1216,0.322581
1217,0.193548
1218,0.290323
1219,0.258065
1220,0.290323
1221,0.0967742
1222,0.225806
1223,0.225806
1224,0.225806
1225,0.16129
1226,0.193548
1227,0.322581
1228,0.193548
1229,0.258065
1230,0.129032
1231,0.903226
1232,0.935484
1233,0.354839
1234,0.354839
1235,0.258065
1236,0.322581
1237,0.258065
1238,0.16129
1239,0.225806
1240,0.129032
1241,0.903226
1242,0.903226
1243,0.290323
1244,0.129032
1245,0.806452
1246,0.290323
1247,0.225806
1248,0.225806
1249,0.225806
1250,0.258065
1251,0.193548
1252,0.258065
1253,0.290323
1254,0.225806
1255,0.129032
1256,0.322581
1257,0.225806
1258,0.290323
1259,0.225806
1260,0.387097
1261,0.193548
1262,0.225806
1263,0.225806
1264,0.83871
1265,0.16129
1266,0.83871
1267,0.129032
1268,0.774194
1269,0.806452
1270,0.516129
1271,0.258065
1272,0.741935
1273,0.387097
1274,0.741935
1275,0.870968
1276,0.870968
1277,0.870968
1278,0.935484
1279,0.903226
1280,0.870968
1281,0.774194
1282,0.806452
1283,0.677419
1284,0.709677
1285,0.16129
1286,0.677419
1287,0.16129
1288,0.806452
1289,0.516129
1290,0.806452
1291,0.870968
1292,0.806452
1293,0.870968
1294,0.677419
1295,0.16129
1296,0.677419
1297,0.16129
1298,0.645161
1299,0.451613
1300,0.806452
1301,0.225806
1302,0.774194
1303,0.0967742
1304,0.806452
1305,0.516129
1306,0.806452
1307,0.516129
1308,0.774194
1309,0.419355
1310,0.645161
1311,0.16129
1312,0.645161
1313,0.16129
1314,0.645161
1315,0.258065
1316,0.645161
1317,0.258065
1318,0.774194
1319,0.580645
1320,0.774194
1321,0.580645
1322,0.806452
1323,0.83871
1324,0.806452
1325,0.83871
1326,0.774194
1327,0.677419
1328,0.580645
1329,0.774194
1330,0.83871
1331,0.483871
1332,0.741935
1333,0.516129
1334,0.580645
1335,0.741935
1336,0.580645
1337,0.516129
1338,0.322581
1339,0.258065
1340,0.612903
1341,0.548387
1342,0.16129
1343,0.419355
1344,0.451613
1345,0.387097
1346,0.83871
1347,0.83871
1348,0.935484
1349,0.16129
1350,0.870968
1351,0.935484
1352,0.774194
1353,0.806452
1354,0.935484
1355,0.870968
1356,0.935484
1357,0.935484
1358,0.967742
1359,0.967742
1360,1
1361,0.83871
1362,0.870968
1363,0.741935
1364,0.83871
1365,0.967742
1366,1
1367,0.967742
1368,1
1369,0.967742
1370,1
1371,0.967742
1372,0.612903
1373,0.83871
1374,0.645161
1375,0.806452
1376,0.741935
1377,0.870968
1378,0.612903
1379,0.83871
1380,0.967742
1381,0.645161
1382,0.322581
1383,0.83871
1384,0.903226
1385,0.903226
1386,0.806452
1387,0.870968
1388,0.774194
1389,0.903226
1390,0.870968
1391,0.870968
1392,0.870968
1393,0.870968
1394,0.870968
1395,0.870968
1396,0.967742
1397,0.903226
1398,0.903226
1399,0.870968
1400,0.870968
1401,0.903226
1402,0.935484
1403,0.967742
1404,0.967742
1405,0.967742
1406,0.967742
1407,0.967742
1408,0.903226
1409,0.967742
1410,0.774194
1411,0.193548
1412,0.870968
1413,1
1414,0.709677
1415,0.774194
1416,0.903226
1417,0.83871
1418,0.870968
1419,0.451613
1420,0.83871
1421,0.258065
1422,0.774194
1423,0.935484
1424,0.451613
1425,0.806452
1426,0.483871
1427,0.83871
1428,0.451613
1429,0.806452
1430,0.935484
1431,0.322581
1432,0.258065
1433,0.83871
1434,0.516129
1435,0.806452
1436,0.903226
1437,0.903226
1438,0.903226
1439,0.935484
1440,0.903226
1441,0.903226
1442,0.83871
1443,0.806452
1444,0.83871
1445,0.870968
1446,0.806452
1447,0.935484
1448,0.935484
1449,0.935484
1450,0.935484
1451,0.935484
1452,0.935484
1453,0.935484
1454,0.935484
1455,0.935484
1456,0.580645
1457,0.193548
1458,0.451613
1459,0.612903
1460,0.903226
1461,0.935484
1462,0.483871
1463,0.193548
1464,0.806452
1465,0.935484
1466,0.935484
1467,0.967742
1468,0.967742
1469,0.967742
1470,0.967742
1471,0.935484
1472,0.967742
1473,0.967742
1474,0.935484
1475,0.967742
1476,0.967742
1477,0.967742
1478,0.935484
1479,0.967742
1480,0.935484
1481,0.935484
1482,0.935484
1483,0.935484
1484,0.935484
1485,0.935484
1486,0.935484
1487,0.935484
1488,0.935484
1489,0.935484
1490,0.935484
1491,0.935484
1492,0.935484
1493,0.935484
1494,0.935484
1495,0.935484
1496,0.903226
1497,0.709677
1498,0.387097
1499,1
1500,0.870968
1501,0.903226
1502,0.935484
1503,0.967742
1504,0.967742
1505,0.83871
1506,0.935484
1507,0.935484
1508,0.129032
1509,0.903226
1510,0.774194
1511,0.806452
1512,0.903226
1513,0.935484
1514,0.774194
1515,0.870968
1516,0.935484
1517,0.870968
1518,0.709677
1519,0.870968
1520,0.645161
1521,0.774194
1522,0.225806
1523,0.354839
1524,0.322581
1525,0.806452
1526,0.258065
1527,0.677419
1528,0.677419
1529,0.806452
1530,0.548387
1531,0.806452
1532,0.451613
1533,0.806452
1534,0.387097
1535,0.774194
1536,0.193548
1537,0.516129
1538,0.806452
1539,0.903226
1540,0.935484
1541,0.870968
1542,0.903226
1543,0.903226
1544,0.935484
1545,0.903226
1546,0.903226
1547,0.903226
1548,0.83871
1549,0.903226
1550,0.870968
1551,0.806452
1552,0.548387
1553,0.903226
1554,0.935484
1555,0.935484
1556,0.935484
1557,0.548387
1558,0.451613
1559,0.83871
1560,0.935484
1561,0.935484
1562,0.580645
1563,0.193548
1564,0.451613
1565,0.129032
1566,0.935484
1567,0.806452
1568,0.483871
1569,0.83871
1570,0.903226
1571,0.935484
1572,0.935484
1573,0.935484
1574,0.935484
1575,0.935484
1576,0.967742
1577,0.967742
1578,0.967742
1579,0.935484
1580,0.967742
1581,0.935484
1582,0.935484
1583,0.935484
1584,0.935484
1585,0.935484
1586,0.935484
1587,0.935484
1588,0.935484
1589,0.580645
1590,0.903226
1591,0.935484
1592,0.580645
1593,0.903226
1594,0.935484
1595,0.935484
1596,0.516129
1597,0.451613
1598,0.83871
1599,0.903226
1600,0.903226
1601,0.451613
1602,0.322581
1603,0.0645161
1604,0.354839
1605,0.387097
1606,0.225806
1607,0.806452
1608,0.516129
1609,0.83871
1610,0.935484
1611,0.83871
1612,0.903226
1613,0.16129
1614,0.870968
1615,0.935484
1616,0.903226
1617,0.935484
1618,0.903226
1619,0.806452
1620,0.870968
1621,0.935484
1622,0.83871
1623,0.903226
1624,0.903226
1625,0.677419
1626,0.806452
1627,0.419355
1628,0.16129
1629,0.258065
1630,0.806452
1631,0.483871
1632,0.806452
1633,0.645161
1634,0.83871
1635,0.709677
1636,0.806452
1637,0.612903
1638,0.83871
1639,0.548387
1640,0.806452
1641,0.322581
1642,0.129032
1643,0.806452
1644,0.451613
1645,0.806452
1646,0.451613
1647,0.419355
1648,0.451613
1649,0.870968
1650,0.548387
1651,0.451613
1652,0.83871
1653,0.387097
1654,0.387097
1655,0.0967742
1656,0.354839
1657,0.354839
1658,0.322581
1659,0.322581
1660,0.387097
1661,0.419355
1662,0.387097
1663,0.387097
1664,0.419355
1665,0.354839
1666,0.193548
1667,0.225806
1668,0.322581
1669,0.0967742
1670,0.322581
1671,0.354839
1672,0.322581
1673,0.322581
1674,0.354839
1675,0.451613
1676,0.903226
1677,0.935484
1678,0.935484
1679,0.935484
1680,0.935484
1681,0.935484
1682,0.935484
1683,0.935484
1684,0.935484
1685,0.935484
1686,0.580645
1687,0.903226
1688,0.935484
1689,0.935484
1690,0.935484
1691,0.935484
1692,0.580645
1693,0.83871
1694,0.580645
1695,0.419355
1696,0.419355
1697,0.419355
1698,0.419355
1699,0.354839
1700,0.354839
1701,0.354839
1702,0.354839
1703,0.387097
1704,0.387097
1705,0.354839
1706,0.322581
1707,0.258065
1708,0
1709,1
1710,0.870968
1711,0.0645161
1712,0.806452
1713,0.935484
1714,0.967742
1715,0.935484
1716,0.806452
1717,0.903226
1718,0.16129
1719,0.870968
1720,0.935484
1721,0.677419
1722,0.806452
1723,0.935484
1724,0.774194
1725,0.903226
1726,0.903226
1727,0.709677
1728,0.548387
1729,0.677419
1730,0.548387
1731,0.774194
1732,0.16129
1733,0.129032
1734,0.258065
1735,0.806452
1736,0.548387
1737,0.806452
1738,0.322581
1739,0.774194
1740,0.709677
1741,0.806452
1742,0.516129
1743,0.806452
1744,0.516129
1745,0.806452
1746,0.290323
1747,0.870968
1748,0.806452
1749,0.387097
1750,0.387097
1751,0.806452
1752,0.419355
1753,0.419355
1754,0.806452
1755,0.451613
1756,0.258065
1757,0.354839
1758,0.258065
1759,0.354839
1760,0.193548
1761,0.290323
1762,0.322581
1763,0.225806
1764,0.322581
1765,0.193548
1766,0.322581
1767,0.16129
1768,0.322581
1769,0.258065
1770,0.258065
1771,0.290323
1772,0.193548
1773,0.193548
1774,0.290323
1775,0
1776,0.548387
1777,0.354839
1778,0.290323
1779,0.354839
1780,0.290323
1781,0.806452
1782,0.645161
1783,0.806452
1784,0.677419
1785,0.806452
1786,0.903226
1787,0.903226
1788,0.967742
1789,0.451613
1790,0.258065
1791,0.806452
1792,0.903226
1793,0.645161
1794,0.83871
1795,0.935484
1796,0.516129
1797,0.354839
1798,0.419355
1799,0.774194
1800,0.677419
1801,0.193548
1802,0.322581
1803,0.193548
1804,0.322581
1805,0.16129
1806,0.354839
1807,0.258065
1808,0.258065
1809,0.322581
1810,0.290323
1811,0.322581
1812,0.258065
1813,0.193548
1814,0.322581
1815,0.322581
1816,0.322581
1817,0.322581
1818,0.322581
1819,0.387097
1820,0.645161
1821,0.806452
1822,0.903226
1823,0.387097
1824,0.193548
1825,0.806452
1826,0.741935
1827,0.419355
1828,0.806452
1829,0.774194
1830,0.354839
1831,0.806452
1832,0.451613
1833,0.677419
1834,0.774194
1835,0.516129
1836,0.774194
1837,0.451613
1838,0.0645161
1839,0.225806
1840,0.806452
1841,0.451613
1842,0.354839
1843,0.290323
1844,0.387097
1845,0.322581
1846,0.419355
1847,0.322581
1848,0.419355
1849,0.322581
1850,0.290323
1851,0.129032
1852,0.612903
1853,0.322581
1854,0.225806
1855,0.290323
1856,0.322581
1857,0.225806
1858,0.258065
1859,0.322581
1860,0.290323
1861,0.322581
1862,0.0967742
1863,0.354839
1864,0.258065
1865,0.290323
1866,0.258065
1867,0.322581
1868,0.322581
1869,0.258065
1870,0.258065
1871,0.258065
1872,0.258065
1873,0.258065
1874,0.258065
1875,0.258065
1876,0.258065
1877,0.193548
1878,0.225806
1879,0.0967742
1880,0.225806
1881,0.387097
1882,0.16129
1883,0.290323
1884,0.290323
1885,0.290323
1886,0.354839
1887,0.354839
1888,0.322581
1889,0.419355
1890,0.774194
1891,0.516129
1892,0.290323
1893,0.354839
1894,0.258065
1895,0.806452
1896,0.548387
1897,0.322581
1898,0.258065
1899,0.322581
1900,0.290323
1901,0.322581
1902,0.258065
1903,0.322581
1904,0.258065
1905,0.322581
1906,0.258065
1907,0.16129
1908,0.258065
1909,0.322581
1910,0.258065
1911,0.322581
1912,0.322581
1913,0.290323
1914,0.258065
1915,0.258065
1916,0.0322581
1917,0.290323
1918,0.16129
1919,0.258065
1920,0.225806
1921,0.258065
1922,0.129032
1923,0.193548
1924,0.290323
1925,0.354839
1926,0.225806
1927,0.258065
1928,0.225806
1929,0.0967742
1930,0.258065
1931,0.290323
1932,0.258065
1933,0.290323
1934,0.290323
1935,0.258065
1936,0.290323
1937,0.290323
1938,0.0967742
1939,0.258065
1940,0.225806
1941,0.16129
1942,0.193548
1943,0.0967742
1944,0.741935
1945,0.387097
1946,0.16129
1947,0.903226
1948,0.967742
1949,0.290323
1950,0.0645161
1951,0.870968
1952,0.870968
1953,0.935484
1954,0.612903
1955,0.903226
1956,0.870968
1957,0.903226
1958,0.903226
1959,0.935484
1960,0.806452
1961,0.322581
1962,0.129032
1963,0.83871
1964,0.903226
1965,0.83871
1966,0.806452
1967,0.225806
1968,0.870968
1969,0.870968
1970,0.677419
1971,0.741935
1972,0.322581
1973,0.258065
1974,0.354839
1975,0.290323
1976,0.322581
1977,0.354839
1978,0.290323
1979,0.16129
1980,0.290323
1981,0.225806
1982,0.322581
1983,0.322581
1984,0.258065
1985,0.322581
1986,0.225806
1987,0.290323
1988,0.258065
1989,0.258065
1990,0.258065
1991,0.16129
1992,0.290323
1993,0.225806
1994,0.258065
1995,0.258065
1996,0.225806
1997,0.225806
1998,0.0967742
1999,0.903226
2000,0.741935
2001,0.16129
2002,0.322581
2003,0.258065
2004,0.16129
2005,0.129032
2006,0.354839
2007,0.903226
2008,0.548387
2009,0.258065
2010,0.322581
2011,0.870968
2012,0.483871
2013,0.258065
2014,0.354839
2015,0.225806
2016,0
2017,0.354839
2018,0.16129
2019,0.258065
2020,0.354839
2021,0.193548
2022,0.322581
2023,0.83871
2024,0.387097
2025,0.870968
2026,0.193548
2027,0.774194
2028,0.451613
2029,0.129032
2030,0.806452
2031,0.870968
2032,0.774194
2033,0.774194
2034,0.774194
2035,0.806452
2036,0.258065
2037,0.741935
2038,0.16129
2039,0.516129
2040,0.83871
2041,0.774194
2042,0.741935
2043,0.741935
2044,0.741935
2045,0.741935
2046,0.741935
2047,0.741935
2048,0.741935
2049,0.774194
2050,0.774194
2051,0.645161
2052,0.741935
2053,0.516129
2054,0.806452
2055,0.903226
2056,0.806452
2057,0.83871
2058,0.354839
2059,0.16129
2060,0.225806
2061,0.193548
2062,0.193548
2063,0.258065
2064,0.225806
2065,0.0967742
2066,0.677419
2067,0.419355
2068,0.16129
2069,0.225806
2070,0.193548
2071,0.0967742
2072,0.677419
2073,0.419355
2074,0.193548
2075,0.16129
2076,0.16129
2077,0.193548
2078,0.193548
2079,0.16129
2080,0.193548
2081,0.129032
2082,0.677419
2083,0.258065
2084,0.16129
2085,0.677419
2086,0.290323
2087,0.193548
2088,0.677419
2089,0.870968
2090,0.16129
2091,0.290323
2092,0.322581
2093,0.903226
2094,0.580645
2095,0.903226
2096,0.419355
2097,0.903226
2098,0.645161
2099,0.903226
2100,0.677419
2101,0.903226
2102,0.387097
2103,0.387097
2104,0.225806
2105,0.322581
2106,0.83871
2107,0.451613
2108,0.83871
2109,0.548387
2110,0.903226
2111,0.967742
2112,0.16129
2113,0.806452
2114,0.83871
2115,0.870968
2116,0.903226
2117,0.83871
2118,0.83871
2119,0.290323
2120,0.645161
2121,0.83871
2122,0.83871
2123,0.612903
2124,0.806452
2125,0.677419
2126,0.870968
2127,0.83871
2128,0.741935
2129,0.774194
2130,0.774194
2131,0.741935
2132,0.741935
2133,0.709677
2134,0.709677
2135,0.709677
2136,0.709677
2137,0.741935
2138,0.741935
2139,0.612903
2140,0.645161
2141,0.258065
2142,0.677419
2143,0.774194
2144,0.83871
2145,0.741935
2146,0.774194
2147,0.741935
2148,0.741935
2149,0.258065
2150,0.16129
2151,0.193548
2152,0.16129
2153,0.225806
2154,0.193548
2155,0.0967742
2156,0.16129
2157,0.16129
2158,0.225806
2159,0.129032
2160,0.129032
2161,0.16129
2162,0.645161
2163,0.709677
2164,0.709677
2165,0.451613
2166,0.16129
2167,0.645161
2168,0.258065
2169,0.645161
2170,0.709677
2171,0.709677
2172,0.709677
2173,0.709677
2174,0.709677
2175,0.709677
2176,0.709677
2177,0.870968
2178,0.322581
2179,0.193548
2180,0.322581
2181,0.903226
2182,0.677419
2183,0.870968
2184,0.677419
2185,0.677419
2186,0.419355
2187,0.903226
2188,0.451613
2189,0.870968
2190,0.483871
2191,0.903226
2192,0.483871
2193,0.709677
2194,0.483871
2195,0.709677
2196,0.483871
2197,0.16129
2198,0.322581
2199,0.903226
2200,0.451613
2201,0.83871
2202,0.935484
2203,0.83871
2204,0.903226
2205,0.806452
2206,0.83871
2207,0.935484
2208,0.83871
2209,0.83871
2210,0.774194
2211,0.774194
2212,0.645161
2213,0.677419
2214,0.83871
2215,0.870968
2216,0.806452
2217,0.741935
2218,0.774194
2219,0.741935
2220,0.774194
2221,0.774194
2222,0.774194
2223,0.774194
2224,0.774194
2225,0.774194
2226,0.774194
2227,0.709677
2228,0.677419
2229,0.806452
2230,0.903226
2231,0.806452
2232,0.870968
2233,0.774194
2234,0.806452
2235,0.741935
2236,0.741935
2237,0.741935
2238,0.741935
2239,0.741935
2240,0.387097
2241,0.16129
2242,0.225806
2243,0.193548
2244,0.0645161
2245,0.677419
2246,0.741935
2247,0.741935
2248,0.741935
2249,0.387097
2250,0.677419
2251,0.741935
2252,0.741935
2253,0.741935
2254,0.709677
2255,0.354839
2256,0.677419
2257,0.709677
2258,0.709677
2259,0.774194
2260,0.741935
2261,0.741935
2262,0.709677
2263,0.709677
2264,0.870968
2265,0.290323
2266,0.419355
2267,0.354839
2268,0.903226
2269,0.612903
2270,0.935484
2271,0.612903
2272,0.870968
2273,0.548387
2274,0.903226
2275,0.451613
2276,0.870968
2277,0.483871
2278,0.903226
2279,0.451613
2280,0.709677
2281,0.483871
2282,0.709677
2283,0.419355
2284,0.709677
2285,0.709677
2286,0.83871
2287,0.483871
2288,0.870968
2289,0.967742
2290,0.870968
2291,0.903226
2292,0.870968
2293,0.741935
2294,0.870968
2295,0.935484
2296,0.806452
2297,0.774194
2298,0.774194
2299,0.774194
2300,0.548387
2301,0.806452
2302,0.870968
2303,0.741935
2304,0.774194
2305,0.774194
2306,0.774194
2307,0.774194
2308,0.774194
2309,0.774194
2310,0.806452
2311,0.870968
2312,0.741935
2313,0.677419
2314,0.645161
2315,0.225806
2316,0.709677
2317,0.903226
2318,0.806452
2319,0.903226
2320,0.774194
2321,0.806452
2322,0.741935
2323,0.741935
2324,0.741935
2325,0.741935
2326,0.741935
2327,0.741935
2328,0.741935
2329,0.741935
2330,0.709677
2331,0.709677
2332,0.741935
2333,0.709677
2334,0.709677
2335,0.709677
2336,0.709677
2337,0.741935
2338,0.709677
2339,0.709677
2340,0.709677
2341,0.709677
2342,0.709677
2343,0.741935
2344,0.741935
2345,0.709677
2346,0.709677
2347,0.741935
2348,0.741935
2349,0.741935
2350,0.709677
2351,0.870968
2352,0.322581
2353,0.193548
2354,0.322581
2355,0.903226
2356,0.483871
2357,0.903226
2358,0.612903
2359,0.870968
2360,0.741935
2361,0.806452
2362,0.451613
2363,0.870968
2364,0.548387
2365,0.903226
2366,0.483871
2367,0.709677
2368,0.709677
2369,0.709677
2370,0.677419
2371,0.83871
2372,0.516129
2373,0.870968
2374,0.483871
2375,0.83871
2376,0.935484
2377,0.870968
2378,0.870968
2379,0.935484
2380,0.83871
2381,0.903226
2382,0.83871
2383,0.903226
2384,0.741935
2385,0.741935
2386,0.774194
2387,0.677419
2388,0.83871
2389,0.83871
2390,0.741935
2391,0.709677
2392,0.709677
2393,0.709677
2394,0.709677
2395,0.709677
2396,0.709677
2397,0.709677
2398,0.709677
2399,0.709677
2400,0.709677
2401,0.612903
2402,0.612903
2403,0.709677
2404,0.806452
2405,0.83871
2406,0.709677
2407,0.741935
2408,0.709677
2409,0.741935
2410,0.741935
2411,0.741935
2412,0.741935
2413,0.741935
2414,0.774194
2415,0.516129
2416,0.903226
2417,0.967742
2418,0.516129
2419,0.903226
2420,0.935484
2421,0.903226
2422,0.580645
2423,0.903226
2424,0.870968
2425,0.903226
2426,0.870968
2427,0.903226
2428,0.870968
2429,0.516129
2430,0.903226
2431,1
2432,0.903226
2433,1
2434,0.903226
2435,0.741935
2436,0.903226
2437,0.83871
2438,0.870968
2439,0.258065
2440,0.193548
2441,0.322581
2442,0.903226
2443,0.677419
2444,0.806452
2445,0.741935
2446,0.903226
2447,0.806452
2448,0.903226
2449,0.483871
2450,0.870968
2451,0.387097
2452,0.903226
2453,0.483871
2454,0.709677
2455,0.677419
2456,0.83871
2457,0.741935
2458,0.83871
2459,0.516129
2460,0.83871
2461,0.483871
2462,0.903226
2463,0.806452
2464,0.903226
2465,0.903226
2466,0.903226
2467,0.903226
2468,0.870968
2469,0.83871
2470,0.83871
2471,0.774194
2472,0.774194
2473,0.741935
2474,0.645161
2475,0.709677
2476,0.548387
2477,0.903226
2478,1
2479,0.903226
2480,0.677419
2481,0.903226
2482,0.806452
2483,0.419355
2484,0.903226
2485,0.483871
2486,0.903226
2487,0.387097
2488,0.83871
2489,0.483871
2490,0.903226
2491,0.935484
2492,0.709677
2493,0.709677
2494,0.709677
2495,0.741935
2496,0.580645
2497,0.903226
2498,0.935484
2499,0.903226
2500,0.903226
2501,0.935484
2502,0.870968
2503,0.903226
2504,0.645161
2505,0.903226
2506,0.935484
2507,0.870968
2508,0.935484
2509,0.645161
2510,0.903226
2511,0.935484
2512,0.903226
2513,0.903226
2514,0.870968
2515,0.935484
2516,0.935484
2517,0.935484
2518,0.903226
2519,0.967742
2520,1
2521,0.483871
2522,0.903226
2523,1
2524,0.612903
2525,0.419355
2526,0.354839
2527,0.903226
2528,0.548387
2529,0.935484
2530,0.483871
2531,0.870968
2532,0.516129
2533,0.870968
2534,0.451613
2535,0.870968
2536,0.387097
2537,0.903226
2538,0.451613
2539,0.83871
2540,0.516129
2541,0.83871
2542,0.612903
2543,0.83871
2544,0.903226
2545,0.419355
2546,0.83871
2547,0.903226
2548,0.645161
2549,0.903226
2550,0.903226
2551,0.903226
2552,0.870968
2553,0.83871
2554,0.83871
2555,0.870968
2556,0.774194
2557,0.387097
2558,0.83871
2559,0.580645
2560,0.903226
2561,0.580645
2562,0.903226
2563,0.548387
2564,0.903226
2565,0.548387
2566,0.419355
2567,0.290323
2568,0.903226
2569,0.903226
2570,0.903226
2571,0.903226
2572,0.419355
2573,0.322581
2574,0.677419
2575,0.935484
2576,0.741935
2577,0.709677
2578,0.741935
2579,0.387097
2580,0.903226
2581,0.903226
2582,0.935484
2583,0.870968
2584,0.903226
2585,0.935484
2586,0.903226
2587,0.967742
2588,0.935484
2589,0.967742
2590,0.903226
2591,0.967742
2592,0.935484
2593,0.967742
2594,0.903226
2595,1
2596,0.903226
2597,0.935484
2598,0.903226
2599,0.935484
2600,0.935484
2601,0.935484
2602,0.967742
2603,0.967742
2604,0.967742
2605,0.967742
2606,0.967742
2607,1
2608,0.83871
2609,0.290323
2610,0.967742
2611,0.935484
2612,0.935484
2613,0.935484
2614,0.516129
2615,0.903226
2616,0.709677
2617,0.903226
2618,0.774194
2619,0.83871
2620,0.870968
2621,0.548387
2622,0.935484
2623,0.451613
2624,0.870968
2625,0.483871
2626,0.870968
2627,0.612903
2628,0.83871
2629,1
2630,0.451613
2631,0.741935
2632,0.774194
2633,0.806452
2634,0.935484
2635,0.451613
2636,0.903226
2637,0.903226
2638,0.935484
2639,0.967742
2640,0.483871
2641,0.903226
2642,0.741935
2643,0.935484
2644,0.806452
2645,0.935484
2646,0.903226
2647,0.935484
2648,0.935484
2649,0.903226
2650,0.935484
2651,0.903226
2652,0.935484
2653,0.903226
2654,0.935484
2655,0.935484
2656,0.806452
2657,0.935484
2658,0.870968
2659,0.935484
2660,0.903226
2661,1
2662,0.967742
2663,0.258065
2664,0.903226
2665,0.967742
2666,0.967742
2667,0.967742
2668,0.967742
2669,0.935484
2670,0.967742
2671,0.935484
2672,0.967742
2673,0.903226
2674,0.967742
2675,0.935484
2676,0.935484
2677,0.967742
2678,1
2679,0.967742
2680,0.935484
2681,0.967742
2682,0.903226
2683,0.967742
2684,0.935484
2685,0.967742
2686,0.967742
2687,0.967742
2688,0.967742
2689,0.935484
2690,0.967742
2691,0.967742
2692,1
2693,0.83871
2694,0.387097
2695,0.677419
2696,1
2697,0.709677
2698,0.806452
2699,0.935484
2700,0.935484
2701,0.741935
2702,0.903226
2703,0.387097
2704,0.903226
2705,0.774194
2706,0.903226
2707,0.451613
2708,0.903226
2709,0.419355
2710,0.903226
2711,0.612903
2712,0.903226
2713,0.806452
2714,0.870968
2715,0.709677
2716,0.709677
2717,0.677419
2718,0.774194
2719,0.806452
2720,0.83871
2721,0.774194
2722,0.774194
2723,0.83871
2724,0.709677
2725,0.774194
2726,0.774194
2727,0.806452
2728,0.709677
2729,0.935484
2730,0.612903
2731,0.935484
2732,1
2733,0.903226
2734,0.935484
2735,0.967742
2736,0.645161
2737,0.645161
2738,0.677419
2739,0.709677
2740,0.677419
2741,0.580645
2742,0.645161
2743,0.387097
2744,0.677419
2745,0.774194
2746,0.83871
2747,0.677419
2748,0.677419
2749,0.709677
2750,0.677419
2751,0.741935
2752,0.741935
2753,0.709677
2754,0.709677
2755,0.709677
2756,0.709677
2757,0.709677
2758,0.709677
2759,0.709677
2760,0.709677
2761,0.709677
2762,0.709677
2763,0.709677
2764,0.709677
2765,0.709677
2766,0.709677
2767,0.709677
2768,0.709677
2769,0.709677
2770,0.709677
2771,0.709677
2772,0.709677
2773,0.709677
2774,0.709677
2775,0.709677
2776,0.709677
2777,0.83871
2778,0.193548
2779,1
2780,0.451613
2781,0.903226
2782,0.741935
2783,0.935484
2784,0.806452
2785,0.935484
2786,0.612903
2787,0.903226
2788,0.483871
2789,0.903226
2790,0.612903
2791,0.83871
2792,0.935484
2793,0.387097
2794,0.903226
2795,0.612903
2796,0.903226
2797,0.387097
2798,0.903226
2799,1
2800,0.548387
2801,0.741935
2802,0.612903
2803,0.870968
2804,0.903226
2805,0.774194
2806,0.806452
2807,0.774194
2808,0.903226
2809,0.83871
2810,0.774194
2811,0.83871
2812,0.83871
2813,0.935484
2814,0.709677
2815,0.935484
2816,0.903226
2817,0.709677
2818,0.645161
2819,0.709677
2820,0.677419
2821,0.677419
2822,0.677419
2823,0.677419
2824,0.677419
2825,0.677419
2826,0.677419
2827,0.612903
2828,0.483871
2829,0.0967742
2830,0.612903
2831,0.709677
2832,0.677419
2833,0.677419
2834,0.645161
2835,0.677419
2836,0.677419
2837,0.645161
2838,0.677419
2839,0.709677
2840,0.741935
2841,0.741935
2842,0.741935
2843,0.741935
2844,0.741935
2845,0.741935
2846,0.741935
2847,0.774194
2848,0.709677
2849,0.741935
2850,0.741935
2851,0.741935
2852,0.741935
2853,0.741935
2854,0.741935
2855,0.741935
2856,0.677419
2857,0.741935
2858,0.709677
2859,0.645161
2860,0.741935
2861,0.677419
2862,0.741935
2863,0.677419
2864,0.903226
2865,0.290323
2866,0.193548
2867,0.225806
2868,0.903226
2869,0.645161
2870,0.935484
2871,0.741935
2872,0.903226
2873,0.387097
2874,0.903226
2875,0.516129
2876,0.903226
2877,0.645161
2878,0.903226
2879,0.387097
2880,0.903226
2881,0.612903
2882,0.903226
2883,0.387097
2884,0.903226
2885,0.935484
2886,0.709677
2887,0.580645
2888,0.580645
2889,0.612903
2890,0.677419
2891,0.548387
2892,0.774194
2893,0.741935
2894,0.870968
2895,0.83871
2896,0.870968
2897,0.774194
2898,0.935484
2899,0.709677
2900,0.806452
2901,0.870968
2902,0.774194
2903,0.741935
2904,0.741935
2905,0.741935
2906,0.741935
2907,0.741935
2908,0.741935
2909,0.741935
2910,0.741935
2911,0.741935
2912,0.677419
2913,0.516129
2914,0.612903
2915,0.225806
2916,0.677419
2917,0.774194
2918,0.741935
2919,0.774194
2920,0.709677
2921,0.741935
2922,0.741935
2923,0.741935
2924,0.741935
2925,0.741935
2926,0.741935
2927,0.741935
2928,0.741935
2929,0.741935
2930,0.741935
2931,0.741935
2932,0.741935
2933,0.741935
2934,0.741935
2935,0.741935
2936,0.677419
2937,0.741935
2938,0.677419
2939,0.741935
2940,0.677419
2941,0.741935
2942,0.677419
2943,0.741935
2944,0.870968
2945,0.322581
2946,0
2947,0.193548
2948,0.903226
2949,0.677419
2950,0.935484
2951,0.903226
2952,0.83871
2953,0.935484
2954,0.806452
2955,0.580645
2956,0.806452
2957,0.967742
2958,0.935484
2959,0.806452
2960,0.83871
2961,0.645161
2962,0.903226
2963,0.387097
2964,0.903226
2965,0.387097
2966,0.870968
2967,0.451613
2968,0.741935
2969,0.741935
2970,0.806452
2971,0.741935
2972,0.774194
2973,0.774194
2974,0.741935
2975,0.870968
2976,0.83871
2977,0.870968
2978,0.774194
2979,0.935484
2980,0.709677
2981,0.83871
2982,0.83871
2983,0.774194
2984,0.741935
2985,0.774194
2986,0.741935
2987,0.774194
2988,0.741935
2989,0.774194
2990,0.741935
2991,0.774194
2992,0.741935
2993,0.774194
2994,0.741935
2995,0.774194
2996,0.741935
2997,0.774194
2998,0.741935
2999,0.612903
3000,0.645161
3001,0.645161
3002,0.709677
3003,0.774194
3004,0.741935
3005,0.774194
3006,0.741935
3007,0.741935
3008,0.774194
3009,0.741935
3010,0.774194
3011,0.741935
3012,0.774194
3013,0.741935
3014,0.741935
3015,0.741935
3016,0.709677
3017,0.741935
3018,0.741935
3019,0.741935
3020,0.741935
3021,0.774194
3022,0.774194
3023,0.806452
3024,0.709677
3025,0.709677
3026,0.741935
3027,0.741935
3028,0.741935
3029,0.741935
3030,0.709677
3031,0.774194
3032,0.741935
3033,0.83871
3034,0.387097
3035,0.741935
3036,0.870968
3037,0.903226
3038,0.935484
3039,0.935484
3040,0.870968
3041,0.935484
3042,0.806452
3043,0.903226
3044,0.612903
3045,0.903226
3046,0.290323
3047,0.774194
3048,0.935484
3049,0.612903
3050,0.903226
3051,0.612903
3052,0.903226
3053,0.387097
3054,0.903226
3055,0.612903
3056,0.870968
3057,0.419355
3058,0.709677
3059,0.612903
3060,0.806452
3061,0.774194
3062,0.806452
3063,0.806452
3064,0.870968
3065,0.774194
3066,0.870968
3067,0.806452
3068,0.677419
3069,0.806452
3070,0.741935
3071,0.806452
3072,0.870968
3073,0.741935
3074,0.806452
3075,0.806452
3076,0.806452
3077,0.806452
3078,0.806452
3079,0.806452
3080,0.806452
3081,0.806452
3082,0.806452
3083,0.612903
3084,0.741935
3085,0.612903
3086,0.741935
3087,0.774194
3088,0.645161
3089,0.83871
3090,0.193548
3091,0.258065
3092,0.225806
3093,0.870968
3094,0.451613
3095,0.83871
3096,0.580645
3097,0.870968
3098,0.903226
3099,0.903226
3100,0.83871
3101,0.903226
3102,0.290323
3103,0.870968
3104,0.483871
3105,0.83871
3106,0.806452
3107,0.83871
3108,0.935484
3109,0.83871
3110,0.935484
3111,0.870968
3112,0.870968
3113,0.903226
3114,0.903226
3115,0.677419
3116,0.83871
3117,0.935484
3118,0.612903
3119,0.935484
3120,0.967742
3121,0.709677
3122,0.741935
3123,0.741935
3124,0.741935
3125,0.774194
3126,0.741935
3127,0.774194
3128,0.774194
3129,0.774194
3130,0.774194
3131,0.645161
3132,0.741935
3133,0.451613
3134,0.806452
3135,1
3136,0.83871
3137,0.903226
3138,0.774194
3139,0.83871
3140,0.903226
3141,0.774194
3142,0.774194
3143,0.774194
3144,0.774194
3145,0.870968
3146,0.774194
3147,0.774194
3148,0.774194
3149,0.774194
3150,0.774194
3151,0.774194
3152,0.870968
3153,0.83871
3154,0.774194
3155,0.774194
3156,0.774194
3157,0.774194
3158,0.774194
3159,0.774194
3160,0.774194
3161,0.870968
3162,0.774194
3163,0.806452
3164,0.806452
3165,0.774194
3166,0.774194
3167,0.806452
3168,0.806452
3169,0.870968
3170,0.129032
3171,0.870968
3172,0.580645
3173,0.741935
3174,0.903226
3175,0.612903
3176,0.483871
3177,0.580645
3178,0.451613
3179,0.806452
3180,0.483871
3181,0.741935
3182,0.322581
3183,0.83871
3184,0.903226
3185,0.806452
3186,0.870968
3187,0.903226
3188,0.870968
3189,0.935484
3190,0.870968
3191,0.935484
3192,0.806452
3193,0.806452
3194,0.806452
3195,0.709677
3196,0.645161
3197,0.935484
3198,0.806452
3199,0.806452
3200,0.806452
3201,0.548387
3202,0.870968
3203,0.806452
3204,0.903226
3205,0.870968
3206,0.354839
3207,0.387097
3208,0.451613
3209,0.741935
3210,0.612903
3211,0.903226
3212,0.645161
3213,0.548387
3214,0.516129
3215,0.548387
3216,0.709677
3217,0.580645
3218,0.83871
3219,0.516129
3220,0.903226
3221,0.516129
3222,0.83871
3223,0.870968
3224,0.83871
3225,0.935484
3226,0.870968
3227,0.83871
3228,0.935484
3229,1
3230,0.806452
3231,0.83871
3232,0.774194
3233,0.774194
3234,0.806452
3235,0.645161
3236,0.967742
3237,1
3238,0.774194
3239,0.870968
3240,0.83871
3241,0.83871
3242,0.83871
3243,0.83871
3244,0.806452
3245,0.806452
3246,0.806452
3247,0.83871
3248,0.774194
3249,0.645161
3250,0.225806
3251,0.709677
3252,0.903226
3253,0.967742
3254,0.870968
3255,0.870968
3256,0.870968
3257,0.870968
3258,0.870968
3259,0.258065
3260,0.774194
3261,0.870968
3262,0.903226
3263,0.870968
3264,0.903226
3265,0.935484
3266,0.903226
3267,0.935484
3268,0.870968
3269,0.903226
3270,0.935484
3271,0.903226
3272,0.935484
3273,0.903226
3274,0.935484
3275,0.870968
3276,0.903226
3277,0.935484
3278,0.935484
3279,0.967742
3280,0.935484
3281,0.935484
3282,0.903226
3283,0.935484
3284,0.903226
3285,0.870968
3286,0.806452
3287,0.258065
3288,0.903226
3289,0.967742
3290,0.870968
3291,0.903226
3292,0.870968
3293,0.774194
3294,0.83871
3295,0.870968
3296,0.935484
3297,0.83871
3298,0.193548
3299,0.903226
3300,0.935484
3301,0.903226
3302,0.935484
3303,0.935484
3304,0.903226
3305,0.903226
3306,0.935484
3307,0.870968
3308,0.516129
3309,0.935484
3310,0.870968
3311,0.83871
3312,0.870968
3313,0.870968
3314,0.903226
3315,0.870968
3316,0.903226
3317,0.935484
3318,0.903226
3319,0.870968
3320,0.806452
3321,0.709677
3322,0.870968
3323,0.903226
3324,0.967742
3325,0.903226
3326,0.967742
3327,0.903226
3328,0.967742
3329,0.903226
3330,0.967742
3331,0.903226
3332,0.967742
3333,0.83871
3334,0.806452
3335,0.806452
3336,0.645161
3337,0.870968
3338,0.548387
3339,0.709677
3340,0.806452
3341,0.806452
3342,0.806452
3343,0.806452
3344,0.806452
3345,0.806452
3346,0.83871
3347,0.483871
3348,0.806452
3349,0.935484
3350,0.903226
3351,0.935484
3352,0.903226
3353,0.935484
3354,0.903226
3355,0.935484
3356,0.903226
3357,0.903226
3358,0.870968
3359,0.83871
3360,0.83871
3361,0.83871
3362,0.870968
3363,0.870968
3364,0.870968
3365,0.870968
3366,0.83871
3367,0.83871
3368,0.83871
3369,0.83871
3370,0.870968
3371,0.322581
3372,0.903226
3373,0.709677
3374,0.612903
3375,0.225806
3376,0.806452
3377,0.903226
3378,0.870968
3379,0.903226
3380,0.870968
3381,0.774194
3382,0.903226
3383,0.903226
3384,0.516129
3385,0.483871
3386,0.935484
3387,0.870968
3388,0.870968
3389,0.870968
3390,0.903226
3391,0.870968
3392,0.870968
3393,0.870968
3394,0.774194
3395,0.935484
3396,0.741935
3397,0.806452
3398,0.774194
3399,0.483871
3400,0.83871
3401,0.645161
3402,0.903226
3403,0.903226
3404,0.903226
3405,0.870968
3406,0.903226
3407,0.741935
3408,0.83871
3409,0.935484
3410,0.903226
3411,0.83871
3412,0.322581
3413,0.419355
3414,0.967742
3415,0.903226
3416,0.870968
3417,0.870968
3418,0.903226
3419,0.870968
3420,0.935484
3421,0.903226
3422,0.935484
3423,0.870968
3424,0.870968
3425,0.83871
3426,0.677419
3427,0.83871
3428,0.354839
3429,0.16129
3430,0.16129
3431,0.225806
3432,0.258065
3433,0.741935
3434,0.806452
3435,0.870968
3436,0.903226
3437,0.903226
3438,0.903226
3439,0.774194
3440,0.806452
3441,0.258065
3442,0.774194
3443,0.83871
3444,0.83871
3445,0.806452
3446,0.774194
3447,0.741935
3448,0.741935
3449,0.774194
3450,0.774194
3451,0.774194
3452,0.806452
3453,0.806452
3454,0.806452
3455,0.806452
3456,0.806452
3457,0.806452
3458,0.806452
3459,0.806452
3460,0.806452
3461,0.774194
3462,0.806452
3463,0.774194
3464,0.806452
3465,0.806452
3466,0.806452
3467,0.806452
3468,0.806452
3469,0.806452
3470,0.806452
3471,0.83871
3472,0.870968
3473,0.83871
3474,0.806452
3475,0.870968
3476,0.870968
3477,0.774194
3478,0.612903
3479,0.387097
3480,0.774194
3481,0.870968
3482,0.83871
3483,0.870968
3484,0.870968
3485,0.612903
3486,0.774194
3487,0.774194
3488,0.870968
3489,0.741935
3490,0.290323
3491,0.806452
3492,0.870968
3493,0.870968
3494,0.870968
3495,0.870968
3496,0.870968
3497,0.870968
3498,0.870968
3499,0.774194
3500,0.516129
3501,0.645161
3502,0.709677
3503,0.645161
3504,0.709677
3505,0.774194
3506,0.774194
3507,0.870968
3508,0.83871
3509,0.870968
3510,0.903226
3511,0.806452
3512,0.83871
3513,0.483871
3514,0.806452
3515,0.903226
3516,0.903226
3517,0.870968
3518,0.83871
3519,0.83871
3520,0.83871
3521,0.806452
3522,0.83871
3523,0.870968
3524,0.870968
3525,0.870968
3526,0.709677
3527,0.83871
3528,0.645161
3529,0.83871
3530,0.870968
3531,0.83871
3532,0.83871
3533,0.83871
3534,0.870968
3535,0.870968
3536,0.870968
3537,0.870968
3538,0.870968
3539,0.870968
3540,0.903226
3541,0.870968
3542,0.870968
3543,0.83871
3544,0.870968
3545,0.870968
3546,0.83871
3547,0.83871
3548,0.83871
3549,0.870968
3550,0.83871
3551,0.870968
3552,0.83871
3553,0.322581
3554,0.193548
3555,0.16129
3556,0.193548
3557,0.16129
3558,0.225806
3559,0.129032
3560,0.225806
3561,0.290323
3562,0.290323
3563,0.258065
3564,0.322581
3565,0.0645161
3566,0.290323
3567,0.193548
3568,0.225806
3569,0.193548
3570,0.258065
3571,0.0645161
3572,0.806452
3573,0.322581
3574,0.129032
3575,0.258065
3576,0.0645161
3577,0
3578,0.774194
3579,0.322581
3580,0.806452
3581,0.354839
3582,0.129032
3583,0.806452
3584,0.935484
3585,0.290323
3586,0.83871
3587,0.645161
3588,0.354839
3589,0.193548
3590,0.16129
3591,0.870968
3592,0.483871
3593,0.83871
3594,0.451613
3595,0.225806
3596,0.322581
3597,0.258065
3598,0.258065
3599,0.16129
3600,0.290323
3601,0.322581
3602,0.774194
3603,0.903226
3604,0.903226
3605,0.870968
3606,0.903226
3607,0.903226
3608,0.903226
3609,0.935484
3610,0.935484
3611,0.903226
3612,0.935484
3613,0.935484
3614,0.83871
3615,0.83871
3616,0.419355
3617,0.870968
3618,0.903226
3619,0.870968
3620,0.870968
3621,0.870968
3622,0.870968
3623,0.870968
3624,0.870968
3625,0.83871
3626,0.870968
3627,0.870968
3628,0.83871
3629,0.83871
3630,0.83871
3631,0.870968
3632,0.870968
3633,0.870968
3634,0.870968
3635,0.83871
3636,0.870968
3637,0.870968
3638,0.870968
3639,0.870968
3640,0.870968
3641,0.83871
3642,0.903226
3643,0.83871
3644,0.903226
3645,0.870968
3646,0.870968
3647,0.870968
3648,0.903226
3649,0.903226
3650,0.870968
3651,0.870968
3652,0.548387
3653,0.645161
3654,0.870968
3655,0.935484
3656,0.903226
3657,0.935484
3658,0.903226
3659,0.870968
3660,0.83871
3661,0.903226
3662,0.903226
3663,0.870968
3664,0.354839
3665,0.774194
3666,0.870968
3667,0.903226
3668,0.967742
3669,0.967742
3670,0.903226
3671,0.967742
3672,0.935484
3673,0.774194
3674,0.354839
3675,0.645161
3676,0.709677
3677,0.645161
3678,0.967742
3679,0.419355
3680,0.451613
3681,0.516129
3682,0.580645
3683,0.612903
3684,0.645161
3685,0.709677
3686,0.935484
3687,0.677419
3688,0.354839
3689,0.870968
3690,0.903226
3691,1
3692,0.935484
3693,0.612903
3694,0.451613
3695,0.419355
3696,0.354839
3697,0.548387
3698,0.451613
3699,0.483871
3700,0.419355
3701,0.419355
3702,0.419355
3703,0.0967742
3704,0.83871
3705,0.967742
3706,0.83871
3707,0.903226
3708,0.870968
3709,0.903226
3710,0.870968
3711,0.870968
3712,0.870968
3713,0.870968
3714,0.870968
3715,0.903226
3716,0.870968
3717,0.870968
3718,0.870968
3719,0.870968
3720,0.870968
3721,0.870968
3722,0.870968
3723,0.870968
3724,0.870968
3725,0.870968
3726,0.870968
3727,0.870968
3728,0.870968
3729,0.645161
3730,0.225806
3731,0.870968
3732,0.935484
3733,0.870968
3734,0.870968
3735,0.935484
3736,0.870968
3737,0.677419
3738,0.806452
3739,0.903226
3740,0.903226
3741,0.774194
3742,0.354839
3743,0.806452
3744,0.903226
3745,0.935484
3746,0.935484
3747,0.935484
3748,0.935484
3749,0.903226
3750,0.354839
3751,0.774194
3752,0.774194
3753,0.806452
3754,0.83871
3755,0.870968
3756,0.870968
3757,0.870968
3758,0.870968
3759,0.83871
3760,0.870968
3761,0.870968
3762,0.806452
3763,0.870968
3764,0.483871
3765,0.774194
3766,0.935484
3767,0.903226
3768,0.903226
3769,0.870968
3770,0.870968
3771,0.870968
3772,0.903226
3773,0.903226
3774,0.903226
3775,0.903226
3776,0.903226
3777,0.935484
3778,0.83871
3779,0.354839
3780,0.83871
3781,0.903226
3782,0.903226
3783,0.903226
3784,0.903226
3785,0.870968
3786,0.870968
3787,0.903226
3788,0.870968
3789,0.870968
3790,0.903226
3791,0.870968
3792,0.903226
3793,0.903226
3794,0.903226
3795,0.903226
3796,0.903226
3797,0.903226
3798,0.903226
3799,0.870968
3800,0.870968
3801,0.903226
3802,0.870968
3803,0.903226
3804,0.870968
3805,0.903226
3806,0.870968
3807,0.903226
3808,0.83871
3809,0.516129
3810,0.83871
3811,0.967742
3812,0.451613
3813,0.83871
3814,0.129032
3815,0.322581
3816,0.322581
3817,0.290323
3818,0.354839
3819,0.419355
3820,0.419355
3821,0.419355
3822,0.354839
3823,0.387097
3824,0.354839
3825,0.354839
3826,0.322581
3827,0.0967742
3828,0.387097
3829,0.387097
3830,0.322581
3831,0.322581
3832,0.322581
3833,0.322581
3834,0.354839
3835,0.387097
3836,0.0967742
3837,0.419355
3838,0.548387
3839,0.451613
3840,0.419355
3841,0.774194
3842,0.451613
3843,0.774194
3844,0.83871
3845,0.903226
3846,0.870968
3847,0.903226
3848,0.83871
3849,0.709677
3850,0.677419
3851,0.806452
3852,0.903226
3853,0.935484
3854,0.935484
3855,0.935484
3856,0.935484
3857,0.903226
3858,0.903226
3859,0.935484
3860,0.903226
3861,0.935484
3862,0.870968
3863,0.774194
3864,0.580645
3865,0.870968
3866,0.935484
3867,0.935484
3868,0.774194
3869,0.774194
3870,0.870968
3871,0.903226
3872,0.903226
3873,0.903226
3874,0.903226
3875,0.903226
3876,0.354839
3877,0.709677
3878,0.516129
3879,0.129032
3880,0.580645
3881,0.580645
3882,0.741935
3883,0.645161
3884,0.709677
3885,0.741935
3886,0.548387
3887,0.548387
3888,0.774194
3889,0.709677
3890,0.451613
3891,0
3892,0.774194
3893,0.870968
3894,0.806452
3895,0.83871
3896,0.83871
3897,0.774194
3898,0.83871
3899,0.83871
3900,0.741935
3901,0.322581
3902,0.83871
3903,0.83871
3904,0.741935
3905,0.83871
3906,0.83871
3907,0.806452
3908,0.806452
3909,0.83871
3910,0.677419
3911,0.806452
3912,0.677419
3913,0.741935
3914,0.612903
3915,0.83871
3916,0.83871
3917,0.935484
3918,0.935484
3919,0.903226
3920,0.870968
3921,0.83871
3922,0.83871
3923,0.903226
3924,0.903226
3925,0.903226
3926,0.903226
3927,0.903226
3928,0.903226
3929,0.516129
3930,0.741935
3931,0.935484
3932,0.451613
3933,0.387097
3934,0.774194
3935,0.870968
3936,0.870968
3937,0.870968
3938,0.83871
3939,0.870968
3940,0.870968
3941,0.870968
3942,0.870968
3943,0.870968
3944,0.870968
3945,0.870968
3946,0.870968
3947,0.870968
3948,0.870968
3949,0.903226
3950,0.870968
3951,0.870968
3952,0.870968
3953,0.870968
3954,0.870968
3955,0.870968
3956,0.870968
3957,0.870968
3958,0.870968
3959,0.870968
3960,0.870968
3961,0.870968
3962,0.806452
3963,0.903226
3964,0.83871
3965,0.83871
3966,0.741935
3967,0.387097
3968,0.870968
3969,0.967742
3970,0.806452
3971,0.870968
3972,0.870968
3973,0.741935
3974,0.741935
3975,0.806452
3976,0.83871
3977,0.774194
3978,0.0967742
3979,0.83871
3980,0.83871
3981,0.870968
3982,0.83871
3983,0.870968
3984,0.870968
3985,0.870968
3986,0.870968
3987,0.870968
3988,0.870968
3989,0.774194
3990,0.741935
3991,0.709677
3992,0.83871
3993,0.83871
3994,0.903226
3995,0.903226
3996,0.903226
3997,0.903226
3998,0.935484
3999,0.870968
4000,0.935484
4001,0.870968
4002,0.870968
4003,0.870968
4004,0.806452
4005,0.806452
4006,0.419355
4007,0.83871
4008,0.548387
4009,0.774194
4010,0.903226
4011,0.83871
4012,0.870968
4013,0.903226
4014,0.903226
4015,0.903226
4016,0.83871
4017,0.870968
4018,0.903226
4019,0.870968
4020,0.903226
4021,0.870968
4022,0.903226
4023,0.870968
4024,0.451613
4025,0.741935
4026,0.387097
4027,0.354839
4028,0.451613
4029,0.354839
4030,0.290323
4031,0.354839
4032,0.451613
4033,0.354839
4034,0.419355
4035,0.387097
4036,0.225806
4037,0.16129
4038,0.16129
4039,0.129032
4040,0.870968
4041,0.548387
4042,0.290323
4043,0.193548
4044,0.16129
4045,0.290323
4046,0.193548
4047,0.225806
4048,0.258065
4049,0.0322581
4050,0.225806
4051,0.129032
4052,0.870968
4053,0.741935
4054,0.258065
4055,0.225806
4056,0.290323
4057,0.709677
4058,0.354839
4059,0.0645161
4060,0.322581
4061,0.322581
4062,0.677419
4063,0.806452
4064,0.806452
4065,0.806452
4066,0.774194
4067,0.774194
4068,0.806452
4069,0.806452
4070,0.806452
4071,0.741935
4072,0.677419
4073,0.741935
4074,0.774194
4075,0.774194
4076,0.806452
4077,0.806452
4078,0.806452
4079,0.774194
4080,0.806452
4081,0.774194
4082,0.774194
4083,0.870968
4084,0.741935
4085,0.83871
4086,0.354839
4087,0.870968
4088,0.967742
4089,0.806452
4090,0.774194
4091,0.774194
4092,0.774194
4093,0.774194
4094,0.774194
4095,0.774194
4096,0.83871
4097,0.903226
4098,0.806452
4099,0.967742
4100,0.935484
4101,0.967742
4102,0.935484
4103,0.870968
4104,0.935484
4105,0.967742
4106,0.967742
4107,0.935484
4108,0.903226
4109,0.870968
4110,0.903226
4111,0.870968
4112,0.903226
4113,0.83871
4114,0.870968
4115,0.870968
4116,0.774194
4117,0.870968
4118,0.774194
4119,0.870968
4120,0.774194
4121,0.870968
4122,0.709677
4123,0.387097
4124,0.83871
4125,0.935484
4126,0.419355
4127,0.322581
4128,0.290323
4129,0.258065
4130,0.290323
4131,0.354839
4132,0.806452
4133,0.290323
4134,0
4135,0.322581
4136,0.290323
4137,0.290323
4138,0.322581
4139,0.322581
4140,0.225806
4141,0.290323
4142,0.322581
4143,0.225806
4144,0.0645161
4145,0.322581
4146,0.354839
4147,0.193548
4148,0.225806
4149,0.193548
4150,0.193548
4151,0.83871
4152,0.612903
4153,0.83871
4154,0.935484
4155,0.806452
4156,0.129032
4157,0.548387
4158,0.419355
4159,0.225806
4160,0.322581
4161,0.387097
4162,0.774194
4163,0.806452
4164,0.774194
4165,0.774194
4166,0.806452
4167,0.806452
4168,0.774194
4169,0.774194
4170,0.774194
4171,0.774194
4172,0.741935
4173,0.0967742
4174,0.83871
4175,0.935484
4176,0.774194
4177,0.741935
4178,0.741935
4179,0.741935
4180,0.774194
4181,0.774194
4182,0.774194
4183,0.774194
4184,0.774194
4185,0.774194
4186,0.774194
4187,0.741935
4188,0.741935
4189,0.774194
4190,0.741935
4191,0.774194
4192,0.774194
4193,0.774194
4194,0.741935
4195,0.774194
4196,0.741935
4197,0.741935
4198,0.741935
4199,0.741935
4200,0.741935
4201,0.741935
4202,0.741935
4203,0.741935
4204,0.741935
4205,0.741935
4206,0.741935
4207,0.387097
4208,0.612903
4209,0.774194
4210,0.83871
4211,0.806452
4212,0.806452
4213,0.806452
4214,0.806452
4215,0.612903
4216,0.741935
4217,0.806452
4218,0.741935
4219,0.709677
4220,0.0645161
4221,0.774194
4222,0.806452
4223,0.806452
4224,0.806452
4225,0.806452
4226,0.806452
4227,0.870968
4228,0.870968
4229,0.645161
4230,0.290323
4231,0.83871
4232,0.806452
4233,0.774194
4234,0.774194
4235,0.774194
4236,0.774194
4237,0.806452
4238,0.806452
4239,0.806452
4240,0.806452
4241,0.774194
4242,0.806452
4243,0.451613
4244,0.774194
4245,0.774194
4246,0.806452
4247,0.806452
4248,0.774194
4249,0.806452
4250,0.806452
4251,0.903226
4252,0.870968
4253,0.903226
4254,0.451613
4255,0.419355
4256,0.225806
4257,0.290323
4258,0.0967742
4259,0.83871
4260,0.483871
4261,0.258065
4262,0.322581
4263,0.774194
4264,0.806452
4265,0.806452
4266,0.806452
4267,0.774194
4268,0.774194
4269,0.774194
4270,0.806452
4271,0.774194
4272,0.774194
4273,0.774194
4274,0.774194
4275,0.774194
4276,0.774194
4277,0.774194
4278,0.774194
4279,0.774194
4280,0.774194
4281,0.741935
4282,0.774194
4283,0.774194
4284,0.741935
4285,0.774194
4286,0.774194
4287,0.741935
4288,0.774194
4289,0.774194
4290,0.774194
4291,0.774194
4292,0.774194
4293,0.451613
4294,0.612903
4295,0.806452
4296,0.741935
4297,0.741935
4298,0.774194
4299,0.806452
4300,0.774194
4301,0.709677
4302,0.806452
4303,0.806452
4304,0.258065
4305,0.741935
4306,0.774194
4307,0.709677
4308,0.709677
4309,0.806452
4310,0.774194
4311,0.774194
4312,0.806452
4313,0.806452
4314,0.806452
4315,0.774194
4316,0.354839
4317,0.83871
4318,0.774194
4319,0.741935
4320,0.774194
4321,0.774194
4322,0.774194
4323,0.774194
4324,0.806452
4325,0.806452
4326,0.806452
4327,0.806452
4328,0.741935
4329,0.612903
4330,0.774194
4331,0.806452
4332,0.806452
4333,0.806452
4334,0.806452
4335,0.774194
4336,0.806452
4337,0.774194
4338,0.806452
4339,0.83871
4340,0.774194
4341,0.806452
4342,0.774194
4343,0.83871
4344,0.774194
4345,0.870968
4346,0.903226
4347,0.774194
4348,0.774194
4349,0.806452
4350,0.774194
4351,0.774194
4352,0.774194
4353,0.774194
4354,0.774194
4355,0.774194
4356,0.741935
4357,0.741935
4358,0.741935
4359,0.774194
4360,0.774194
4361,0.774194
4362,0.774194
4363,0.774194
4364,0.806452
4365,0.806452
4366,0.774194
4367,0.806452
4368,0.806452
4369,0.806452
4370,0.806452
4371,0.806452
4372,0.806452
4373,0.806452
4374,0.806452
4375,0.806452
4376,0.806452
4377,0.806452
4378,0.870968
4379,0.709677
4380,0.387097
4381,0.322581
4382,0.387097
4383,0.774194
4384,0.83871
4385,0.83871
4386,0.709677
4387,0.741935
4388,0.451613
4389,0.774194
4390,0.354839
4391,0.0322581
4392,0.419355
4393,0.806452
4394,0.387097
4395,0.354839
4396,0.387097
4397,0.387097
4398,0.806452
4399,0.419355
4400,0.774194
4401,0.0967742
4402,0.322581
4403,0.419355
4404,0.290323
4405,0.354839
4406,0.419355
4407,0.322581
4408,0.258065
4409,0.322581
4410,0.290323
4411,0.290323
4412,0.258065
4413,0.225806
4414,0.225806
4415,0.258065
4416,0.741935
4417,0.774194
4418,0.806452
4419,0.83871
4420,0.806452
4421,0.806452
4422,0.774194
4423,0.774194
4424,0.774194
4425,0.774194
4426,0.774194
4427,0.806452
4428,0.806452
4429,0.322581
4430,0.774194
4431,0.709677
4432,0.709677
4433,0.709677
4434,0.709677
4435,0.709677
4436,0.741935
4437,0.741935
4438,0.741935
4439,0.741935
4440,0.741935
4441,0.741935
4442,0.741935
4443,0.741935
4444,0.741935
4445,0.741935
4446,0.741935
4447,0.741935
4448,0.741935
4449,0.741935
4450,0.709677
4451,0.709677
4452,0.741935
4453,0.709677
4454,0.709677
4455,0.709677
4456,0.709677
4457,0.709677
4458,0.709677
4459,0.709677
4460,0.709677
4461,0.709677
4462,0.709677
4463,0.806452
4464,0.516129
4465,0.290323
4466,0.774194
4467,0.709677
4468,0.741935
4469,0.774194
4470,0.774194
4471,0.741935
4472,0.741935
4473,0.709677
4474,0.774194
4475,0.677419
4476,0.0967742
4477,0.806452
4478,0.677419
4479,0.645161
4480,0.645161
4481,0.645161
4482,0.645161
4483,0.645161
4484,0.645161
4485,0.645161
4486,0.612903
4487,0.516129
4488,0.548387
4489,0.548387
4490,0.580645
4491,0.516129
4492,0.548387
4493,0.677419
4494,0.709677
4495,0.741935
4496,0.709677
4497,0.354839
4498,0.83871
4499,0.709677
4500,0.709677
4501,0.774194
4502,0.677419
4503,0.806452
4504,0.709677
4505,0.806452
4506,0.870968
4507,0.774194
4508,0.774194
4509,0.741935
4510,0.580645
4511,0.677419
4512,0.774194
4513,0.677419
4514,0.774194
4515,0.290323
4516,0.774194
4517,0.645161
4518,0.806452
4519,0.709677
4520,0.741935
4521,0.741935
4522,0.677419
4523,0.774194
4524,0.741935
4525,0.225806
4526,0.806452
4527,0.709677
4528,0.612903
4529,0.709677
4530,0.612903
4531,0.709677
4532,0.612903
4533,0.774194
4534,0.709677
4535,0.806452
4536,0.741935
4537,0.741935
4538,0.741935
4539,0.741935
4540,0.741935
4541,0.709677
4542,0.741935
4543,0.741935
4544,0.741935
4545,0.741935
4546,0.741935
4547,0.741935
4548,0.709677
4549,0.741935
4550,0.709677
4551,0.709677
4552,0.709677
4553,0.709677
4554,0.709677
4555,0.709677
4556,0.709677
4557,0.709677
4558,0.709677
4559,0.709677
4560,0.741935
4561,0.580645
4562,0.516129
4563,0.774194
4564,0.0645161
4565,0.806452
4566,0.774194
4567,0.774194
4568,0.741935
4569,0.645161
4570,0.741935
4571,0.741935
4572,0.354839
4573,0.322581
4574,0.741935
4575,0.677419
4576,0.677419
4577,0.709677
4578,0.709677
4579,0.741935
4580,0.741935
4581,0.741935
4582,0.741935
4583,0.741935
4584,0.741935
4585,0.774194
4586,0.612903
4587,0.709677
4588,0.774194
4589,0.83871
4590,0.83871
4591,0.806452
4592,0.870968
4593,0.870968
4594,0.870968
4595,0.83871
4596,0.774194
4597,0.774194
4598,0.806452
4599,0.83871
4600,0.645161
4601,0.741935
4602,0.290323
4603,0.806452
4604,0.741935
4605,0.741935
4606,0.741935
4607,0.741935
4608,0.709677
4609,0.709677
4610,0.709677
4611,0.709677
4612,0.709677
4613,0.709677
4614,0.741935
4615,0.741935
4616,0.741935
4617,0.741935
4618,0.741935
4619,0.741935
4620,0.741935
4621,0.741935
4622,0.774194
4623,0.741935
4624,0.774194
4625,0.741935
4626,0.774194
4627,0.774194
4628,0.774194
4629,0.774194
4630,0.774194
4631,0.774194
4632,0.774194
4633,0.774194
4634,0.774194
4635,0.774194
4636,0.774194
4637,0.483871
4638,0.580645
4639,0.741935
4640,0.677419
4641,0.677419
4642,0.645161
4643,0.645161
4644,0.612903
4645,0.580645
4646,0.580645
4647,0.580645
4648,0.612903
4649,0.580645
4650,0.0322581
4651,0.774194
4652,0.580645
4653,0.580645
4654,0.580645
4655,0.645161
4656,0.612903
4657,0.580645
4658,0.580645
4659,0.709677
4660,0.290323
4661,0.83871
4662,0.741935
4663,0.709677
4664,0.741935
4665,0.741935
4666,0.709677
4667,0.741935
4668,0.741935
4669,0.741935
4670,0.741935
4671,0.774194
4672,0.677419
4673,0.548387
4674,0.741935
4675,0.709677
4676,0.709677
4677,0.709677
4678,0.709677
4679,0.709677
4680,0.806452
4681,0.774194
4682,0.741935
4683,0.774194
4684,0.806452
4685,0.806452
4686,0.741935
4687,0.645161
4688,0.0967742
4689,0.806452
4690,0.741935
4691,0.741935
4692,0.709677
4693,0.709677
4694,0.741935
4695,0.741935
4696,0.741935
4697,0.741935
4698,0.774194
4699,0.774194
4700,0.774194
4701,0.774194
4702,0.774194
4703,0.774194
4704,0.774194
4705,0.774194
4706,0.774194
4707,0.774194
4708,0.774194
4709,0.774194
4710,0.774194
4711,0.774194
4712,0.774194
4713,0.774194
4714,0.774194
4715,0.741935
4716,0.741935
4717,0.741935
4718,0.741935
4719,0.741935
4720,0.741935
4721,0.741935
4722,0.741935
4723,0.709677
4724,0.322581
4725,0.612903
4726,0.0645161
4727,0.677419
4728,0.645161
4729,0.580645
4730,0.612903
4731,0.612903
4732,0.548387
4733,0.612903
4734,0.612903
4735,0.709677
4736,0.548387
4737,0.290323
4738,0.806452
4739,0.709677
4740,0.774194
4741,0.677419
4742,0.741935
4743,0.677419
4744,0.516129
4745,0.677419
4746,0.741935
4747,0.612903
4748,0.612903
4749,0.548387
4750,0.0645161
4751,0.677419
4752,0.612903
4753,0.516129
4754,0.612903
4755,0.580645
4756,0.612903
4757,0.677419
4758,0.645161
4759,0.612903
4760,0.612903
4761,0.612903
4762,0.677419
4763,0.354839
4764,0.580645
4765,0.774194
4766,0.741935
4767,0.741935
4768,0.741935
4769,0.741935
4770,0.741935
4771,0.741935
4772,0.741935
4773,0.741935
4774,0.741935
4775,0.709677
4776,0.741935
4777,0.741935
4778,0.741935
4779,0.741935
4780,0.741935
4781,0.741935
4782,0.741935
4783,0.741935
4784,0.741935
4785,0.709677
4786,0.709677
4787,0.709677
4788,0.741935
4789,0.612903
4790,0.645161
4791,0.0645161
4792,0.709677
4793,0.741935
4794,0.677419
4795,0.677419
4796,0.741935
4797,0.677419
4798,0.709677
4799,0.709677
4800,0.709677
4801,0.709677
4802,0.741935
4803,0.741935
4804,0.741935
4805,0.741935
4806,0.741935
4807,0.741935
4808,0.709677
4809,0.677419
4810,0.709677
4811,0.741935
4812,0.741935
4813,0.741935
4814,0.741935
4815,0.741935
4816,0.741935
4817,0.709677
4818,0.709677
4819,0.709677
4820,0.709677
4821,0.741935
4822,0.741935
4823,0.741935
4824,0.741935
4825,0.709677
4826,0.709677
4827,0.709677
4828,0.483871
4829,0.129032
4830,0.709677
4831,0.677419
4832,0.645161
4833,0.677419
4834,0.645161
4835,0.612903
4836,0.677419
4837,0.677419
4838,0.677419
4839,0.290323
4840,0.225806
4841,0.774194
4842,0.741935
4843,0.645161
4844,0.677419
4845,0.677419
4846,0.677419
4847,0.677419
4848,0.677419
4849,0.677419
4850,0.580645
4851,0.612903
4852,0.580645
4853,0.516129
4854,0.645161
4855,0.516129
4856,0.0645161
4857,0.516129
4858,0.645161
4859,0.612903
4860,0.580645
4861,0.580645
4862,0.580645
4863,0.548387
4864,0.516129
4865,0.580645
4866,0.612903
4867,0.612903
4868,0.677419
4869,0.193548
4870,0.806452
4871,0.774194
4872,0.677419
4873,0.741935
4874,0.709677
4875,0.709677
4876,0.774194
4877,0.709677
4878,0.774194
4879,0.774194
4880,0.709677
4881,0.774194
4882,0.677419
4883,0.354839
4884,0.806452
4885,0.741935
4886,0.741935
4887,0.677419
4888,0.741935
4889,0.741935
4890,0.741935
4891,0.709677
4892,0.709677
4893,0.709677
4894,0.709677
4895,0.741935
4896,0.645161
4897,0.483871
4898,0.0967742
4899,0.709677
4900,0.709677
4901,0.677419
4902,0.677419
4903,0.677419
4904,0.645161
4905,0.709677
4906,0.677419
4907,0.612903
4908,0.677419
4909,0.677419
4910,0.677419
4911,0.677419
4912,0.677419
4913,0.709677
4914,0.709677
4915,0.677419
4916,0.677419
4917,0.677419
4918,0.677419
4919,0.709677
4920,0.741935
4921,0.741935
4922,0.741935
4923,0.741935
4924,0.741935
4925,0.741935
4926,0.741935
4927,0.741935
4928,0.741935
4929,0.709677
4930,0.709677
4931,0.709677
4932,0.709677
4933,0.677419
4934,0.354839
4935,0.580645
4936,0.0645161
4937,0.709677
4938,0.741935
4939,0.612903
4940,0.645161
4941,0.677419
4942,0.612903
4943,0.677419
4944,0.709677
4945,0.677419
4946,0.322581
4947,0.258065
4948,0.806452
4949,0.709677
4950,0.741935
4951,0.741935
4952,0.741935
4953,0.806452
4954,0.709677
4955,0.741935
4956,0.774194
4957,0.677419
4958,0.645161
4959,0.709677
4960,0.354839
4961,0.806452
4962,0.451613
4963,0.129032
4964,0.516129
4965,0.677419
4966,0.612903
4967,0.645161
4968,0.645161
4969,0.645161
4970,0.645161
4971,0.645161
4972,0.677419
4973,0.612903
4974,0.677419
4975,0.709677
4976,0.0645161
4977,0.903226
4978,0.774194
4979,0.774194
4980,0.709677
4981,0.741935
4982,0.709677
4983,0.741935
4984,0.741935
4985,0.709677
4986,0.741935
4987,0.774194
4988,0.709677
4989,0.741935
4990,0.741935
4991,0.709677
4992,0.709677
4993,0.709677
4994,0.741935
4995,0.709677
4996,0.741935
4997,0.741935
4998,0.741935
4999,0.741935
5000,0.741935
5001,0.709677
5002,0.806452
5003,0.645161
5004,0.709677
5005,0.741935
5006,0.741935
5007,0.741935
5008,0.774194
5009,0.83871
5010,0.645161
5011,0.129032
5012,0.83871
5013,0.645161
5014,0.645161
5015,0.709677
5016,0.516129
5017,0.774194
5018,0.741935
5019,0.741935
5020,0.741935
5021,0.774194
5022,0.322581
5023,0.806452
5024,0.806452
5025,0.83871
5026,0.870968
5027,0.806452
5028,0.83871
5029,0.806452
5030,0.83871
5031,0.870968
5032,0.83871
5033,0.83871
5034,0.774194
5035,0.774194
5036,0.774194
5037,0.774194
5038,0.774194
5039,0.774194
5040,0.774194
5041,0.709677
5042,0.741935
5043,0.0645161
5044,0.774194
5045,0.774194
5046,0.774194
5047,0.741935
5048,0.741935
5049,0.741935
5050,0.741935
5051,0.741935
5052,0.741935
5053,0.741935
5054,0.741935
5055,0.741935
5056,0.741935
5057,0.709677
5058,0.774194
5059,0.774194
5060,0.774194
5061,0.774194
5062,0.677419
5063,0.709677
5064,0.483871
5065,0.0967742
5066,0.774194
5067,0.709677
5068,0.612903
5069,0.0322581
5070,0.806452
5071,0.677419
5072,0.612903
5073,0.612903
5074,0.548387
5075,0.612903
5076,0.612903
5077,0.612903
5078,0.645161
5079,0.677419
5080,0.677419
5081,0.677419
5082,0.774194
5083,0.741935
5084,0.483871
5085,0.741935
5086,0.741935
5087,0.741935
5088,0.774194
5089,0.774194
5090,0.774194
5091,0.774194
5092,0.774194
5093,0.741935
5094,0.774194
5095,0.774194
5096,0.709677
5097,0.677419
5098,0.774194
5099,0.870968
5100,0.870968
5101,0.870968
5102,0.870968
5103,0.870968
5104,0.870968
5105,0.870968
5106,0.870968
5107,0.870968
5108,0.774194
5109,0.806452
5110,0.709677
5111,0.774194
5112,0.354839
5113,0.806452
5114,0.774194
5115,0.774194
5116,0.774194
5117,0.774194
5118,0.741935
5119,0.741935
5120,0.741935
5121,0.741935
5122,0.741935
5123,0.741935
5124,0.741935
5125,0.741935
5126,0.741935
5127,0.741935
5128,0.741935
5129,0.741935
5130,0.741935
5131,0.741935
5132,0.741935
5133,0.741935
5134,0.741935
5135,0.741935
5136,0.741935
5137,0.741935
5138,0.741935
5139,0.741935
5140,0.741935
5141,0.741935
5142,0.741935
5143,0.741935
5144,0.741935
5145,0.741935
5146,0.741935
5147,0.774194
5148,0.741935
5149,0.354839
5150,0.580645
5151,0.0322581
5152,0.741935
5153,0.677419
5154,0.612903
5155,0.645161
5156,0.612903
5157,0.548387
5158,0.677419
5159,0.741935
5160,0.741935
5161,0.0967742
5162,0.870968
5163,0.709677
5164,0.709677
5165,0.741935
5166,0.741935
5167,0.645161
5168,0.774194
5169,0.677419
5170,0.774194
5171,0.645161
5172,0.709677
5173,0.548387
5174,0.580645
5175,0.483871
5176,0.354839
5177,0.709677
5178,0.483871
5179,0.709677
5180,0.612903
5181,0.612903
5182,0.612903
5183,0.612903
5184,0.612903
5185,0.548387
5186,0.580645
5187,0.645161
5188,0.677419
5189,0.0645161
5190,0.258065
5191,0.83871
5192,0.83871
5193,0.741935
5194,0.774194
5195,0.806452
5196,0.806452
5197,0.774194
5198,0.774194
5199,0.774194
5200,0.774194
5201,0.774194
5202,0.709677
5203,0.580645
5204,0.741935
5205,0.774194
5206,0.774194
5207,0.774194
5208,0.774194
5209,0.774194
5210,0.774194
5211,0.774194
5212,0.774194
5213,0.774194
5214,0.774194
5215,0.774194
5216,0.612903
5217,0.677419
5218,0.0645161
5219,0.806452
5220,0.741935
5221,0.741935
5222,0.741935
5223,0.741935
5224,0.709677
5225,0.741935
5226,0.741935
5227,0.741935
5228,0.709677
5229,0.709677
5230,0.741935
5231,0.741935
5232,0.709677
5233,0.741935
5234,0.709677
5235,0.741935
5236,0.741935
5237,0.741935
5238,0.741935
5239,0.741935
5240,0.741935
5241,0.741935
5242,0.741935
5243,0.741935
5244,0.741935
5245,0.774194
5246,0.774194
5247,0.774194
5248,0.774194
5249,0.774194
5250,0.774194
5251,0.774194
5252,0.774194
5253,0.774194
5254,0.741935
5255,0.548387
5256,0.193548
5257,0.709677
5258,0.612903
5259,0.677419
5260,0.677419
5261,0.741935
5262,0.709677
5263,0.709677
5264,0.741935
5265,0.806452
5266,0.290323
5267,0.193548
5268,0.774194
5269,0.774194
5270,0.741935
5271,0.774194
5272,0.774194
5273,0.83871
5274,0.709677
5275,0.774194
5276,0.774194
5277,0.483871
5278,0.774194
5279,0.709677
5280,0.451613
5281,0.129032
5282,0.451613
5283,0.645161
5284,0.451613
5285,0.645161
5286,0.548387
5287,0.548387
5288,0.548387
5289,0.580645
5290,0.548387
5291,0.516129
5292,0.516129
5293,0.612903
5294,0.677419
5295,0.225806
5296,0.290323
5297,0.774194
5298,0.709677
5299,0.709677
5300,0.741935
5301,0.741935
5302,0.741935
5303,0.741935
5304,0.741935
5305,0.741935
5306,0.741935
5307,0.774194
5308,0.677419
5309,0.548387
5310,0.677419
5311,0.774194
5312,0.741935
5313,0.741935
5314,0.741935
5315,0.741935
5316,0.774194
5317,0.774194
5318,0.774194
5319,0.774194
5320,0.774194
5321,0.774194
5322,0.741935
5323,0.677419
5324,0.548387
5325,0.0645161
5326,0.806452
5327,0.709677
5328,0.741935
5329,0.741935
5330,0.774194
5331,0.774194
5332,0.774194
5333,0.774194
5334,0.774194
5335,0.774194
5336,0.774194
5337,0.774194
5338,0.774194
5339,0.774194
5340,0.774194
5341,0.774194
5342,0.774194
5343,0.774194
5344,0.774194
5345,0.774194
5346,0.774194
5347,0.774194
5348,0.774194
5349,0.774194
5350,0.774194
5351,0.774194
5352,0.774194
5353,0.774194
5354,0.774194
5355,0.774194
5356,0.774194
5357,0.774194
5358,0.774194
5359,0.774194
5360,0.741935
5361,0.322581
5362,0.580645
5363,0.83871
5364,0.709677
5365,0.774194
5366,0.645161
5367,0.709677
5368,0.645161
5369,0.612903
5370,0.612903
5371,0.645161
5372,0.516129
5373,0.806452
5374,0.612903
5375,0.612903
5376,0.645161
5377,0.645161
5378,0.612903
5379,0.645161
5380,0.677419
5381,0.677419
5382,0.677419
5383,0.387097
5384,0.709677
5385,0.774194
5386,0.774194
5387,0.741935
5388,0.774194
5389,0.774194
5390,0.741935
5391,0.774194
5392,0.741935
5393,0.806452
5394,0.741935
5395,0.774194
5396,0.709677
5397,0.548387
5398,0.645161
5399,0.741935
5400,0.741935
5401,0.741935
5402,0.774194
5403,0.774194
5404,0.741935
5405,0.741935
5406,0.741935
5407,0.741935
5408,0.741935
5409,0.741935
5410,0.709677
5411,0.774194
5412,0.354839
5413,0.83871
5414,0.774194
5415,0.774194
5416,0.774194
5417,0.774194
5418,0.774194
5419,0.774194
5420,0.774194
5421,0.774194
5422,0.774194
5423,0.774194
5424,0.774194
5425,0.774194
5426,0.774194
5427,0.774194
5428,0.774194
5429,0.774194
5430,0.774194
5431,0.774194
5432,0.774194
5433,0.774194
5434,0.774194
5435,0.774194
5436,0.774194
5437,0.774194
5438,0.774194
5439,0.774194
5440,0.774194
5441,0.774194
5442,0.774194
5443,0.774194
5444,0.774194
5445,0.774194
5446,0.774194
5447,0.774194
5448,0.709677
5449,0.354839
5450,0.516129
5451,0.741935
5452,0.677419
5453,0.612903
5454,0.548387
5455,0.548387
5456,0.580645
5457,0.548387
5458,0.516129
5459,0.548387
5460,0.548387
5461,0.0645161
5462,0.774194
5463,0.580645
5464,0.548387
5465,0.548387
5466,0.548387
5467,0.580645
5468,0.580645
5469,0.645161
5470,0.580645
5471,0.16129
5472,0.806452
5473,0.741935
5474,0.741935
5475,0.741935
5476,0.806452
5477,0.806452
5478,0.806452
5479,0.774194
5480,0.774194
5481,0.806452
5482,0.806452
5483,0.774194
5484,0.774194
5485,0.483871
5486,0.774194
5487,0.806452
5488,0.741935
5489,0.709677
5490,0.709677
5491,0.741935
5492,0.741935
5493,0.741935
5494,0.741935
5495,0.774194
5496,0.774194
5497,0.774194
5498,0.709677
5499,0.741935
5500,0.0645161
5501,0.741935
5502,0.709677
5503,0.709677
5504,0.709677
5505,0.741935
5506,0.741935
5507,0.741935
5508,0.741935
5509,0.741935
5510,0.741935
5511,0.741935
5512,0.741935
5513,0.741935
5514,0.741935
5515,0.741935
5516,0.741935
5517,0.741935
5518,0.741935
5519,0.741935
5520,0.741935
5521,0.741935
5522,0.741935
5523,0.741935
5524,0.774194
5525,0.774194
5526,0.774194
5527,0.774194
5528,0.774194
5529,0.774194
5530,0.774194
5531,0.774194
5532,0.774194
5533,0.774194
5534,0.774194
5535,0.774194
5536,0.709677
5537,0.419355
5538,0.322581
5539,0.612903
5540,0.612903
5541,0.612903
5542,0.612903
5543,0.580645
5544,0.548387
5545,0.580645
5546,0.580645
5547,0.580645
5548,0.677419
5549,0.0645161
5550,0.774194
5551,0.645161
5552,0.612903
5553,0.612903
5554,0.612903
5555,0.612903
5556,0.612903
5557,0.580645
5558,0.645161
5559,0.322581
5560,0.774194
5561,0.741935
5562,0.677419
5563,0.645161
5564,0.709677
5565,0.677419
5566,0.709677
5567,0.709677
5568,0.709677
5569,0.741935
5570,0.741935
5571,0.709677
5572,0.548387
5573,0.516129
5574,0.645161
5575,0.645161
5576,0.612903
5577,0.645161
5578,0.677419
5579,0.677419
5580,0.677419
5581,0.677419
5582,0.677419
5583,0.580645
5584,0.709677
5585,0.709677
5586,0.774194
5587,0.774194
5588,0.709677
5589,0.709677
5590,0.709677
5591,0.774194
5592,0.709677
5593,0.709677
5594,0.709677
5595,0.709677
5596,0.741935
5597,0.774194
5598,0.709677
5599,0.709677
5600,0.709677
5601,0.709677
5602,0.741935
5603,0.741935
5604,0.774194
5605,0.709677
5606,0.774194
5607,0.645161
5608,0.709677
5609,0.741935
5610,0.645161
5611,0.451613
5612,0.258065
5613,0.677419
5614,0.612903
5615,0.612903
5616,0.612903
5617,0.580645
5618,0.612903
5619,0.548387
5620,0.516129
5621,0.483871
5622,0.516129
5623,0.483871
5624,0
5625,0.741935
5626,0.580645
5627,0.548387
5628,0.548387
5629,0.451613
5630,0.419355
5631,0.419355
5632,0.419355
5633,0.419355
5634,0.451613
5635,0.419355
5636,0.451613
5637,0.419355
5638,0.483871
5639,0.451613
5640,0.516129
5641,0.483871
5642,0.516129
5643,0.645161
5644,0.612903
5645,0.645161
5646,0.612903
5647,0.645161
5648,0.516129
5649,0.516129
5650,0.612903
5651,0.483871
5652,0.516129
5653,0.580645
5654,0.548387
5655,0.677419
5656,0.709677
5657,0.645161
5658,0.580645
5659,0.419355
5660,0.419355
5661,0.419355
5662,0.451613
5663,0.516129
5664,0.483871
5665,0.580645
5666,0.548387
5667,0.677419
5668,0.516129
5669,0.709677
5670,0.645161
5671,0.645161
5672,0.677419
5673,0.774194
5674,0.774194
5675,0.774194
5676,0.645161
5677,0.645161
5678,0.580645
5679,0.677419
5680,0.677419
5681,0.516129
5682,0.451613
5683,0.451613
5684,0.419355
5685,0.419355
5686,0.451613
5687,0.516129
5688,0.516129
5689,0.677419
5690,0.483871
5691,0.483871
5692,0.548387
5693,0.516129
5694,0.548387
5695,0.645161
5696,0.645161
5697,0.645161
5698,0.677419
5699,0.677419
5700,0.677419
5701,0.677419
5702,0.677419
5703,0.677419
5704,0.774194
5705,0.580645
5706,0.612903
5707,0.580645
5708,0.612903
5709,0.580645
5710,0.612903
5711,0.580645
5712,0.580645
5713,0.483871
5714,0.483871
5715,0.483871
5716,0.483871
5717,0.483871
5718,0.483871
5719,0.483871
5720,0.483871
5721,0.483871
5722,0.516129
5723,0.612903
5724,0.580645
5725,0.612903
5726,0.580645
5727,0.612903
5728,0.580645
5729,0.612903
5730,0.580645
5731,0.612903
5732,0.580645
5733,0.612903
5734,0.580645
5735,0.677419
5736,0.612903
5737,0.483871
5738,0.516129
5739,0.483871
5740,0.516129
5741,0.483871
5742,0.516129
5743,0.483871
5744,0.516129
5745,0.483871
5746,0.516129
5747,0.483871
5748,0.516129
5749,0.483871
5750,0.516129
5751,0.451613
5752,0.451613
5753,0.451613
5754,0.451613
5755,0.451613
5756,0.451613
5757,0.451613
5758,0.451613
5759,0.451613
5760,0.451613
5761,0.451613
5762,0.451613
5763,0.451613
5764,0.451613
5765,0.451613
5766,0.451613
5767,0.451613
5768,0.451613
5769,0.451613
5770,0.451613
5771,0.451613
5772,0.451613
5773,0.451613
5774,0.451613
5775,0.451613
5776,0.451613
5777,0.451613
5778,0.451613
5779,0.451613
5780,0.451613
5781,0.451613
5782,0.451613
5783,0.451613
5784,0.451613
5785,0.451613
5786,0.451613
5787,0.451613
5788,0.451613
5789,0.451613
5790,0.451613
5791,0.451613
5792,0.451613
5793,0.451613
5794,0.451613
5795,0.451613
5796,0.451613
5797,0.451613
5798,0.451613
5799,0.451613
5800,0.451613
5801,0.451613
5802,0.451613
5803,0.451613
5804,0.451613
5805,0.483871
5806,0.645161
5807,0.580645
5808,0.580645
5809,0.580645
5810,0.580645
5811,0.580645
5812,0.580645
5813,0.580645
5814,0.580645
5815,0.580645
5816,0.580645
5817,0.580645
5818,0.580645
5819,0.580645
5820,0.580645
5821,0.580645
5822,0.580645
5823,0.580645
5824,0.580645
5825,0.580645
5826,0.580645
5827,0.580645
5828,0.580645
5829,0.580645
5830,0.580645
5831,0.580645
5832,0.580645
5833,0.580645
5834,0.580645
5835,0.580645
5836,0.580645
5837,0.580645
5838,0.580645
5839,0.580645
5840,0.580645
5841,0.580645
5842,0.580645
5843,0.580645
5844,0.580645
5845,0.580645
5846,0.580645
5847,0.580645
5848,0.580645
5849,0.580645
5850,0.580645
5851,0.580645
5852,0.580645
5853,0.580645
5854,0.580645
5855,0.580645
5856,0.451613
5857,0.451613
5858,0.451613
5859,0.451613
5860,0.451613
5861,0.516129
5862,0.483871
5863,0.516129
5864,0.483871
5865,0.516129
5866,0.483871
5867,0.516129
5868,0.483871
5869,0.516129
5870,0.483871
5871,0.516129
5872,0.483871
5873,0.516129
5874,0.483871
5875,0.516129
5876,0.483871
5877,0.516129
5878,0.483871
5879,0.516129
5880,0.483871
5881,0.516129
5882,0.548387
5883,0.83871
5884,0.741935
5885,0.580645
5886,0.612903
5887,0.580645
5888,0.612903
5889,0.580645
5890,0.612903
5891,0.580645
5892,0.612903
5893,0.580645
5894,0.612903
5895,0.580645
5896,0.612903
5897,0.580645
5898,0.612903
5899,0.580645
5900,0.612903
5901,0.580645
5902,0.612903
5903,0.580645
5904,0.612903
5905,0.580645
5906,0.612903
5907,0.580645
5908,0.612903
5909,0.580645
5910,0.612903
5911,0.580645
5912,0.612903
5913,0.580645
5914,0.612903
5915,0.580645
5916,0.612903
5917,0.580645
5918,0.612903
5919,0.580645
5920,0.612903
5921,0.580645
5922,0.612903
5923,0.580645
5924,0.612903
5925,0.580645
5926,0.612903
5927,0.580645
5928,0.612903
5929,0.580645
5930,0.612903
5931,0.580645
5932,0.612903
5933,0.580645
5934,0.612903
5935,0.580645
5936,0.612903
5937,0.580645
5938,0.612903
5939,0.580645
5940,0.83871
5941,0.741935
5942,0.774194
5943,0.774194
5944,0.774194
5945,0.774194
5946,0.774194
5947,0.774194
5948,0.774194
5949,0.774194
5950,0.774194
5951,0.774194
5952,0.774194
5953,0.774194
5954,0.774194
5955,0.774194
5956,0.774194
5957,0.774194
5958,0.774194
5959,0.774194
5960,0.774194
5961,0.774194
5962,0.774194
5963,0.774194
5964,0.774194
5965,0.774194
5966,0.774194
5967,0.774194
5968,0.774194
5969,0.774194
5970,0.774194
5971,0.774194
5972,0.774194
5973,0.774194
5974,0.774194
5975,0.774194
5976,0.774194
5977,0.774194
5978,0.774194
5979,0.774194
5980,0.774194
5981,0.774194
5982,0.774194
5983,0.774194
5984,0.774194
5985,0.774194
5986,0.774194
5987,0.774194
5988,0.774194
5989,0.774194
5990,0.774194
5991,0.774194
5992,0.774194
5993,0.774194
5994,0.774194
5995,0.774194
5996,0.774194
5997,0.774194
5998,0.774194
5999,0.774194
6000,0.774194
6001,0.774194
6002,0.774194
6003,0.774194
6004,0.774194
6005,0.774194
6006,0.774194
6007,0.774194
6008,0.774194
6009,0.774194
6010,0.774194
6011,0.774194
6012,0.774194
6013,0.774194
6014,0.774194
6015,0.774194
6016,0.774194
6017,0.774194
6018,0.774194
6019,0.774194
6020,0.774194
6021,0.774194
6022,0.774194
6023,0.774194
6024,0.774194
6025,0.774194
6026,0.774194
6027,0.774194
6028,0.774194
6029,0.774194
6030,0.774194
6031,0.774194
6032,0.774194
6033,0.774194
6034,0.774194
6035,0.774194
6036,0.774194
6037,0.774194
6038,0.774194
6039,0.774194
6040,0.774194
6041,0.774194
6042,0.774194
6043,0.774194
6044,0.774194
6045,0.774194
6046,0.774194
6047,0.774194
6048,0.774194
6049,0.774194
6050,0.774194
6051,0.774194
6052,0.774194
6053,0.774194
6054,0.774194
6055,0.774194
6056,0.774194
6057,0.774194
6058,0.774194
6059,0.774194
6060,0.774194
6061,0.774194
6062,0.774194
6063,0.774194
6064,0.774194
6065,0.774194
6066,0.774194
6067,0.774194
6068,0.774194
6069,0.774194
6070,0.774194
6071,0.741935
6072,0.645161
6073,0.741935
6074,0.612903
6075,0.677419
6076,0.741935
6077,0.612903
6078,0.645161
6079,0.645161
6080,0.645161
6081,0.677419
6082,0.741935
6083,0.645161
6084,0.774194
6085,0.741935
6086,0.645161
6087,0.741935
6088,0.645161
6089,0.774194
6090,0.774194
6091,0.774194
6092,0.774194
6093,0.774194
6094,0.774194
6095,0.774194
6096,0.774194
6097,0.774194
6098,0.774194
6099,0.774194
6100,0.774194
6101,0.774194
6102,0.774194
6103,0.774194
6104,0.774194
6105,0.774194
6106,0.774194
6107,0.774194
6108,0.774194
6109,0.774194
6110,0.741935
6111,0.645161
6112,0.774194
6113,0.774194
6114,0.774194
6115,0.774194
6116,0.774194
6117,0.774194
6118,0.774194
6119,0.774194
6120,0.774194
6121,0.774194
6122,0.774194
6123,0.774194
6124,0.774194
6125,0.774194
6126,0.774194
6127,0.774194
6128,0.774194
6129,0.774194
6130,0.774194
6131,0.774194
6132,0.774194
6133,0.774194
6134,0.774194
6135,0.774194
6136,0.774194
6137,0.774194
6138,0.774194
6139,0.774194
6140,0.774194
6141,0.774194
6142,0.774194
6143,0.774194
6144,0.774194
6145,0.774194
6146,0.774194
6147,0.774194
6148,0.774194
6149,0.774194
6150,0.774194
6151,0.774194
6152,0.774194
6153,0.774194
6154,0.774194
6155,0.774194
6156,0.774194
6157,0.774194
6158,0.774194
6159,0.774194
6160,0.774194
6161,0.774194
6162,0.774194
6163,0.774194
6164,0.774194
6165,0.774194
6166,0.774194
6167,0.774194
6168,0.774194
6169,0.774194
6170,0.774194
6171,0.774194
6172,0.774194
6173,0.774194
6174,0.774194
6175,0.774194
6176,0.774194
6177,0.774194
6178,0.774194
6179,0.774194
6180,0.774194
6181,0.774194
6182,0.774194
6183,0.774194
6184,0.774194
6185,0.774194
6186,0.774194
6187,0.774194
6188,0.774194
6189,0.774194
6190,0.774194
6191,0.774194
6192,0.774194
6193,0.774194
6194,0.774194
6195,0.774194
6196,0.774194
6197,0.774194
6198,0.774194
6199,0.774194
6200,0.774194
6201,0.774194
6202,0.774194
6203,0.774194
6204,0.774194
6205,0.774194
6206,0.774194
6207,0.774194
6208,0.774194
6209,0.774194
6210,0.774194
6211,0.774194
6212,0.83871
6213,0.83871
6214,0.83871
6215,0.83871
6216,0.83871
6217,0.83871
6218,0.741935
6219,0.774194
6220,0.774194
6221,0.774194
6222,0.83871
6223,0.741935
6224,0.774194
6225,0.83871
6226,0.83871
6227,0.83871
6228,0.83871
6229,0.83871
6230,0.83871
6231,0.870968
6232,0.83871
6233,0.83871
6234,0.83871
6235,0.83871
6236,0.83871
6237,0.83871
6238,0.83871
6239,0.83871
6240,0.709677
6241,0.774194
6242,0.709677
6243,0.774194
6244,0.709677
6245,0.645161
6246,0.83871
6247,0.709677
6248,0.774194
6249,0.709677
6250,0.774194
6251,0.709677
6252,0.774194
6253,0.709677
6254,0.774194
6255,0.709677
6256,0.774194
6257,0.709677
6258,0.774194
6259,0.709677
6260,0.774194
6261,0.709677
6262,0.774194
6263,0.709677
6264,0.774194
6265,0.709677
6266,0.774194
6267,0.709677
6268,0.774194
6269,0.709677
6270,0.774194
6271,0.709677
6272,0.774194
6273,0.709677
6274,0.774194
6275,0.709677
6276,0.774194
6277,0.709677
6278,0.774194
6279,0.709677
6280,0.774194
6281,0.709677
6282,0.612903
6283,0.870968
6284,0.580645
6285,0.677419
6286,0.612903
6287,0.645161
6288,0.612903
6289,0.645161
6290,0.645161
6291,0.709677
6292,0.677419
6293,0
6294,0.580645
6295,0.709677
6296,0.645161
6297,0.677419
6298,0.677419
6299,0.677419
6300,0.709677
6301,0.387097
6302,0.83871
6303,0.870968
6304,0.870968
6305,0.741935
6306,0.903226
6307,0.83871
6308,0.83871
6309,0.870968
6310,0.870968
6311,0.870968
6312,0.83871
6313,0.83871
6314,0.83871
6315,0.612903
6316,0.774194
6317,0.806452
6318,0.677419
6319,0.741935
6320,0.709677
6321,0.774194
6322,0.741935
6323,0.741935
6324,0.741935
6325,0.741935
6326,0.741935
6327,0.612903
6328,0.741935
6329,0.387097
6330,0.774194
6331,0.774194
6332,0.709677
6333,0.709677
6334,0.709677
6335,0.709677
6336,0.677419
6337,0.677419
6338,0.709677
6339,0.709677
6340,0.677419
6341,0.677419
6342,0.709677
6343,0.709677
6344,0.709677
6345,0.709677
6346,0.83871
6347,0.709677
6348,0.870968
6349,0.677419
6350,0.806452
6351,0.709677
6352,0.741935
6353,0.677419
6354,0.806452
6355,0.774194
6356,0.774194
6357,0.83871
6358,0.741935
6359,0.709677
6360,0.774194
6361,0.806452
6362,0.806452
6363,0.83871
6364,0.806452
6365,0.677419
6366,0.548387
6367,0.741935
6368,0.129032
6369,0.645161
6370,0.741935
6371,0.677419
6372,0.677419
6373,0.516129
6374,0.677419
6375,0.645161
6376,0.419355
6377,0.548387
6378,0.774194
6379,0.83871
6380,0.645161
6381,0.709677
6382,0.741935
6383,0.741935
6384,0.741935
6385,0.741935
6386,0.741935
6387,0.741935
6388,0.741935
6389,0.677419
6390,0.645161
6391,0.741935
6392,0.741935
6393,0.709677
6394,0.709677
6395,0.709677
6396,0.709677
6397,0.709677
6398,0.709677
6399,0.709677
6400,0.741935
6401,0.709677
6402,0.741935
6403,0.774194
6404,0.612903
6405,0.645161
6406,0.0322581
6407,0.903226
6408,0.870968
6409,0.741935
6410,0.709677
6411,0.741935
6412,0.741935
6413,0.774194
6414,0.774194
6415,0.806452
6416,0.83871
6417,0.83871
6418,0.83871
6419,0.83871
6420,0.83871
6421,0.83871
6422,0.83871
6423,0.83871
6424,0.83871
6425,0.83871
6426,0.83871
6427,0.806452
6428,0.741935
6429,0.774194
6430,0.870968
6431,0.83871
6432,0.83871
6433,0.903226
6434,0.83871
6435,0.83871
6436,0.83871
6437,0.83871
6438,0.83871
6439,0.903226
6440,0.806452
6441,0.741935
6442,0.548387
6443,0.612903
6444,0.709677
6445,0.387097
6446,0.806452
6447,0.83871
6448,0.774194
6449,0.709677
6450,0.741935
6451,0.806452
6452,0.806452
6453,0.806452
6454,0.0967742
6455,0.870968
6456,0.870968
6457,0.774194
6458,0.83871
6459,0.806452
6460,0.806452
6461,0.806452
6462,0.774194
6463,0.774194
6464,0.774194
6465,0.645161
6466,0.677419
6467,0.580645
6468,0.677419
6469,0.677419
6470,0.806452
6471,0.645161
6472,0.83871
6473,0.83871
6474,0.741935
6475,0.741935
6476,0.741935
6477,0.741935
6478,0.741935
6479,0.774194
6480,0.741935
6481,0.709677
6482,0.806452
6483,0.0967742
6484,0.677419
6485,0.774194
6486,0.645161
6487,0.83871
6488,0.741935
6489,0.83871
6490,0.774194
6491,0.709677
6492,0.709677
6493,0.709677
6494,0.709677
6495,0.741935
6496,0.741935
6497,0.741935
6498,0.806452
6499,0.774194
6500,0.774194
6501,0.774194
6502,0.774194
6503,0.774194
6504,0.774194
6505,0.774194
6506,0.774194
6507,0.774194
6508,0.774194
6509,0.774194
6510,0.870968
6511,0.870968
6512,0.806452
6513,0.774194
6514,0.806452
6515,0.741935
6516,0.774194
6517,0.774194
6518,0.709677
6519,0.483871
6520,0.419355
6521,0.709677
6522,0.483871
6523,0.548387
6524,0.516129
6525,0.548387
6526,0.516129
6527,0.548387
6528,0.612903
6529,0.612903
6530,0.677419
6531,0.354839
6532,0.225806
6533,0.806452
6534,0.806452
6535,0.774194
6536,0.774194
6537,0.774194
6538,0.741935
6539,0.774194
6540,0.741935
6541,0.709677
6542,0.709677
6543,0.709677
6544,0.709677
6545,0.322581
6546,0.774194
6547,0.677419
6548,0.709677
6549,0.677419
6550,0.645161
6551,0.645161
6552,0.645161
6553,0.677419
6554,0.645161
6555,0.645161
6556,0.645161
6557,0.677419
6558,0.548387
6559,0.451613
6560,0.0645161
6561,0.709677
6562,0.677419
6563,0.645161
6564,0.645161
6565,0.677419
6566,0.709677
6567,0.709677
6568,0.709677
6569,0.709677
6570,0.709677
6571,0.709677
6572,0.709677
6573,0.709677
6574,0.709677
6575,0.709677
6576,0.709677
6577,0.709677
6578,0.709677
6579,0.709677
6580,0.709677
6581,0.709677
6582,0.709677
6583,0.677419
6584,0.677419
6585,0.677419
6586,0.709677
6587,0.677419
6588,0.677419
6589,0.677419
6590,0.677419
6591,0.677419
6592,0.677419
6593,0.677419
6594,0.677419
6595,0.612903
6596,0.483871
6597,0.290323
6598,0.580645
6599,0.612903
6600,0.612903
6601,0.612903
6602,0.612903
6603,0.516129
6604,0.645161
6605,0.580645
6606,0.612903
6607,0.612903
6608,0.129032
6609,0.741935
6610,0.677419
6611,0.516129
6612,0.645161
6613,0.580645
6614,0.612903
6615,0.580645
6616,0.612903
6617,0.677419
6618,0.967742
6619,0.967742
6620,0.709677
6621,0.903226
6622,0.967742
6623,0.967742
6624,0.967742
6625,0.967742
6626,0.741935
6627,0.741935
6628,0.741935
6629,0.741935
6630,0.935484
6631,0.741935
6632,0.709677
6633,0.709677
6634,0.709677
6635,0.709677
6636,0.709677
6637,0.709677
6638,0.677419
6639,0.483871
6640,0.322581
6641,0.580645
6642,0.612903
6643,0.516129
6644,0.548387
6645,0.483871
6646,0
6647,0.612903
6648,0.645161
6649,0.548387
6650,0.580645
6651,0.548387
6652,0.580645
6653,0.548387
6654,0.580645
6655,0.548387
6656,0.580645
6657,0.548387
6658,0.580645
6659,0.548387
6660,0.580645
6661,0.548387
6662,0.580645
6663,0.548387
6664,0.580645
6665,0.548387
6666,0.580645
6667,0.548387
6668,0.580645
6669,0.548387
6670,0.548387
6671,0.516129
6672,0.580645
6673,0.516129
6674,0.580645
6675,0.451613
6676,0.516129
6677,0.0967742
6678,0.612903
6679,0.516129
6680,0.548387
6681,0.516129
6682,0.516129
6683,0.387097
6684,0.451613
6685,0.419355
6686,0.516129
6687,0.548387
6688,0.709677
6689,0.677419
6690,0.709677
6691,0.709677
6692,0.709677
6693,0.709677
6694,0.709677
6695,0.709677
6696,0.709677
6697,0.677419
6698,0.677419
6699,0.677419
6700,0.677419
6701,0.709677
6702,0.709677
6703,0.645161
6704,0.677419
6705,0.741935
6706,0.612903
6707,0.612903
6708,0.548387
6709,0.129032
6710,0.645161
6711,0.645161
6712,0.612903
6713,0.548387
6714,0.645161
6715,0.645161
6716,0.645161
6717,0.709677
6718,0.16129
6719,0.774194
6720,0.580645
6721,0.645161
6722,0.645161
6723,0.322581
6724,0.709677
6725,0.806452
6726,0.677419
6727,0.709677
6728,0.645161
6729,0.677419
6730,0.677419
6731,0.645161
6732,0.677419
6733,0.677419
6734,0.677419
6735,0.709677
6736,0.483871
6737,0.645161
6738,0.677419
6739,0.612903
6740,0.645161
6741,0.645161
6742,0.645161
6743,0.677419
6744,0.709677
6745,0.677419
6746,0.709677
6747,0.709677
6748,0.709677
6749,0.709677
6750,0.451613
6751,0.709677
6752,0.709677
6753,0.709677
6754,0.709677
6755,0.709677
6756,0.709677
6757,0.709677
6758,0.709677
6759,0.709677
6760,0.677419
6761,0.709677
6762,0.709677
6763,0.709677
6764,0.709677
6765,0.677419
6766,0.709677
6767,0.709677
6768,0.709677
6769,0.709677
6770,0.741935
6771,0.677419
6772,0.677419
6773,0.677419
6774,0.741935
6775,0.709677
6776,0.677419
6777,0.741935
6778,0.709677
6779,0.741935
6780,0.677419
6781,0.709677
6782,0.709677
6783,0.709677
6784,0.645161
6785,0.645161
6786,0.612903
6787,0.225806
6788,0.516129
6789,0
6790,0.709677
6791,0.612903
6792,0.612903
6793,0.612903
6794,0.548387
6795,0.483871
6796,0.483871
6797,0.612903
6798,0.645161
6799,0.0967742
6800,0.741935
6801,0.645161
6802,0.677419
6803,0.677419
6804,0.645161
6805,0.645161
6806,0.645161
6807,0.677419
6808,0.645161
6809,0.677419
6810,0.741935
6811,0.741935
6812,0.677419
6813,0.516129
6814,0.290323
6815,0.548387
6816,0.645161
6817,0.645161
6818,0.677419
6819,0.612903
6820,0.677419
6821,0.580645
6822,0.451613
6823,0.612903
6824,0.580645
6825,0.580645
6826,0.709677
6827,0.129032
6828,0.806452
6829,0.774194
6830,0.612903
6831,0.645161
6832,0.645161
6833,0.677419
6834,0.645161
6835,0.677419
6836,0.677419
6837,0.741935
6838,0.709677
6839,0.709677
6840,0.645161
6841,0.645161
6842,0.774194
6843,0.741935
6844,0.774194
6845,0.806452
6846,0.774194
6847,0.806452
6848,0.806452
6849,0.806452
6850,0.806452
6851,0.806452
6852,0.806452
6853,0.774194
6854,0.774194
6855,0.0645161
6856,0.774194
6857,0.645161
6858,0.677419
6859,0.741935
6860,0.774194
6861,0.806452
6862,0.806452
6863,0.806452
6864,0.806452
6865,0.806452
6866,0.774194
6867,0.774194
6868,0.774194
6869,0.709677
6870,0.709677
6871,0.677419
6872,0.709677
6873,0.677419
6874,0.709677
6875,0.709677
6876,0.709677
6877,0.709677
6878,0.709677
6879,0.709677
6880,0.741935
6881,0.741935
6882,0.741935
6883,0.741935
6884,0.741935
6885,0.741935
6886,0.741935
6887,0.709677
6888,0.709677
6889,0.645161
6890,0.677419
6891,0.387097
6892,0.548387
6893,0.645161
6894,0.645161
6895,0.612903
6896,0.612903
6897,0.612903
6898,0.612903
6899,0.548387
6900,0.516129
6901,0.548387
6902,0.580645
6903,0.612903
6904,0.0645161
6905,0.741935
6906,0.548387
6907,0.516129
6908,0.580645
6909,0.548387
6910,0.548387
6911,0.548387
6912,0.580645
6913,0.645161
6914,0.354839
6915,0.741935
6916,0.741935
6917,0.645161
6918,0.709677
6919,0.709677
6920,0.709677
6921,0.774194
6922,0.709677
6923,0.774194
6924,0.774194
6925,0.741935
6926,0.709677
6927,0.548387
6928,0.774194
6929,0.741935
6930,0.741935
6931,0.774194
6932,0.774194
6933,0.741935
6934,0.741935
6935,0.806452
6936,0.806452
6937,0.806452
6938,0.774194
6939,0.806452
6940,0.741935
6941,0.741935
6942,0.451613
6943,0.645161
6944,0.709677
6945,0.709677
6946,0.677419
6947,0.677419
6948,0.677419
6949,0.677419
6950,0.677419
6951,0.709677
6952,0.774194
6953,0.806452
6954,0.774194
6955,0.806452
6956,0.806452
6957,0.774194
6958,0.774194
6959,0.774194
6960,0.774194
6961,0.741935
6962,0.774194
6963,0.741935
6964,0.774194
6965,0.677419
6966,0.677419
6967,0.677419
6968,0.645161
6969,0.677419
6970,0.645161
6971,0.709677
6972,0.677419
6973,0.806452
6974,0.677419
6975,0.677419
6976,0.677419
6977,0.709677
6978,0.580645
6979,0.258065
6980,0.709677
6981,0.645161
6982,0.645161
6983,0.645161
6984,0.645161
6985,0.645161
6986,0.612903
6987,0.612903
6988,0.612903
6989,0.580645
6990,0.0322581
6991,0.774194
6992,0.741935
6993,0.612903
6994,0.645161
6995,0.645161
6996,0.645161
6997,0.645161
6998,0.612903
6999,0.645161
7000,0.419355
7001,0.741935
7002,0.870968
7003,0.677419
7004,0.645161
7005,0.612903
7006,0.677419
7007,0.612903
7008,0.612903
7009,0.612903
7010,0.612903
7011,0.677419
7012,0.677419
7013,0.483871
7014,0.645161
7015,0.677419
7016,0.677419
7017,0.677419
7018,0.645161
7019,0.741935
7020,0.677419
7021,0.645161
7022,0.709677
7023,0.645161
7024,0.709677
7025,0.677419
7026,0.516129
7027,0.580645
7028,0.0967742
7029,0.741935
7030,0.677419
7031,0.645161
7032,0.677419
7033,0.774194
7034,0.677419
7035,0.741935
7036,0.709677
7037,0.774194
7038,0.774194
7039,0.741935
7040,0.774194
7041,0.741935
7042,0.741935
7043,0.741935
7044,0.741935
7045,0.709677
7046,0.709677
7047,0.677419
7048,0.645161
7049,0.645161
7050,0.645161
7051,0.645161
7052,0.677419
7053,0.741935
7054,0.677419
7055,0.677419
7056,0.806452
7057,0.645161
7058,0.677419
7059,0.774194
7060,0.741935
7061,0.741935
7062,0.774194
7063,0.709677
7064,0.258065
7065,0.612903
7066,0.709677
7067,0.645161
7068,0.677419
7069,0.645161
7070,0.516129
7071,0.516129
7072,0.548387
7073,0.483871
7074,0.483871
7075,0.516129
7076,0.451613
7077,0
7078,0.741935
7079,0.612903
7080,0.290323
7081,0.709677
7082,0.612903
7083,0.645161
7084,0.645161
7085,0.645161
7086,0.645161
7087,0.645161
7088,0.677419
7089,0.645161
7090,0.645161
7091,0.677419
7092,0.677419
7093,0.483871
7094,0.645161
7095,0.709677
7096,0.677419
7097,0.677419
7098,0.645161
7099,0.483871
7100,0.645161
7101,0.645161
7102,0.580645
7103,0.677419
7104,0.516129
7105,0.580645
7106,0.483871
7107,0.0645161
7108,0.548387
7109,0.677419
7110,0.612903
7111,0.612903
7112,0.612903
7113,0.612903
7114,0.580645
7115,0.580645
7116,0.612903
7117,0.612903
7118,0.548387
7119,0.645161
7120,0.0322581
7121,0.741935
7122,0.451613
7123,0.645161
7124,0.580645
7125,0.612903
7126,0.645161
7127,0.645161
7128,0.645161
7129,0.677419
7130,0.677419
7131,0.612903
7132,0.677419
7133,0.741935
7134,0.741935
7135,0.612903
7136,0.83871
7137,0.774194
7138,0.645161
7139,0.741935
7140,0.677419
7141,0.612903
7142,0.612903
7143,0.612903
7144,0.612903
7145,0.612903
7146,0.645161
7147,0.645161
7148,0.580645
7149,0.612903
7150,0.645161
7151,0.645161
7152,0.645161
7153,0.645161
7154,0.677419
7155,0.677419
7156,0.677419
7157,0.774194
7158,0.774194
7159,0.774194
7160,0.83871
7161,0.774194
7162,0.806452
7163,0.806452
7164,0.806452
7165,0.806452
7166,0.806452
7167,0.806452
7168,0.806452
7169,0.806452
7170,0.806452
7171,0.806452
7172,0.774194
7173,0.806452
7174,0.806452
7175,0.774194
7176,0.774194
7177,0.774194
7178,0.774194
7179,0.741935
7180,0.741935
7181,0.709677
7182,0.645161
7183,0.645161
7184,0.645161
7185,0.645161
7186,0.516129
7187,0.0322581
7188,0.677419
7189,0.612903
7190,0.612903
7191,0.677419
7192,0.677419
7193,0.645161
7194,0.645161
7195,0.612903
7196,0.612903
7197,0.580645
7198,0.0967742
7199,0.774194
7200,0.709677
7201,0.612903
7202,0.709677
7203,0.612903
7204,0.612903
7205,0.612903
7206,0.612903
7207,0.645161
7208,0.419355
7209,0.774194
7210,0.903226
7211,0.709677
7212,0.709677
7213,0.741935
7214,0.741935
7215,0.709677
7216,0.774194
7217,0.741935
7218,0.709677
7219,0.774194
7220,0.774194
7221,0.612903
7222,0.741935
7223,0.774194
7224,0.741935
7225,0.677419
7226,0.677419
7227,0.741935
7228,0.741935
7229,0.741935
7230,0.741935
7231,0.677419
7232,0.677419
7233,0.645161
7234,0.612903
7235,0.677419
7236,0.387097
7237,0
7238,0.741935
7239,0.709677
7240,0.709677
7241,0.709677
7242,0.709677
7243,0.741935
7244,0.774194
7245,0.741935
7246,0.774194
7247,0.806452
7248,0.774194
7249,0.774194
7250,0.774194
7251,0.774194
7252,0.774194
7253,0.774194
7254,0.806452
7255,0.806452
7256,0.774194
7257,0.774194
7258,0.774194
7259,0.709677
7260,0.709677
7261,0.709677
7262,0.709677
7263,0.709677
7264,0.709677
7265,0.709677
7266,0.709677
7267,0.709677
7268,0.709677
7269,0.677419
7270,0.677419
7271,0.612903
7272,0.225806
7273,0.612903
7274,0.645161
7275,0.612903
7276,0.580645
7277,0.580645
7278,0.580645
7279,0.580645
7280,0.548387
7281,0.548387
7282,0.580645
7283,0.193548
7284,0.709677
7285,0.451613
7286,0.548387
7287,0.580645
7288,0.580645
7289,0.580645
7290,0.580645
7291,0.612903
7292,0.612903
7293,0.677419
7294,0.258065
7295,0.774194
7296,0.83871
7297,0.709677
7298,0.741935
7299,0.677419
7300,0.774194
7301,0.741935
7302,0.677419
7303,0.709677
7304,0.677419
7305,0.709677
7306,0.806452
7307,0.741935
7308,0.677419
7309,0.806452
7310,0.774194
7311,0.709677
7312,0.709677
7313,0.709677
7314,0.677419
7315,0.612903
7316,0.612903
7317,0.612903
7318,0.612903
7319,0.645161
7320,0.645161
7321,0.516129
7322,0.612903
7323,0.0967742
7324,0.741935
7325,0.709677
7326,0.677419
7327,0.677419
7328,0.677419
7329,0.677419
7330,0.677419
7331,0.677419
7332,0.677419
7333,0.677419
7334,0.709677
7335,0.741935
7336,0.709677
7337,0.709677
7338,0.709677
7339,0.709677
7340,0.709677
7341,0.709677
7342,0.709677
7343,0.741935
7344,0.709677
7345,0.709677
7346,0.709677
7347,0.741935
7348,0.709677
7349,0.677419
7350,0.709677
7351,0.677419
7352,0.677419
7353,0.709677
7354,0.709677
7355,0.709677
7356,0.709677
7357,0.612903
7358,0.225806
7359,0.612903
7360,0.612903
7361,0.580645
7362,0.548387
7363,0.548387
7364,0.548387
7365,0.516129
7366,0.516129
7367,0.516129
7368,0.548387
7369,0.548387
7370,0.580645
7371,0
7372,0.741935
7373,0.580645
7374,0.548387
7375,0.580645
7376,0.548387
7377,0.580645
7378,0.580645
7379,0.645161
7380,0.483871
7381,0.645161
7382,0.806452
7383,0.612903
7384,0.709677
7385,0.709677
7386,0.709677
7387,0.709677
7388,0.709677
7389,0.645161
7390,0.741935
7391,0.677419
7392,0.709677
7393,0.903226
7394,0.354839
7395,0.709677
7396,0.870968
7397,0.709677
7398,0.677419
7399,0.612903
7400,0.645161
7401,0.612903
7402,0.645161
7403,0.645161
7404,0.645161
7405,0.645161
7406,0.483871
7407,0.612903
7408,0.548387
7409,0.645161
7410,0.677419
7411,0.677419
7412,0.677419
7413,0.677419
7414,0.677419
7415,0.677419
7416,0.677419
7417,0.677419
7418,0.677419
7419,0.677419
7420,0.677419
7421,0.677419
7422,0.677419
7423,0.677419
7424,0.709677
7425,0.774194
7426,0.677419
7427,0.741935
7428,0.741935
7429,0.774194
7430,0.677419
7431,0.677419
7432,0.677419
7433,0.677419
7434,0.677419
7435,0.677419
7436,0.677419
7437,0.709677
7438,0.677419
7439,0.677419
7440,0.677419
7441,0.677419
7442,0.645161
7443,0.580645
7444,0.225806
7445,0.580645
7446,0.677419
7447,0.580645
7448,0.548387
7449,0.548387
7450,0.580645
7451,0.548387
7452,0.548387
7453,0.548387
7454,0.548387
7455,0.580645
7456,0.580645
7457,0
7458,0.741935
7459,0.741935
7460,0.580645
7461,0.580645
7462,0.645161
7463,0.741935
7464,0.709677
7465,0.612903
7466,0.612903
7467,0.419355
7468,0.741935
7469,0.870968
7470,0.677419
7471,0.677419
7472,0.741935
7473,0.741935
7474,0.741935
7475,0.677419
7476,0.709677
7477,0.677419
7478,0.774194
7479,0.709677
7480,0.580645
7481,0.806452
7482,0.903226
7483,0.806452
7484,0.709677
7485,0.709677
7486,0.677419
7487,0.677419
7488,0.612903
7489,0.612903
7490,0.612903
7491,0.612903
7492,0.645161
7493,0.516129
7494,0.483871
7495,0.0322581
7496,0.741935
7497,0.677419
7498,0.709677
7499,0.677419
7500,0.677419
7501,0.677419
7502,0.677419
7503,0.677419
7504,0.677419
7505,0.677419
7506,0.677419
7507,0.677419
7508,0.677419
7509,0.677419
7510,0.677419
7511,0.677419
7512,0.677419
7513,0.677419
7514,0.677419
7515,0.677419
7516,0.677419
7517,0.741935
7518,0.709677
7519,0.709677
7520,0.709677
7521,0.709677
7522,0.677419
7523,0.677419
7524,0.677419
7525,0.677419
7526,0.677419
7527,0.677419
7528,0.677419
7529,0.677419
7530,0.419355
7531,0.516129
7532,0.709677
7533,0.612903
7534,0.580645
7535,0.580645
7536,0.580645
7537,0.580645
7538,0.516129
7539,0.548387
7540,0.548387
7541,0.580645
7542,0.677419
7543,0.0645161
7544,0.516129
7545,0.548387
7546,0.548387
7547,0.548387
7548,0.548387
7549,0.548387
7550,0.548387
7551,0.548387
7552,0.580645
7553,0.612903
7554,0.645161
7555,0.774194
7556,0.677419
7557,0.645161
7558,0.677419
7559,0.709677
7560,0.709677
7561,0.709677
7562,0.677419
7563,0.709677
7564,0.774194
7565,0.774194
7566,0.548387
7567,0.83871
7568,0.806452
7569,0.709677
7570,0.612903
7571,0.612903
7572,0.612903
7573,0.612903
7574,0.645161
7575,0.645161
7576,0.645161
7577,0.645161
7578,0.645161
7579,0.645161
7580,0.548387
7581,0.677419
7582,0.677419
7583,0.709677
7584,0.709677
7585,0.709677
7586,0.709677
7587,0.709677
7588,0.677419
7589,0.677419
7590,0.709677
7591,0.677419
7592,0.677419
7593,0.677419
7594,0.677419
7595,0.741935
7596,0.709677
7597,0.709677
7598,0.709677
7599,0.709677
7600,0.677419
7601,0.677419
7602,0.677419
7603,0.677419
7604,0.677419
7605,0.677419
7606,0.677419
7607,0.677419
7608,0.677419
7609,0.677419
7610,0.677419
7611,0.677419
7612,0.645161
7613,0.645161
7614,0.645161
7615,0.645161
7616,0.580645
7617,0.483871
7618,0.483871
7619,0.612903
7620,0.612903
7621,0.612903
7622,0.612903
7623,0.612903
7624,0.612903
7625,0.612903
7626,0.612903
7627,0.612903
7628,0.580645
7629,0.0322581
7630,0.741935
7631,0.645161
7632,0.580645
7633,0.612903
7634,0.645161
7635,0.612903
7636,0.677419
7637,0.612903
7638,0.677419
7639,0.290323
7640,0.677419
7641,0.806452
7642,0.806452
7643,0.741935
7644,0.806452
7645,0.774194
7646,0.935484
7647,0.774194
7648,0.903226
7649,0.709677
7650,0.935484
7651,0.83871
7652,0.903226
7653,0.387097
7654,0.741935
7655,0.935484
7656,0.774194
7657,0.83871
7658,0.806452
7659,0.83871
7660,0.677419
7661,0.645161
7662,0.612903
7663,0.612903
7664,0.612903
7665,0.645161
7666,0.645161
7667,0.645161
7668,0.419355
7669,0.0645161
7670,0.741935
7671,0.709677
7672,0.709677
7673,0.709677
7674,0.709677
7675,0.709677
7676,0.709677
7677,0.709677
7678,0.709677
7679,0.709677
7680,0.709677
7681,0.709677
7682,0.709677
7683,0.709677
7684,0.709677
7685,0.709677
7686,0.709677
7687,0.709677
7688,0.709677
7689,0.709677
7690,0.709677
7691,0.709677
7692,0.709677
7693,0.709677
7694,0.709677
7695,0.709677
7696,0.709677
7697,0.709677
7698,0.709677
7699,0.709677
7700,0.709677
7701,0.709677
7702,0.709677
7703,0.645161
7704,0.387097
7705,0.387097
7706,0.677419
7707,0.16129
7708,0.709677
7709,0.580645
7710,0.612903
7711,0.580645
7712,0.548387
7713,0.612903
7714,0.580645
7715,0.677419
7716,0.225806
7717,0.322581
7718,0.741935
7719,0.677419
7720,0.645161
7721,0.645161
7722,0.580645
7723,0.612903
7724,0.677419
7725,0.677419
7726,0.580645
7727,0.612903
7728,0.483871
7729,0.483871
7730,0.483871
7731,0.0322581
7732,0.580645
7733,0.677419
7734,0.612903
7735,0.580645
7736,0.645161
7737,0.645161
7738,0.83871
7739,0.483871
7740,0.612903
7741,0.612903
7742,0.645161
7743,0.645161
7744,0.193548
7745,0.806452
7746,0.870968
7747,0.774194
7748,0.709677
7749,0.645161
7750,0.645161
7751,0.612903
7752,0.612903
7753,0.612903
7754,0.645161
7755,0.612903
7756,0.645161
7757,0.774194
7758,0.290323
7759,0.709677
7760,0.677419
7761,0.677419
7762,0.677419
7763,0.677419
7764,0.677419
7765,0.677419
7766,0.677419
7767,0.709677
7768,0.709677
7769,0.709677
7770,0.709677
7771,0.612903
7772,0.580645
7773,0.129032
7774,0.741935
7775,0.741935
7776,0.677419
7777,0.709677
7778,0.774194
7779,0.709677
7780,0.709677
7781,0.709677
7782,0.709677
7783,0.709677
7784,0.709677
7785,0.709677
7786,0.709677
7787,0.677419
7788,0.645161
7789,0.645161
7790,0.677419
7791,0.677419
7792,0.645161
7793,0.645161
7794,0.645161
7795,0.677419
7796,0.677419
7797,0.677419
7798,0.677419
7799,0.677419
7800,0.677419
7801,0.741935
7802,0.709677
7803,0.709677
7804,0.709677
7805,0.709677
7806,0.870968
7807,0.645161
7808,0.516129
7809,0.387097
7810,0.645161
7811,0.645161
7812,0.612903
7813,0.483871
7814,0.580645
7815,0.580645
7816,0.548387
7817,0.419355
7818,0.548387
7819,0.387097
7820,0.451613
7821,0.774194
7822,0.419355
7823,0.548387
7824,0.612903
7825,0.548387
7826,0.612903
7827,0.580645
7828,0.548387
7829,0.612903
7830,0.451613
7831,0.290323
7832,0.709677
7833,0.741935
7834,0.774194
7835,0.709677
7836,0.709677
7837,0.774194
7838,0.741935
7839,0.774194
7840,0.741935
7841,0.774194
7842,0.806452
7843,0.774194
7844,0.612903
7845,0.774194
7846,0.709677
7847,0.709677
7848,0.709677
7849,0.709677
7850,0.709677
7851,0.709677
7852,0.709677
7853,0.709677
7854,0.709677
7855,0.709677
7856,0.709677
7857,0.709677
7858,0.709677
7859,0.645161
7860,0.387097
7861,0
7862,0.741935
7863,0.709677
7864,0.709677
7865,0.709677
7866,0.709677
7867,0.709677
7868,0.709677
7869,0.709677
7870,0.709677
7871,0.709677
7872,0.709677
7873,0.709677
7874,0.677419
7875,0.645161
7876,0.645161
7877,0.677419
7878,0.645161
7879,0.677419
7880,0.677419
7881,0.645161
7882,0.677419
7883,0.677419
7884,0.677419
7885,0.677419
7886,0.645161
7887,0.709677
7888,0.709677
7889,0.870968
7890,0.709677
7891,0.870968
7892,0.709677
7893,0.83871
7894,0.516129
7895,0.548387
7896,0.709677
7897,0.612903
7898,0.548387
7899,0.580645
7900,0.548387
7901,0.548387
7902,0.483871
7903,0.516129
7904,0.645161
7905,0.580645
7906,0.16129
7907,0.741935
7908,0.774194
7909,0.419355
7910,0.516129
7911,0.774194
7912,0.580645
7913,0.580645
7914,0.580645
7915,0.709677
7916,0.451613
7917,0.677419
7918,0.677419
7919,0.612903
7920,0.645161
7921,0.677419
7922,0.709677
7923,0.677419
7924,0.709677
7925,0.709677
7926,0.709677
7927,0.677419
7928,0.645161
7929,0.548387
7930,0.645161
7931,0.709677
7932,0.709677
7933,0.709677
7934,0.709677
7935,0.709677
7936,0.709677
7937,0.709677
7938,0.709677
7939,0.709677
7940,0.709677
7941,0.709677
7942,0.709677
7943,0.709677
7944,0.677419
7945,0.645161
7946,0.387097
7947,0
7948,0.741935
7949,0.677419
7950,0.645161
7951,0.645161
7952,0.677419
7953,0.709677
7954,0.709677
7955,0.709677
7956,0.709677
7957,0.709677
7958,0.741935
7959,0.709677
7960,0.709677
7961,0.677419
7962,0.709677
7963,0.806452
7964,0.709677
7965,0.709677
7966,0.709677
7967,0.709677
7968,0.709677
7969,0.677419
7970,0.709677
7971,0.419355
7972,0.354839
7973,0.483871
7974,0.483871
7975,0.516129
7976,0.483871
7977,0.483871
7978,0.483871
7979,0.387097
7980,0.516129
7981,0.516129
7982,0.612903
7983,0.548387
7984,0.290323
7985,0.548387
7986,0.677419
7987,0.580645
7988,0.677419
7989,0.935484
7990,0.870968
7991,0.677419
7992,0.645161
7993,0.903226
7994,0.612903
7995,0.516129
7996,0.419355
7997,0.645161
7998,0.806452
7999,0.870968
8000,0.870968
8001,0.870968
8002,0.870968
8003,0.903226
8004,0.83871
8005,0.870968
8006,0.451613
8007,0.709677
8008,0.806452
8009,0.903226
8010,0.83871
8011,0.935484
8012,0.935484
8013,0.677419
8014,0.774194
8015,0.741935
8016,0.741935
8017,0.677419
8018,0.774194
8019,0.741935
8020,0.741935
8021,0.741935
8022,0.741935
8023,0.677419
8024,0.677419
8025,0.774194
8026,0.645161
8027,0.677419
8028,0.677419
8029,0.645161
8030,0.677419
8031,0.741935
8032,0.709677
8033,0.322581
8034,0.677419
8035,0.709677
8036,0.903226
8037,0.709677
8038,0.806452
8039,0.774194
8040,0.741935
8041,0.709677
8042,0.709677
8043,0.709677
8044,0.709677
8045,0.709677
8046,0.709677
8047,0.709677
8048,0.709677
8049,0.709677
8050,0.709677
8051,0.709677
8052,0.709677
8053,0.709677
8054,0.709677
8055,0.709677
8056,0.709677
8057,0.709677
8058,0.709677
8059,0.709677
8060,0.709677
8061,0.709677
8062,0.709677
8063,0.709677
8064,0.741935
8065,0.709677
8066,0.709677
8067,0.741935
8068,0.580645
8069,0.483871
8070,0.387097
8071,0.645161
8072,0.193548
8073,0.677419
8074,0.806452
8075,0.83871
8076,0.483871
8077,0.709677
8078,0.580645
8079,0.774194
8080,0.741935
8081,0.290323
8082,0.806452
8083,0.903226
8084,0.677419
8085,0.677419
8086,0.677419
8087,0.83871
8088,0.677419
8089,0.548387
8090,0.774194
8091,0.548387
8092,0.612903
8093,0.903226
8094,0.677419
8095,0.16129
8096,0.612903
8097,0.870968
8098,0.774194
8099,0.870968
8100,0.612903
8101,0.612903
8102,0.870968
8103,0.83871
8104,0.870968
8105,0.83871
8106,0.774194
8107,0.870968
8108,0.741935
8109,0.83871
8110,0.322581
8111,0.677419
8112,0.903226
8113,0.870968
8114,0.709677
8115,0.741935
8116,0.709677
8117,0.741935
8118,0.709677
8119,0.741935
8120,0.709677
8121,0.741935
8122,0.741935
8123,0.548387
8124,0.774194
8125,0.709677
8126,0.709677
8127,0.709677
8128,0.709677
8129,0.709677
8130,0.709677
8131,0.709677
8132,0.709677
8133,0.774194
8134,0.774194
8135,0.774194
8136,0.677419
8137,0.612903
8138,0.193548
8139,0.709677
8140,0.774194
8141,0.709677
8142,0.709677
8143,0.709677
8144,0.709677
8145,0.806452
8146,0.741935
8147,0.709677
8148,0.709677
8149,0.709677
8150,0.709677
8151,0.709677
8152,0.709677
8153,0.709677
8154,0.709677
8155,0.709677
8156,0.709677
8157,0.709677
8158,0.709677
8159,0.741935
8160,0.741935
8161,0.741935
8162,0.935484
8163,0.903226
8164,0.903226
8165,0.741935
8166,0.741935
8167,0.741935
8168,0.741935
8169,0.741935
8170,0.741935
8171,0.709677
8172,0.354839
8173,0.322581
8174,0.612903
8175,0.741935
8176,0.709677
8177,0.548387
8178,0.645161
8179,0.774194
8180,0.516129
8181,0.709677
8182,0.870968
8183,0.83871
8184,0.387097
8185,0.83871
8186,0.870968
8187,0.83871
8188,0.903226
8189,0.870968
8190,0.677419
8191,0.903226
8192,0.870968
8193,0.83871
8194,0.83871
8195,0.935484
8196,0.677419
8197,0.516129
8198,0.774194
8199,0.903226
8200,0.741935
8201,0.741935
8202,0.290323
8203,0.483871
8204,0.870968
8205,0.806452
8206,0.83871
8207,0.83871
8208,0.83871
8209,0.806452
8210,0.83871
8211,0.870968
8212,0.83871
8213,0.677419
8214,0.806452
8215,0.774194
8216,0.645161
8217,0.870968
8218,0.774194
8219,0.903226
8220,0.870968
8221,0.83871
8222,0.870968
8223,0.83871
8224,0.83871
8225,0.935484
8226,0.83871
8227,0.935484
8228,0.903226
8229,0.483871
8230,0.741935
8231,0.870968
8232,0.967742
8233,0.903226
8234,0.903226
8235,0.903226
8236,0.903226
8237,0.903226
8238,0.903226
8239,0.903226
8240,0.903226
8241,0.903226
8242,0.774194
8243,0.580645
8244,0.806452
8245,0.806452
8246,0.741935
8247,0.709677
8248,0.709677
8249,0.935484
8250,0.677419
8251,0.645161
8252,0.645161
8253,0.645161
8254,0.741935
8255,0.645161
8256,0.645161
8257,0.741935
8258,0.806452
8259,0.645161
8260,0.870968
8261,0.580645
8262,0.645161
8263,0.741935
8264,0.806452
8265,0.612903
8266,0.83871
8267,0.612903
8268,0.774194
8269,0.677419
8270,0.83871
8271,0.645161
8272,0.870968
8273,0.612903
8274,0.612903
8275,0.612903
8276,0.548387
8277,0.516129
8278,0.322581
8279,0.483871
8280,0.645161
8281,0.580645
8282,0.612903
8283,0.645161
8284,0.806452
8285,0.677419
8286,0.612903
8287,0.774194
8288,0.806452
8289,0.870968
8290,0.83871
8291,0.548387
8292,0.903226
8293,0.774194
8294,0.806452
8295,0.806452
8296,0.967742
8297,0.870968
8298,0.870968
8299,0.935484
8300,0.806452
8301,0.741935
8302,0.709677
8303,0.677419
8304,0.83871
8305,0.709677
8306,0.612903
8307,0.612903
8308,0.806452
8309,0.83871
8310,0.83871
8311,0.806452
8312,0.83871
8313,0.870968
8314,0.870968
8315,0.483871
8316,0.774194
8317,1
8318,0.806452
8319,0.83871
8320,0.903226
8321,0.645161
8322,0.677419
8323,0.935484
8324,0.83871
8325,0.774194
8326,0.870968
8327,0.903226
8328,0.83871
8329,0.935484
8330,0.935484
8331,0.806452
8332,0.83871
8333,0.903226
8334,0.516129
8335,0.709677
8336,0.774194
8337,0.903226
8338,0.903226
8339,0.83871
8340,0.83871
8341,0.870968
8342,0.967742
8343,0.870968
8344,0.935484
8345,0.870968
8346,0.935484
8347,0.774194
8348,0.709677
8349,0.645161
8350,0.774194
8351,0.935484
8352,0.935484
8353,0.870968
8354,0.935484
8355,0.806452
8356,0.967742
8357,0.806452
8358,0.935484
8359,0.806452
8360,0.83871
8361,0.870968
8362,0.83871
8363,0.870968
8364,0.83871
8365,0.870968
8366,0.870968
8367,0.870968
8368,0.870968
8369,0.870968
8370,0.83871
8371,0.870968
8372,0.967742
8373,0.806452
8374,0.935484
8375,0.741935
8376,0.935484
8377,0.806452
8378,0.935484
8379,0.806452
8380,0.935484
8381,0.870968
8382,0.709677
8383,0.483871
8384,0.354839
8385,0.645161
8386,0.806452
8387,0.516129
8388,0.709677
8389,0.774194
8390,0.645161
8391,0.741935
8392,0.580645
8393,0.677419
8394,0.935484
8395,0.483871
8396,0.774194
8397,0.935484
8398,0.935484
8399,0.903226
8400,0.903226
8401,0.903226
8402,0.903226
8403,0.903226
8404,0.83871
8405,0.967742
8406,0.903226
8407,0.774194
8408,0.483871
8409,0.903226
8410,0.83871
8411,0.774194
8412,0.548387
8413,0.419355
8414,0.419355
8415,0.806452
8416,0.774194
8417,0.870968
8418,0.83871
8419,0.83871
8420,0.83871
8421,0.774194
8422,0.83871
8423,0.870968
8424,0.83871
8425,0.677419
8426,0.580645
8427,0.774194
8428,0.870968
8429,0.774194
8430,0.806452
8431,0.83871
8432,0.83871
8433,0.870968
8434,0.774194
8435,0.903226
8436,0.83871
8437,0.806452
8438,0.935484
8439,0.870968
8440,0.677419
8441,0.709677
8442,0.870968
8443,0.870968
8444,0.935484
8445,0.903226
8446,0.903226
8447,0.903226
8448,0.903226
8449,0.870968
8450,0.903226
8451,0.903226
8452,0.83871
8453,0.903226
8454,0.580645
8455,0.645161
8456,0.645161
8457,0.870968
8458,0.645161
8459,0.677419
8460,0.645161
8461,0.580645
8462,0.580645
8463,0.870968
8464,0.548387
8465,0.612903
8466,0.806452
8467,0.580645
8468,0.83871
8469,0.645161
8470,0.806452
8471,0.870968
8472,0.806452
8473,0.870968
8474,0.83871
8475,0.83871
8476,0.806452
8477,0.935484
8478,0.903226
8479,0.709677
8480,0.774194
8481,0.677419
8482,0.870968
8483,0.741935
8484,0.709677
8485,0.741935
8486,0.709677
8487,0.774194
8488,0.935484
8489,0.903226
8490,0.935484
8491,0.903226
8492,0.806452
8493,0.806452
8494,0.741935
8495,0.903226
8496,0.903226
8497,0.870968
8498,0.903226
8499,0.870968
8500,0.935484
8501,0.870968
8502,0.935484
8503,0.870968
8504,0.935484
8505,0.935484
8506,0.967742
8507,0.870968
8508,0.967742
8509,0.870968
8510,0.935484
8511,0.806452
8512,0.612903
8513,0.870968
8514,0.548387
8515,0.548387
8516,0.645161
8517,0.83871
8518,0.387097
8519,0.709677
8520,0.774194
8521,0.580645
8522,0.677419
8523,0.709677
8524,0.483871
8525,0.677419
8526,0.612903
8527,0.709677
8528,0.806452
8529,0.83871
8530,0.774194
8531,0.774194
8532,0.709677
8533,0.709677
8534,0.741935
8535,0.870968
8536,0.870968
8537,0.903226
8538,0.903226
8539,0.935484
8540,0.806452
8541,0.709677
8542,0.903226
8543,0.870968
8544,0.870968
8545,0.870968
8546,0.645161
8547,0.741935
8548,0.903226
8549,0.967742
8550,0.806452
8551,0.967742
8552,0.870968
8553,0.903226
8554,0.967742
8555,0.870968
8556,0.967742
8557,0.870968
8558,0.967742
8559,0.870968
8560,0.935484
8561,0.516129
8562,0.741935
8563,0.83871
8564,0.935484
8565,0.709677
8566,0.870968
8567,0.903226
8568,0.903226
8569,0.903226
8570,0.967742
8571,0.967742
8572,0.870968
8573,0.903226
8574,0.967742
8575,0.806452
8576,0.967742
8577,0.806452
8578,0.903226
8579,0.870968
8580,0.903226
8581,0.870968
8582,0.903226
8583,0.967742
8584,0.870968
8585,0.935484
8586,0.870968
8587,0.935484
8588,0.870968
8589,0.935484
8590,0.935484
8591,0.903226
8592,0.870968
8593,0.903226
8594,0.774194
8595,0.290323
8596,0.612903
8597,0.806452
8598,0.580645
8599,0.516129
8600,0.258065
8601,0.677419
8602,0.83871
8603,0.83871
8604,0.806452
8605,0.806452
8606,0.903226
8607,0.612903
8608,0.451613
8609,0.903226
8610,0.83871
8611,0.870968
8612,0.83871
8613,0.903226
8614,0.83871
8615,0.935484
8616,0.83871
8617,0.741935
8618,0.741935
8619,0.774194
8620,0.741935
8621,0.870968
8622,0.580645
8623,0.83871
8624,0.548387
8625,0.387097
8626,0.548387
8627,0.870968
8628,0.806452
8629,0.83871
8630,0.806452
8631,0.806452
8632,0.806452
8633,0.774194
8634,0.774194
8635,0.806452
8636,0.580645
8637,0.774194
8638,0.580645
8639,0.709677
8640,0.870968
8641,0.903226
8642,0.83871
8643,0.870968
8644,0.903226
8645,0.83871
8646,0.935484
8647,0.83871
8648,0.935484
8649,0.870968
8650,0.935484
8651,0.677419
8652,0.741935
8653,0.83871
8654,0.903226
8655,0.83871
8656,0.935484
8657,0.83871
8658,0.935484
8659,0.83871
8660,0.935484
8661,0.83871
8662,0.935484
8663,0.83871
8664,0.935484
8665,0.612903
8666,0.83871
8667,0.741935
8668,0.870968
8669,0.774194
8670,0.83871
8671,0.870968
8672,0.935484
8673,0.870968
8674,0.903226
8675,0.870968
8676,0.935484
8677,0.870968
8678,0.935484
8679,0.870968
8680,0.935484
8681,0.870968
8682,0.967742
8683,0.870968
8684,0.935484
8685,0.870968
8686,0.967742
8687,0.967742
8688,0.870968
8689,0.967742
8690,0.870968
8691,0.967742
8692,0.870968
8693,0.903226
8694,0.935484
8695,0.903226
8696,0.935484
8697,0.903226
8698,0.935484
8699,0.83871
8700,0.741935
8701,0.354839
8702,0.516129
8703,0.83871
8704,0.806452
8705,0.612903
8706,0.645161
8707,0.903226
8708,0.806452
8709,0.741935
8710,0.870968
8711,0.870968
8712,0.580645
8713,0.193548
8714,0.774194
8715,0.870968
8716,0.903226
8717,0.870968
8718,0.935484
8719,0.870968
8720,0.935484
8721,0.774194
8722,0.709677
8723,0.935484
8724,0.870968
8725,0.741935
8726,0.645161
8727,0.967742
8728,0.580645
8729,0.645161
8730,0.322581
8731,0.548387
8732,0.870968
8733,0.709677
8734,0.806452
8735,0.774194
8736,0.806452
8737,0.806452
8738,0.806452
8739,0.774194
8740,0.741935
8741,0.83871
8742,0.903226
8743,0.354839
8744,0.354839
8745,0.709677
8746,0.935484
8747,0.870968
8748,0.903226
8749,0.903226
8750,0.903226
8751,0.903226
8752,0.903226
8753,0.870968
8754,0.935484
8755,0.935484
8756,0.870968
8757,0.709677
8758,0.741935
8759,0.935484
8760,0.870968
8761,0.903226
8762,0.870968
8763,0.967742
8764,0.870968
8765,0.967742
8766,0.870968
8767,0.967742
8768,0.870968
8769,0.967742
8770,0.870968
8771,0.677419
8772,0.709677
8773,0.903226
8774,0.903226
8775,0.741935
8776,0.806452
8777,0.870968
8778,0.806452
8779,0.806452
8780,0.806452
8781,0.806452
8782,0.967742
8783,0.709677
8784,0.83871
8785,0.967742
8786,0.935484
8787,0.645161
8788,0.870968
8789,0.645161
8790,0.645161
8791,0.645161
8792,0.645161
8793,0.645161
8794,0.645161
8795,0.645161
8796,0.645161
8797,0.903226
8798,0.645161
8799,0.645161
8800,0.645161
8801,0.903226
8802,0.83871
8803,0.935484
8804,0.903226
8805,0.806452
8806,0.774194
8807,0.548387
8808,0.709677
8809,0.645161
8810,0.419355
8811,0.645161
8812,0.709677
8813,0.612903
8814,0.774194
8815,0.645161
8816,0.741935
8817,0.580645
8818,0.806452
8819,0.612903
8820,0.483871
8821,0.677419
8822,0.967742
8823,0.83871
8824,0.612903
8825,0.741935
8826,0.870968
8827,0.580645
8828,0.935484
8829,0.645161
8830,0.774194
8831,0.935484
8832,0.774194
8833,0.83871
8834,0.677419
8835,0.774194
8836,0.806452
8837,0.677419
8838,0.612903
8839,0.354839
8840,0.645161
8841,0.677419
8842,0.612903
8843,0.806452
8844,0.774194
8845,0.806452
8846,0.83871
8847,0.870968
8848,0.774194
8849,0.935484
8850,0.580645
8851,0.677419
8852,0.903226
8853,0.870968
8854,0.870968
8855,0.806452
8856,0.83871
8857,0.774194
8858,0.83871
8859,0.806452
8860,0.709677
8861,0.741935
8862,0.677419
8863,0.774194
8864,0.709677
8865,0.741935
8866,0.709677
8867,0.741935
8868,0.709677
8869,0.806452
8870,0.677419
8871,0.83871
8872,0.774194
8873,0.677419
8874,0.580645
8875,0.419355
8876,0.516129
8877,0.612903
8878,0.483871
8879,0.709677
8880,0.83871
8881,0.806452
8882,0.709677
8883,0.774194
8884,0.774194
8885,0.741935
8886,0.709677
8887,0.548387
8888,0.645161
8889,0.870968
8890,0.83871
8891,0.967742
8892,0.612903
8893,0.645161
8894,0.645161
8895,0.645161
8896,0.645161
8897,0.645161
8898,0.645161
8899,0.645161
8900,0.645161
8901,0.645161
8902,0.709677
8903,0.645161
8904,0.709677
8905,0.903226
8906,0.935484
8907,0.935484
8908,0.806452
8909,0.83871
8910,0.83871
8911,0.870968
8912,0.83871
8913,0.516129
8914,0.354839
8915,0.612903
8916,0.580645
8917,0.0322581
8918,0.677419
8919,0.806452
8920,0.806452
8921,0.774194
8922,0.903226
8923,0.806452
8924,0.387097
8925,0.580645
8926,0.741935
8927,0.741935
8928,0.870968
8929,0.83871
8930,0.903226
8931,0.967742
8932,0.870968
8933,0.870968
8934,0.935484
8935,0.806452
8936,0.935484
8937,0.83871
8938,0.387097
8939,0.677419
8940,0.83871
8941,0.612903
8942,0.387097
8943,0.548387
8944,0.870968
8945,0.806452
8946,0.806452
8947,0.806452
8948,0.806452
8949,0.806452
8950,0.741935
8951,0.677419
8952,0.806452
8953,0.870968
8954,0.903226
8955,0.483871
8956,0.387097
8957,0.741935
8958,0.903226
8959,0.806452
8960,0.83871
8961,0.83871
8962,0.83871
8963,0.806452
8964,0.83871
8965,0.83871
8966,0.870968
8967,0.935484
8968,0.806452
8969,0.83871
8970,0.774194
8971,0.935484
8972,0.806452
8973,0.645161
8974,0.677419
8975,0.903226
8976,0.967742
8977,0.870968
8978,0.903226
8979,0.870968
8980,0.903226
8981,0.870968
8982,0.870968
8983,0.677419
8984,0.516129
8985,0.774194
8986,0.870968
8987,0.83871
8988,0.806452
8989,0.870968
8990,0.709677
8991,0.741935
8992,0.806452
8993,0.741935
8994,0.806452
8995,0.967742
8996,0.903226
8997,0.741935
8998,0.83871
8999,0.967742
9000,0.83871
9001,0.645161
9002,0.645161
9003,0.645161
9004,0.645161
9005,0.645161
9006,0.645161
9007,0.645161
9008,0.645161
9009,0.645161
9010,0.645161
9011,0.645161
9012,0.677419
9013,0.645161
9014,0.645161
9015,0.645161
9016,0.645161
9017,0.709677
9018,0.645161
9019,0.677419
9020,0.645161
9021,0.774194
9022,0.83871
9023,0.83871
9024,0.709677
9025,0.83871
9026,0.83871
9027,0.806452
9028,0.806452
9029,0.870968
9030,0.612903
9031,0.516129
9032,0.967742
9033,0.870968
9034,0.83871
9035,0.83871
9036,0.935484
9037,0.935484
9038,0.935484
9039,0.903226
9040,0.935484
9041,0.83871
9042,0.774194
9043,0.83871
9044,0.677419
9045,0.677419
9046,0.935484
9047,0.483871
9048,0.483871
9049,0.806452
9050,0.774194
9051,0.612903
9052,0.83871
9053,0.774194
9054,0.806452
9055,0.83871
9056,0.83871
9057,0.870968
9058,0.806452
9059,0.709677
9060,0.903226
9061,0.516129
9062,0.387097
9063,0.709677
9064,0.935484
9065,0.935484
9066,0.870968
9067,0.967742
9068,0.870968
9069,0.935484
9070,0.774194
9071,0.870968
9072,0.870968
9073,0.741935
9074,0.806452
9075,0.774194
9076,0.516129
9077,0.677419
9078,0.741935
9079,0.870968
9080,0.741935
9081,0.870968
9082,0.903226
9083,0.870968
9084,0.870968
9085,0.967742
9086,0.83871
9087,0.967742
9088,0.870968
9089,0.903226
9090,0.548387
9091,0.483871
9092,0.741935
9093,0.903226
9094,0.806452
9095,0.83871
9096,0.967742
9097,0.870968
9098,0.903226
9099,0.645161
9100,0.645161
9101,0.645161
9102,0.903226
9103,0.645161
9104,0.645161
9105,0.645161
9106,0.645161
9107,0.645161
9108,0.645161
9109,0.645161
9110,0.645161
9111,0.709677
9112,0.709677
9113,0.870968
9114,0.935484
9115,0.935484
9116,0.83871
9117,0.806452
9118,0.83871
9119,0.83871
9120,0.83871
9121,0.806452
9122,0.806452
9123,0.806452
9124,0.806452
9125,0.741935
9126,0.548387
9127,0.612903
9128,0.612903
9129,0.548387
9130,0.741935
9131,0.935484
9132,0.83871
9133,0.83871
9134,0.870968
9135,0.774194
9136,0.903226
9137,0.387097
9138,0.548387
9139,0.870968
9140,0.870968
9141,0.967742
9142,0.870968
9143,0.967742
9144,0.870968
9145,0.903226
9146,0.935484
9147,0.967742
9148,0.870968
9149,0.935484
9150,0.774194
9151,0.677419
9152,0.709677
9153,0.677419
9154,0.290323
9155,0.548387
9156,0.870968
9157,0.774194
9158,0.774194
9159,0.612903
9160,0.83871
9161,0.774194
9162,0.774194
9163,0.806452
9164,0.806452
9165,0.870968
9166,0.903226
9167,0.290323
9168,0.258065
9169,0.677419
9170,0.935484
9171,0.870968
9172,0.967742
9173,0.935484
9174,0.967742
9175,0.870968
9176,0.967742
9177,0.870968
9178,0.903226
9179,0.903226
9180,0.870968
9181,0.677419
9182,0.83871
9183,0.83871
9184,0.83871
9185,0.83871
9186,0.741935
9187,0.83871
9188,0.83871
9189,0.83871
9190,0.83871
9191,0.83871
9192,0.903226
9193,0.516129
9194,0.709677
9195,0.806452
9196,0.709677
9197,0.903226
9198,0.903226
9199,0.903226
9200,0.967742
9201,0.967742
9202,0.870968
9203,0.903226
9204,0.870968
9205,0.903226
9206,0.870968
9207,0.903226
9208,0.870968
9209,0.903226
9210,0.870968
9211,0.903226
9212,0.870968
9213,0.903226
9214,0.870968
9215,0.903226
9216,0.870968
9217,0.903226
9218,0.870968
9219,0.903226
9220,0.870968
9221,0.903226
9222,0.870968
9223,0.645161
9224,0.903226
9225,0.645161
9226,0.903226
9227,0.645161
9228,0.903226
9229,0.645161
9230,0.83871
9231,0.645161
9232,0.709677
9233,0.677419
9234,0.290323
9235,0.677419
9236,0.709677
9237,0.677419
9238,0.83871
9239,0.806452
9240,0.741935
9241,0.870968
9242,0.870968
9243,0.870968
9244,0.83871
9245,0.967742
9246,0.677419
9247,0.935484
9248,0.870968
9249,0.903226
9250,0.806452
9251,0.935484
9252,0.870968
9253,0.83871
9254,0.677419
9255,0.806452
9256,0.612903
9257,0.83871
9258,0.83871
9259,0.387097
9260,0.483871
9261,0.83871
9262,0.774194
9263,0.645161
9264,0.903226
9265,0.709677
9266,0.548387
9267,0.903226
9268,0.774194
9269,0.806452
9270,0.903226
9271,0.806452
9272,0.903226
9273,0.516129
9274,0.354839
9275,0.677419
9276,0.935484
9277,0.935484
9278,0.83871
9279,0.935484
9280,0.967742
9281,0.967742
9282,0.870968
9283,0.903226
9284,0.870968
9285,0.870968
9286,0.870968
9287,0.903226
9288,0.645161
9289,0.741935
9290,0.870968
9291,0.903226
9292,0.870968
9293,0.903226
9294,0.870968
9295,0.903226
9296,0.870968
9297,0.903226
9298,0.870968
9299,0.645161
9300,0.83871
9301,0.645161
9302,0.129032
9303,0.709677
9304,0.903226
9305,0.903226
9306,0.903226
9307,0.83871
9308,0.645161
9309,0.903226
9310,0.645161
9311,0.645161
9312,0.645161
9313,0.806452
9314,0.677419
9315,0.645161
9316,0.935484
9317,0.83871
9318,0.870968
9319,0.677419
9320,0.935484
9321,0.935484
9322,0.83871
9323,0.83871
9324,0.774194
9325,0.903226
9326,0.903226
9327,0.935484
9328,0.870968
9329,0.774194
9330,0.903226
9331,0.741935
9332,0.741935
9333,0.935484
9334,0.83871
9335,0.903226
9336,0.709677
9337,0.580645
9338,0.193548
9339,0.741935
9340,0.580645
9341,0.548387
9342,0.870968
9343,0.83871
9344,0.83871
9345,0.806452
9346,0.83871
9347,0.709677
9348,0.774194
9349,0.741935
9350,0.83871
9351,0.870968
9352,0.903226
9353,0.774194
9354,0.709677
9355,0.741935
9356,0.806452
9357,0.741935
9358,0.806452
9359,0.612903
9360,0.580645
9361,0.677419
9362,0.419355
9363,0.548387
9364,0.774194
9365,0.483871
9366,0.483871
9367,0.774194
9368,0.483871
9369,0.548387
9370,0.612903
9371,0.677419
9372,0.612903
9373,0.645161
9374,0.548387
9375,0.645161
9376,0.612903
9377,0.774194
9378,0.709677
9379,0.516129
9380,0.387097
9381,0.645161
9382,0.903226
9383,0.741935
9384,0.83871
9385,0.741935
9386,0.903226
9387,0.870968
9388,0.903226
9389,0.870968
9390,0.903226
9391,0.741935
9392,0.903226
9393,0.548387
9394,0.709677
9395,0.709677
9396,0.645161
9397,0.806452
9398,0.645161
9399,0.806452
9400,0.645161
9401,0.935484
9402,0.677419
9403,0.677419
9404,0.935484
9405,0.83871
9406,0.935484
9407,0.774194
9408,0.677419
9409,0.451613
9410,0.709677
9411,0.967742
9412,0.870968
9413,0.645161
9414,0.903226
9415,0.677419
9416,0.677419
9417,0.774194
9418,0.677419
9419,0.774194
9420,0.709677
9421,0.709677
9422,0.709677
9423,0.709677
9424,0.709677
9425,0.709677
9426,0.709677
9427,0.709677
9428,0.709677
9429,0.709677
9430,0.709677
9431,0.709677
9432,0.709677
9433,0.709677
9434,0.709677
9435,0.677419
9436,0.677419
9437,0.677419
9438,0.677419
9439,0.870968
9440,0.903226
9441,0.806452
9442,0.903226
9443,0.774194
9444,0.774194
9445,0.677419
9446,0.580645
9447,0.612903
9448,0.612903
9449,0.83871
9450,0.83871
9451,0.774194
9452,0.612903
9453,0.83871
9454,0.903226
9455,0.419355
9456,0.451613
9457,0.806452
9458,0.741935
9459,0.903226
9460,0.709677
9461,0.870968
9462,0.903226
9463,0.677419
9464,0.741935
9465,0.612903
9466,0.677419
9467,0.709677
9468,0.870968
9469,0.677419
9470,0.677419
9471,0.83871
9472,0.677419
9473,0.290323
9474,0.580645
9475,0.903226
9476,0.741935
9477,0.806452
9478,0.709677
9479,0.83871
9480,0.806452
9481,0.83871
9482,0.83871
9483,0.806452
9484,0.806452
9485,0.83871
9486,0.483871
9487,0.354839
9488,0.677419
9489,0.903226
9490,0.870968
9491,0.870968
9492,0.83871
9493,0.870968
9494,0.83871
9495,0.870968
9496,0.83871
9497,0.870968
9498,0.774194
9499,0.709677
9500,0.516129
9501,0.612903
9502,0.677419
9503,0.677419
9504,0.677419
9505,0.677419
9506,0.677419
9507,0.677419
9508,0.677419
9509,0.677419
9510,0.645161
9511,0.645161
9512,0.548387
9513,0.612903
9514,0.225806
9515,0.677419
9516,0.677419
9517,0.903226
9518,0.709677
9519,0.741935
9520,0.774194
9521,0.741935
9522,0.806452
9523,0.741935
9524,0.774194
9525,0.709677
9526,0.709677
9527,0.709677
9528,0.709677
9529,0.709677
9530,0.709677
9531,0.709677
9532,0.709677
9533,0.709677
9534,0.709677
9535,0.709677
9536,0.709677
9537,0.709677
9538,0.709677
9539,0.709677
9540,0.709677
9541,0.709677
9542,0.709677
9543,0.935484
9544,0.83871
9545,0.935484
9546,0.935484
9547,0.935484
9548,0.870968
9549,0.451613
9550,0.451613
9551,0.645161
9552,0.580645
9553,0.354839
9554,0.645161
9555,0.645161
9556,0.806452
9557,0.516129
9558,0.645161
9559,0.580645
9560,0.677419
9561,0.354839
9562,0.193548
9563,0.774194
9564,0.677419
9565,0.774194
9566,0.709677
9567,0.709677
9568,0.677419
9569,0.677419
9570,0.677419
9571,0.612903
9572,0.612903
9573,0.516129
9574,0.870968
9575,0.741935
9576,0.870968
9577,0.612903
9578,0.741935
9579,0.16129
9580,0.516129
9581,0.83871
9582,0.806452
9583,0.806452
9584,0.645161
9585,0.870968
9586,0.83871
9587,0.774194
9588,0.806452
9589,0.83871
9590,0.709677
9591,0.258065
9592,0.419355
9593,0.903226
9594,0.83871
9595,0.806452
9596,0.709677
9597,0.741935
9598,0.741935
9599,0.741935
9600,0.741935
9601,0.741935
9602,0.741935
9603,0.741935
9604,0.774194
9605,0.83871
9606,0.387097
9607,0.709677
9608,0.870968
9609,0.677419
9610,0.709677
9611,0.709677
9612,0.709677
9613,0.709677
9614,0.709677
9615,0.709677
9616,0.709677
9617,0.709677
9618,0.709677
9619,0.580645
9620,0.645161
9621,0.709677
9622,0.677419
9623,0.645161
9624,0.645161
9625,0.677419
9626,0.677419
9627,0.709677
9628,0.709677
9629,0.709677
9630,0.709677
9631,0.709677
9632,0.709677
9633,0.774194
9634,0.741935
9635,0.774194
9636,0.741935
9637,0.774194
9638,0.709677
9639,0.709677
9640,0.709677
9641,0.709677
9642,0.709677
9643,0.709677
9644,0.709677
9645,0.709677
9646,0.709677
9647,0.709677
9648,0.709677
9649,0.709677
9650,0.709677
9651,0.709677
9652,0.709677
9653,0.709677
9654,0.677419
9655,0.419355
9656,0.451613
9657,0.774194
9658,0.741935
9659,0.548387
9660,0.83871
9661,0.483871
9662,0.677419
9663,0.483871
9664,0.548387
9665,0.741935
9666,0.83871
9667,0.354839
9668,0.677419
9669,0.870968
9670,0.548387
9671,0.548387
9672,0.870968
9673,0.612903
9674,0.612903
9675,0.548387
9676,0.580645
9677,0.612903
9678,0.709677
9679,0.774194
9680,0.645161
9681,0.709677
9682,0.709677
9683,0.709677
9684,0.709677
9685,0.709677
9686,0.709677
9687,0.709677
9688,0.645161
9689,0.677419
9690,0.548387
9691,0.580645
9692,0.806452
9693,0.709677
9694,0.83871
9695,0.741935
9696,0.741935
9697,0.741935
9698,0.677419
9699,0.709677
9700,0.709677
9701,0.709677
9702,0.709677
9703,0.677419
9704,0.677419
9705,0.677419
9706,0.677419
9707,0.677419
9708,0.387097
9709,0
9710,0.709677
9711,0.709677
9712,0.645161
9713,0.645161
9714,0.580645
9715,0.645161
9716,0.677419
9717,0.645161
9718,0.709677
9719,0.645161
9720,0.645161
9721,0.677419
9722,0.645161
9723,0.677419
9724,0.612903
9725,0.612903
9726,0.677419
9727,0.741935
9728,0.774194
9729,0.709677
9730,0.806452
9731,0.741935
9732,0.774194
9733,0.709677
9734,0.709677
9735,0.709677
9736,0.709677
9737,0.709677
9738,0.709677
9739,0.645161
9740,0.516129
9741,0.0322581
9742,0.774194
9743,0.677419
9744,0.612903
9745,0.483871
9746,0.580645
9747,0.419355
9748,0.354839
9749,0.419355
9750,0.741935
9751,0.612903
9752,0.354839
9753,0.645161
9754,0.967742
9755,0.580645
9756,0.806452
9757,0.580645
9758,0.419355
9759,0.516129
9760,0.83871
9761,0.870968
9762,0.645161
9763,0.580645
9764,0.677419
9765,0.290323
9766,0.677419
9767,0.806452
9768,0.580645
9769,0.677419
9770,0.870968
9771,0.774194
9772,0.903226
9773,0.870968
9774,0.903226
9775,0.903226
9776,0.870968
9777,0.870968
9778,0.677419
9779,0.419355
9780,0.645161
9781,0.774194
9782,0.709677
9783,0.741935
9784,0.709677
9785,0.709677
9786,0.709677
9787,0.709677
9788,0.709677
9789,0.741935
9790,0.806452
9791,0.645161
9792,0.548387
9793,0.612903
9794,0.741935
9795,0.903226
9796,0.516129
9797,0.741935
9798,0.612903
9799,0.903226
9800,0.935484
9801,0.806452
9802,0.806452
9803,0.903226
9804,0.774194
9805,0.709677
9806,0.645161
9807,0.967742
9808,0.935484
9809,0.83871
9810,0.935484
9811,0.774194
9812,0.83871
9813,0.806452
9814,0.870968
9815,0.806452
9816,0.83871
9817,0.741935
9818,0.870968
9819,0.741935
9820,0.870968
9821,0.741935
9822,0.806452
9823,0.806452
9824,0.645161
9825,0.741935
9826,0.709677
9827,0.677419
9828,0.741935
9829,0.709677
9830,0.709677
9831,0.709677
9832,0.677419
9833,0.870968
9834,0.935484
9835,0.741935
9836,0.903226
9837,0.516129
9838,0.483871
9839,0.612903
9840,0.83871
9841,0.806452
9842,0.806452
9843,0.806452
9844,0.774194
9845,0.580645
9846,0.741935
9847,0.806452
9848,0.612903
9849,0.580645
9850,0.709677
9851,0.806452
9852,0.806452
9853,0.83871
9854,0.83871
9855,0.83871
9856,0.83871
9857,0.83871
9858,0.903226
9859,0.612903
9860,0.741935
9861,0.903226
9862,0.870968
9863,0.870968
9864,0.83871
9865,0.903226
9866,0.870968
9867,0.83871
9868,0.83871
9869,0.677419
9870,0.935484
9871,0.83871
9872,0.806452
9873,0.612903
9874,0.709677
9875,0.967742
9876,0.935484
9877,0.935484
9878,0.806452
9879,0.83871
9880,0.83871
9881,0.83871
9882,0.83871
9883,0.83871
9884,0.83871
9885,0.612903
9886,0.677419
9887,0.677419
9888,0.903226
9889,0.741935
9890,0.709677
9891,0.903226
9892,0.870968
9893,0.903226
9894,0.645161
9895,0.935484
9896,0.580645
9897,0.548387
9898,0.548387
9899,0.548387
9900,0.774194
9901,0.612903
9902,0.516129
9903,0.548387
9904,0.645161
9905,0.548387
9906,0.516129
9907,0.645161
9908,0.612903
9909,0.645161
9910,0.612903
9911,0.645161
9912,0.612903
9913,0.645161
9914,0.612903
9915,0.645161
9916,0.612903
9917,0.645161
9918,0.612903
9919,0.612903
9920,0.645161
9921,0.451613
9922,0.548387
9923,0.806452
9924,0.612903
9925,0.483871
9926,0.645161
9927,0.83871
9928,0.806452
9929,0.83871
9930,0.83871
9931,0.709677
9932,0.903226
9933,0.322581
9934,0.709677
9935,0.935484
9936,0.870968
9937,0.903226
9938,0.870968
9939,0.935484
9940,0.741935
9941,0.774194
9942,0.935484
9943,0.83871
9944,0.903226
9945,0.903226
9946,0.83871
9947,0.806452
9948,0.774194
9949,0.258065
9950,0.548387
9951,0.870968
9952,0.806452
9953,0.774194
9954,0.806452
9955,0.774194
9956,0.83871
9957,0.774194
9958,0.774194
9959,0.83871
9960,0.83871
9961,0.774194
9962,0.483871
9963,0.258065
9964,0.677419
9965,0.935484
9966,0.967742
9967,0.870968
9968,0.870968
9969,0.967742
9970,0.806452
9971,0.903226
9972,0.870968
9973,0.903226
9974,0.935484
9975,0.741935
9976,0.580645
9977,0.774194
9978,0.870968
9979,0.903226
9980,0.645161
9981,0.645161
9982,0.903226
9983,0.870968
9984,0.903226
9985,0.870968
9986,0.645161
9987,0.903226
9988,0.677419
9989,0.806452
9990,0.516129
9991,0.774194
9992,0.709677
9993,0.870968
9994,0.870968
9995,0.903226
9996,0.83871
9997,0.806452
9998,0.774194
9999,0.677419
